dataset,filename,date,year,month,data_var,units,domain_mean,domain_min,domain_max
tp,cds__era5_sl_monthly__ERA5__reanalysis__tp__surface__monthly__2000-2000__m01__NH0_90__grid_1p0.grib,2000-01,2000,1,tp,m,0.0024927038853153846,0.0,0.02371978759765625
tp,cds__era5_sl_monthly__ERA5__reanalysis__tp__surface__monthly__2000-2000__m02__NH0_90__grid_1p0.grib,2000-02,2000,2,tp,m,0.0021711148014433,0.0,0.031699180603027344
tp,cds__era5_sl_monthly__ERA5__reanalysis__tp__surface__monthly__2000-2000__m03__NH0_90__grid_1p0.grib,2000-03,2000,3,tp,m,0.0021286808902642664,0.0,0.0341339111328125
tp,cds__era5_sl_monthly__ERA5__reanalysis__tp__surface__monthly__2000-2000__m04__NH0_90__grid_1p0.grib,2000-04,2000,4,tp,m,0.0024002318442069254,0.0,0.036174774169921875
tp,cds__era5_sl_monthly__ERA5__reanalysis__tp__surface__monthly__2000-2000__m05__NH0_90__grid_1p0.grib,2000-05,2000,5,tp,m,0.0029651706420408537,0.0,0.054584503173828125
tp,cds__era5_sl_monthly__ERA5__reanalysis__tp__surface__monthly__2000-2000__m06__NH0_90__grid_1p0.grib,2000-06,2000,6,tp,m,0.0033290221691374975,0.0,0.06798171997070312
tp,cds__era5_sl_monthly__ERA5__reanalysis__tp__surface__monthly__2000-2000__m07__NH0_90__grid_1p0.grib,2000-07,2000,7,tp,m,0.0035297189422116935,0.0,0.06865692138671875
tp,cds__era5_sl_monthly__ERA5__reanalysis__tp__surface__monthly__2000-2000__m08__NH0_90__grid_1p0.grib,2000-08,2000,8,tp,m,0.0036932284698605977,0.0,0.06926345825195312
tp,cds__era5_sl_monthly__ERA5__reanalysis__tp__surface__monthly__2000-2000__m09__NH0_90__grid_1p0.grib,2000-09,2000,9,tp,m,0.003626856855342184,0.0,0.07497978210449219
tp,cds__era5_sl_monthly__ERA5__reanalysis__tp__surface__monthly__2000-2000__m10__NH0_90__grid_1p0.grib,2000-10,2000,10,tp,m,0.003538914669261626,0.0,0.07037734985351562
tp,cds__era5_sl_monthly__ERA5__reanalysis__tp__surface__monthly__2000-2000__m11__NH0_90__grid_1p0.grib,2000-11,2000,11,tp,m,0.0031178827310308723,0.0,0.041568756103515625
tp,cds__era5_sl_monthly__ERA5__reanalysis__tp__surface__monthly__2000-2000__m12__NH0_90__grid_1p0.grib,2000-12,2000,12,tp,m,0.002781108221230959,0.0,0.03697013854980469
tp,cds__era5_sl_monthly__ERA5__reanalysis__tp__surface__monthly__2001-2001__m01__NH0_90__grid_1p0.grib,2001-01,2001,1,tp,m,0.002550772039906419,0.0,0.05340385437011719
tp,cds__era5_sl_monthly__ERA5__reanalysis__tp__surface__monthly__2001-2001__m02__NH0_90__grid_1p0.grib,2001-02,2001,2,tp,m,0.002177434779762247,0.0,0.0261383056640625
tp,cds__era5_sl_monthly__ERA5__reanalysis__tp__surface__monthly__2001-2001__m03__NH0_90__grid_1p0.grib,2001-03,2001,3,tp,m,0.0022277082743071695,0.0,0.043628692626953125
tp,cds__era5_sl_monthly__ERA5__reanalysis__tp__surface__monthly__2001-2001__m04__NH0_90__grid_1p0.grib,2001-04,2001,4,tp,m,0.002414340943317373,0.0,0.04361724853515625
tp,cds__era5_sl_monthly__ERA5__reanalysis__tp__surface__monthly__2001-2001__m05__NH0_90__grid_1p0.grib,2001-05,2001,5,tp,m,0.0029772449784190597,0.0,0.05731773376464844
tp,cds__era5_sl_monthly__ERA5__reanalysis__tp__surface__monthly__2001-2001__m06__NH0_90__grid_1p0.grib,2001-06,2001,6,tp,m,0.003279734455056582,0.0,0.05004119873046875
tp,cds__era5_sl_monthly__ERA5__reanalysis__tp__surface__monthly__2001-2001__m07__NH0_90__grid_1p0.grib,2001-07,2001,7,tp,m,0.003608481220952049,0.0,0.06972312927246094
tp,cds__era5_sl_monthly__ERA5__reanalysis__tp__surface__monthly__2001-2001__m08__NH0_90__grid_1p0.grib,2001-08,2001,8,tp,m,0.003818540420519716,0.0,0.048267364501953125
tp,cds__era5_sl_monthly__ERA5__reanalysis__tp__surface__monthly__2001-2001__m09__NH0_90__grid_1p0.grib,2001-09,2001,9,tp,m,0.0035583947498572643,0.0,0.10013961791992188
tp,cds__era5_sl_monthly__ERA5__reanalysis__tp__surface__monthly__2001-2001__m10__NH0_90__grid_1p0.grib,2001-10,2001,10,tp,m,0.003447793733234262,0.0,0.04895210266113281
tp,cds__era5_sl_monthly__ERA5__reanalysis__tp__surface__monthly__2001-2001__m11__NH0_90__grid_1p0.grib,2001-11,2001,11,tp,m,0.003245578239405462,0.0,0.06552505493164062
tp,cds__era5_sl_monthly__ERA5__reanalysis__tp__surface__monthly__2001-2001__m12__NH0_90__grid_1p0.grib,2001-12,2001,12,tp,m,0.0028221759265525987,0.0,0.039703369140625
tp,cds__era5_sl_monthly__ERA5__reanalysis__tp__surface__monthly__2002-2002__m01__NH0_90__grid_1p0.grib,2002-01,2002,1,tp,m,0.0025177689212264585,0.0,0.04123878479003906
tp,cds__era5_sl_monthly__ERA5__reanalysis__tp__surface__monthly__2002-2002__m02__NH0_90__grid_1p0.grib,2002-02,2002,2,tp,m,0.002223284955232209,0.0,0.030904769897460938
tp,cds__era5_sl_monthly__ERA5__reanalysis__tp__surface__monthly__2002-2002__m03__NH0_90__grid_1p0.grib,2002-03,2002,3,tp,m,0.002260849253893795,0.0,0.0436553955078125
tp,cds__era5_sl_monthly__ERA5__reanalysis__tp__surface__monthly__2002-2002__m04__NH0_90__grid_1p0.grib,2002-04,2002,4,tp,m,0.0024783420632837195,0.0,0.040508270263671875
tp,cds__era5_sl_monthly__ERA5__reanalysis__tp__surface__monthly__2002-2002__m05__NH0_90__grid_1p0.grib,2002-05,2002,5,tp,m,0.0029415977897950577,0.0,0.04189491271972656
tp,cds__era5_sl_monthly__ERA5__reanalysis__tp__surface__monthly__2002-2002__m06__NH0_90__grid_1p0.grib,2002-06,2002,6,tp,m,0.0034555268031941084,0.0,0.045391082763671875
tp,cds__era5_sl_monthly__ERA5__reanalysis__tp__surface__monthly__2002-2002__m07__NH0_90__grid_1p0.grib,2002-07,2002,7,tp,m,0.00358114584214663,0.0,0.05617713928222656
tp,cds__era5_sl_monthly__ERA5__reanalysis__tp__surface__monthly__2002-2002__m08__NH0_90__grid_1p0.grib,2002-08,2002,8,tp,m,0.0037636593324268755,0.0,0.06070899963378906
tp,cds__era5_sl_monthly__ERA5__reanalysis__tp__surface__monthly__2002-2002__m09__NH0_90__grid_1p0.grib,2002-09,2002,9,tp,m,0.003629774446107276,0.0,0.08344650268554688
tp,cds__era5_sl_monthly__ERA5__reanalysis__tp__surface__monthly__2002-2002__m10__NH0_90__grid_1p0.grib,2002-10,2002,10,tp,m,0.003477879299125082,0.0,0.07896614074707031
tp,cds__era5_sl_monthly__ERA5__reanalysis__tp__surface__monthly__2002-2002__m11__NH0_90__grid_1p0.grib,2002-11,2002,11,tp,m,0.0033623235686154195,0.0,0.059474945068359375
tp,cds__era5_sl_monthly__ERA5__reanalysis__tp__surface__monthly__2002-2002__m12__NH0_90__grid_1p0.grib,2002-12,2002,12,tp,m,0.0029029191996255356,0.0,0.04326629638671875
tp,cds__era5_sl_monthly__ERA5__reanalysis__tp__surface__monthly__2003-2003__m01__NH0_90__grid_1p0.grib,2003-01,2003,1,tp,m,0.002517316801918884,0.0,0.040019989013671875
tp,cds__era5_sl_monthly__ERA5__reanalysis__tp__surface__monthly__2003-2003__m02__NH0_90__grid_1p0.grib,2003-02,2003,2,tp,m,0.0022196050169598688,0.0,0.0384063720703125
tp,cds__era5_sl_monthly__ERA5__reanalysis__tp__surface__monthly__2003-2003__m03__NH0_90__grid_1p0.grib,2003-03,2003,3,tp,m,0.0022809936152129798,0.0,0.031026840209960938
tp,cds__era5_sl_monthly__ERA5__reanalysis__tp__surface__monthly__2003-2003__m04__NH0_90__grid_1p0.grib,2003-04,2003,4,tp,m,0.0025524266385323893,0.0,0.03944206237792969
tp,cds__era5_sl_monthly__ERA5__reanalysis__tp__surface__monthly__2003-2003__m05__NH0_90__grid_1p0.grib,2003-05,2003,5,tp,m,0.003051167718066826,0.0,0.05731201171875
tp,cds__era5_sl_monthly__ERA5__reanalysis__tp__surface__monthly__2003-2003__m06__NH0_90__grid_1p0.grib,2003-06,2003,6,tp,m,0.0033534400417347936,0.0,0.07007789611816406
tp,cds__era5_sl_monthly__ERA5__reanalysis__tp__surface__monthly__2003-2003__m07__NH0_90__grid_1p0.grib,2003-07,2003,7,tp,m,0.003689033201045984,0.0,0.04807472229003906
tp,cds__era5_sl_monthly__ERA5__reanalysis__tp__surface__monthly__2003-2003__m08__NH0_90__grid_1p0.grib,2003-08,2003,8,tp,m,0.003683226655698418,0.0,0.061710357666015625
tp,cds__era5_sl_monthly__ERA5__reanalysis__tp__surface__monthly__2003-2003__m09__NH0_90__grid_1p0.grib,2003-09,2003,9,tp,m,0.003700710043797295,0.0,0.0739288330078125
tp,cds__era5_sl_monthly__ERA5__reanalysis__tp__surface__monthly__2003-2003__m10__NH0_90__grid_1p0.grib,2003-10,2003,10,tp,m,0.003522473985094799,0.0,0.06715965270996094
tp,cds__era5_sl_monthly__ERA5__reanalysis__tp__surface__monthly__2003-2003__m11__NH0_90__grid_1p0.grib,2003-11,2003,11,tp,m,0.0033685736364501436,0.0,0.07802009582519531
tp,cds__era5_sl_monthly__ERA5__reanalysis__tp__surface__monthly__2003-2003__m12__NH0_90__grid_1p0.grib,2003-12,2003,12,tp,m,0.0029379304783545075,0.0,0.05205345153808594
tp,cds__era5_sl_monthly__ERA5__reanalysis__tp__surface__monthly__2004-2004__m01__NH0_90__grid_1p0.grib,2004-01,2004,1,tp,m,0.0023789032606926623,0.0,0.027930259704589844
tp,cds__era5_sl_monthly__ERA5__reanalysis__tp__surface__monthly__2004-2004__m02__NH0_90__grid_1p0.grib,2004-02,2004,2,tp,m,0.002303153613784771,0.0,0.04260063171386719
tp,cds__era5_sl_monthly__ERA5__reanalysis__tp__surface__monthly__2004-2004__m03__NH0_90__grid_1p0.grib,2004-03,2004,3,tp,m,0.002179862253093925,0.0,0.030424118041992188
tp,cds__era5_sl_monthly__ERA5__reanalysis__tp__surface__monthly__2004-2004__m04__NH0_90__grid_1p0.grib,2004-04,2004,4,tp,m,0.002503331883096746,0.0,0.056056976318359375
tp,cds__era5_sl_monthly__ERA5__reanalysis__tp__surface__monthly__2004-2004__m05__NH0_90__grid_1p0.grib,2004-05,2004,5,tp,m,0.003065460499531458,0.0,0.050907135009765625
tp,cds__era5_sl_monthly__ERA5__reanalysis__tp__surface__monthly__2004-2004__m06__NH0_90__grid_1p0.grib,2004-06,2004,6,tp,m,0.0034627072729400635,0.0,0.04507637023925781
tp,cds__era5_sl_monthly__ERA5__reanalysis__tp__surface__monthly__2004-2004__m07__NH0_90__grid_1p0.grib,2004-07,2004,7,tp,m,0.003456865921472254,0.0,0.06409645080566406
tp,cds__era5_sl_monthly__ERA5__reanalysis__tp__surface__monthly__2004-2004__m08__NH0_90__grid_1p0.grib,2004-08,2004,8,tp,m,0.003807867063739441,0.0,0.05125236511230469
tp,cds__era5_sl_monthly__ERA5__reanalysis__tp__surface__monthly__2004-2004__m09__NH0_90__grid_1p0.grib,2004-09,2004,9,tp,m,0.0036044550655001707,0.0,0.07614517211914062
tp,cds__era5_sl_monthly__ERA5__reanalysis__tp__surface__monthly__2004-2004__m10__NH0_90__grid_1p0.grib,2004-10,2004,10,tp,m,0.0034854953358658103,0.0,0.06825065612792969
tp,cds__era5_sl_monthly__ERA5__reanalysis__tp__surface__monthly__2004-2004__m11__NH0_90__grid_1p0.grib,2004-11,2004,11,tp,m,0.0032573989425639933,0.0,0.067352294921875
tp,cds__era5_sl_monthly__ERA5__reanalysis__tp__surface__monthly__2004-2004__m12__NH0_90__grid_1p0.grib,2004-12,2004,12,tp,m,0.0029443945920697074,0.0,0.03061199188232422
tp,cds__era5_sl_monthly__ERA5__reanalysis__tp__surface__monthly__2005-2005__m01__NH0_90__grid_1p0.grib,2005-01,2005,1,tp,m,0.0025688237773797934,0.0,0.03202629089355469
tp,cds__era5_sl_monthly__ERA5__reanalysis__tp__surface__monthly__2005-2005__m02__NH0_90__grid_1p0.grib,2005-02,2005,2,tp,m,0.0022020855910350116,0.0,0.026857376098632812
tp,cds__era5_sl_monthly__ERA5__reanalysis__tp__surface__monthly__2005-2005__m03__NH0_90__grid_1p0.grib,2005-03,2005,3,tp,m,0.0023886038645247877,0.0,0.042247772216796875
tp,cds__era5_sl_monthly__ERA5__reanalysis__tp__surface__monthly__2005-2005__m04__NH0_90__grid_1p0.grib,2005-04,2005,4,tp,m,0.002536383298779505,0.0,0.04683113098144531
tp,cds__era5_sl_monthly__ERA5__reanalysis__tp__surface__monthly__2005-2005__m05__NH0_90__grid_1p0.grib,2005-05,2005,5,tp,m,0.0029274720301352207,0.0,0.03853416442871094
tp,cds__era5_sl_monthly__ERA5__reanalysis__tp__surface__monthly__2005-2005__m06__NH0_90__grid_1p0.grib,2005-06,2005,6,tp,m,0.003404773540006241,0.0,0.04147148132324219
tp,cds__era5_sl_monthly__ERA5__reanalysis__tp__surface__monthly__2005-2005__m07__NH0_90__grid_1p0.grib,2005-07,2005,7,tp,m,0.0036929781833877164,0.0,0.04525947570800781
tp,cds__era5_sl_monthly__ERA5__reanalysis__tp__surface__monthly__2005-2005__m08__NH0_90__grid_1p0.grib,2005-08,2005,8,tp,m,0.003689012756321333,0.0,0.07027816772460938
tp,cds__era5_sl_monthly__ERA5__reanalysis__tp__surface__monthly__2005-2005__m09__NH0_90__grid_1p0.grib,2005-09,2005,9,tp,m,0.0037167432726268475,0.0,0.055553436279296875
tp,cds__era5_sl_monthly__ERA5__reanalysis__tp__surface__monthly__2005-2005__m10__NH0_90__grid_1p0.grib,2005-10,2005,10,tp,m,0.003530516052289137,0.0,0.06407546997070312
tp,cds__era5_sl_monthly__ERA5__reanalysis__tp__surface__monthly__2005-2005__m11__NH0_90__grid_1p0.grib,2005-11,2005,11,tp,m,0.0032684721671558882,0.0,0.06491279602050781
tp,cds__era5_sl_monthly__ERA5__reanalysis__tp__surface__monthly__2005-2005__m12__NH0_90__grid_1p0.grib,2005-12,2005,12,tp,m,0.002891170052235267,0.0,0.04108619689941406
tp,cds__era5_sl_monthly__ERA5__reanalysis__tp__surface__monthly__2006-2006__m01__NH0_90__grid_1p0.grib,2006-01,2006,1,tp,m,0.002616714423515242,0.0,0.037506103515625
tp,cds__era5_sl_monthly__ERA5__reanalysis__tp__surface__monthly__2006-2006__m02__NH0_90__grid_1p0.grib,2006-02,2006,2,tp,m,0.0022068781764710563,0.0,0.02819061279296875
tp,cds__era5_sl_monthly__ERA5__reanalysis__tp__surface__monthly__2006-2006__m03__NH0_90__grid_1p0.grib,2006-03,2006,3,tp,m,0.002171782359395481,0.0,0.028560638427734375
tp,cds__era5_sl_monthly__ERA5__reanalysis__tp__surface__monthly__2006-2006__m04__NH0_90__grid_1p0.grib,2006-04,2006,4,tp,m,0.002403911622644847,0.0,0.04033851623535156
tp,cds__era5_sl_monthly__ERA5__reanalysis__tp__surface__monthly__2006-2006__m05__NH0_90__grid_1p0.grib,2006-05,2006,5,tp,m,0.002983364499899677,0.0,0.04281425476074219
tp,cds__era5_sl_monthly__ERA5__reanalysis__tp__surface__monthly__2006-2006__m06__NH0_90__grid_1p0.grib,2006-06,2006,6,tp,m,0.0033453918123288826,0.0,0.04263114929199219
tp,cds__era5_sl_monthly__ERA5__reanalysis__tp__surface__monthly__2006-2006__m07__NH0_90__grid_1p0.grib,2006-07,2006,7,tp,m,0.0036556821085114654,0.0,0.05317878723144531
tp,cds__era5_sl_monthly__ERA5__reanalysis__tp__surface__monthly__2006-2006__m08__NH0_90__grid_1p0.grib,2006-08,2006,8,tp,m,0.0037025361058784434,0.0,0.05428504943847656
tp,cds__era5_sl_monthly__ERA5__reanalysis__tp__surface__monthly__2006-2006__m09__NH0_90__grid_1p0.grib,2006-09,2006,9,tp,m,0.003700291838618477,0.0,0.07674026489257812
tp,cds__era5_sl_monthly__ERA5__reanalysis__tp__surface__monthly__2006-2006__m10__NH0_90__grid_1p0.grib,2006-10,2006,10,tp,m,0.003602727531828725,0.0,0.06324386596679688
tp,cds__era5_sl_monthly__ERA5__reanalysis__tp__surface__monthly__2006-2006__m11__NH0_90__grid_1p0.grib,2006-11,2006,11,tp,m,0.003290153548579836,0.0,0.08700370788574219
tp,cds__era5_sl_monthly__ERA5__reanalysis__tp__surface__monthly__2006-2006__m12__NH0_90__grid_1p0.grib,2006-12,2006,12,tp,m,0.0031057915603587235,0.0,0.05891227722167969
tp,cds__era5_sl_monthly__ERA5__reanalysis__tp__surface__monthly__2007-2007__m01__NH0_90__grid_1p0.grib,2007-01,2007,1,tp,m,0.0025281304671891285,0.0,0.03174591064453125
tp,cds__era5_sl_monthly__ERA5__reanalysis__tp__surface__monthly__2007-2007__m02__NH0_90__grid_1p0.grib,2007-02,2007,2,tp,m,0.002222910580080029,0.0,0.029875755310058594
tp,cds__era5_sl_monthly__ERA5__reanalysis__tp__surface__monthly__2007-2007__m03__NH0_90__grid_1p0.grib,2007-03,2007,3,tp,m,0.0022462034153607124,0.0,0.04286956787109375
tp,cds__era5_sl_monthly__ERA5__reanalysis__tp__surface__monthly__2007-2007__m04__NH0_90__grid_1p0.grib,2007-04,2007,4,tp,m,0.0024553990868850413,0.0,0.04648780822753906
tp,cds__era5_sl_monthly__ERA5__reanalysis__tp__surface__monthly__2007-2007__m05__NH0_90__grid_1p0.grib,2007-05,2007,5,tp,m,0.003039216678517568,0.0,0.07072257995605469
tp,cds__era5_sl_monthly__ERA5__reanalysis__tp__surface__monthly__2007-2007__m06__NH0_90__grid_1p0.grib,2007-06,2007,6,tp,m,0.0033985008150881958,0.0,0.050655364990234375
tp,cds__era5_sl_monthly__ERA5__reanalysis__tp__surface__monthly__2007-2007__m07__NH0_90__grid_1p0.grib,2007-07,2007,7,tp,m,0.003578593482579958,0.0,0.053302764892578125
tp,cds__era5_sl_monthly__ERA5__reanalysis__tp__surface__monthly__2007-2007__m08__NH0_90__grid_1p0.grib,2007-08,2007,8,tp,m,0.003784657408160505,0.0,0.057567596435546875
tp,cds__era5_sl_monthly__ERA5__reanalysis__tp__surface__monthly__2007-2007__m09__NH0_90__grid_1p0.grib,2007-09,2007,9,tp,m,0.0037715897143442475,0.0,0.059597015380859375
tp,cds__era5_sl_monthly__ERA5__reanalysis__tp__surface__monthly__2007-2007__m10__NH0_90__grid_1p0.grib,2007-10,2007,10,tp,m,0.0035379923389073117,0.0,0.05124664306640625
tp,cds__era5_sl_monthly__ERA5__reanalysis__tp__surface__monthly__2007-2007__m11__NH0_90__grid_1p0.grib,2007-11,2007,11,tp,m,0.0031438592213699013,0.0,0.04322052001953125
tp,cds__era5_sl_monthly__ERA5__reanalysis__tp__surface__monthly__2007-2007__m12__NH0_90__grid_1p0.grib,2007-12,2007,12,tp,m,0.002802581241357824,0.0,0.03538990020751953
tp,cds__era5_sl_monthly__ERA5__reanalysis__tp__surface__monthly__2008-2008__m01__NH0_90__grid_1p0.grib,2008-01,2008,1,tp,m,0.002389752590089319,0.0,0.037448883056640625
tp,cds__era5_sl_monthly__ERA5__reanalysis__tp__surface__monthly__2008-2008__m02__NH0_90__grid_1p0.grib,2008-02,2008,2,tp,m,0.002287172415091346,0.0,0.028926849365234375
tp,cds__era5_sl_monthly__ERA5__reanalysis__tp__surface__monthly__2008-2008__m03__NH0_90__grid_1p0.grib,2008-03,2008,3,tp,m,0.00229712968050163,0.0,0.028444290161132812
tp,cds__era5_sl_monthly__ERA5__reanalysis__tp__surface__monthly__2008-2008__m04__NH0_90__grid_1p0.grib,2008-04,2008,4,tp,m,0.002496270410941847,0.0,0.033382415771484375
tp,cds__era5_sl_monthly__ERA5__reanalysis__tp__surface__monthly__2008-2008__m05__NH0_90__grid_1p0.grib,2008-05,2008,5,tp,m,0.0029992713974196865,0.0,0.0403594970703125
tp,cds__era5_sl_monthly__ERA5__reanalysis__tp__surface__monthly__2008-2008__m06__NH0_90__grid_1p0.grib,2008-06,2008,6,tp,m,0.0034210570614900933,0.0,0.05306053161621094
tp,cds__era5_sl_monthly__ERA5__reanalysis__tp__surface__monthly__2008-2008__m07__NH0_90__grid_1p0.grib,2008-07,2008,7,tp,m,0.0036108506426362924,0.0,0.055637359619140625
tp,cds__era5_sl_monthly__ERA5__reanalysis__tp__surface__monthly__2008-2008__m08__NH0_90__grid_1p0.grib,2008-08,2008,8,tp,m,0.003721441588033571,0.0,0.061916351318359375
tp,cds__era5_sl_monthly__ERA5__reanalysis__tp__surface__monthly__2008-2008__m09__NH0_90__grid_1p0.grib,2008-09,2008,9,tp,m,0.0036572921311576767,0.0,0.05788421630859375
tp,cds__era5_sl_monthly__ERA5__reanalysis__tp__surface__monthly__2008-2008__m10__NH0_90__grid_1p0.grib,2008-10,2008,10,tp,m,0.003587267497643442,0.0,0.07050895690917969
tp,cds__era5_sl_monthly__ERA5__reanalysis__tp__surface__monthly__2008-2008__m11__NH0_90__grid_1p0.grib,2008-11,2008,11,tp,m,0.0032124334034032893,0.0,0.04488372802734375
tp,cds__era5_sl_monthly__ERA5__reanalysis__tp__surface__monthly__2008-2008__m12__NH0_90__grid_1p0.grib,2008-12,2008,12,tp,m,0.00290316031841166,0.0,0.038970947265625
tp,cds__era5_sl_monthly__ERA5__reanalysis__tp__surface__monthly__2009-2009__m01__NH0_90__grid_1p0.grib,2009-01,2009,1,tp,m,0.0025215563697838918,0.0,0.03299140930175781
tp,cds__era5_sl_monthly__ERA5__reanalysis__tp__surface__monthly__2009-2009__m02__NH0_90__grid_1p0.grib,2009-02,2009,2,tp,m,0.0022396380822033717,0.0,0.027975082397460938
tp,cds__era5_sl_monthly__ERA5__reanalysis__tp__surface__monthly__2009-2009__m03__NH0_90__grid_1p0.grib,2009-03,2009,3,tp,m,0.00212560738015417,0.0,0.03254127502441406
tp,cds__era5_sl_monthly__ERA5__reanalysis__tp__surface__monthly__2009-2009__m04__NH0_90__grid_1p0.grib,2009-04,2009,4,tp,m,0.00232184441657041,0.0,0.02977752685546875
tp,cds__era5_sl_monthly__ERA5__reanalysis__tp__surface__monthly__2009-2009__m05__NH0_90__grid_1p0.grib,2009-05,2009,5,tp,m,0.0027931085735598883,0.0,0.0506591796875
tp,cds__era5_sl_monthly__ERA5__reanalysis__tp__surface__monthly__2009-2009__m06__NH0_90__grid_1p0.grib,2009-06,2009,6,tp,m,0.0032153611050258404,0.0,0.04431915283203125
tp,cds__era5_sl_monthly__ERA5__reanalysis__tp__surface__monthly__2009-2009__m07__NH0_90__grid_1p0.grib,2009-07,2009,7,tp,m,0.0037043791096229824,0.0,0.05729484558105469
tp,cds__era5_sl_monthly__ERA5__reanalysis__tp__surface__monthly__2009-2009__m08__NH0_90__grid_1p0.grib,2009-08,2009,8,tp,m,0.0037085006800901908,0.0,0.053203582763671875
tp,cds__era5_sl_monthly__ERA5__reanalysis__tp__surface__monthly__2009-2009__m09__NH0_90__grid_1p0.grib,2009-09,2009,9,tp,m,0.0036805736474972415,0.0,0.049686431884765625
tp,cds__era5_sl_monthly__ERA5__reanalysis__tp__surface__monthly__2009-2009__m10__NH0_90__grid_1p0.grib,2009-10,2009,10,tp,m,0.0034305542986991047,0.0,0.05350494384765625
tp,cds__era5_sl_monthly__ERA5__reanalysis__tp__surface__monthly__2009-2009__m11__NH0_90__grid_1p0.grib,2009-11,2009,11,tp,m,0.0032828517845664065,0.0,0.0534210205078125
tp,cds__era5_sl_monthly__ERA5__reanalysis__tp__surface__monthly__2009-2009__m12__NH0_90__grid_1p0.grib,2009-12,2009,12,tp,m,0.0028538012033434567,0.0,0.04047393798828125
tp,cds__era5_sl_monthly__ERA5__reanalysis__tp__surface__monthly__2010-2010__m01__NH0_90__grid_1p0.grib,2010-01,2010,1,tp,m,0.0025776396864926,0.0,0.04712867736816406
tp,cds__era5_sl_monthly__ERA5__reanalysis__tp__surface__monthly__2010-2010__m02__NH0_90__grid_1p0.grib,2010-02,2010,2,tp,m,0.0023168374800003676,0.0,0.04136848449707031
tp,cds__era5_sl_monthly__ERA5__reanalysis__tp__surface__monthly__2010-2010__m03__NH0_90__grid_1p0.grib,2010-03,2010,3,tp,m,0.0024102699165258496,0.0,0.05510520935058594
tp,cds__era5_sl_monthly__ERA5__reanalysis__tp__surface__monthly__2010-2010__m04__NH0_90__grid_1p0.grib,2010-04,2010,4,tp,m,0.002688373505597243,0.0,0.046535491943359375
tp,cds__era5_sl_monthly__ERA5__reanalysis__tp__surface__monthly__2010-2010__m05__NH0_90__grid_1p0.grib,2010-05,2010,5,tp,m,0.0030925175744738196,0.0,0.04479408264160156
tp,cds__era5_sl_monthly__ERA5__reanalysis__tp__surface__monthly__2010-2010__m06__NH0_90__grid_1p0.grib,2010-06,2010,6,tp,m,0.003411187548779675,0.0,0.05208587646484375
tp,cds__era5_sl_monthly__ERA5__reanalysis__tp__surface__monthly__2010-2010__m07__NH0_90__grid_1p0.grib,2010-07,2010,7,tp,m,0.003652424785834371,0.0,0.059413909912109375
tp,cds__era5_sl_monthly__ERA5__reanalysis__tp__surface__monthly__2010-2010__m08__NH0_90__grid_1p0.grib,2010-08,2010,8,tp,m,0.0038071276223435153,0.0,0.06577491760253906
tp,cds__era5_sl_monthly__ERA5__reanalysis__tp__surface__monthly__2010-2010__m09__NH0_90__grid_1p0.grib,2010-09,2010,9,tp,m,0.0037064533111327807,0.0,0.055828094482421875
tp,cds__era5_sl_monthly__ERA5__reanalysis__tp__surface__monthly__2010-2010__m10__NH0_90__grid_1p0.grib,2010-10,2010,10,tp,m,0.0034298727971196793,0.0,0.06235504150390625
tp,cds__era5_sl_monthly__ERA5__reanalysis__tp__surface__monthly__2010-2010__m11__NH0_90__grid_1p0.grib,2010-11,2010,11,tp,m,0.003232503578376191,0.0,0.060420989990234375
tp,cds__era5_sl_monthly__ERA5__reanalysis__tp__surface__monthly__2010-2010__m12__NH0_90__grid_1p0.grib,2010-12,2010,12,tp,m,0.0029296873880219087,0.0,0.04874420166015625
tp,cds__era5_sl_monthly__ERA5__reanalysis__tp__surface__monthly__2011-2011__m01__NH0_90__grid_1p0.grib,2011-01,2011,1,tp,m,0.002461734226102656,0.0,0.04554939270019531
tp,cds__era5_sl_monthly__ERA5__reanalysis__tp__surface__monthly__2011-2011__m02__NH0_90__grid_1p0.grib,2011-02,2011,2,tp,m,0.002425592748585453,0.0,0.026519775390625
tp,cds__era5_sl_monthly__ERA5__reanalysis__tp__surface__monthly__2011-2011__m03__NH0_90__grid_1p0.grib,2011-03,2011,3,tp,m,0.0023377945253261214,0.0,0.037711143493652344
tp,cds__era5_sl_monthly__ERA5__reanalysis__tp__surface__monthly__2011-2011__m04__NH0_90__grid_1p0.grib,2011-04,2011,4,tp,m,0.0023886363803369485,0.0,0.0320587158203125
tp,cds__era5_sl_monthly__ERA5__reanalysis__tp__surface__monthly__2011-2011__m05__NH0_90__grid_1p0.grib,2011-05,2011,5,tp,m,0.0030602652245293373,0.0,0.042583465576171875
tp,cds__era5_sl_monthly__ERA5__reanalysis__tp__surface__monthly__2011-2011__m06__NH0_90__grid_1p0.grib,2011-06,2011,6,tp,m,0.0033563879598141637,0.0,0.045833587646484375
tp,cds__era5_sl_monthly__ERA5__reanalysis__tp__surface__monthly__2011-2011__m07__NH0_90__grid_1p0.grib,2011-07,2011,7,tp,m,0.0037059972758295982,0.0,0.04739189147949219
tp,cds__era5_sl_monthly__ERA5__reanalysis__tp__surface__monthly__2011-2011__m08__NH0_90__grid_1p0.grib,2011-08,2011,8,tp,m,0.003783254852622807,0.0,0.07192802429199219
tp,cds__era5_sl_monthly__ERA5__reanalysis__tp__surface__monthly__2011-2011__m09__NH0_90__grid_1p0.grib,2011-09,2011,9,tp,m,0.003768917099358717,0.0,0.054592132568359375
tp,cds__era5_sl_monthly__ERA5__reanalysis__tp__surface__monthly__2011-2011__m10__NH0_90__grid_1p0.grib,2011-10,2011,10,tp,m,0.003415253567388058,0.0,0.05747222900390625
tp,cds__era5_sl_monthly__ERA5__reanalysis__tp__surface__monthly__2011-2011__m11__NH0_90__grid_1p0.grib,2011-11,2011,11,tp,m,0.0033448373477009295,0.0,0.04495429992675781
tp,cds__era5_sl_monthly__ERA5__reanalysis__tp__surface__monthly__2011-2011__m12__NH0_90__grid_1p0.grib,2011-12,2011,12,tp,m,0.0028332469065265238,0.0,0.03555488586425781
tp,cds__era5_sl_monthly__ERA5__reanalysis__tp__surface__monthly__2012-2012__m01__NH0_90__grid_1p0.grib,2012-01,2012,1,tp,m,0.0023303570509148695,0.0,0.036975860595703125
tp,cds__era5_sl_monthly__ERA5__reanalysis__tp__surface__monthly__2012-2012__m02__NH0_90__grid_1p0.grib,2012-02,2012,2,tp,m,0.0023367396251858553,0.0,0.029376983642578125
tp,cds__era5_sl_monthly__ERA5__reanalysis__tp__surface__monthly__2012-2012__m03__NH0_90__grid_1p0.grib,2012-03,2012,3,tp,m,0.002128504414061096,0.0,0.03197479248046875
tp,cds__era5_sl_monthly__ERA5__reanalysis__tp__surface__monthly__2012-2012__m04__NH0_90__grid_1p0.grib,2012-04,2012,4,tp,m,0.002521908287564224,0.0,0.03417491912841797
tp,cds__era5_sl_monthly__ERA5__reanalysis__tp__surface__monthly__2012-2012__m05__NH0_90__grid_1p0.grib,2012-05,2012,5,tp,m,0.0028461692746801813,0.0,0.04113197326660156
tp,cds__era5_sl_monthly__ERA5__reanalysis__tp__surface__monthly__2012-2012__m06__NH0_90__grid_1p0.grib,2012-06,2012,6,tp,m,0.003281938673033198,0.0,0.055751800537109375
tp,cds__era5_sl_monthly__ERA5__reanalysis__tp__surface__monthly__2012-2012__m07__NH0_90__grid_1p0.grib,2012-07,2012,7,tp,m,0.0035465157471142998,0.0,0.06331634521484375
tp,cds__era5_sl_monthly__ERA5__reanalysis__tp__surface__monthly__2012-2012__m08__NH0_90__grid_1p0.grib,2012-08,2012,8,tp,m,0.0037691174787539312,0.0,0.06456184387207031
tp,cds__era5_sl_monthly__ERA5__reanalysis__tp__surface__monthly__2012-2012__m09__NH0_90__grid_1p0.grib,2012-09,2012,9,tp,m,0.0036259433735323613,0.0,0.0429840087890625
tp,cds__era5_sl_monthly__ERA5__reanalysis__tp__surface__monthly__2012-2012__m10__NH0_90__grid_1p0.grib,2012-10,2012,10,tp,m,0.003474670671013558,0.0,0.04308128356933594
tp,cds__era5_sl_monthly__ERA5__reanalysis__tp__surface__monthly__2012-2012__m11__NH0_90__grid_1p0.grib,2012-11,2012,11,tp,m,0.0031784360193806774,0.0,0.05092811584472656
tp,cds__era5_sl_monthly__ERA5__reanalysis__tp__surface__monthly__2012-2012__m12__NH0_90__grid_1p0.grib,2012-12,2012,12,tp,m,0.0029120225125181323,0.0,0.0438385009765625
tp,cds__era5_sl_monthly__ERA5__reanalysis__tp__surface__monthly__2013-2013__m01__NH0_90__grid_1p0.grib,2013-01,2013,1,tp,m,0.002494771446523884,0.0,0.03159904479980469
tp,cds__era5_sl_monthly__ERA5__reanalysis__tp__surface__monthly__2013-2013__m02__NH0_90__grid_1p0.grib,2013-02,2013,2,tp,m,0.0023929049151649347,0.0,0.03555107116699219
tp,cds__era5_sl_monthly__ERA5__reanalysis__tp__surface__monthly__2013-2013__m03__NH0_90__grid_1p0.grib,2013-03,2013,3,tp,m,0.0021805670237259184,0.0,0.03662109375
tp,cds__era5_sl_monthly__ERA5__reanalysis__tp__surface__monthly__2013-2013__m04__NH0_90__grid_1p0.grib,2013-04,2013,4,tp,m,0.002485142909342026,0.0,0.042423248291015625
tp,cds__era5_sl_monthly__ERA5__reanalysis__tp__surface__monthly__2013-2013__m05__NH0_90__grid_1p0.grib,2013-05,2013,5,tp,m,0.0029698139283747984,0.0,0.05648231506347656
tp,cds__era5_sl_monthly__ERA5__reanalysis__tp__surface__monthly__2013-2013__m06__NH0_90__grid_1p0.grib,2013-06,2013,6,tp,m,0.003326609695401624,0.0,0.05050849914550781
tp,cds__era5_sl_monthly__ERA5__reanalysis__tp__surface__monthly__2013-2013__m07__NH0_90__grid_1p0.grib,2013-07,2013,7,tp,m,0.0033971400609062274,0.0,0.05437469482421875
tp,cds__era5_sl_monthly__ERA5__reanalysis__tp__surface__monthly__2013-2013__m08__NH0_90__grid_1p0.grib,2013-08,2013,8,tp,m,0.0036700290579184387,0.0,0.04905509948730469
tp,cds__era5_sl_monthly__ERA5__reanalysis__tp__surface__monthly__2013-2013__m09__NH0_90__grid_1p0.grib,2013-09,2013,9,tp,m,0.0036759506138530963,0.0,0.060024261474609375
tp,cds__era5_sl_monthly__ERA5__reanalysis__tp__surface__monthly__2013-2013__m10__NH0_90__grid_1p0.grib,2013-10,2013,10,tp,m,0.0034482268962730566,0.0,0.06826591491699219
tp,cds__era5_sl_monthly__ERA5__reanalysis__tp__surface__monthly__2013-2013__m11__NH0_90__grid_1p0.grib,2013-11,2013,11,tp,m,0.003258938304339914,0.0,0.044513702392578125
tp,cds__era5_sl_monthly__ERA5__reanalysis__tp__surface__monthly__2013-2013__m12__NH0_90__grid_1p0.grib,2013-12,2013,12,tp,m,0.002824619759614479,0.0,0.030855178833007812
tp,cds__era5_sl_monthly__ERA5__reanalysis__tp__surface__monthly__2014-2014__m01__NH0_90__grid_1p0.grib,2014-01,2014,1,tp,m,0.0025787487550563374,0.0,0.04990386962890625
tp,cds__era5_sl_monthly__ERA5__reanalysis__tp__surface__monthly__2014-2014__m02__NH0_90__grid_1p0.grib,2014-02,2014,2,tp,m,0.0023173460448535563,0.0,0.028657913208007812
tp,cds__era5_sl_monthly__ERA5__reanalysis__tp__surface__monthly__2014-2014__m03__NH0_90__grid_1p0.grib,2014-03,2014,3,tp,m,0.002216604008491502,0.0,0.04120635986328125
tp,cds__era5_sl_monthly__ERA5__reanalysis__tp__surface__monthly__2014-2014__m04__NH0_90__grid_1p0.grib,2014-04,2014,4,tp,m,0.0024944464116047377,0.0,0.05739402770996094
tp,cds__era5_sl_monthly__ERA5__reanalysis__tp__surface__monthly__2014-2014__m05__NH0_90__grid_1p0.grib,2014-05,2014,5,tp,m,0.002948045676873012,0.0,0.04070472717285156
tp,cds__era5_sl_monthly__ERA5__reanalysis__tp__surface__monthly__2014-2014__m06__NH0_90__grid_1p0.grib,2014-06,2014,6,tp,m,0.003411319927925464,0.0,0.04255104064941406
tp,cds__era5_sl_monthly__ERA5__reanalysis__tp__surface__monthly__2014-2014__m07__NH0_90__grid_1p0.grib,2014-07,2014,7,tp,m,0.003632606146496321,0.0,0.049884796142578125
tp,cds__era5_sl_monthly__ERA5__reanalysis__tp__surface__monthly__2014-2014__m08__NH0_90__grid_1p0.grib,2014-08,2014,8,tp,m,0.0036700922420783086,0.0,0.05991363525390625
tp,cds__era5_sl_monthly__ERA5__reanalysis__tp__surface__monthly__2014-2014__m09__NH0_90__grid_1p0.grib,2014-09,2014,9,tp,m,0.003640815036361612,0.0,0.0662078857421875
tp,cds__era5_sl_monthly__ERA5__reanalysis__tp__surface__monthly__2014-2014__m10__NH0_90__grid_1p0.grib,2014-10,2014,10,tp,m,0.0035622566531380126,0.0,0.05954170227050781
tp,cds__era5_sl_monthly__ERA5__reanalysis__tp__surface__monthly__2014-2014__m11__NH0_90__grid_1p0.grib,2014-11,2014,11,tp,m,0.003320703771061305,0.0,0.03960609436035156
tp,cds__era5_sl_monthly__ERA5__reanalysis__tp__surface__monthly__2014-2014__m12__NH0_90__grid_1p0.grib,2014-12,2014,12,tp,m,0.0029682433507129016,0.0,0.04710197448730469
tp,cds__era5_sl_monthly__ERA5__reanalysis__tp__surface__monthly__2015-2015__m01__NH0_90__grid_1p0.grib,2015-01,2015,1,tp,m,0.002520879619305324,0.0,0.030694961547851562
tp,cds__era5_sl_monthly__ERA5__reanalysis__tp__surface__monthly__2015-2015__m02__NH0_90__grid_1p0.grib,2015-02,2015,2,tp,m,0.0024011361228821596,0.0,0.02798175811767578
tp,cds__era5_sl_monthly__ERA5__reanalysis__tp__surface__monthly__2015-2015__m03__NH0_90__grid_1p0.grib,2015-03,2015,3,tp,m,0.002268914494987625,0.0,0.024784088134765625
tp,cds__era5_sl_monthly__ERA5__reanalysis__tp__surface__monthly__2015-2015__m04__NH0_90__grid_1p0.grib,2015-04,2015,4,tp,m,0.0025086987505810445,0.0,0.042789459228515625
tp,cds__era5_sl_monthly__ERA5__reanalysis__tp__surface__monthly__2015-2015__m05__NH0_90__grid_1p0.grib,2015-05,2015,5,tp,m,0.0030219976802099064,0.0,0.037265777587890625
tp,cds__era5_sl_monthly__ERA5__reanalysis__tp__surface__monthly__2015-2015__m06__NH0_90__grid_1p0.grib,2015-06,2015,6,tp,m,0.003460082795996563,0.0,0.03553581237792969
tp,cds__era5_sl_monthly__ERA5__reanalysis__tp__surface__monthly__2015-2015__m07__NH0_90__grid_1p0.grib,2015-07,2015,7,tp,m,0.0036188784649962844,0.0,0.04311180114746094
tp,cds__era5_sl_monthly__ERA5__reanalysis__tp__surface__monthly__2015-2015__m08__NH0_90__grid_1p0.grib,2015-08,2015,8,tp,m,0.003771000571174864,0.0,0.05889701843261719
tp,cds__era5_sl_monthly__ERA5__reanalysis__tp__surface__monthly__2015-2015__m09__NH0_90__grid_1p0.grib,2015-09,2015,9,tp,m,0.0037609697956755184,0.0,0.05626487731933594
tp,cds__era5_sl_monthly__ERA5__reanalysis__tp__surface__monthly__2015-2015__m10__NH0_90__grid_1p0.grib,2015-10,2015,10,tp,m,0.003673833475611268,0.0,0.05694007873535156
tp,cds__era5_sl_monthly__ERA5__reanalysis__tp__surface__monthly__2015-2015__m11__NH0_90__grid_1p0.grib,2015-11,2015,11,tp,m,0.003309823439647749,0.0,0.051349639892578125
tp,cds__era5_sl_monthly__ERA5__reanalysis__tp__surface__monthly__2015-2015__m12__NH0_90__grid_1p0.grib,2015-12,2015,12,tp,m,0.00296430417099253,0.0,0.04133796691894531
tp,cds__era5_sl_monthly__ERA5__reanalysis__tp__surface__monthly__2016-2016__m01__NH0_90__grid_1p0.grib,2016-01,2016,1,tp,m,0.0024888132502763104,0.0,0.042591094970703125
tp,cds__era5_sl_monthly__ERA5__reanalysis__tp__surface__monthly__2016-2016__m02__NH0_90__grid_1p0.grib,2016-02,2016,2,tp,m,0.0022924940502606454,0.0,0.04059791564941406
tp,cds__era5_sl_monthly__ERA5__reanalysis__tp__surface__monthly__2016-2016__m03__NH0_90__grid_1p0.grib,2016-03,2016,3,tp,m,0.0021960405385575495,0.0,0.03393363952636719
tp,cds__era5_sl_monthly__ERA5__reanalysis__tp__surface__monthly__2016-2016__m04__NH0_90__grid_1p0.grib,2016-04,2016,4,tp,m,0.0023978075439900185,0.0,0.041156768798828125
tp,cds__era5_sl_monthly__ERA5__reanalysis__tp__surface__monthly__2016-2016__m05__NH0_90__grid_1p0.grib,2016-05,2016,5,tp,m,0.003009372506034663,0.0,0.05496978759765625
tp,cds__era5_sl_monthly__ERA5__reanalysis__tp__surface__monthly__2016-2016__m06__NH0_90__grid_1p0.grib,2016-06,2016,6,tp,m,0.0032817645994799418,0.0,0.04554939270019531
tp,cds__era5_sl_monthly__ERA5__reanalysis__tp__surface__monthly__2016-2016__m07__NH0_90__grid_1p0.grib,2016-07,2016,7,tp,m,0.0035227158466845884,0.0,0.0524444580078125
tp,cds__era5_sl_monthly__ERA5__reanalysis__tp__surface__monthly__2016-2016__m08__NH0_90__grid_1p0.grib,2016-08,2016,8,tp,m,0.0037659360586348887,0.0,0.05059051513671875
tp,cds__era5_sl_monthly__ERA5__reanalysis__tp__surface__monthly__2016-2016__m09__NH0_90__grid_1p0.grib,2016-09,2016,9,tp,m,0.0036453102031580847,0.0,0.06215667724609375
tp,cds__era5_sl_monthly__ERA5__reanalysis__tp__surface__monthly__2016-2016__m10__NH0_90__grid_1p0.grib,2016-10,2016,10,tp,m,0.0035761852883538846,0.0,0.05645561218261719
tp,cds__era5_sl_monthly__ERA5__reanalysis__tp__surface__monthly__2016-2016__m11__NH0_90__grid_1p0.grib,2016-11,2016,11,tp,m,0.0033601794884339908,0.0,0.04012298583984375
tp,cds__era5_sl_monthly__ERA5__reanalysis__tp__surface__monthly__2016-2016__m12__NH0_90__grid_1p0.grib,2016-12,2016,12,tp,m,0.0029574894019160866,0.0,0.04718017578125
tp,cds__era5_sl_monthly__ERA5__reanalysis__tp__surface__monthly__2017-2017__m01__NH0_90__grid_1p0.grib,2017-01,2017,1,tp,m,0.0026156391951038956,0.0,0.029491424560546875
tp,cds__era5_sl_monthly__ERA5__reanalysis__tp__surface__monthly__2017-2017__m02__NH0_90__grid_1p0.grib,2017-02,2017,2,tp,m,0.0022255716487230757,0.0,0.029999732971191406
tp,cds__era5_sl_monthly__ERA5__reanalysis__tp__surface__monthly__2017-2017__m03__NH0_90__grid_1p0.grib,2017-03,2017,3,tp,m,0.0022348522070738987,0.0,0.030078887939453125
tp,cds__era5_sl_monthly__ERA5__reanalysis__tp__surface__monthly__2017-2017__m04__NH0_90__grid_1p0.grib,2017-04,2017,4,tp,m,0.0023057148864526595,0.0,0.04229545593261719
tp,cds__era5_sl_monthly__ERA5__reanalysis__tp__surface__monthly__2017-2017__m05__NH0_90__grid_1p0.grib,2017-05,2017,5,tp,m,0.0029857998293462105,0.0,0.03124237060546875
tp,cds__era5_sl_monthly__ERA5__reanalysis__tp__surface__monthly__2017-2017__m06__NH0_90__grid_1p0.grib,2017-06,2017,6,tp,m,0.003368075390493331,0.0,0.044055938720703125
tp,cds__era5_sl_monthly__ERA5__reanalysis__tp__surface__monthly__2017-2017__m07__NH0_90__grid_1p0.grib,2017-07,2017,7,tp,m,0.0036861280895375864,0.0,0.056255340576171875
tp,cds__era5_sl_monthly__ERA5__reanalysis__tp__surface__monthly__2017-2017__m08__NH0_90__grid_1p0.grib,2017-08,2017,8,tp,m,0.003676785282042321,0.0,0.05968475341796875
tp,cds__era5_sl_monthly__ERA5__reanalysis__tp__surface__monthly__2017-2017__m09__NH0_90__grid_1p0.grib,2017-09,2017,9,tp,m,0.003759821014738593,0.0,0.06463623046875
tp,cds__era5_sl_monthly__ERA5__reanalysis__tp__surface__monthly__2017-2017__m10__NH0_90__grid_1p0.grib,2017-10,2017,10,tp,m,0.003603146727064103,0.0,0.05621147155761719
tp,cds__era5_sl_monthly__ERA5__reanalysis__tp__surface__monthly__2017-2017__m11__NH0_90__grid_1p0.grib,2017-11,2017,11,tp,m,0.003208646585877259,0.0,0.04842567443847656
tp,cds__era5_sl_monthly__ERA5__reanalysis__tp__surface__monthly__2017-2017__m12__NH0_90__grid_1p0.grib,2017-12,2017,12,tp,m,0.002870904050502447,0.0,0.03867912292480469
tp,cds__era5_sl_monthly__ERA5__reanalysis__tp__surface__monthly__2018-2018__m01__NH0_90__grid_1p0.grib,2018-01,2018,1,tp,m,0.0026102197245348835,0.0,0.03349494934082031
tp,cds__era5_sl_monthly__ERA5__reanalysis__tp__surface__monthly__2018-2018__m02__NH0_90__grid_1p0.grib,2018-02,2018,2,tp,m,0.0022733735898857878,0.0,0.030138015747070312
tp,cds__era5_sl_monthly__ERA5__reanalysis__tp__surface__monthly__2018-2018__m03__NH0_90__grid_1p0.grib,2018-03,2018,3,tp,m,0.002299717247780845,0.0,0.027927398681640625
tp,cds__era5_sl_monthly__ERA5__reanalysis__tp__surface__monthly__2018-2018__m04__NH0_90__grid_1p0.grib,2018-04,2018,4,tp,m,0.00254196622179665,0.0,0.04178047180175781
tp,cds__era5_sl_monthly__ERA5__reanalysis__tp__surface__monthly__2018-2018__m05__NH0_90__grid_1p0.grib,2018-05,2018,5,tp,m,0.003097988619247532,0.0,0.04183387756347656
tp,cds__era5_sl_monthly__ERA5__reanalysis__tp__surface__monthly__2018-2018__m06__NH0_90__grid_1p0.grib,2018-06,2018,6,tp,m,0.0035138279954627844,0.0,0.04556083679199219
tp,cds__era5_sl_monthly__ERA5__reanalysis__tp__surface__monthly__2018-2018__m07__NH0_90__grid_1p0.grib,2018-07,2018,7,tp,m,0.0037377988806646563,0.0,0.044185638427734375
tp,cds__era5_sl_monthly__ERA5__reanalysis__tp__surface__monthly__2018-2018__m08__NH0_90__grid_1p0.grib,2018-08,2018,8,tp,m,0.0037592386450201456,0.0,0.051666259765625
tp,cds__era5_sl_monthly__ERA5__reanalysis__tp__surface__monthly__2018-2018__m09__NH0_90__grid_1p0.grib,2018-09,2018,9,tp,m,0.0036561338703528785,0.0,0.041385650634765625
tp,cds__era5_sl_monthly__ERA5__reanalysis__tp__surface__monthly__2018-2018__m10__NH0_90__grid_1p0.grib,2018-10,2018,10,tp,m,0.0035357582946762764,0.0,0.04875946044921875
tp,cds__era5_sl_monthly__ERA5__reanalysis__tp__surface__monthly__2018-2018__m11__NH0_90__grid_1p0.grib,2018-11,2018,11,tp,m,0.003280843306743371,0.0,0.04834556579589844
tp,cds__era5_sl_monthly__ERA5__reanalysis__tp__surface__monthly__2018-2018__m12__NH0_90__grid_1p0.grib,2018-12,2018,12,tp,m,0.002946923257851247,0.0,0.03700447082519531
tp,cds__era5_sl_monthly__ERA5__reanalysis__tp__surface__monthly__2019-2019__m01__NH0_90__grid_1p0.grib,2019-01,2019,1,tp,m,0.002559350692281692,0.0,0.02547931671142578
tp,cds__era5_sl_monthly__ERA5__reanalysis__tp__surface__monthly__2019-2019__m02__NH0_90__grid_1p0.grib,2019-02,2019,2,tp,m,0.002230945058068194,0.0,0.025737762451171875
tp,cds__era5_sl_monthly__ERA5__reanalysis__tp__surface__monthly__2019-2019__m03__NH0_90__grid_1p0.grib,2019-03,2019,3,tp,m,0.002213911750757378,0.0,0.03478240966796875
tp,cds__era5_sl_monthly__ERA5__reanalysis__tp__surface__monthly__2019-2019__m04__NH0_90__grid_1p0.grib,2019-04,2019,4,tp,m,0.0023653029391276586,0.0,0.046749114990234375
tp,cds__era5_sl_monthly__ERA5__reanalysis__tp__surface__monthly__2019-2019__m05__NH0_90__grid_1p0.grib,2019-05,2019,5,tp,m,0.002926771990894732,0.0,0.040859222412109375
tp,cds__era5_sl_monthly__ERA5__reanalysis__tp__surface__monthly__2019-2019__m06__NH0_90__grid_1p0.grib,2019-06,2019,6,tp,m,0.003408630760918665,0.0,0.052997589111328125
tp,cds__era5_sl_monthly__ERA5__reanalysis__tp__surface__monthly__2019-2019__m07__NH0_90__grid_1p0.grib,2019-07,2019,7,tp,m,0.003609145315694801,0.0,0.06138038635253906
tp,cds__era5_sl_monthly__ERA5__reanalysis__tp__surface__monthly__2019-2019__m08__NH0_90__grid_1p0.grib,2019-08,2019,8,tp,m,0.0038577585351636545,0.0,0.052692413330078125
tp,cds__era5_sl_monthly__ERA5__reanalysis__tp__surface__monthly__2019-2019__m09__NH0_90__grid_1p0.grib,2019-09,2019,9,tp,m,0.003776989490748394,0.0,0.050617218017578125
tp,cds__era5_sl_monthly__ERA5__reanalysis__tp__surface__monthly__2019-2019__m10__NH0_90__grid_1p0.grib,2019-10,2019,10,tp,m,0.003614472014155766,0.0,0.07030868530273438
tp,cds__era5_sl_monthly__ERA5__reanalysis__tp__surface__monthly__2019-2019__m11__NH0_90__grid_1p0.grib,2019-11,2019,11,tp,m,0.0034671117676965298,0.0,0.043392181396484375
tp,cds__era5_sl_monthly__ERA5__reanalysis__tp__surface__monthly__2019-2019__m12__NH0_90__grid_1p0.grib,2019-12,2019,12,tp,m,0.0030769463475594796,0.0,0.041259765625
tp,cds__era5_sl_monthly__ERA5__reanalysis__tp__surface__monthly__2020-2020__m01__NH0_90__grid_1p0.grib,2020-01,2020,1,tp,m,0.002501686007050183,0.0,0.035022735595703125
tp,cds__era5_sl_monthly__ERA5__reanalysis__tp__surface__monthly__2020-2020__m02__NH0_90__grid_1p0.grib,2020-02,2020,2,tp,m,0.0022732556570573235,0.0,0.029285430908203125
tp,cds__era5_sl_monthly__ERA5__reanalysis__tp__surface__monthly__2020-2020__m03__NH0_90__grid_1p0.grib,2020-03,2020,3,tp,m,0.0022375945825432687,0.0,0.03165721893310547
tp,cds__era5_sl_monthly__ERA5__reanalysis__tp__surface__monthly__2020-2020__m04__NH0_90__grid_1p0.grib,2020-04,2020,4,tp,m,0.0024294412555328953,0.0,0.030691146850585938
tp,cds__era5_sl_monthly__ERA5__reanalysis__tp__surface__monthly__2020-2020__m05__NH0_90__grid_1p0.grib,2020-05,2020,5,tp,m,0.0029573377694841908,0.0,0.045177459716796875
tp,cds__era5_sl_monthly__ERA5__reanalysis__tp__surface__monthly__2020-2020__m06__NH0_90__grid_1p0.grib,2020-06,2020,6,tp,m,0.0033006468107823735,0.0,0.0575408935546875
tp,cds__era5_sl_monthly__ERA5__reanalysis__tp__surface__monthly__2020-2020__m07__NH0_90__grid_1p0.grib,2020-07,2020,7,tp,m,0.003560744452793885,0.0,0.056964874267578125
tp,cds__era5_sl_monthly__ERA5__reanalysis__tp__surface__monthly__2020-2020__m08__NH0_90__grid_1p0.grib,2020-08,2020,8,tp,m,0.0037043933201346643,0.0,0.052478790283203125
tp,cds__era5_sl_monthly__ERA5__reanalysis__tp__surface__monthly__2020-2020__m09__NH0_90__grid_1p0.grib,2020-09,2020,9,tp,m,0.0036856153918308405,0.0,0.054950714111328125
tp,cds__era5_sl_monthly__ERA5__reanalysis__tp__surface__monthly__2020-2020__m10__NH0_90__grid_1p0.grib,2020-10,2020,10,tp,m,0.003530800899761944,0.0,0.06406211853027344
tp,cds__era5_sl_monthly__ERA5__reanalysis__tp__surface__monthly__2020-2020__m11__NH0_90__grid_1p0.grib,2020-11,2020,11,tp,m,0.0033173022404891068,0.0,0.039661407470703125
tp,cds__era5_sl_monthly__ERA5__reanalysis__tp__surface__monthly__2020-2020__m12__NH0_90__grid_1p0.grib,2020-12,2020,12,tp,m,0.0029131333499306843,0.0,0.05489921569824219
tp,cds__era5_sl_monthly__ERA5__reanalysis__tp__surface__monthly__2021-2021__m01__NH0_90__grid_1p0.grib,2021-01,2021,1,tp,m,0.0026496198157086263,0.0,0.04456901550292969
tp,cds__era5_sl_monthly__ERA5__reanalysis__tp__surface__monthly__2021-2021__m02__NH0_90__grid_1p0.grib,2021-02,2021,2,tp,m,0.0022044801621846537,0.0,0.028421401977539062
tp,cds__era5_sl_monthly__ERA5__reanalysis__tp__surface__monthly__2021-2021__m03__NH0_90__grid_1p0.grib,2021-03,2021,3,tp,m,0.00235824139405441,0.0,0.02895355224609375
tp,cds__era5_sl_monthly__ERA5__reanalysis__tp__surface__monthly__2021-2021__m04__NH0_90__grid_1p0.grib,2021-04,2021,4,tp,m,0.002488436498083699,0.0,0.03978729248046875
tp,cds__era5_sl_monthly__ERA5__reanalysis__tp__surface__monthly__2021-2021__m05__NH0_90__grid_1p0.grib,2021-05,2021,5,tp,m,0.0030772235828222575,0.0,0.0439605712890625
tp,cds__era5_sl_monthly__ERA5__reanalysis__tp__surface__monthly__2021-2021__m06__NH0_90__grid_1p0.grib,2021-06,2021,6,tp,m,0.003243580058684864,0.0,0.048938751220703125
tp,cds__era5_sl_monthly__ERA5__reanalysis__tp__surface__monthly__2021-2021__m07__NH0_90__grid_1p0.grib,2021-07,2021,7,tp,m,0.003673992840925808,0.0,0.04954719543457031
tp,cds__era5_sl_monthly__ERA5__reanalysis__tp__surface__monthly__2021-2021__m08__NH0_90__grid_1p0.grib,2021-08,2021,8,tp,m,0.003618064893206318,0.0,0.048564910888671875
tp,cds__era5_sl_monthly__ERA5__reanalysis__tp__surface__monthly__2021-2021__m09__NH0_90__grid_1p0.grib,2021-09,2021,9,tp,m,0.0036730889642742526,0.0,0.06703567504882812
tp,cds__era5_sl_monthly__ERA5__reanalysis__tp__surface__monthly__2021-2021__m10__NH0_90__grid_1p0.grib,2021-10,2021,10,tp,m,0.003484830024844132,0.0,0.058803558349609375
tp,cds__era5_sl_monthly__ERA5__reanalysis__tp__surface__monthly__2021-2021__m11__NH0_90__grid_1p0.grib,2021-11,2021,11,tp,m,0.0031378297457644783,0.0,0.04547691345214844
tp,cds__era5_sl_monthly__ERA5__reanalysis__tp__surface__monthly__2021-2021__m12__NH0_90__grid_1p0.grib,2021-12,2021,12,tp,m,0.002841649806341082,0.0,0.04028511047363281
tp,cds__era5_sl_monthly__ERA5__reanalysis__tp__surface__monthly__2022-2022__m01__NH0_90__grid_1p0.grib,2022-01,2022,1,tp,m,0.0023898039992103163,0.0,0.02889728546142578
tp,cds__era5_sl_monthly__ERA5__reanalysis__tp__surface__monthly__2022-2022__m02__NH0_90__grid_1p0.grib,2022-02,2022,2,tp,m,0.0023158065074967153,0.0,0.025388717651367188
tp,cds__era5_sl_monthly__ERA5__reanalysis__tp__surface__monthly__2022-2022__m03__NH0_90__grid_1p0.grib,2022-03,2022,3,tp,m,0.0024007261073337883,0.0,0.036116600036621094
tp,cds__era5_sl_monthly__ERA5__reanalysis__tp__surface__monthly__2022-2022__m04__NH0_90__grid_1p0.grib,2022-04,2022,4,tp,m,0.0026168998984320564,0.0,0.04036521911621094
tp,cds__era5_sl_monthly__ERA5__reanalysis__tp__surface__monthly__2022-2022__m05__NH0_90__grid_1p0.grib,2022-05,2022,5,tp,m,0.0030020055010160926,0.0,0.043609619140625
tp,cds__era5_sl_monthly__ERA5__reanalysis__tp__surface__monthly__2022-2022__m06__NH0_90__grid_1p0.grib,2022-06,2022,6,tp,m,0.003276272578882882,0.0,0.05363273620605469
tp,cds__era5_sl_monthly__ERA5__reanalysis__tp__surface__monthly__2022-2022__m07__NH0_90__grid_1p0.grib,2022-07,2022,7,tp,m,0.003632861995195665,0.0,0.043109893798828125
tp,cds__era5_sl_monthly__ERA5__reanalysis__tp__surface__monthly__2022-2022__m08__NH0_90__grid_1p0.grib,2022-08,2022,8,tp,m,0.0036534795790231635,0.0,0.046291351318359375
tp,cds__era5_sl_monthly__ERA5__reanalysis__tp__surface__monthly__2022-2022__m09__NH0_90__grid_1p0.grib,2022-09,2022,9,tp,m,0.003698070641596976,0.0,0.0559234619140625
tp,cds__era5_sl_monthly__ERA5__reanalysis__tp__surface__monthly__2022-2022__m10__NH0_90__grid_1p0.grib,2022-10,2022,10,tp,m,0.003536510992348375,0.0,0.04977607727050781
tp,cds__era5_sl_monthly__ERA5__reanalysis__tp__surface__monthly__2022-2022__m11__NH0_90__grid_1p0.grib,2022-11,2022,11,tp,m,0.0031973239171647514,0.0,0.03971099853515625
tp,cds__era5_sl_monthly__ERA5__reanalysis__tp__surface__monthly__2022-2022__m12__NH0_90__grid_1p0.grib,2022-12,2022,12,tp,m,0.002880282995694479,0.0,0.03844261169433594
tp,cds__era5_sl_monthly__ERA5__reanalysis__tp__surface__monthly__2023-2023__m01__NH0_90__grid_1p0.grib,2023-01,2023,1,tp,m,0.0025569838764719,0.0,0.03394317626953125
tp,cds__era5_sl_monthly__ERA5__reanalysis__tp__surface__monthly__2023-2023__m02__NH0_90__grid_1p0.grib,2023-02,2023,2,tp,m,0.0023228732021032578,0.0,0.029809951782226562
tp,cds__era5_sl_monthly__ERA5__reanalysis__tp__surface__monthly__2023-2023__m03__NH0_90__grid_1p0.grib,2023-03,2023,3,tp,m,0.002137970720193081,0.0,0.0308074951171875
tp,cds__era5_sl_monthly__ERA5__reanalysis__tp__surface__monthly__2023-2023__m04__NH0_90__grid_1p0.grib,2023-04,2023,4,tp,m,0.002332933081711991,0.0,0.03265571594238281
tp,cds__era5_sl_monthly__ERA5__reanalysis__tp__surface__monthly__2023-2023__m05__NH0_90__grid_1p0.grib,2023-05,2023,5,tp,m,0.002821755030625703,0.0,0.03829383850097656
tp,cds__era5_sl_monthly__ERA5__reanalysis__tp__surface__monthly__2023-2023__m06__NH0_90__grid_1p0.grib,2023-06,2023,6,tp,m,0.003287489772304542,0.0,0.03539276123046875
tp,cds__era5_sl_monthly__ERA5__reanalysis__tp__surface__monthly__2023-2023__m07__NH0_90__grid_1p0.grib,2023-07,2023,7,tp,m,0.003618998174511033,0.0,0.04981422424316406
tp,cds__era5_sl_monthly__ERA5__reanalysis__tp__surface__monthly__2023-2023__m08__NH0_90__grid_1p0.grib,2023-08,2023,8,tp,m,0.0036935957528130866,0.0,0.05316162109375
tp,cds__era5_sl_monthly__ERA5__reanalysis__tp__surface__monthly__2023-2023__m09__NH0_90__grid_1p0.grib,2023-09,2023,9,tp,m,0.003702781978820692,0.0,0.053699493408203125
tp,cds__era5_sl_monthly__ERA5__reanalysis__tp__surface__monthly__2023-2023__m10__NH0_90__grid_1p0.grib,2023-10,2023,10,tp,m,0.0035645889587707057,0.0,0.04771995544433594
tp,cds__era5_sl_monthly__ERA5__reanalysis__tp__surface__monthly__2023-2023__m11__NH0_90__grid_1p0.grib,2023-11,2023,11,tp,m,0.003414751561186696,0.0,0.04378318786621094
tp,cds__era5_sl_monthly__ERA5__reanalysis__tp__surface__monthly__2023-2023__m12__NH0_90__grid_1p0.grib,2023-12,2023,12,tp,m,0.0030434395615138252,0.0,0.047611236572265625
tp,cds__era5_sl_monthly__ERA5__reanalysis__tp__surface__monthly__2024-2024__m01__NH0_90__grid_1p0.grib,2024-01,2024,1,tp,m,0.002579300557085759,0.0,0.03722381591796875
tp,cds__era5_sl_monthly__ERA5__reanalysis__tp__surface__monthly__2024-2024__m02__NH0_90__grid_1p0.grib,2024-02,2024,2,tp,m,0.0022122441089290376,0.0,0.034030914306640625
tp,cds__era5_sl_monthly__ERA5__reanalysis__tp__surface__monthly__2024-2024__m03__NH0_90__grid_1p0.grib,2024-03,2024,3,tp,m,0.002138047976986126,0.0,0.0258941650390625
tp,cds__era5_sl_monthly__ERA5__reanalysis__tp__surface__monthly__2024-2024__m04__NH0_90__grid_1p0.grib,2024-04,2024,4,tp,m,0.0023905665959584213,0.0,0.034236907958984375
tp,cds__era5_sl_monthly__ERA5__reanalysis__tp__surface__monthly__2024-2024__m05__NH0_90__grid_1p0.grib,2024-05,2024,5,tp,m,0.0028906492182339504,0.0,0.04815673828125
tp,cds__era5_sl_monthly__ERA5__reanalysis__tp__surface__monthly__2024-2024__m06__NH0_90__grid_1p0.grib,2024-06,2024,6,tp,m,0.0033228241896985453,0.0,0.04599761962890625
tp,cds__era5_sl_monthly__ERA5__reanalysis__tp__surface__monthly__2024-2024__m07__NH0_90__grid_1p0.grib,2024-07,2024,7,tp,m,0.003636698626633522,0.0,0.05821418762207031
tp,cds__era5_sl_monthly__ERA5__reanalysis__tp__surface__monthly__2024-2024__m08__NH0_90__grid_1p0.grib,2024-08,2024,8,tp,m,0.0036967566217021037,0.0,0.039302825927734375
tp,cds__era5_sl_monthly__ERA5__reanalysis__tp__surface__monthly__2024-2024__m09__NH0_90__grid_1p0.grib,2024-09,2024,9,tp,m,0.0038016211509708923,0.0,0.038402557373046875
tp,cds__era5_sl_monthly__ERA5__reanalysis__tp__surface__monthly__2024-2024__m10__NH0_90__grid_1p0.grib,2024-10,2024,10,tp,m,0.0035206208450005026,0.0,0.04712867736816406
tp,cds__era5_sl_monthly__ERA5__reanalysis__tp__surface__monthly__2024-2024__m11__NH0_90__grid_1p0.grib,2024-11,2024,11,tp,m,0.00322623944762823,0.0,0.040665626525878906
tp,cds__era5_sl_monthly__ERA5__reanalysis__tp__surface__monthly__2024-2024__m12__NH0_90__grid_1p0.grib,2024-12,2024,12,tp,m,0.0027865159832984637,0.0,0.03571128845214844
tp,cds__era5_sl_monthly__ERA5__reanalysis__tp__surface__monthly__2025-2025__m01__NH0_90__grid_1p0.grib,2025-01,2025,1,tp,m,0.0025337784732207672,0.0,0.041431427001953125
tp,cds__era5_sl_monthly__ERA5__reanalysis__tp__surface__monthly__2025-2025__m02__NH0_90__grid_1p0.grib,2025-02,2025,2,tp,m,0.0022455699674020983,0.0,0.03467559814453125
tp,cds__era5_sl_monthly__ERA5__reanalysis__tp__surface__monthly__2025-2025__m03__NH0_90__grid_1p0.grib,2025-03,2025,3,tp,m,0.0022440401442547146,0.0,0.025470733642578125
tp,cds__era5_sl_monthly__ERA5__reanalysis__tp__surface__monthly__2025-2025__m04__NH0_90__grid_1p0.grib,2025-04,2025,4,tp,m,0.0023610698598800425,0.0,0.04158210754394531
tp,cds__era5_sl_monthly__ERA5__reanalysis__tp__surface__monthly__2025-2025__m05__NH0_90__grid_1p0.grib,2025-05,2025,5,tp,m,0.0029592564058116377,0.0,0.038112640380859375
tp,cds__era5_sl_monthly__ERA5__reanalysis__tp__surface__monthly__2025-2025__m06__NH0_90__grid_1p0.grib,2025-06,2025,6,tp,m,0.003232706673415394,0.0,0.03978919982910156
tp,cds__era5_sl_monthly__ERA5__reanalysis__tp__surface__monthly__2025-2025__m07__NH0_90__grid_1p0.grib,2025-07,2025,7,tp,m,0.003596062149140351,0.0,0.048969268798828125
tp,cds__era5_sl_monthly__ERA5__reanalysis__tp__surface__monthly__2025-2025__m08__NH0_90__grid_1p0.grib,2025-08,2025,8,tp,m,0.003587566020877962,0.0,0.04864692687988281
tp,cds__era5_sl_monthly__ERA5__reanalysis__tp__surface__monthly__2025-2025__m09__NH0_90__grid_1p0.grib,2025-09,2025,9,tp,m,0.0036071409804614147,0.0,0.04669380187988281
tp,cds__era5_sl_monthly__ERA5__reanalysis__tp__surface__monthly__2025-2025__m10__NH0_90__grid_1p0.grib,2025-10,2025,10,tp,m,0.0035983178067218007,0.0,0.05600166320800781
tp,cds__era5_sl_monthly__ERA5__reanalysis__tp__surface__monthly__2025-2025__m11__NH0_90__grid_1p0.grib,2025-11,2025,11,tp,m,0.0031247467673623107,0.0,0.04527854919433594
tp,cds__era5_sl_monthly__ERA5__reanalysis__tp__surface__monthly__2025-2025__m12__NH0_90__grid_1p0.grib,2025-12,2025,12,tp,m,0.0028020437988333993,0.0,0.03033161163330078
t2m,cds__era5_sl_monthly__ERA5__reanalysis__t2m__surface__monthly__2000-2000__m01__NH0_90__grid_1p0.grib,2000-01,2000,1,t2m,K,281.5363729603103,229.27159118652344,305.5372314453125
t2m,cds__era5_sl_monthly__ERA5__reanalysis__t2m__surface__monthly__2000-2000__m02__NH0_90__grid_1p0.grib,2000-02,2000,2,t2m,K,282.6060195790446,229.74295043945312,306.6804504394531
t2m,cds__era5_sl_monthly__ERA5__reanalysis__t2m__surface__monthly__2000-2000__m03__NH0_90__grid_1p0.grib,2000-03,2000,3,t2m,K,284.60800742222295,229.97113037109375,307.12152099609375
t2m,cds__era5_sl_monthly__ERA5__reanalysis__t2m__surface__monthly__2000-2000__m04__NH0_90__grid_1p0.grib,2000-04,2000,4,t2m,K,287.8439543213572,242.05628967285156,309.0875244140625
t2m,cds__era5_sl_monthly__ERA5__reanalysis__t2m__surface__monthly__2000-2000__m05__NH0_90__grid_1p0.grib,2000-05,2000,5,t2m,K,290.6231298294859,247.43739318847656,311.4783935546875
t2m,cds__era5_sl_monthly__ERA5__reanalysis__t2m__surface__monthly__2000-2000__m06__NH0_90__grid_1p0.grib,2000-06,2000,6,t2m,K,293.031974043582,253.70884704589844,312.0213623046875
t2m,cds__era5_sl_monthly__ERA5__reanalysis__t2m__surface__monthly__2000-2000__m07__NH0_90__grid_1p0.grib,2000-07,2000,7,t2m,K,294.3951768282661,257.934814453125,314.655517578125
t2m,cds__era5_sl_monthly__ERA5__reanalysis__t2m__surface__monthly__2000-2000__m08__NH0_90__grid_1p0.grib,2000-08,2000,8,t2m,K,294.31980136156375,258.10986328125,314.19189453125
t2m,cds__era5_sl_monthly__ERA5__reanalysis__t2m__surface__monthly__2000-2000__m09__NH0_90__grid_1p0.grib,2000-09,2000,9,t2m,K,292.34714463135197,251.76112365722656,308.9759521484375
t2m,cds__era5_sl_monthly__ERA5__reanalysis__t2m__surface__monthly__2000-2000__m10__NH0_90__grid_1p0.grib,2000-10,2000,10,t2m,K,289.1040370268927,238.90850830078125,306.40264892578125
t2m,cds__era5_sl_monthly__ERA5__reanalysis__t2m__surface__monthly__2000-2000__m11__NH0_90__grid_1p0.grib,2000-11,2000,11,t2m,K,285.3855958659994,231.5167236328125,304.2940673828125
t2m,cds__era5_sl_monthly__ERA5__reanalysis__t2m__surface__monthly__2000-2000__m12__NH0_90__grid_1p0.grib,2000-12,2000,12,t2m,K,282.68414814856413,228.04051208496094,304.33935546875
t2m,cds__era5_sl_monthly__ERA5__reanalysis__t2m__surface__monthly__2001-2001__m01__NH0_90__grid_1p0.grib,2001-01,2001,1,t2m,K,281.6466881777233,225.30804443359375,304.14788818359375
t2m,cds__era5_sl_monthly__ERA5__reanalysis__t2m__surface__monthly__2001-2001__m02__NH0_90__grid_1p0.grib,2001-02,2001,2,t2m,K,282.1608017687988,229.77621459960938,305.2996520996094
t2m,cds__era5_sl_monthly__ERA5__reanalysis__t2m__surface__monthly__2001-2001__m03__NH0_90__grid_1p0.grib,2001-03,2001,3,t2m,K,284.57023533966975,233.18386840820312,306.1330871582031
t2m,cds__era5_sl_monthly__ERA5__reanalysis__t2m__surface__monthly__2001-2001__m04__NH0_90__grid_1p0.grib,2001-04,2001,4,t2m,K,287.51390853985305,240.84347534179688,308.6305847167969
t2m,cds__era5_sl_monthly__ERA5__reanalysis__t2m__surface__monthly__2001-2001__m05__NH0_90__grid_1p0.grib,2001-05,2001,5,t2m,K,290.7278083887264,248.61314392089844,311.1502685546875
t2m,cds__era5_sl_monthly__ERA5__reanalysis__t2m__surface__monthly__2001-2001__m06__NH0_90__grid_1p0.grib,2001-06,2001,6,t2m,K,293.1437254519527,255.89453125,311.8359375
t2m,cds__era5_sl_monthly__ERA5__reanalysis__t2m__surface__monthly__2001-2001__m07__NH0_90__grid_1p0.grib,2001-07,2001,7,t2m,K,294.5809823561307,257.36083984375,313.10693359375
t2m,cds__era5_sl_monthly__ERA5__reanalysis__t2m__surface__monthly__2001-2001__m08__NH0_90__grid_1p0.grib,2001-08,2001,8,t2m,K,294.5021196718238,257.975830078125,313.940673828125
t2m,cds__era5_sl_monthly__ERA5__reanalysis__t2m__surface__monthly__2001-2001__m09__NH0_90__grid_1p0.grib,2001-09,2001,9,t2m,K,292.56946296534153,250.688232421875,310.590576171875
t2m,cds__era5_sl_monthly__ERA5__reanalysis__t2m__surface__monthly__2001-2001__m10__NH0_90__grid_1p0.grib,2001-10,2001,10,t2m,K,289.4652273954393,244.0537872314453,308.17681884765625
t2m,cds__era5_sl_monthly__ERA5__reanalysis__t2m__surface__monthly__2001-2001__m11__NH0_90__grid_1p0.grib,2001-11,2001,11,t2m,K,286.1656684099659,236.5342559814453,304.64556884765625
t2m,cds__era5_sl_monthly__ERA5__reanalysis__t2m__surface__monthly__2001-2001__m12__NH0_90__grid_1p0.grib,2001-12,2001,12,t2m,K,283.2547507096884,229.14036560058594,304.968505859375
t2m,cds__era5_sl_monthly__ERA5__reanalysis__t2m__surface__monthly__2002-2002__m01__NH0_90__grid_1p0.grib,2002-01,2002,1,t2m,K,282.12281680191757,228.3486328125,304.9306640625
t2m,cds__era5_sl_monthly__ERA5__reanalysis__t2m__surface__monthly__2002-2002__m02__NH0_90__grid_1p0.grib,2002-02,2002,2,t2m,K,282.72459714237993,226.5263671875,306.7783203125
t2m,cds__era5_sl_monthly__ERA5__reanalysis__t2m__surface__monthly__2002-2002__m03__NH0_90__grid_1p0.grib,2002-03,2002,3,t2m,K,284.9179038517445,231.0691375732422,307.09844970703125
t2m,cds__era5_sl_monthly__ERA5__reanalysis__t2m__surface__monthly__2002-2002__m04__NH0_90__grid_1p0.grib,2002-04,2002,4,t2m,K,287.4314868015251,237.90684509277344,308.3306884765625
t2m,cds__era5_sl_monthly__ERA5__reanalysis__t2m__surface__monthly__2002-2002__m05__NH0_90__grid_1p0.grib,2002-05,2002,5,t2m,K,290.62185061182686,251.76112365722656,311.6556396484375
t2m,cds__era5_sl_monthly__ERA5__reanalysis__t2m__surface__monthly__2002-2002__m06__NH0_90__grid_1p0.grib,2002-06,2002,6,t2m,K,293.2883786678302,259.0380859375,312.3955078125
t2m,cds__era5_sl_monthly__ERA5__reanalysis__t2m__surface__monthly__2002-2002__m07__NH0_90__grid_1p0.grib,2002-07,2002,7,t2m,K,294.6690029630536,261.407958984375,314.118896484375
t2m,cds__era5_sl_monthly__ERA5__reanalysis__t2m__surface__monthly__2002-2002__m08__NH0_90__grid_1p0.grib,2002-08,2002,8,t2m,K,294.3653595550518,254.090087890625,313.365478515625
t2m,cds__era5_sl_monthly__ERA5__reanalysis__t2m__surface__monthly__2002-2002__m09__NH0_90__grid_1p0.grib,2002-09,2002,9,t2m,K,292.61614178749477,253.68423461914062,309.6354064941406
t2m,cds__era5_sl_monthly__ERA5__reanalysis__t2m__surface__monthly__2002-2002__m10__NH0_90__grid_1p0.grib,2002-10,2002,10,t2m,K,289.38337370634133,244.8882293701172,307.86676025390625
t2m,cds__era5_sl_monthly__ERA5__reanalysis__t2m__surface__monthly__2002-2002__m11__NH0_90__grid_1p0.grib,2002-11,2002,11,t2m,K,285.9381143234644,239.31649780273438,305.1914978027344
t2m,cds__era5_sl_monthly__ERA5__reanalysis__t2m__surface__monthly__2002-2002__m12__NH0_90__grid_1p0.grib,2002-12,2002,12,t2m,K,282.9510877151999,224.7597198486328,303.01165771484375
t2m,cds__era5_sl_monthly__ERA5__reanalysis__t2m__surface__monthly__2003-2003__m01__NH0_90__grid_1p0.grib,2003-01,2003,1,t2m,K,282.0933943798478,228.44497680664062,304.7438049316406
t2m,cds__era5_sl_monthly__ERA5__reanalysis__t2m__surface__monthly__2003-2003__m02__NH0_90__grid_1p0.grib,2003-02,2003,2,t2m,K,282.28810411513786,231.41195678710938,307.0330505371094
t2m,cds__era5_sl_monthly__ERA5__reanalysis__t2m__surface__monthly__2003-2003__m03__NH0_90__grid_1p0.grib,2003-03,2003,3,t2m,K,284.39499605299386,232.19143676757812,306.7871398925781
t2m,cds__era5_sl_monthly__ERA5__reanalysis__t2m__surface__monthly__2003-2003__m04__NH0_90__grid_1p0.grib,2003-04,2003,4,t2m,K,287.58426988549667,241.6439971923828,309.05413818359375
t2m,cds__era5_sl_monthly__ERA5__reanalysis__t2m__surface__monthly__2003-2003__m05__NH0_90__grid_1p0.grib,2003-05,2003,5,t2m,K,290.7999873773141,249.8537139892578,311.17596435546875
t2m,cds__era5_sl_monthly__ERA5__reanalysis__t2m__surface__monthly__2003-2003__m06__NH0_90__grid_1p0.grib,2003-06,2003,6,t2m,K,293.14047652091716,257.3232421875,312.4130859375
t2m,cds__era5_sl_monthly__ERA5__reanalysis__t2m__surface__monthly__2003-2003__m07__NH0_90__grid_1p0.grib,2003-07,2003,7,t2m,K,294.592645767762,258.849365234375,313.923583984375
t2m,cds__era5_sl_monthly__ERA5__reanalysis__t2m__surface__monthly__2003-2003__m08__NH0_90__grid_1p0.grib,2003-08,2003,8,t2m,K,294.61137206079474,261.3447265625,313.0576171875
t2m,cds__era5_sl_monthly__ERA5__reanalysis__t2m__surface__monthly__2003-2003__m09__NH0_90__grid_1p0.grib,2003-09,2003,9,t2m,K,292.7818134042283,251.1472625732422,309.45587158203125
t2m,cds__era5_sl_monthly__ERA5__reanalysis__t2m__surface__monthly__2003-2003__m10__NH0_90__grid_1p0.grib,2003-10,2003,10,t2m,K,289.88079568156496,245.55593872070312,307.6145324707031
t2m,cds__era5_sl_monthly__ERA5__reanalysis__t2m__surface__monthly__2003-2003__m11__NH0_90__grid_1p0.grib,2003-11,2003,11,t2m,K,285.9366482373901,236.4291229248047,304.78851318359375
t2m,cds__era5_sl_monthly__ERA5__reanalysis__t2m__surface__monthly__2003-2003__m12__NH0_90__grid_1p0.grib,2003-12,2003,12,t2m,K,283.45945910023505,230.0063018798828,303.52777099609375
t2m,cds__era5_sl_monthly__ERA5__reanalysis__t2m__surface__monthly__2004-2004__m01__NH0_90__grid_1p0.grib,2004-01,2004,1,t2m,K,281.89916111020375,226.6603240966797,304.50604248046875
t2m,cds__era5_sl_monthly__ERA5__reanalysis__t2m__surface__monthly__2004-2004__m02__NH0_90__grid_1p0.grib,2004-02,2004,2,t2m,K,282.66161927420313,230.04879760742188,306.0312194824219
t2m,cds__era5_sl_monthly__ERA5__reanalysis__t2m__surface__monthly__2004-2004__m03__NH0_90__grid_1p0.grib,2004-03,2004,3,t2m,K,284.75848179750994,229.85537719726562,307.3514709472656
t2m,cds__era5_sl_monthly__ERA5__reanalysis__t2m__surface__monthly__2004-2004__m04__NH0_90__grid_1p0.grib,2004-04,2004,4,t2m,K,287.68640435793714,241.1302947998047,308.71038818359375
t2m,cds__era5_sl_monthly__ERA5__reanalysis__t2m__surface__monthly__2004-2004__m05__NH0_90__grid_1p0.grib,2004-05,2004,5,t2m,K,290.62066974125173,249.8529815673828,310.14398193359375
t2m,cds__era5_sl_monthly__ERA5__reanalysis__t2m__surface__monthly__2004-2004__m06__NH0_90__grid_1p0.grib,2004-06,2004,6,t2m,K,293.11414445096193,257.819091796875,311.975341796875
t2m,cds__era5_sl_monthly__ERA5__reanalysis__t2m__surface__monthly__2004-2004__m07__NH0_90__grid_1p0.grib,2004-07,2004,7,t2m,K,294.4412788379754,260.956298828125,312.991455078125
t2m,cds__era5_sl_monthly__ERA5__reanalysis__t2m__surface__monthly__2004-2004__m08__NH0_90__grid_1p0.grib,2004-08,2004,8,t2m,K,294.36093960177294,258.0654296875,312.5224609375
t2m,cds__era5_sl_monthly__ERA5__reanalysis__t2m__surface__monthly__2004-2004__m09__NH0_90__grid_1p0.grib,2004-09,2004,9,t2m,K,292.5953817934345,249.96339416503906,309.66845703125
t2m,cds__era5_sl_monthly__ERA5__reanalysis__t2m__surface__monthly__2004-2004__m10__NH0_90__grid_1p0.grib,2004-10,2004,10,t2m,K,289.60391764703513,243.50381469726562,307.3924865722656
t2m,cds__era5_sl_monthly__ERA5__reanalysis__t2m__surface__monthly__2004-2004__m11__NH0_90__grid_1p0.grib,2004-11,2004,11,t2m,K,286.1530806203467,235.43775939941406,305.129150390625
t2m,cds__era5_sl_monthly__ERA5__reanalysis__t2m__surface__monthly__2004-2004__m12__NH0_90__grid_1p0.grib,2004-12,2004,12,t2m,K,282.92297005955373,222.2910614013672,303.91607666015625
t2m,cds__era5_sl_monthly__ERA5__reanalysis__t2m__surface__monthly__2005-2005__m01__NH0_90__grid_1p0.grib,2005-01,2005,1,t2m,K,282.1922974482122,227.48455810546875,305.28338623046875
t2m,cds__era5_sl_monthly__ERA5__reanalysis__t2m__surface__monthly__2005-2005__m02__NH0_90__grid_1p0.grib,2005-02,2005,2,t2m,K,282.5845627024415,232.2257537841797,307.75311279296875
t2m,cds__era5_sl_monthly__ERA5__reanalysis__t2m__surface__monthly__2005-2005__m03__NH0_90__grid_1p0.grib,2005-03,2005,3,t2m,K,284.845133642576,234.66009521484375,307.88275146484375
t2m,cds__era5_sl_monthly__ERA5__reanalysis__t2m__surface__monthly__2005-2005__m04__NH0_90__grid_1p0.grib,2005-04,2005,4,t2m,K,287.9212422273711,240.9472198486328,308.83392333984375
t2m,cds__era5_sl_monthly__ERA5__reanalysis__t2m__surface__monthly__2005-2005__m05__NH0_90__grid_1p0.grib,2005-05,2005,5,t2m,K,290.91872839705724,249.79165649414062,309.7408752441406
t2m,cds__era5_sl_monthly__ERA5__reanalysis__t2m__surface__monthly__2005-2005__m06__NH0_90__grid_1p0.grib,2005-06,2005,6,t2m,K,293.4365409995455,258.26513671875,311.67919921875
t2m,cds__era5_sl_monthly__ERA5__reanalysis__t2m__surface__monthly__2005-2005__m07__NH0_90__grid_1p0.grib,2005-07,2005,7,t2m,K,294.7505331877307,262.70849609375,313.61669921875
t2m,cds__era5_sl_monthly__ERA5__reanalysis__t2m__surface__monthly__2005-2005__m08__NH0_90__grid_1p0.grib,2005-08,2005,8,t2m,K,294.4886716586991,254.58335876464844,312.3587646484375
t2m,cds__era5_sl_monthly__ERA5__reanalysis__t2m__surface__monthly__2005-2005__m09__NH0_90__grid_1p0.grib,2005-09,2005,9,t2m,K,292.9480634958739,244.4637908935547,309.15130615234375
t2m,cds__era5_sl_monthly__ERA5__reanalysis__t2m__surface__monthly__2005-2005__m10__NH0_90__grid_1p0.grib,2005-10,2005,10,t2m,K,289.85818237536694,238.82913208007812,307.5556945800781
t2m,cds__era5_sl_monthly__ERA5__reanalysis__t2m__surface__monthly__2005-2005__m11__NH0_90__grid_1p0.grib,2005-11,2005,11,t2m,K,286.29273713397544,239.77015686035156,304.9010009765625
t2m,cds__era5_sl_monthly__ERA5__reanalysis__t2m__surface__monthly__2005-2005__m12__NH0_90__grid_1p0.grib,2005-12,2005,12,t2m,K,283.340051895002,231.44033813476562,306.0516662597656
t2m,cds__era5_sl_monthly__ERA5__reanalysis__t2m__surface__monthly__2006-2006__m01__NH0_90__grid_1p0.grib,2006-01,2006,1,t2m,K,281.89485361995753,225.25808715820312,305.6721496582031
t2m,cds__era5_sl_monthly__ERA5__reanalysis__t2m__surface__monthly__2006-2006__m02__NH0_90__grid_1p0.grib,2006-02,2006,2,t2m,K,282.7980009947526,231.3128662109375,306.6566162109375
t2m,cds__era5_sl_monthly__ERA5__reanalysis__t2m__surface__monthly__2006-2006__m03__NH0_90__grid_1p0.grib,2006-03,2006,3,t2m,K,284.71440462241065,234.9735870361328,306.94036865234375
t2m,cds__era5_sl_monthly__ERA5__reanalysis__t2m__surface__monthly__2006-2006__m04__NH0_90__grid_1p0.grib,2006-04,2006,4,t2m,K,287.6720556251533,240.0405731201172,308.71441650390625
t2m,cds__era5_sl_monthly__ERA5__reanalysis__t2m__surface__monthly__2006-2006__m05__NH0_90__grid_1p0.grib,2006-05,2006,5,t2m,K,290.85849833395935,251.29103088378906,310.9609375
t2m,cds__era5_sl_monthly__ERA5__reanalysis__t2m__surface__monthly__2006-2006__m06__NH0_90__grid_1p0.grib,2006-06,2006,6,t2m,K,293.45870485608157,256.21630859375,312.49365234375
t2m,cds__era5_sl_monthly__ERA5__reanalysis__t2m__surface__monthly__2006-2006__m07__NH0_90__grid_1p0.grib,2006-07,2006,7,t2m,K,294.6883874078816,259.053466796875,313.123779296875
t2m,cds__era5_sl_monthly__ERA5__reanalysis__t2m__surface__monthly__2006-2006__m08__NH0_90__grid_1p0.grib,2006-08,2006,8,t2m,K,294.569999116267,259.342529296875,313.809326171875
t2m,cds__era5_sl_monthly__ERA5__reanalysis__t2m__surface__monthly__2006-2006__m09__NH0_90__grid_1p0.grib,2006-09,2006,9,t2m,K,292.8305557717759,249.63345336914062,308.7799377441406
t2m,cds__era5_sl_monthly__ERA5__reanalysis__t2m__surface__monthly__2006-2006__m10__NH0_90__grid_1p0.grib,2006-10,2006,10,t2m,K,289.8859711927194,242.155517578125,307.331298828125
t2m,cds__era5_sl_monthly__ERA5__reanalysis__t2m__surface__monthly__2006-2006__m11__NH0_90__grid_1p0.grib,2006-11,2006,11,t2m,K,286.09146269665797,233.12216186523438,305.0049743652344
t2m,cds__era5_sl_monthly__ERA5__reanalysis__t2m__surface__monthly__2006-2006__m12__NH0_90__grid_1p0.grib,2006-12,2006,12,t2m,K,283.61802843351694,228.69711303710938,303.0760192871094
t2m,cds__era5_sl_monthly__ERA5__reanalysis__t2m__surface__monthly__2007-2007__m01__NH0_90__grid_1p0.grib,2007-01,2007,1,t2m,K,282.6145052986436,228.1370391845703,304.60382080078125
t2m,cds__era5_sl_monthly__ERA5__reanalysis__t2m__surface__monthly__2007-2007__m02__NH0_90__grid_1p0.grib,2007-02,2007,2,t2m,K,282.78685288792644,230.70556640625,305.99267578125
t2m,cds__era5_sl_monthly__ERA5__reanalysis__t2m__surface__monthly__2007-2007__m03__NH0_90__grid_1p0.grib,2007-03,2007,3,t2m,K,284.7525746136003,233.3948211669922,306.22491455078125
t2m,cds__era5_sl_monthly__ERA5__reanalysis__t2m__surface__monthly__2007-2007__m04__NH0_90__grid_1p0.grib,2007-04,2007,4,t2m,K,288.0690982308978,241.6248016357422,308.63848876953125
t2m,cds__era5_sl_monthly__ERA5__reanalysis__t2m__surface__monthly__2007-2007__m05__NH0_90__grid_1p0.grib,2007-05,2007,5,t2m,K,290.7910166811392,249.71243286132812,310.0249328613281
t2m,cds__era5_sl_monthly__ERA5__reanalysis__t2m__surface__monthly__2007-2007__m06__NH0_90__grid_1p0.grib,2007-06,2007,6,t2m,K,293.28928026335666,260.91064453125,312.35009765625
t2m,cds__era5_sl_monthly__ERA5__reanalysis__t2m__surface__monthly__2007-2007__m07__NH0_90__grid_1p0.grib,2007-07,2007,7,t2m,K,294.6228400483291,260.369873046875,312.432373046875
t2m,cds__era5_sl_monthly__ERA5__reanalysis__t2m__surface__monthly__2007-2007__m08__NH0_90__grid_1p0.grib,2007-08,2007,8,t2m,K,294.50851992382985,256.760498046875,313.002685546875
t2m,cds__era5_sl_monthly__ERA5__reanalysis__t2m__surface__monthly__2007-2007__m09__NH0_90__grid_1p0.grib,2007-09,2007,9,t2m,K,292.6999797075682,246.3602752685547,309.84661865234375
t2m,cds__era5_sl_monthly__ERA5__reanalysis__t2m__surface__monthly__2007-2007__m10__NH0_90__grid_1p0.grib,2007-10,2007,10,t2m,K,289.77763927955164,239.47117614746094,306.81494140625
t2m,cds__era5_sl_monthly__ERA5__reanalysis__t2m__surface__monthly__2007-2007__m11__NH0_90__grid_1p0.grib,2007-11,2007,11,t2m,K,286.00879927842556,235.21798706054688,304.5578308105469
t2m,cds__era5_sl_monthly__ERA5__reanalysis__t2m__surface__monthly__2007-2007__m12__NH0_90__grid_1p0.grib,2007-12,2007,12,t2m,K,283.257701481036,233.4674072265625,305.4302978515625
t2m,cds__era5_sl_monthly__ERA5__reanalysis__t2m__surface__monthly__2008-2008__m01__NH0_90__grid_1p0.grib,2008-01,2008,1,t2m,K,281.52942314336303,227.68470764160156,305.3487548828125
t2m,cds__era5_sl_monthly__ERA5__reanalysis__t2m__surface__monthly__2008-2008__m02__NH0_90__grid_1p0.grib,2008-02,2008,2,t2m,K,282.30937473522675,230.46603393554688,306.8586120605469
t2m,cds__era5_sl_monthly__ERA5__reanalysis__t2m__surface__monthly__2008-2008__m03__NH0_90__grid_1p0.grib,2008-03,2008,3,t2m,K,284.9680382456856,233.84085083007812,306.4873352050781
t2m,cds__era5_sl_monthly__ERA5__reanalysis__t2m__surface__monthly__2008-2008__m04__NH0_90__grid_1p0.grib,2008-04,2008,4,t2m,K,287.6746250533173,241.75442504882812,308.2173156738281
t2m,cds__era5_sl_monthly__ERA5__reanalysis__t2m__surface__monthly__2008-2008__m05__NH0_90__grid_1p0.grib,2008-05,2008,5,t2m,K,290.7306458628574,250.66246032714844,309.9730224609375
t2m,cds__era5_sl_monthly__ERA5__reanalysis__t2m__surface__monthly__2008-2008__m06__NH0_90__grid_1p0.grib,2008-06,2008,6,t2m,K,293.24000916718404,258.715087890625,314.400634765625
t2m,cds__era5_sl_monthly__ERA5__reanalysis__t2m__surface__monthly__2008-2008__m07__NH0_90__grid_1p0.grib,2008-07,2008,7,t2m,K,294.58730715318256,260.71240234375,313.83154296875
t2m,cds__era5_sl_monthly__ERA5__reanalysis__t2m__surface__monthly__2008-2008__m08__NH0_90__grid_1p0.grib,2008-08,2008,8,t2m,K,294.462160995927,258.716552734375,313.564208984375
t2m,cds__era5_sl_monthly__ERA5__reanalysis__t2m__surface__monthly__2008-2008__m09__NH0_90__grid_1p0.grib,2008-09,2008,9,t2m,K,292.6212544456652,252.25880432128906,310.1787109375
t2m,cds__era5_sl_monthly__ERA5__reanalysis__t2m__surface__monthly__2008-2008__m10__NH0_90__grid_1p0.grib,2008-10,2008,10,t2m,K,289.7339343213111,238.0839080810547,306.45111083984375
t2m,cds__era5_sl_monthly__ERA5__reanalysis__t2m__surface__monthly__2008-2008__m11__NH0_90__grid_1p0.grib,2008-11,2008,11,t2m,K,286.15721675427073,234.7642059326172,304.14898681640625
t2m,cds__era5_sl_monthly__ERA5__reanalysis__t2m__surface__monthly__2008-2008__m12__NH0_90__grid_1p0.grib,2008-12,2008,12,t2m,K,283.16126548456697,227.8553466796875,305.5994873046875
t2m,cds__era5_sl_monthly__ERA5__reanalysis__t2m__surface__monthly__2009-2009__m01__NH0_90__grid_1p0.grib,2009-01,2009,1,t2m,K,282.10633968000906,228.7684783935547,305.36224365234375
t2m,cds__era5_sl_monthly__ERA5__reanalysis__t2m__surface__monthly__2009-2009__m02__NH0_90__grid_1p0.grib,2009-02,2009,2,t2m,K,282.59068036614445,229.78631591796875,306.79412841796875
t2m,cds__era5_sl_monthly__ERA5__reanalysis__t2m__surface__monthly__2009-2009__m03__NH0_90__grid_1p0.grib,2009-03,2009,3,t2m,K,284.4927899828094,230.6037139892578,307.06854248046875
t2m,cds__era5_sl_monthly__ERA5__reanalysis__t2m__surface__monthly__2009-2009__m04__NH0_90__grid_1p0.grib,2009-04,2009,4,t2m,K,287.7090373646924,238.33612060546875,308.56658935546875
t2m,cds__era5_sl_monthly__ERA5__reanalysis__t2m__surface__monthly__2009-2009__m05__NH0_90__grid_1p0.grib,2009-05,2009,5,t2m,K,290.6646887295214,250.84414672851562,310.9574279785156
t2m,cds__era5_sl_monthly__ERA5__reanalysis__t2m__surface__monthly__2009-2009__m06__NH0_90__grid_1p0.grib,2009-06,2009,6,t2m,K,293.31775310340225,256.36669921875,311.52880859375
t2m,cds__era5_sl_monthly__ERA5__reanalysis__t2m__surface__monthly__2009-2009__m07__NH0_90__grid_1p0.grib,2009-07,2009,7,t2m,K,294.6761053797963,261.851806640625,313.291259765625
t2m,cds__era5_sl_monthly__ERA5__reanalysis__t2m__surface__monthly__2009-2009__m08__NH0_90__grid_1p0.grib,2009-08,2009,8,t2m,K,294.55384828098346,255.90574645996094,313.71826171875
t2m,cds__era5_sl_monthly__ERA5__reanalysis__t2m__surface__monthly__2009-2009__m09__NH0_90__grid_1p0.grib,2009-09,2009,9,t2m,K,292.9343186367593,245.65301513671875,309.47332763671875
t2m,cds__era5_sl_monthly__ERA5__reanalysis__t2m__surface__monthly__2009-2009__m10__NH0_90__grid_1p0.grib,2009-10,2009,10,t2m,K,289.75889869794514,238.56150817871094,306.7978515625
t2m,cds__era5_sl_monthly__ERA5__reanalysis__t2m__surface__monthly__2009-2009__m11__NH0_90__grid_1p0.grib,2009-11,2009,11,t2m,K,286.04926118257765,233.3053436279297,305.38934326171875
t2m,cds__era5_sl_monthly__ERA5__reanalysis__t2m__surface__monthly__2009-2009__m12__NH0_90__grid_1p0.grib,2009-12,2009,12,t2m,K,283.1643937180136,228.84193420410156,304.1075439453125
t2m,cds__era5_sl_monthly__ERA5__reanalysis__t2m__surface__monthly__2010-2010__m01__NH0_90__grid_1p0.grib,2010-01,2010,1,t2m,K,282.1310843607121,228.35743713378906,304.98046875
t2m,cds__era5_sl_monthly__ERA5__reanalysis__t2m__surface__monthly__2010-2010__m02__NH0_90__grid_1p0.grib,2010-02,2010,2,t2m,K,282.7992844250736,230.81834411621094,306.787109375
t2m,cds__era5_sl_monthly__ERA5__reanalysis__t2m__surface__monthly__2010-2010__m03__NH0_90__grid_1p0.grib,2010-03,2010,3,t2m,K,285.020646558837,232.1790313720703,307.30401611328125
t2m,cds__era5_sl_monthly__ERA5__reanalysis__t2m__surface__monthly__2010-2010__m04__NH0_90__grid_1p0.grib,2010-04,2010,4,t2m,K,288.1566910902207,240.07550048828125,309.89190673828125
t2m,cds__era5_sl_monthly__ERA5__reanalysis__t2m__surface__monthly__2010-2010__m05__NH0_90__grid_1p0.grib,2010-05,2010,5,t2m,K,291.1022162728694,255.3382568359375,311.0257568359375
t2m,cds__era5_sl_monthly__ERA5__reanalysis__t2m__surface__monthly__2010-2010__m06__NH0_90__grid_1p0.grib,2010-06,2010,6,t2m,K,293.52851213997434,259.907958984375,311.689208984375
t2m,cds__era5_sl_monthly__ERA5__reanalysis__t2m__surface__monthly__2010-2010__m07__NH0_90__grid_1p0.grib,2010-07,2010,7,t2m,K,294.85110357202797,260.489013671875,313.524169921875
t2m,cds__era5_sl_monthly__ERA5__reanalysis__t2m__surface__monthly__2010-2010__m08__NH0_90__grid_1p0.grib,2010-08,2010,8,t2m,K,294.73808262581207,260.358154296875,313.682373046875
t2m,cds__era5_sl_monthly__ERA5__reanalysis__t2m__surface__monthly__2010-2010__m09__NH0_90__grid_1p0.grib,2010-09,2010,9,t2m,K,292.79467719761686,252.31964111328125,309.36065673828125
t2m,cds__era5_sl_monthly__ERA5__reanalysis__t2m__surface__monthly__2010-2010__m10__NH0_90__grid_1p0.grib,2010-10,2010,10,t2m,K,289.82533337630105,241.6951904296875,307.8221435546875
t2m,cds__era5_sl_monthly__ERA5__reanalysis__t2m__surface__monthly__2010-2010__m11__NH0_90__grid_1p0.grib,2010-11,2010,11,t2m,K,286.3305160956744,238.05673217773438,306.0176696777344
t2m,cds__era5_sl_monthly__ERA5__reanalysis__t2m__surface__monthly__2010-2010__m12__NH0_90__grid_1p0.grib,2010-12,2010,12,t2m,K,283.0475830255303,232.29193115234375,305.42083740234375
t2m,cds__era5_sl_monthly__ERA5__reanalysis__t2m__surface__monthly__2011-2011__m01__NH0_90__grid_1p0.grib,2011-01,2011,1,t2m,K,281.8289495102026,226.32139587402344,306.1065673828125
t2m,cds__era5_sl_monthly__ERA5__reanalysis__t2m__surface__monthly__2011-2011__m02__NH0_90__grid_1p0.grib,2011-02,2011,2,t2m,K,282.38767672819006,230.4739990234375,306.5306396484375
t2m,cds__era5_sl_monthly__ERA5__reanalysis__t2m__surface__monthly__2011-2011__m03__NH0_90__grid_1p0.grib,2011-03,2011,3,t2m,K,284.7187126404382,231.49917602539062,307.1769104003906
t2m,cds__era5_sl_monthly__ERA5__reanalysis__t2m__surface__monthly__2011-2011__m04__NH0_90__grid_1p0.grib,2011-04,2011,4,t2m,K,287.78828625443515,236.41627502441406,309.076416015625
t2m,cds__era5_sl_monthly__ERA5__reanalysis__t2m__surface__monthly__2011-2011__m05__NH0_90__grid_1p0.grib,2011-05,2011,5,t2m,K,290.7894806157671,248.6275177001953,310.57281494140625
t2m,cds__era5_sl_monthly__ERA5__reanalysis__t2m__surface__monthly__2011-2011__m06__NH0_90__grid_1p0.grib,2011-06,2011,6,t2m,K,293.4086233452218,256.6484375,313.177734375
t2m,cds__era5_sl_monthly__ERA5__reanalysis__t2m__surface__monthly__2011-2011__m07__NH0_90__grid_1p0.grib,2011-07,2011,7,t2m,K,294.72507608310616,261.187255859375,313.148193359375
t2m,cds__era5_sl_monthly__ERA5__reanalysis__t2m__surface__monthly__2011-2011__m08__NH0_90__grid_1p0.grib,2011-08,2011,8,t2m,K,294.57809389843715,257.03369140625,312.06494140625
t2m,cds__era5_sl_monthly__ERA5__reanalysis__t2m__surface__monthly__2011-2011__m09__NH0_90__grid_1p0.grib,2011-09,2011,9,t2m,K,292.80984097970907,249.7740478515625,310.5240478515625
t2m,cds__era5_sl_monthly__ERA5__reanalysis__t2m__surface__monthly__2011-2011__m10__NH0_90__grid_1p0.grib,2011-10,2011,10,t2m,K,289.79120255207357,238.81492614746094,306.85009765625
t2m,cds__era5_sl_monthly__ERA5__reanalysis__t2m__surface__monthly__2011-2011__m11__NH0_90__grid_1p0.grib,2011-11,2011,11,t2m,K,285.8292637194508,235.05123901367188,304.1781921386719
t2m,cds__era5_sl_monthly__ERA5__reanalysis__t2m__surface__monthly__2011-2011__m12__NH0_90__grid_1p0.grib,2011-12,2011,12,t2m,K,283.2686023772707,226.04563903808594,303.574951171875
t2m,cds__era5_sl_monthly__ERA5__reanalysis__t2m__surface__monthly__2012-2012__m01__NH0_90__grid_1p0.grib,2012-01,2012,1,t2m,K,281.8387628879251,231.85964965820312,304.9241027832031
t2m,cds__era5_sl_monthly__ERA5__reanalysis__t2m__surface__monthly__2012-2012__m02__NH0_90__grid_1p0.grib,2012-02,2012,2,t2m,K,282.38350886838487,232.78250122070312,306.3625793457031
t2m,cds__era5_sl_monthly__ERA5__reanalysis__t2m__surface__monthly__2012-2012__m03__NH0_90__grid_1p0.grib,2012-03,2012,3,t2m,K,284.5505381062225,234.20458984375,306.85302734375
t2m,cds__era5_sl_monthly__ERA5__reanalysis__t2m__surface__monthly__2012-2012__m04__NH0_90__grid_1p0.grib,2012-04,2012,4,t2m,K,288.00396147940444,241.42642211914062,308.6998596191406
t2m,cds__era5_sl_monthly__ERA5__reanalysis__t2m__surface__monthly__2012-2012__m05__NH0_90__grid_1p0.grib,2012-05,2012,5,t2m,K,291.0770259329171,251.2998809814453,310.06353759765625
t2m,cds__era5_sl_monthly__ERA5__reanalysis__t2m__surface__monthly__2012-2012__m06__NH0_90__grid_1p0.grib,2012-06,2012,6,t2m,K,293.61382954710524,260.47998046875,312.01318359375
t2m,cds__era5_sl_monthly__ERA5__reanalysis__t2m__surface__monthly__2012-2012__m07__NH0_90__grid_1p0.grib,2012-07,2012,7,t2m,K,294.860643374458,262.664306640625,313.812744140625
t2m,cds__era5_sl_monthly__ERA5__reanalysis__t2m__surface__monthly__2012-2012__m08__NH0_90__grid_1p0.grib,2012-08,2012,8,t2m,K,294.61632373279105,258.287841796875,312.485107421875
t2m,cds__era5_sl_monthly__ERA5__reanalysis__t2m__surface__monthly__2012-2012__m09__NH0_90__grid_1p0.grib,2012-09,2012,9,t2m,K,292.92782932236275,247.47691345214844,309.2386474609375
t2m,cds__era5_sl_monthly__ERA5__reanalysis__t2m__surface__monthly__2012-2012__m10__NH0_90__grid_1p0.grib,2012-10,2012,10,t2m,K,289.84451602885736,242.60763549804688,307.0959167480469
t2m,cds__era5_sl_monthly__ERA5__reanalysis__t2m__surface__monthly__2012-2012__m11__NH0_90__grid_1p0.grib,2012-11,2012,11,t2m,K,286.19846441674565,235.222900390625,305.199462890625
t2m,cds__era5_sl_monthly__ERA5__reanalysis__t2m__surface__monthly__2012-2012__m12__NH0_90__grid_1p0.grib,2012-12,2012,12,t2m,K,282.94536943095943,231.26902770996094,303.99560546875
t2m,cds__era5_sl_monthly__ERA5__reanalysis__t2m__surface__monthly__2013-2013__m01__NH0_90__grid_1p0.grib,2013-01,2013,1,t2m,K,282.0491683106285,226.12451171875,304.96630859375
t2m,cds__era5_sl_monthly__ERA5__reanalysis__t2m__surface__monthly__2013-2013__m02__NH0_90__grid_1p0.grib,2013-02,2013,2,t2m,K,282.591783882414,225.4093780517578,306.94647216796875
t2m,cds__era5_sl_monthly__ERA5__reanalysis__t2m__surface__monthly__2013-2013__m03__NH0_90__grid_1p0.grib,2013-03,2013,3,t2m,K,284.73758969349103,236.817626953125,308.216064453125
t2m,cds__era5_sl_monthly__ERA5__reanalysis__t2m__surface__monthly__2013-2013__m04__NH0_90__grid_1p0.grib,2013-04,2013,4,t2m,K,287.68022136112245,240.59788513183594,307.959228515625
t2m,cds__era5_sl_monthly__ERA5__reanalysis__t2m__surface__monthly__2013-2013__m05__NH0_90__grid_1p0.grib,2013-05,2013,5,t2m,K,290.84849724117805,248.3948974609375,310.8558349609375
t2m,cds__era5_sl_monthly__ERA5__reanalysis__t2m__surface__monthly__2013-2013__m06__NH0_90__grid_1p0.grib,2013-06,2013,6,t2m,K,293.4286230704214,256.69580078125,313.19384765625
t2m,cds__era5_sl_monthly__ERA5__reanalysis__t2m__surface__monthly__2013-2013__m07__NH0_90__grid_1p0.grib,2013-07,2013,7,t2m,K,294.6769993060587,260.10107421875,313.58740234375
t2m,cds__era5_sl_monthly__ERA5__reanalysis__t2m__surface__monthly__2013-2013__m08__NH0_90__grid_1p0.grib,2013-08,2013,8,t2m,K,294.5658512221167,256.6787109375,311.7705078125
t2m,cds__era5_sl_monthly__ERA5__reanalysis__t2m__surface__monthly__2013-2013__m09__NH0_90__grid_1p0.grib,2013-09,2013,9,t2m,K,292.7517167974561,250.37045288085938,309.4642028808594
t2m,cds__era5_sl_monthly__ERA5__reanalysis__t2m__surface__monthly__2013-2013__m10__NH0_90__grid_1p0.grib,2013-10,2013,10,t2m,K,289.70139455945895,241.05650329589844,307.4666748046875
t2m,cds__era5_sl_monthly__ERA5__reanalysis__t2m__surface__monthly__2013-2013__m11__NH0_90__grid_1p0.grib,2013-11,2013,11,t2m,K,286.2328699797396,232.0109100341797,305.21990966796875
t2m,cds__era5_sl_monthly__ERA5__reanalysis__t2m__surface__monthly__2013-2013__m12__NH0_90__grid_1p0.grib,2013-12,2013,12,t2m,K,283.32028072530386,234.5426788330078,304.65399169921875
t2m,cds__era5_sl_monthly__ERA5__reanalysis__t2m__surface__monthly__2014-2014__m01__NH0_90__grid_1p0.grib,2014-01,2014,1,t2m,K,282.1085397103984,225.82211303710938,306.2127380371094
t2m,cds__era5_sl_monthly__ERA5__reanalysis__t2m__surface__monthly__2014-2014__m02__NH0_90__grid_1p0.grib,2014-02,2014,2,t2m,K,282.48927034494477,231.3929901123047,306.10980224609375
t2m,cds__era5_sl_monthly__ERA5__reanalysis__t2m__surface__monthly__2014-2014__m03__NH0_90__grid_1p0.grib,2014-03,2014,3,t2m,K,284.99864313433926,232.5609893798828,306.29730224609375
t2m,cds__era5_sl_monthly__ERA5__reanalysis__t2m__surface__monthly__2014-2014__m04__NH0_90__grid_1p0.grib,2014-04,2014,4,t2m,K,288.0203882823901,239.5346221923828,308.62835693359375
t2m,cds__era5_sl_monthly__ERA5__reanalysis__t2m__surface__monthly__2014-2014__m05__NH0_90__grid_1p0.grib,2014-05,2014,5,t2m,K,290.9484992000025,248.58522033691406,309.302001953125
t2m,cds__era5_sl_monthly__ERA5__reanalysis__t2m__surface__monthly__2014-2014__m06__NH0_90__grid_1p0.grib,2014-06,2014,6,t2m,K,293.51167610066824,257.7080078125,312.4248046875
t2m,cds__era5_sl_monthly__ERA5__reanalysis__t2m__surface__monthly__2014-2014__m07__NH0_90__grid_1p0.grib,2014-07,2014,7,t2m,K,294.8338753400966,260.82421875,313.96484375
t2m,cds__era5_sl_monthly__ERA5__reanalysis__t2m__surface__monthly__2014-2014__m08__NH0_90__grid_1p0.grib,2014-08,2014,8,t2m,K,294.74924350150314,257.724365234375,312.968505859375
t2m,cds__era5_sl_monthly__ERA5__reanalysis__t2m__surface__monthly__2014-2014__m09__NH0_90__grid_1p0.grib,2014-09,2014,9,t2m,K,292.875941104398,249.54800415039062,310.7823791503906
t2m,cds__era5_sl_monthly__ERA5__reanalysis__t2m__surface__monthly__2014-2014__m10__NH0_90__grid_1p0.grib,2014-10,2014,10,t2m,K,289.810876849537,240.62559509277344,306.7877197265625
t2m,cds__era5_sl_monthly__ERA5__reanalysis__t2m__surface__monthly__2014-2014__m11__NH0_90__grid_1p0.grib,2014-11,2014,11,t2m,K,286.0079288823625,235.7820587158203,304.95391845703125
t2m,cds__era5_sl_monthly__ERA5__reanalysis__t2m__surface__monthly__2014-2014__m12__NH0_90__grid_1p0.grib,2014-12,2014,12,t2m,K,283.526941693148,227.38478088378906,304.712890625
t2m,cds__era5_sl_monthly__ERA5__reanalysis__t2m__surface__monthly__2015-2015__m01__NH0_90__grid_1p0.grib,2015-01,2015,1,t2m,K,282.3064570748391,230.59674072265625,304.99517822265625
t2m,cds__era5_sl_monthly__ERA5__reanalysis__t2m__surface__monthly__2015-2015__m02__NH0_90__grid_1p0.grib,2015-02,2015,2,t2m,K,282.8938359005626,228.49671936035156,307.1510009765625
t2m,cds__era5_sl_monthly__ERA5__reanalysis__t2m__surface__monthly__2015-2015__m03__NH0_90__grid_1p0.grib,2015-03,2015,3,t2m,K,285.10950350300647,233.4921875,308.078125
t2m,cds__era5_sl_monthly__ERA5__reanalysis__t2m__surface__monthly__2015-2015__m04__NH0_90__grid_1p0.grib,2015-04,2015,4,t2m,K,287.9234693825162,237.2736053466797,308.87127685546875
t2m,cds__era5_sl_monthly__ERA5__reanalysis__t2m__surface__monthly__2015-2015__m05__NH0_90__grid_1p0.grib,2015-05,2015,5,t2m,K,291.0812155971925,247.7646026611328,310.12591552734375
t2m,cds__era5_sl_monthly__ERA5__reanalysis__t2m__surface__monthly__2015-2015__m06__NH0_90__grid_1p0.grib,2015-06,2015,6,t2m,K,293.64881637008347,256.527099609375,311.933349609375
t2m,cds__era5_sl_monthly__ERA5__reanalysis__t2m__surface__monthly__2015-2015__m07__NH0_90__grid_1p0.grib,2015-07,2015,7,t2m,K,294.9049834354307,260.2021484375,313.4306640625
t2m,cds__era5_sl_monthly__ERA5__reanalysis__t2m__surface__monthly__2015-2015__m08__NH0_90__grid_1p0.grib,2015-08,2015,8,t2m,K,294.8580065828491,256.77685546875,313.73388671875
t2m,cds__era5_sl_monthly__ERA5__reanalysis__t2m__surface__monthly__2015-2015__m09__NH0_90__grid_1p0.grib,2015-09,2015,9,t2m,K,293.161545352733,250.4871063232422,310.17071533203125
t2m,cds__era5_sl_monthly__ERA5__reanalysis__t2m__surface__monthly__2015-2015__m10__NH0_90__grid_1p0.grib,2015-10,2015,10,t2m,K,290.17488067531764,242.37796020507812,308.6826477050781
t2m,cds__era5_sl_monthly__ERA5__reanalysis__t2m__surface__monthly__2015-2015__m11__NH0_90__grid_1p0.grib,2015-11,2015,11,t2m,K,286.4857661021194,236.96595764160156,306.2706298828125
t2m,cds__era5_sl_monthly__ERA5__reanalysis__t2m__surface__monthly__2015-2015__m12__NH0_90__grid_1p0.grib,2015-12,2015,12,t2m,K,283.8690472358396,227.11962890625,304.18994140625
t2m,cds__era5_sl_monthly__ERA5__reanalysis__t2m__surface__monthly__2016-2016__m01__NH0_90__grid_1p0.grib,2016-01,2016,1,t2m,K,282.742012421733,229.77191162109375,305.99456787109375
t2m,cds__era5_sl_monthly__ERA5__reanalysis__t2m__surface__monthly__2016-2016__m02__NH0_90__grid_1p0.grib,2016-02,2016,2,t2m,K,283.6107997976501,230.11264038085938,307.1341247558594
t2m,cds__era5_sl_monthly__ERA5__reanalysis__t2m__surface__monthly__2016-2016__m03__NH0_90__grid_1p0.grib,2016-03,2016,3,t2m,K,285.64531287605746,233.89498901367188,308.7895202636719
t2m,cds__era5_sl_monthly__ERA5__reanalysis__t2m__surface__monthly__2016-2016__m04__NH0_90__grid_1p0.grib,2016-04,2016,4,t2m,K,288.43724871244075,240.7405242919922,309.61358642578125
t2m,cds__era5_sl_monthly__ERA5__reanalysis__t2m__surface__monthly__2016-2016__m05__NH0_90__grid_1p0.grib,2016-05,2016,5,t2m,K,291.2557151882217,251.9539031982422,311.26055908203125
t2m,cds__era5_sl_monthly__ERA5__reanalysis__t2m__surface__monthly__2016-2016__m06__NH0_90__grid_1p0.grib,2016-06,2016,6,t2m,K,293.8015938395231,259.3291015625,312.5419921875
t2m,cds__era5_sl_monthly__ERA5__reanalysis__t2m__surface__monthly__2016-2016__m07__NH0_90__grid_1p0.grib,2016-07,2016,7,t2m,K,295.04421476690595,260.718505859375,313.736083984375
t2m,cds__era5_sl_monthly__ERA5__reanalysis__t2m__surface__monthly__2016-2016__m08__NH0_90__grid_1p0.grib,2016-08,2016,8,t2m,K,294.95983501968703,257.631591796875,313.285888671875
t2m,cds__era5_sl_monthly__ERA5__reanalysis__t2m__surface__monthly__2016-2016__m09__NH0_90__grid_1p0.grib,2016-09,2016,9,t2m,K,293.2303714497281,249.2396697998047,310.75335693359375
t2m,cds__era5_sl_monthly__ERA5__reanalysis__t2m__surface__monthly__2016-2016__m10__NH0_90__grid_1p0.grib,2016-10,2016,10,t2m,K,289.9752069202414,246.37860107421875,308.35906982421875
t2m,cds__era5_sl_monthly__ERA5__reanalysis__t2m__surface__monthly__2016-2016__m11__NH0_90__grid_1p0.grib,2016-11,2016,11,t2m,K,286.408712302803,236.91722106933594,305.747314453125
t2m,cds__era5_sl_monthly__ERA5__reanalysis__t2m__surface__monthly__2016-2016__m12__NH0_90__grid_1p0.grib,2016-12,2016,12,t2m,K,283.6061410268812,229.37184143066406,305.543701171875
t2m,cds__era5_sl_monthly__ERA5__reanalysis__t2m__surface__monthly__2017-2017__m01__NH0_90__grid_1p0.grib,2017-01,2017,1,t2m,K,282.56021426438235,227.9793701171875,305.6512451171875
t2m,cds__era5_sl_monthly__ERA5__reanalysis__t2m__surface__monthly__2017-2017__m02__NH0_90__grid_1p0.grib,2017-02,2017,2,t2m,K,283.26305989499997,233.4169921875,306.4990234375
t2m,cds__era5_sl_monthly__ERA5__reanalysis__t2m__surface__monthly__2017-2017__m03__NH0_90__grid_1p0.grib,2017-03,2017,3,t2m,K,285.3601398444338,232.83433532714844,308.0081787109375
t2m,cds__era5_sl_monthly__ERA5__reanalysis__t2m__surface__monthly__2017-2017__m04__NH0_90__grid_1p0.grib,2017-04,2017,4,t2m,K,288.144388026931,238.91415405273438,309.0782165527344
t2m,cds__era5_sl_monthly__ERA5__reanalysis__t2m__surface__monthly__2017-2017__m05__NH0_90__grid_1p0.grib,2017-05,2017,5,t2m,K,291.0150637127222,252.62335205078125,310.95733642578125
t2m,cds__era5_sl_monthly__ERA5__reanalysis__t2m__surface__monthly__2017-2017__m06__NH0_90__grid_1p0.grib,2017-06,2017,6,t2m,K,293.5651036647369,256.8037109375,313.1318359375
t2m,cds__era5_sl_monthly__ERA5__reanalysis__t2m__surface__monthly__2017-2017__m07__NH0_90__grid_1p0.grib,2017-07,2017,7,t2m,K,294.92805786353847,257.900146484375,314.480224609375
t2m,cds__era5_sl_monthly__ERA5__reanalysis__t2m__surface__monthly__2017-2017__m08__NH0_90__grid_1p0.grib,2017-08,2017,8,t2m,K,294.8452916556159,257.106201171875,313.836669921875
t2m,cds__era5_sl_monthly__ERA5__reanalysis__t2m__surface__monthly__2017-2017__m09__NH0_90__grid_1p0.grib,2017-09,2017,9,t2m,K,293.04911195277487,251.7126922607422,310.41973876953125
t2m,cds__era5_sl_monthly__ERA5__reanalysis__t2m__surface__monthly__2017-2017__m10__NH0_90__grid_1p0.grib,2017-10,2017,10,t2m,K,289.9877147519352,245.1105499267578,308.27850341796875
t2m,cds__era5_sl_monthly__ERA5__reanalysis__t2m__surface__monthly__2017-2017__m11__NH0_90__grid_1p0.grib,2017-11,2017,11,t2m,K,286.31987851566174,236.26681518554688,305.9230651855469
t2m,cds__era5_sl_monthly__ERA5__reanalysis__t2m__surface__monthly__2017-2017__m12__NH0_90__grid_1p0.grib,2017-12,2017,12,t2m,K,283.80539948046606,227.5244903564453,305.04205322265625
t2m,cds__era5_sl_monthly__ERA5__reanalysis__t2m__surface__monthly__2018-2018__m01__NH0_90__grid_1p0.grib,2018-01,2018,1,t2m,K,282.3111731187764,229.03036499023438,305.3760681152344
t2m,cds__era5_sl_monthly__ERA5__reanalysis__t2m__surface__monthly__2018-2018__m02__NH0_90__grid_1p0.grib,2018-02,2018,2,t2m,K,283.05620908554806,230.2583770751953,306.34039306640625
t2m,cds__era5_sl_monthly__ERA5__reanalysis__t2m__surface__monthly__2018-2018__m03__NH0_90__grid_1p0.grib,2018-03,2018,3,t2m,K,285.03777503155106,235.1629180908203,307.24884033203125
t2m,cds__era5_sl_monthly__ERA5__reanalysis__t2m__surface__monthly__2018-2018__m04__NH0_90__grid_1p0.grib,2018-04,2018,4,t2m,K,287.907820599199,239.83349609375,308.42724609375
t2m,cds__era5_sl_monthly__ERA5__reanalysis__t2m__surface__monthly__2018-2018__m05__NH0_90__grid_1p0.grib,2018-05,2018,5,t2m,K,290.99763078772185,249.13470458984375,310.59368896484375
t2m,cds__era5_sl_monthly__ERA5__reanalysis__t2m__surface__monthly__2018-2018__m06__NH0_90__grid_1p0.grib,2018-06,2018,6,t2m,K,293.53684822121187,258.04833984375,313.34912109375
t2m,cds__era5_sl_monthly__ERA5__reanalysis__t2m__surface__monthly__2018-2018__m07__NH0_90__grid_1p0.grib,2018-07,2018,7,t2m,K,294.8930366319916,260.747802734375,315.126708984375
t2m,cds__era5_sl_monthly__ERA5__reanalysis__t2m__surface__monthly__2018-2018__m08__NH0_90__grid_1p0.grib,2018-08,2018,8,t2m,K,294.7000892762996,256.9248046875,312.0478515625
t2m,cds__era5_sl_monthly__ERA5__reanalysis__t2m__surface__monthly__2018-2018__m09__NH0_90__grid_1p0.grib,2018-09,2018,9,t2m,K,292.945337721047,248.76397705078125,309.93194580078125
t2m,cds__era5_sl_monthly__ERA5__reanalysis__t2m__surface__monthly__2018-2018__m10__NH0_90__grid_1p0.grib,2018-10,2018,10,t2m,K,290.14003709999366,238.6003875732422,307.63946533203125
t2m,cds__era5_sl_monthly__ERA5__reanalysis__t2m__surface__monthly__2018-2018__m11__NH0_90__grid_1p0.grib,2018-11,2018,11,t2m,K,286.18733521602695,239.59573364257812,305.6172180175781
t2m,cds__era5_sl_monthly__ERA5__reanalysis__t2m__surface__monthly__2018-2018__m12__NH0_90__grid_1p0.grib,2018-12,2018,12,t2m,K,283.51511812719303,229.97666931152344,304.1719970703125
t2m,cds__era5_sl_monthly__ERA5__reanalysis__t2m__surface__monthly__2019-2019__m01__NH0_90__grid_1p0.grib,2019-01,2019,1,t2m,K,282.25348436440885,227.23388671875,306.58349609375
t2m,cds__era5_sl_monthly__ERA5__reanalysis__t2m__surface__monthly__2019-2019__m02__NH0_90__grid_1p0.grib,2019-02,2019,2,t2m,K,282.8460196385299,230.24057006835938,307.6604919433594
t2m,cds__era5_sl_monthly__ERA5__reanalysis__t2m__surface__monthly__2019-2019__m03__NH0_90__grid_1p0.grib,2019-03,2019,3,t2m,K,285.3339251186178,231.36544799804688,307.7931823730469
t2m,cds__era5_sl_monthly__ERA5__reanalysis__t2m__surface__monthly__2019-2019__m04__NH0_90__grid_1p0.grib,2019-04,2019,4,t2m,K,288.21693666430616,243.24374389648438,308.9292907714844
t2m,cds__era5_sl_monthly__ERA5__reanalysis__t2m__surface__monthly__2019-2019__m05__NH0_90__grid_1p0.grib,2019-05,2019,5,t2m,K,291.1101257970105,254.5179901123047,311.77972412109375
t2m,cds__era5_sl_monthly__ERA5__reanalysis__t2m__surface__monthly__2019-2019__m06__NH0_90__grid_1p0.grib,2019-06,2019,6,t2m,K,293.7624190264555,259.615234375,312.609375
t2m,cds__era5_sl_monthly__ERA5__reanalysis__t2m__surface__monthly__2019-2019__m07__NH0_90__grid_1p0.grib,2019-07,2019,7,t2m,K,295.0040665737861,263.05859375,314.65625
t2m,cds__era5_sl_monthly__ERA5__reanalysis__t2m__surface__monthly__2019-2019__m08__NH0_90__grid_1p0.grib,2019-08,2019,8,t2m,K,294.92490229612133,255.84657287597656,313.5418701171875
t2m,cds__era5_sl_monthly__ERA5__reanalysis__t2m__surface__monthly__2019-2019__m09__NH0_90__grid_1p0.grib,2019-09,2019,9,t2m,K,293.2993460716902,249.69566345214844,310.3773193359375
t2m,cds__era5_sl_monthly__ERA5__reanalysis__t2m__surface__monthly__2019-2019__m10__NH0_90__grid_1p0.grib,2019-10,2019,10,t2m,K,290.2263815922449,242.9041290283203,307.12091064453125
t2m,cds__era5_sl_monthly__ERA5__reanalysis__t2m__surface__monthly__2019-2019__m11__NH0_90__grid_1p0.grib,2019-11,2019,11,t2m,K,286.4244881519004,238.58460998535156,305.8267822265625
t2m,cds__era5_sl_monthly__ERA5__reanalysis__t2m__surface__monthly__2019-2019__m12__NH0_90__grid_1p0.grib,2019-12,2019,12,t2m,K,283.8145180467294,228.8687286376953,304.32965087890625
t2m,cds__era5_sl_monthly__ERA5__reanalysis__t2m__surface__monthly__2020-2020__m01__NH0_90__grid_1p0.grib,2020-01,2020,1,t2m,K,282.75927062648435,226.84754943847656,304.6229248046875
t2m,cds__era5_sl_monthly__ERA5__reanalysis__t2m__surface__monthly__2020-2020__m02__NH0_90__grid_1p0.grib,2020-02,2020,2,t2m,K,283.47075552981556,229.18174743652344,305.4923095703125
t2m,cds__era5_sl_monthly__ERA5__reanalysis__t2m__surface__monthly__2020-2020__m03__NH0_90__grid_1p0.grib,2020-03,2020,3,t2m,K,285.41411642001026,229.36569213867188,307.0922546386719
t2m,cds__era5_sl_monthly__ERA5__reanalysis__t2m__surface__monthly__2020-2020__m04__NH0_90__grid_1p0.grib,2020-04,2020,4,t2m,K,288.3297139786756,244.8076934814453,309.72955322265625
t2m,cds__era5_sl_monthly__ERA5__reanalysis__t2m__surface__monthly__2020-2020__m05__NH0_90__grid_1p0.grib,2020-05,2020,5,t2m,K,291.32526000417386,250.56448364257812,310.9023742675781
t2m,cds__era5_sl_monthly__ERA5__reanalysis__t2m__surface__monthly__2020-2020__m06__NH0_90__grid_1p0.grib,2020-06,2020,6,t2m,K,293.7645487915936,258.127685546875,313.393310546875
t2m,cds__era5_sl_monthly__ERA5__reanalysis__t2m__surface__monthly__2020-2020__m07__NH0_90__grid_1p0.grib,2020-07,2020,7,t2m,K,295.020756679942,260.5888671875,314.6884765625
t2m,cds__era5_sl_monthly__ERA5__reanalysis__t2m__surface__monthly__2020-2020__m08__NH0_90__grid_1p0.grib,2020-08,2020,8,t2m,K,294.9739508260904,257.4111328125,312.6201171875
t2m,cds__era5_sl_monthly__ERA5__reanalysis__t2m__surface__monthly__2020-2020__m09__NH0_90__grid_1p0.grib,2020-09,2020,9,t2m,K,293.2333059517711,242.19192504882812,310.6059875488281
t2m,cds__era5_sl_monthly__ERA5__reanalysis__t2m__surface__monthly__2020-2020__m10__NH0_90__grid_1p0.grib,2020-10,2020,10,t2m,K,290.24070919761186,246.54791259765625,307.88189697265625
t2m,cds__era5_sl_monthly__ERA5__reanalysis__t2m__surface__monthly__2020-2020__m11__NH0_90__grid_1p0.grib,2020-11,2020,11,t2m,K,286.78190198385124,238.04139709472656,305.3577880859375
t2m,cds__era5_sl_monthly__ERA5__reanalysis__t2m__surface__monthly__2020-2020__m12__NH0_90__grid_1p0.grib,2020-12,2020,12,t2m,K,283.6041918416752,227.55104064941406,304.523681640625
t2m,cds__era5_sl_monthly__ERA5__reanalysis__t2m__surface__monthly__2021-2021__m01__NH0_90__grid_1p0.grib,2021-01,2021,1,t2m,K,282.44648591590015,223.3235321044922,305.29034423828125
t2m,cds__era5_sl_monthly__ERA5__reanalysis__t2m__surface__monthly__2021-2021__m02__NH0_90__grid_1p0.grib,2021-02,2021,2,t2m,K,282.7987843292455,232.13487243652344,306.1759033203125
t2m,cds__era5_sl_monthly__ERA5__reanalysis__t2m__surface__monthly__2021-2021__m03__NH0_90__grid_1p0.grib,2021-03,2021,3,t2m,K,284.9845337156521,235.795654296875,307.512451171875
t2m,cds__era5_sl_monthly__ERA5__reanalysis__t2m__surface__monthly__2021-2021__m04__NH0_90__grid_1p0.grib,2021-04,2021,4,t2m,K,288.09145313107115,242.8240509033203,309.84942626953125
t2m,cds__era5_sl_monthly__ERA5__reanalysis__t2m__surface__monthly__2021-2021__m05__NH0_90__grid_1p0.grib,2021-05,2021,5,t2m,K,291.1992194332181,249.55694580078125,310.83428955078125
t2m,cds__era5_sl_monthly__ERA5__reanalysis__t2m__surface__monthly__2021-2021__m06__NH0_90__grid_1p0.grib,2021-06,2021,6,t2m,K,293.78573057070713,256.12109375,314.056640625
t2m,cds__era5_sl_monthly__ERA5__reanalysis__t2m__surface__monthly__2021-2021__m07__NH0_90__grid_1p0.grib,2021-07,2021,7,t2m,K,295.05977544721225,262.496337890625,314.570556640625
t2m,cds__era5_sl_monthly__ERA5__reanalysis__t2m__surface__monthly__2021-2021__m08__NH0_90__grid_1p0.grib,2021-08,2021,8,t2m,K,294.9157297453028,260.3076171875,313.5537109375
t2m,cds__era5_sl_monthly__ERA5__reanalysis__t2m__surface__monthly__2021-2021__m09__NH0_90__grid_1p0.grib,2021-09,2021,9,t2m,K,293.10078338169245,245.88551330566406,311.219482421875
t2m,cds__era5_sl_monthly__ERA5__reanalysis__t2m__surface__monthly__2021-2021__m10__NH0_90__grid_1p0.grib,2021-10,2021,10,t2m,K,290.1996488897512,241.49073791503906,307.67822265625
t2m,cds__era5_sl_monthly__ERA5__reanalysis__t2m__surface__monthly__2021-2021__m11__NH0_90__grid_1p0.grib,2021-11,2021,11,t2m,K,286.4800401973414,236.20379638671875,305.99676513671875
t2m,cds__era5_sl_monthly__ERA5__reanalysis__t2m__surface__monthly__2021-2021__m12__NH0_90__grid_1p0.grib,2021-12,2021,12,t2m,K,283.5660532416507,226.5943603515625,305.3306884765625
t2m,cds__era5_sl_monthly__ERA5__reanalysis__t2m__surface__monthly__2022-2022__m01__NH0_90__grid_1p0.grib,2022-01,2022,1,t2m,K,282.35355758359174,230.13943481445312,304.3503723144531
t2m,cds__era5_sl_monthly__ERA5__reanalysis__t2m__surface__monthly__2022-2022__m02__NH0_90__grid_1p0.grib,2022-02,2022,2,t2m,K,282.92527572904845,229.59237670898438,306.0650329589844
t2m,cds__era5_sl_monthly__ERA5__reanalysis__t2m__surface__monthly__2022-2022__m03__NH0_90__grid_1p0.grib,2022-03,2022,3,t2m,K,285.27955346887705,237.42236328125,307.38916015625
t2m,cds__era5_sl_monthly__ERA5__reanalysis__t2m__surface__monthly__2022-2022__m04__NH0_90__grid_1p0.grib,2022-04,2022,4,t2m,K,288.097632902941,240.37765502929688,309.4655456542969
t2m,cds__era5_sl_monthly__ERA5__reanalysis__t2m__surface__monthly__2022-2022__m05__NH0_90__grid_1p0.grib,2022-05,2022,5,t2m,K,291.0880262707509,248.20164489746094,311.23876953125
t2m,cds__era5_sl_monthly__ERA5__reanalysis__t2m__surface__monthly__2022-2022__m06__NH0_90__grid_1p0.grib,2022-06,2022,6,t2m,K,293.70997237922097,255.70004272460938,312.8328552246094
t2m,cds__era5_sl_monthly__ERA5__reanalysis__t2m__surface__monthly__2022-2022__m07__NH0_90__grid_1p0.grib,2022-07,2022,7,t2m,K,295.0392104820475,259.11376953125,313.57275390625
t2m,cds__era5_sl_monthly__ERA5__reanalysis__t2m__surface__monthly__2022-2022__m08__NH0_90__grid_1p0.grib,2022-08,2022,8,t2m,K,294.95405516177834,256.438232421875,313.776123046875
t2m,cds__era5_sl_monthly__ERA5__reanalysis__t2m__surface__monthly__2022-2022__m09__NH0_90__grid_1p0.grib,2022-09,2022,9,t2m,K,293.2416636720716,257.244140625,311.482421875
t2m,cds__era5_sl_monthly__ERA5__reanalysis__t2m__surface__monthly__2022-2022__m10__NH0_90__grid_1p0.grib,2022-10,2022,10,t2m,K,290.24219150145325,245.93096923828125,308.03643798828125
t2m,cds__era5_sl_monthly__ERA5__reanalysis__t2m__surface__monthly__2022-2022__m11__NH0_90__grid_1p0.grib,2022-11,2022,11,t2m,K,286.33089306189913,236.48265075683594,306.054931640625
t2m,cds__era5_sl_monthly__ERA5__reanalysis__t2m__surface__monthly__2022-2022__m12__NH0_90__grid_1p0.grib,2022-12,2022,12,t2m,K,283.5646632884822,230.43661499023438,305.4444274902344
t2m,cds__era5_sl_monthly__ERA5__reanalysis__t2m__surface__monthly__2023-2023__m01__NH0_90__grid_1p0.grib,2023-01,2023,1,t2m,K,282.4197992869849,224.23533630371094,306.1611328125
t2m,cds__era5_sl_monthly__ERA5__reanalysis__t2m__surface__monthly__2023-2023__m02__NH0_90__grid_1p0.grib,2023-02,2023,2,t2m,K,282.9818323663131,226.54202270507812,307.1045227050781
t2m,cds__era5_sl_monthly__ERA5__reanalysis__t2m__surface__monthly__2023-2023__m03__NH0_90__grid_1p0.grib,2023-03,2023,3,t2m,K,285.39800272946553,236.35394287109375,306.47113037109375
t2m,cds__era5_sl_monthly__ERA5__reanalysis__t2m__surface__monthly__2023-2023__m04__NH0_90__grid_1p0.grib,2023-04,2023,4,t2m,K,287.9337217755958,240.42117309570312,308.4895324707031
t2m,cds__era5_sl_monthly__ERA5__reanalysis__t2m__surface__monthly__2023-2023__m05__NH0_90__grid_1p0.grib,2023-05,2023,5,t2m,K,291.1983730002034,249.28195190429688,310.4245300292969
t2m,cds__era5_sl_monthly__ERA5__reanalysis__t2m__surface__monthly__2023-2023__m06__NH0_90__grid_1p0.grib,2023-06,2023,6,t2m,K,293.89463195812317,259.446044921875,314.692138671875
t2m,cds__era5_sl_monthly__ERA5__reanalysis__t2m__surface__monthly__2023-2023__m07__NH0_90__grid_1p0.grib,2023-07,2023,7,t2m,K,295.4800238931787,264.029541015625,314.636962890625
t2m,cds__era5_sl_monthly__ERA5__reanalysis__t2m__surface__monthly__2023-2023__m08__NH0_90__grid_1p0.grib,2023-08,2023,8,t2m,K,295.48175067438865,260.1162109375,313.4970703125
t2m,cds__era5_sl_monthly__ERA5__reanalysis__t2m__surface__monthly__2023-2023__m09__NH0_90__grid_1p0.grib,2023-09,2023,9,t2m,K,293.79445359227765,249.2544403076172,311.53570556640625
t2m,cds__era5_sl_monthly__ERA5__reanalysis__t2m__surface__monthly__2023-2023__m10__NH0_90__grid_1p0.grib,2023-10,2023,10,t2m,K,290.82539256857086,243.54489135742188,309.0859069824219
t2m,cds__era5_sl_monthly__ERA5__reanalysis__t2m__surface__monthly__2023-2023__m11__NH0_90__grid_1p0.grib,2023-11,2023,11,t2m,K,287.1453387738474,241.12451171875,307.05615234375
t2m,cds__era5_sl_monthly__ERA5__reanalysis__t2m__surface__monthly__2023-2023__m12__NH0_90__grid_1p0.grib,2023-12,2023,12,t2m,K,284.34562573011436,226.7958984375,305.6357421875
t2m,cds__era5_sl_monthly__ERA5__reanalysis__t2m__surface__monthly__2024-2024__m01__NH0_90__grid_1p0.grib,2024-01,2024,1,t2m,K,282.85401387373224,223.0554656982422,305.97930908203125
t2m,cds__era5_sl_monthly__ERA5__reanalysis__t2m__surface__monthly__2024-2024__m02__NH0_90__grid_1p0.grib,2024-02,2024,2,t2m,K,283.6472069516518,230.51182556152344,307.0684814453125
t2m,cds__era5_sl_monthly__ERA5__reanalysis__t2m__surface__monthly__2024-2024__m03__NH0_90__grid_1p0.grib,2024-03,2024,3,t2m,K,285.5813327783681,233.05902099609375,308.61566162109375
t2m,cds__era5_sl_monthly__ERA5__reanalysis__t2m__surface__monthly__2024-2024__m04__NH0_90__grid_1p0.grib,2024-04,2024,4,t2m,K,288.6731369254858,243.93988037109375,310.20941162109375
t2m,cds__era5_sl_monthly__ERA5__reanalysis__t2m__surface__monthly__2024-2024__m05__NH0_90__grid_1p0.grib,2024-05,2024,5,t2m,K,291.5321116022385,248.5143585205078,311.95379638671875
t2m,cds__era5_sl_monthly__ERA5__reanalysis__t2m__surface__monthly__2024-2024__m06__NH0_90__grid_1p0.grib,2024-06,2024,6,t2m,K,294.16511127290534,259.133544921875,314.217529296875
t2m,cds__era5_sl_monthly__ERA5__reanalysis__t2m__surface__monthly__2024-2024__m07__NH0_90__grid_1p0.grib,2024-07,2024,7,t2m,K,295.45995207787746,262.659912109375,316.150146484375
t2m,cds__era5_sl_monthly__ERA5__reanalysis__t2m__surface__monthly__2024-2024__m08__NH0_90__grid_1p0.grib,2024-08,2024,8,t2m,K,295.28740914751495,258.9833984375,313.8193359375
t2m,cds__era5_sl_monthly__ERA5__reanalysis__t2m__surface__monthly__2024-2024__m09__NH0_90__grid_1p0.grib,2024-09,2024,9,t2m,K,293.635925732966,252.5191192626953,310.32574462890625
t2m,cds__era5_sl_monthly__ERA5__reanalysis__t2m__surface__monthly__2024-2024__m10__NH0_90__grid_1p0.grib,2024-10,2024,10,t2m,K,290.6798243461421,240.6354217529297,308.89129638671875
t2m,cds__era5_sl_monthly__ERA5__reanalysis__t2m__surface__monthly__2024-2024__m11__NH0_90__grid_1p0.grib,2024-11,2024,11,t2m,K,287.08102013124267,238.7143096923828,306.29437255859375
t2m,cds__era5_sl_monthly__ERA5__reanalysis__t2m__surface__monthly__2024-2024__m12__NH0_90__grid_1p0.grib,2024-12,2024,12,t2m,K,284.20428074652335,232.40478515625,304.83447265625
t2m,cds__era5_sl_monthly__ERA5__reanalysis__t2m__surface__monthly__2025-2025__m01__NH0_90__grid_1p0.grib,2025-01,2025,1,t2m,K,283.0056113173765,228.99868774414062,305.8092346191406
t2m,cds__era5_sl_monthly__ERA5__reanalysis__t2m__surface__monthly__2025-2025__m02__NH0_90__grid_1p0.grib,2025-02,2025,2,t2m,K,283.3985707639529,234.25144958496094,307.29443359375
t2m,cds__era5_sl_monthly__ERA5__reanalysis__t2m__surface__monthly__2025-2025__m03__NH0_90__grid_1p0.grib,2025-03,2025,3,t2m,K,285.5790114043965,235.63034057617188,307.9623718261719
t2m,cds__era5_sl_monthly__ERA5__reanalysis__t2m__surface__monthly__2025-2025__m04__NH0_90__grid_1p0.grib,2025-04,2025,4,t2m,K,288.52452397166974,238.5514678955078,310.01043701171875
t2m,cds__era5_sl_monthly__ERA5__reanalysis__t2m__surface__monthly__2025-2025__m05__NH0_90__grid_1p0.grib,2025-05,2025,5,t2m,K,291.3529545555822,252.9990234375,310.9462890625
t2m,cds__era5_sl_monthly__ERA5__reanalysis__t2m__surface__monthly__2025-2025__m06__NH0_90__grid_1p0.grib,2025-06,2025,6,t2m,K,293.82481595475537,258.944580078125,312.093017578125
t2m,cds__era5_sl_monthly__ERA5__reanalysis__t2m__surface__monthly__2025-2025__m07__NH0_90__grid_1p0.grib,2025-07,2025,7,t2m,K,295.22789918919534,263.348388671875,314.233154296875
t2m,cds__era5_sl_monthly__ERA5__reanalysis__t2m__surface__monthly__2025-2025__m08__NH0_90__grid_1p0.grib,2025-08,2025,8,t2m,K,295.07972182990494,258.47998046875,313.47998046875
t2m,cds__era5_sl_monthly__ERA5__reanalysis__t2m__surface__monthly__2025-2025__m09__NH0_90__grid_1p0.grib,2025-09,2025,9,t2m,K,293.4416239438301,252.28826904296875,309.94256591796875
t2m,cds__era5_sl_monthly__ERA5__reanalysis__t2m__surface__monthly__2025-2025__m10__NH0_90__grid_1p0.grib,2025-10,2025,10,t2m,K,290.39166285619774,241.48672485351562,308.1293029785156
t2m,cds__era5_sl_monthly__ERA5__reanalysis__t2m__surface__monthly__2025-2025__m11__NH0_90__grid_1p0.grib,2025-11,2025,11,t2m,K,286.90728159550986,235.71044921875,305.78466796875
t2m,cds__era5_sl_monthly__ERA5__reanalysis__t2m__surface__monthly__2025-2025__m12__NH0_90__grid_1p0.grib,2025-12,2025,12,t2m,K,283.84653827446294,228.26458740234375,304.96966552734375
ws10m,cds__era5_sl_monthly__ERA5__reanalysis__ws10m__surface__monthly__2000-2000__m01__NH0_90__grid_1p0.grib,2000-01,2000,1,si10,m s**-1,5.86980325747939,0.6122336387634277,13.079519271850586
ws10m,cds__era5_sl_monthly__ERA5__reanalysis__ws10m__surface__monthly__2000-2000__m02__NH0_90__grid_1p0.grib,2000-02,2000,2,si10,m s**-1,5.872510294129053,0.57023686170578,14.588791847229004
ws10m,cds__era5_sl_monthly__ERA5__reanalysis__ws10m__surface__monthly__2000-2000__m03__NH0_90__grid_1p0.grib,2000-03,2000,3,si10,m s**-1,5.620502987951886,0.561822235584259,13.292778968811035
ws10m,cds__era5_sl_monthly__ERA5__reanalysis__ws10m__surface__monthly__2000-2000__m04__NH0_90__grid_1p0.grib,2000-04,2000,4,si10,m s**-1,5.3525894017612705,0.5317239165306091,11.887192726135254
ws10m,cds__era5_sl_monthly__ERA5__reanalysis__ws10m__surface__monthly__2000-2000__m05__NH0_90__grid_1p0.grib,2000-05,2000,5,si10,m s**-1,5.021062506096294,0.51036137342453,10.671006202697754
ws10m,cds__era5_sl_monthly__ERA5__reanalysis__ws10m__surface__monthly__2000-2000__m06__NH0_90__grid_1p0.grib,2000-06,2000,6,si10,m s**-1,5.038761805408681,0.5359679460525513,13.847491264343262
ws10m,cds__era5_sl_monthly__ERA5__reanalysis__ws10m__surface__monthly__2000-2000__m07__NH0_90__grid_1p0.grib,2000-07,2000,7,si10,m s**-1,4.89461284965254,0.5879443883895874,14.627494812011719
ws10m,cds__era5_sl_monthly__ERA5__reanalysis__ws10m__surface__monthly__2000-2000__m08__NH0_90__grid_1p0.grib,2000-08,2000,8,si10,m s**-1,4.890952897700985,0.5992603898048401,14.526018142700195
ws10m,cds__era5_sl_monthly__ERA5__reanalysis__ws10m__surface__monthly__2000-2000__m09__NH0_90__grid_1p0.grib,2000-09,2000,9,si10,m s**-1,4.902807622203709,0.6419357657432556,11.508390426635742
ws10m,cds__era5_sl_monthly__ERA5__reanalysis__ws10m__surface__monthly__2000-2000__m10__NH0_90__grid_1p0.grib,2000-10,2000,10,si10,m s**-1,5.243594654280265,0.6603437662124634,13.621281623840332
ws10m,cds__era5_sl_monthly__ERA5__reanalysis__ws10m__surface__monthly__2000-2000__m11__NH0_90__grid_1p0.grib,2000-11,2000,11,si10,m s**-1,5.565729270164695,0.6604303121566772,14.668242454528809
ws10m,cds__era5_sl_monthly__ERA5__reanalysis__ws10m__surface__monthly__2000-2000__m12__NH0_90__grid_1p0.grib,2000-12,2000,12,si10,m s**-1,5.872468289043693,0.5817928910255432,14.515630722045898
ws10m,cds__era5_sl_monthly__ERA5__reanalysis__ws10m__surface__monthly__2001-2001__m01__NH0_90__grid_1p0.grib,2001-01,2001,1,si10,m s**-1,5.880245979609716,0.6018028259277344,13.042232513427734
ws10m,cds__era5_sl_monthly__ERA5__reanalysis__ws10m__surface__monthly__2001-2001__m02__NH0_90__grid_1p0.grib,2001-02,2001,2,si10,m s**-1,5.85587020372729,0.5999484062194824,13.39828872680664
ws10m,cds__era5_sl_monthly__ERA5__reanalysis__ws10m__surface__monthly__2001-2001__m03__NH0_90__grid_1p0.grib,2001-03,2001,3,si10,m s**-1,5.563410152342409,0.5818765163421631,12.646574020385742
ws10m,cds__era5_sl_monthly__ERA5__reanalysis__ws10m__surface__monthly__2001-2001__m04__NH0_90__grid_1p0.grib,2001-04,2001,4,si10,m s**-1,5.408907039200925,0.5408527255058289,11.205403327941895
ws10m,cds__era5_sl_monthly__ERA5__reanalysis__ws10m__surface__monthly__2001-2001__m05__NH0_90__grid_1p0.grib,2001-05,2001,5,si10,m s**-1,5.003464434704282,0.5599958300590515,10.401792526245117
ws10m,cds__era5_sl_monthly__ERA5__reanalysis__ws10m__surface__monthly__2001-2001__m06__NH0_90__grid_1p0.grib,2001-06,2001,6,si10,m s**-1,4.958460987284933,0.5493741035461426,14.356502532958984
ws10m,cds__era5_sl_monthly__ERA5__reanalysis__ws10m__surface__monthly__2001-2001__m07__NH0_90__grid_1p0.grib,2001-07,2001,7,si10,m s**-1,4.94255571841781,0.5745958089828491,14.84900951385498
ws10m,cds__era5_sl_monthly__ERA5__reanalysis__ws10m__surface__monthly__2001-2001__m08__NH0_90__grid_1p0.grib,2001-08,2001,8,si10,m s**-1,4.98248374055339,0.5992134213447571,14.247651100158691
ws10m,cds__era5_sl_monthly__ERA5__reanalysis__ws10m__surface__monthly__2001-2001__m09__NH0_90__grid_1p0.grib,2001-09,2001,9,si10,m s**-1,4.85611104907851,0.5575540661811829,11.202573776245117
ws10m,cds__era5_sl_monthly__ERA5__reanalysis__ws10m__surface__monthly__2001-2001__m10__NH0_90__grid_1p0.grib,2001-10,2001,10,si10,m s**-1,5.220227427235673,0.6739208102226257,11.697846412658691
ws10m,cds__era5_sl_monthly__ERA5__reanalysis__ws10m__surface__monthly__2001-2001__m11__NH0_90__grid_1p0.grib,2001-11,2001,11,si10,m s**-1,5.603114240799564,0.6321669220924377,13.542078971862793
ws10m,cds__era5_sl_monthly__ERA5__reanalysis__ws10m__surface__monthly__2001-2001__m12__NH0_90__grid_1p0.grib,2001-12,2001,12,si10,m s**-1,5.916562418071805,0.6096790432929993,12.749327659606934
ws10m,cds__era5_sl_monthly__ERA5__reanalysis__ws10m__surface__monthly__2002-2002__m01__NH0_90__grid_1p0.grib,2002-01,2002,1,si10,m s**-1,5.972018612677616,0.6514291763305664,15.419983863830566
ws10m,cds__era5_sl_monthly__ERA5__reanalysis__ws10m__surface__monthly__2002-2002__m02__NH0_90__grid_1p0.grib,2002-02,2002,2,si10,m s**-1,5.8365664545983575,0.616375744342804,13.726239204406738
ws10m,cds__era5_sl_monthly__ERA5__reanalysis__ws10m__surface__monthly__2002-2002__m03__NH0_90__grid_1p0.grib,2002-03,2002,3,si10,m s**-1,5.731547583476727,0.5905264019966125,13.726757049560547
ws10m,cds__era5_sl_monthly__ERA5__reanalysis__ws10m__surface__monthly__2002-2002__m04__NH0_90__grid_1p0.grib,2002-04,2002,4,si10,m s**-1,5.300378048509255,0.5331786274909973,11.962377548217773
ws10m,cds__era5_sl_monthly__ERA5__reanalysis__ws10m__surface__monthly__2002-2002__m05__NH0_90__grid_1p0.grib,2002-05,2002,5,si10,m s**-1,5.140378542062312,0.5446216464042664,10.981144905090332
ws10m,cds__era5_sl_monthly__ERA5__reanalysis__ws10m__surface__monthly__2002-2002__m06__NH0_90__grid_1p0.grib,2002-06,2002,6,si10,m s**-1,5.057568799561676,0.5683412551879883,13.860821723937988
ws10m,cds__era5_sl_monthly__ERA5__reanalysis__ws10m__surface__monthly__2002-2002__m07__NH0_90__grid_1p0.grib,2002-07,2002,7,si10,m s**-1,5.03452525168544,0.5323257446289062,14.222755432128906
ws10m,cds__era5_sl_monthly__ERA5__reanalysis__ws10m__surface__monthly__2002-2002__m08__NH0_90__grid_1p0.grib,2002-08,2002,8,si10,m s**-1,4.912267296970644,0.5592682957649231,14.3112211227417
ws10m,cds__era5_sl_monthly__ERA5__reanalysis__ws10m__surface__monthly__2002-2002__m09__NH0_90__grid_1p0.grib,2002-09,2002,9,si10,m s**-1,4.915320049724732,0.6715127229690552,10.891727447509766
ws10m,cds__era5_sl_monthly__ERA5__reanalysis__ws10m__surface__monthly__2002-2002__m10__NH0_90__grid_1p0.grib,2002-10,2002,10,si10,m s**-1,5.087641126117748,0.6233847737312317,12.640962600708008
ws10m,cds__era5_sl_monthly__ERA5__reanalysis__ws10m__surface__monthly__2002-2002__m11__NH0_90__grid_1p0.grib,2002-11,2002,11,si10,m s**-1,5.633365851249097,0.6433234214782715,14.28687858581543
ws10m,cds__era5_sl_monthly__ERA5__reanalysis__ws10m__surface__monthly__2002-2002__m12__NH0_90__grid_1p0.grib,2002-12,2002,12,si10,m s**-1,5.858857416082365,0.6417464017868042,13.813865661621094
ws10m,cds__era5_sl_monthly__ERA5__reanalysis__ws10m__surface__monthly__2003-2003__m01__NH0_90__grid_1p0.grib,2003-01,2003,1,si10,m s**-1,5.994787555137137,0.6315612196922302,14.291717529296875
ws10m,cds__era5_sl_monthly__ERA5__reanalysis__ws10m__surface__monthly__2003-2003__m02__NH0_90__grid_1p0.grib,2003-02,2003,2,si10,m s**-1,5.7872252463406895,0.6669798493385315,14.811022758483887
ws10m,cds__era5_sl_monthly__ERA5__reanalysis__ws10m__surface__monthly__2003-2003__m03__NH0_90__grid_1p0.grib,2003-03,2003,3,si10,m s**-1,5.496649958713279,0.6057329773902893,14.004658699035645
ws10m,cds__era5_sl_monthly__ERA5__reanalysis__ws10m__surface__monthly__2003-2003__m04__NH0_90__grid_1p0.grib,2003-04,2003,4,si10,m s**-1,5.3962304544360915,0.509373664855957,12.071873664855957
ws10m,cds__era5_sl_monthly__ERA5__reanalysis__ws10m__surface__monthly__2003-2003__m05__NH0_90__grid_1p0.grib,2003-05,2003,5,si10,m s**-1,5.179155292421498,0.5547769069671631,10.642179489135742
ws10m,cds__era5_sl_monthly__ERA5__reanalysis__ws10m__surface__monthly__2003-2003__m06__NH0_90__grid_1p0.grib,2003-06,2003,6,si10,m s**-1,4.854301557710051,0.5134559273719788,13.497831344604492
ws10m,cds__era5_sl_monthly__ERA5__reanalysis__ws10m__surface__monthly__2003-2003__m07__NH0_90__grid_1p0.grib,2003-07,2003,7,si10,m s**-1,4.891542249020347,0.5695704221725464,15.834707260131836
ws10m,cds__era5_sl_monthly__ERA5__reanalysis__ws10m__surface__monthly__2003-2003__m08__NH0_90__grid_1p0.grib,2003-08,2003,8,si10,m s**-1,4.775146760408595,0.5888381004333496,14.050264358520508
ws10m,cds__era5_sl_monthly__ERA5__reanalysis__ws10m__surface__monthly__2003-2003__m09__NH0_90__grid_1p0.grib,2003-09,2003,9,si10,m s**-1,4.884800377080904,0.6551592946052551,11.877815246582031
ws10m,cds__era5_sl_monthly__ERA5__reanalysis__ws10m__surface__monthly__2003-2003__m10__NH0_90__grid_1p0.grib,2003-10,2003,10,si10,m s**-1,5.101998080217163,0.5973325371742249,11.440106391906738
ws10m,cds__era5_sl_monthly__ERA5__reanalysis__ws10m__surface__monthly__2003-2003__m11__NH0_90__grid_1p0.grib,2003-11,2003,11,si10,m s**-1,5.517388761649007,0.6307114362716675,13.617527961730957
ws10m,cds__era5_sl_monthly__ERA5__reanalysis__ws10m__surface__monthly__2003-2003__m12__NH0_90__grid_1p0.grib,2003-12,2003,12,si10,m s**-1,5.913390248565979,0.6151570081710815,12.986983299255371
ws10m,cds__era5_sl_monthly__ERA5__reanalysis__ws10m__surface__monthly__2004-2004__m01__NH0_90__grid_1p0.grib,2004-01,2004,1,si10,m s**-1,5.722732367211737,0.6290786266326904,15.17302417755127
ws10m,cds__era5_sl_monthly__ERA5__reanalysis__ws10m__surface__monthly__2004-2004__m02__NH0_90__grid_1p0.grib,2004-02,2004,2,si10,m s**-1,5.860399786119268,0.5902317762374878,13.950339317321777
ws10m,cds__era5_sl_monthly__ERA5__reanalysis__ws10m__surface__monthly__2004-2004__m03__NH0_90__grid_1p0.grib,2004-03,2004,3,si10,m s**-1,5.739745073883755,0.5939403772354126,13.398139953613281
ws10m,cds__era5_sl_monthly__ERA5__reanalysis__ws10m__surface__monthly__2004-2004__m04__NH0_90__grid_1p0.grib,2004-04,2004,4,si10,m s**-1,5.323998711469644,0.5457757711410522,11.735716819763184
ws10m,cds__era5_sl_monthly__ERA5__reanalysis__ws10m__surface__monthly__2004-2004__m05__NH0_90__grid_1p0.grib,2004-05,2004,5,si10,m s**-1,5.173659049007313,0.5487157702445984,11.441293716430664
ws10m,cds__era5_sl_monthly__ERA5__reanalysis__ws10m__surface__monthly__2004-2004__m06__NH0_90__grid_1p0.grib,2004-06,2004,6,si10,m s**-1,5.078792082803709,0.5534846782684326,13.798113822937012
ws10m,cds__era5_sl_monthly__ERA5__reanalysis__ws10m__surface__monthly__2004-2004__m07__NH0_90__grid_1p0.grib,2004-07,2004,7,si10,m s**-1,4.673413573844368,0.5419148206710815,15.148360252380371
ws10m,cds__era5_sl_monthly__ERA5__reanalysis__ws10m__surface__monthly__2004-2004__m08__NH0_90__grid_1p0.grib,2004-08,2004,8,si10,m s**-1,4.933795727517512,0.6260530352592468,14.694900512695312
ws10m,cds__era5_sl_monthly__ERA5__reanalysis__ws10m__surface__monthly__2004-2004__m09__NH0_90__grid_1p0.grib,2004-09,2004,9,si10,m s**-1,4.858980531036218,0.5889219045639038,11.114800453186035
ws10m,cds__era5_sl_monthly__ERA5__reanalysis__ws10m__surface__monthly__2004-2004__m10__NH0_90__grid_1p0.grib,2004-10,2004,10,si10,m s**-1,5.155784291160818,0.5460853576660156,13.086612701416016
ws10m,cds__era5_sl_monthly__ERA5__reanalysis__ws10m__surface__monthly__2004-2004__m11__NH0_90__grid_1p0.grib,2004-11,2004,11,si10,m s**-1,5.5018594437026636,0.5975863933563232,12.715750694274902
ws10m,cds__era5_sl_monthly__ERA5__reanalysis__ws10m__surface__monthly__2004-2004__m12__NH0_90__grid_1p0.grib,2004-12,2004,12,si10,m s**-1,5.8546064708036205,0.6768815517425537,13.959840774536133
ws10m,cds__era5_sl_monthly__ERA5__reanalysis__ws10m__surface__monthly__2005-2005__m01__NH0_90__grid_1p0.grib,2005-01,2005,1,si10,m s**-1,5.9192339692866485,0.6354358196258545,14.549254417419434
ws10m,cds__era5_sl_monthly__ERA5__reanalysis__ws10m__surface__monthly__2005-2005__m02__NH0_90__grid_1p0.grib,2005-02,2005,2,si10,m s**-1,5.726816607870765,0.5780065655708313,13.916873931884766
ws10m,cds__era5_sl_monthly__ERA5__reanalysis__ws10m__surface__monthly__2005-2005__m03__NH0_90__grid_1p0.grib,2005-03,2005,3,si10,m s**-1,5.614041803796888,0.551986813545227,13.490707397460938
ws10m,cds__era5_sl_monthly__ERA5__reanalysis__ws10m__surface__monthly__2005-2005__m04__NH0_90__grid_1p0.grib,2005-04,2005,4,si10,m s**-1,5.344148060462258,0.5039260387420654,11.034687995910645
ws10m,cds__era5_sl_monthly__ERA5__reanalysis__ws10m__surface__monthly__2005-2005__m05__NH0_90__grid_1p0.grib,2005-05,2005,5,si10,m s**-1,4.915531207240366,0.5286242365837097,9.743956565856934
ws10m,cds__era5_sl_monthly__ERA5__reanalysis__ws10m__surface__monthly__2005-2005__m06__NH0_90__grid_1p0.grib,2005-06,2005,6,si10,m s**-1,4.960687013971581,0.5343600511550903,13.6554536819458
ws10m,cds__era5_sl_monthly__ERA5__reanalysis__ws10m__surface__monthly__2005-2005__m07__NH0_90__grid_1p0.grib,2005-07,2005,7,si10,m s**-1,4.893673430523075,0.5295165181159973,15.280004501342773
ws10m,cds__era5_sl_monthly__ERA5__reanalysis__ws10m__surface__monthly__2005-2005__m08__NH0_90__grid_1p0.grib,2005-08,2005,8,si10,m s**-1,4.756691442840481,0.54410320520401,14.257482528686523
ws10m,cds__era5_sl_monthly__ERA5__reanalysis__ws10m__surface__monthly__2005-2005__m09__NH0_90__grid_1p0.grib,2005-09,2005,9,si10,m s**-1,5.0961171833053385,0.6530882716178894,12.281506538391113
ws10m,cds__era5_sl_monthly__ERA5__reanalysis__ws10m__surface__monthly__2005-2005__m10__NH0_90__grid_1p0.grib,2005-10,2005,10,si10,m s**-1,5.215290107458273,0.6363922953605652,12.248208999633789
ws10m,cds__era5_sl_monthly__ERA5__reanalysis__ws10m__surface__monthly__2005-2005__m11__NH0_90__grid_1p0.grib,2005-11,2005,11,si10,m s**-1,5.465129443775083,0.6131144165992737,12.282792091369629
ws10m,cds__era5_sl_monthly__ERA5__reanalysis__ws10m__surface__monthly__2005-2005__m12__NH0_90__grid_1p0.grib,2005-12,2005,12,si10,m s**-1,5.757228748609938,0.5847792029380798,14.670716285705566
ws10m,cds__era5_sl_monthly__ERA5__reanalysis__ws10m__surface__monthly__2006-2006__m01__NH0_90__grid_1p0.grib,2006-01,2006,1,si10,m s**-1,5.9796460110112255,0.6591991782188416,13.249774932861328
ws10m,cds__era5_sl_monthly__ERA5__reanalysis__ws10m__surface__monthly__2006-2006__m02__NH0_90__grid_1p0.grib,2006-02,2006,2,si10,m s**-1,5.861863259529201,0.6205337047576904,13.13103199005127
ws10m,cds__era5_sl_monthly__ERA5__reanalysis__ws10m__surface__monthly__2006-2006__m03__NH0_90__grid_1p0.grib,2006-03,2006,3,si10,m s**-1,5.585858035075812,0.5886904001235962,13.300116539001465
ws10m,cds__era5_sl_monthly__ERA5__reanalysis__ws10m__surface__monthly__2006-2006__m04__NH0_90__grid_1p0.grib,2006-04,2006,4,si10,m s**-1,5.294586255892189,0.5534567832946777,11.918691635131836
ws10m,cds__era5_sl_monthly__ERA5__reanalysis__ws10m__surface__monthly__2006-2006__m05__NH0_90__grid_1p0.grib,2006-05,2006,5,si10,m s**-1,4.985889525954086,0.4871090054512024,10.301074028015137
ws10m,cds__era5_sl_monthly__ERA5__reanalysis__ws10m__surface__monthly__2006-2006__m06__NH0_90__grid_1p0.grib,2006-06,2006,6,si10,m s**-1,4.916083539772942,0.5471314787864685,13.485608100891113
ws10m,cds__era5_sl_monthly__ERA5__reanalysis__ws10m__surface__monthly__2006-2006__m07__NH0_90__grid_1p0.grib,2006-07,2006,7,si10,m s**-1,5.006993706256665,0.5683896541595459,14.982940673828125
ws10m,cds__era5_sl_monthly__ERA5__reanalysis__ws10m__surface__monthly__2006-2006__m08__NH0_90__grid_1p0.grib,2006-08,2006,8,si10,m s**-1,4.784487166671866,0.5920555591583252,14.164320945739746
ws10m,cds__era5_sl_monthly__ERA5__reanalysis__ws10m__surface__monthly__2006-2006__m09__NH0_90__grid_1p0.grib,2006-09,2006,9,si10,m s**-1,4.906061403548209,0.6673307418823242,12.187350273132324
ws10m,cds__era5_sl_monthly__ERA5__reanalysis__ws10m__surface__monthly__2006-2006__m10__NH0_90__grid_1p0.grib,2006-10,2006,10,si10,m s**-1,5.134108350373598,0.6103543043136597,11.73828411102295
ws10m,cds__era5_sl_monthly__ERA5__reanalysis__ws10m__surface__monthly__2006-2006__m11__NH0_90__grid_1p0.grib,2006-11,2006,11,si10,m s**-1,5.363476858861,0.6650457382202148,13.735846519470215
ws10m,cds__era5_sl_monthly__ERA5__reanalysis__ws10m__surface__monthly__2006-2006__m12__NH0_90__grid_1p0.grib,2006-12,2006,12,si10,m s**-1,6.032687706683083,0.6895170211791992,13.7412748336792
ws10m,cds__era5_sl_monthly__ERA5__reanalysis__ws10m__surface__monthly__2007-2007__m01__NH0_90__grid_1p0.grib,2007-01,2007,1,si10,m s**-1,6.077739534423445,0.633809506893158,14.724873542785645
ws10m,cds__era5_sl_monthly__ERA5__reanalysis__ws10m__surface__monthly__2007-2007__m02__NH0_90__grid_1p0.grib,2007-02,2007,2,si10,m s**-1,5.805917710353342,0.6454893350601196,16.138652801513672
ws10m,cds__era5_sl_monthly__ERA5__reanalysis__ws10m__surface__monthly__2007-2007__m03__NH0_90__grid_1p0.grib,2007-03,2007,3,si10,m s**-1,5.691538614028981,0.5683633685112,13.062747955322266
ws10m,cds__era5_sl_monthly__ERA5__reanalysis__ws10m__surface__monthly__2007-2007__m04__NH0_90__grid_1p0.grib,2007-04,2007,4,si10,m s**-1,5.323607422887435,0.5515223741531372,12.823494911193848
ws10m,cds__era5_sl_monthly__ERA5__reanalysis__ws10m__surface__monthly__2007-2007__m05__NH0_90__grid_1p0.grib,2007-05,2007,5,si10,m s**-1,5.032425657369703,0.522092878818512,12.090940475463867
ws10m,cds__era5_sl_monthly__ERA5__reanalysis__ws10m__surface__monthly__2007-2007__m06__NH0_90__grid_1p0.grib,2007-06,2007,6,si10,m s**-1,4.961438094461883,0.5591646432876587,14.353598594665527
ws10m,cds__era5_sl_monthly__ERA5__reanalysis__ws10m__surface__monthly__2007-2007__m07__NH0_90__grid_1p0.grib,2007-07,2007,7,si10,m s**-1,4.86323246415895,0.5357546210289001,14.271105766296387
ws10m,cds__era5_sl_monthly__ERA5__reanalysis__ws10m__surface__monthly__2007-2007__m08__NH0_90__grid_1p0.grib,2007-08,2007,8,si10,m s**-1,4.837342573932219,0.606137752532959,14.051939010620117
ws10m,cds__era5_sl_monthly__ERA5__reanalysis__ws10m__surface__monthly__2007-2007__m09__NH0_90__grid_1p0.grib,2007-09,2007,9,si10,m s**-1,5.022430851984756,0.6330064535140991,12.38935375213623
ws10m,cds__era5_sl_monthly__ERA5__reanalysis__ws10m__surface__monthly__2007-2007__m10__NH0_90__grid_1p0.grib,2007-10,2007,10,si10,m s**-1,5.2243457673488445,0.6205281019210815,13.908614158630371
ws10m,cds__era5_sl_monthly__ERA5__reanalysis__ws10m__surface__monthly__2007-2007__m11__NH0_90__grid_1p0.grib,2007-11,2007,11,si10,m s**-1,5.560561286944246,0.6763461828231812,14.882644653320312
ws10m,cds__era5_sl_monthly__ERA5__reanalysis__ws10m__surface__monthly__2007-2007__m12__NH0_90__grid_1p0.grib,2007-12,2007,12,si10,m s**-1,5.897632739896159,0.6796140074729919,13.791186332702637
ws10m,cds__era5_sl_monthly__ERA5__reanalysis__ws10m__surface__monthly__2008-2008__m01__NH0_90__grid_1p0.grib,2008-01,2008,1,si10,m s**-1,5.938079019100705,0.6334161758422852,13.905877113342285
ws10m,cds__era5_sl_monthly__ERA5__reanalysis__ws10m__surface__monthly__2008-2008__m02__NH0_90__grid_1p0.grib,2008-02,2008,2,si10,m s**-1,5.878711524014391,0.6203351616859436,13.349583625793457
ws10m,cds__era5_sl_monthly__ERA5__reanalysis__ws10m__surface__monthly__2008-2008__m03__NH0_90__grid_1p0.grib,2008-03,2008,3,si10,m s**-1,5.505057794919265,0.5781626105308533,12.53470516204834
ws10m,cds__era5_sl_monthly__ERA5__reanalysis__ws10m__surface__monthly__2008-2008__m04__NH0_90__grid_1p0.grib,2008-04,2008,4,si10,m s**-1,5.311167459100197,0.5139486789703369,11.840120315551758
ws10m,cds__era5_sl_monthly__ERA5__reanalysis__ws10m__surface__monthly__2008-2008__m05__NH0_90__grid_1p0.grib,2008-05,2008,5,si10,m s**-1,4.945931375389716,0.572997510433197,10.737547874450684
ws10m,cds__era5_sl_monthly__ERA5__reanalysis__ws10m__surface__monthly__2008-2008__m06__NH0_90__grid_1p0.grib,2008-06,2008,6,si10,m s**-1,4.945509272537161,0.5365005731582642,13.609743118286133
ws10m,cds__era5_sl_monthly__ERA5__reanalysis__ws10m__surface__monthly__2008-2008__m07__NH0_90__grid_1p0.grib,2008-07,2008,7,si10,m s**-1,4.829559360102218,0.540786623954773,14.777603149414062
ws10m,cds__era5_sl_monthly__ERA5__reanalysis__ws10m__surface__monthly__2008-2008__m08__NH0_90__grid_1p0.grib,2008-08,2008,8,si10,m s**-1,4.781564320118552,0.5901020765304565,13.891860008239746
ws10m,cds__era5_sl_monthly__ERA5__reanalysis__ws10m__surface__monthly__2008-2008__m09__NH0_90__grid_1p0.grib,2008-09,2008,9,si10,m s**-1,4.8296174375087,0.5743661522865295,11.001612663269043
ws10m,cds__era5_sl_monthly__ERA5__reanalysis__ws10m__surface__monthly__2008-2008__m10__NH0_90__grid_1p0.grib,2008-10,2008,10,si10,m s**-1,5.176165562330099,0.6599333882331848,13.186300277709961
ws10m,cds__era5_sl_monthly__ERA5__reanalysis__ws10m__surface__monthly__2008-2008__m11__NH0_90__grid_1p0.grib,2008-11,2008,11,si10,m s**-1,5.482020487249287,0.6231410503387451,12.020113945007324
ws10m,cds__era5_sl_monthly__ERA5__reanalysis__ws10m__surface__monthly__2008-2008__m12__NH0_90__grid_1p0.grib,2008-12,2008,12,si10,m s**-1,5.8476254829917975,0.5942172408103943,14.240457534790039
ws10m,cds__era5_sl_monthly__ERA5__reanalysis__ws10m__surface__monthly__2009-2009__m01__NH0_90__grid_1p0.grib,2009-01,2009,1,si10,m s**-1,5.952655550635023,0.5979626178741455,14.361390113830566
ws10m,cds__era5_sl_monthly__ERA5__reanalysis__ws10m__surface__monthly__2009-2009__m02__NH0_90__grid_1p0.grib,2009-02,2009,2,si10,m s**-1,5.8757413777691605,0.6197398900985718,13.371692657470703
ws10m,cds__era5_sl_monthly__ERA5__reanalysis__ws10m__surface__monthly__2009-2009__m03__NH0_90__grid_1p0.grib,2009-03,2009,3,si10,m s**-1,5.551107531629374,0.5818896293640137,14.407329559326172
ws10m,cds__era5_sl_monthly__ERA5__reanalysis__ws10m__surface__monthly__2009-2009__m04__NH0_90__grid_1p0.grib,2009-04,2009,4,si10,m s**-1,5.353349222789185,0.5605985522270203,12.137258529663086
ws10m,cds__era5_sl_monthly__ERA5__reanalysis__ws10m__surface__monthly__2009-2009__m05__NH0_90__grid_1p0.grib,2009-05,2009,5,si10,m s**-1,4.981203820625097,0.5542550086975098,10.959039688110352
ws10m,cds__era5_sl_monthly__ERA5__reanalysis__ws10m__surface__monthly__2009-2009__m06__NH0_90__grid_1p0.grib,2009-06,2009,6,si10,m s**-1,4.74372869541661,0.5158982872962952,12.542265892028809
ws10m,cds__era5_sl_monthly__ERA5__reanalysis__ws10m__surface__monthly__2009-2009__m07__NH0_90__grid_1p0.grib,2009-07,2009,7,si10,m s**-1,4.949360324223306,0.5516003370285034,15.062830924987793
ws10m,cds__era5_sl_monthly__ERA5__reanalysis__ws10m__surface__monthly__2009-2009__m08__NH0_90__grid_1p0.grib,2009-08,2009,8,si10,m s**-1,4.838474391304062,0.5345836281776428,14.008705139160156
ws10m,cds__era5_sl_monthly__ERA5__reanalysis__ws10m__surface__monthly__2009-2009__m09__NH0_90__grid_1p0.grib,2009-09,2009,9,si10,m s**-1,5.065513494426351,0.6178566813468933,11.216489791870117
ws10m,cds__era5_sl_monthly__ERA5__reanalysis__ws10m__surface__monthly__2009-2009__m10__NH0_90__grid_1p0.grib,2009-10,2009,10,si10,m s**-1,5.111905491870329,0.5943149924278259,12.578689575195312
ws10m,cds__era5_sl_monthly__ERA5__reanalysis__ws10m__surface__monthly__2009-2009__m11__NH0_90__grid_1p0.grib,2009-11,2009,11,si10,m s**-1,5.623480992179121,0.6773093938827515,13.362611770629883
ws10m,cds__era5_sl_monthly__ERA5__reanalysis__ws10m__surface__monthly__2009-2009__m12__NH0_90__grid_1p0.grib,2009-12,2009,12,si10,m s**-1,5.689678205226279,0.6150996088981628,13.328234672546387
ws10m,cds__era5_sl_monthly__ERA5__reanalysis__ws10m__surface__monthly__2010-2010__m01__NH0_90__grid_1p0.grib,2010-01,2010,1,si10,m s**-1,5.996205454844821,0.6198990345001221,13.358180046081543
ws10m,cds__era5_sl_monthly__ERA5__reanalysis__ws10m__surface__monthly__2010-2010__m02__NH0_90__grid_1p0.grib,2010-02,2010,2,si10,m s**-1,5.775660169908229,0.6129453182220459,13.366607666015625
ws10m,cds__era5_sl_monthly__ERA5__reanalysis__ws10m__surface__monthly__2010-2010__m03__NH0_90__grid_1p0.grib,2010-03,2010,3,si10,m s**-1,5.736499164963427,0.5458866357803345,12.881824493408203
ws10m,cds__era5_sl_monthly__ERA5__reanalysis__ws10m__surface__monthly__2010-2010__m04__NH0_90__grid_1p0.grib,2010-04,2010,4,si10,m s**-1,5.347955310432412,0.5623850226402283,11.319220542907715
ws10m,cds__era5_sl_monthly__ERA5__reanalysis__ws10m__surface__monthly__2010-2010__m05__NH0_90__grid_1p0.grib,2010-05,2010,5,si10,m s**-1,5.127275396840205,0.5363390445709229,10.993370056152344
ws10m,cds__era5_sl_monthly__ERA5__reanalysis__ws10m__surface__monthly__2010-2010__m06__NH0_90__grid_1p0.grib,2010-06,2010,6,si10,m s**-1,5.004159246078876,0.521041989326477,13.619674682617188
ws10m,cds__era5_sl_monthly__ERA5__reanalysis__ws10m__surface__monthly__2010-2010__m07__NH0_90__grid_1p0.grib,2010-07,2010,7,si10,m s**-1,4.931242099227669,0.5963621139526367,14.853686332702637
ws10m,cds__era5_sl_monthly__ERA5__reanalysis__ws10m__surface__monthly__2010-2010__m08__NH0_90__grid_1p0.grib,2010-08,2010,8,si10,m s**-1,4.843603224429815,0.5652419328689575,14.368220329284668
ws10m,cds__era5_sl_monthly__ERA5__reanalysis__ws10m__surface__monthly__2010-2010__m09__NH0_90__grid_1p0.grib,2010-09,2010,9,si10,m s**-1,4.959121419120229,0.5716332793235779,11.911477088928223
ws10m,cds__era5_sl_monthly__ERA5__reanalysis__ws10m__surface__monthly__2010-2010__m10__NH0_90__grid_1p0.grib,2010-10,2010,10,si10,m s**-1,5.205806017674237,0.6067063212394714,12.920183181762695
ws10m,cds__era5_sl_monthly__ERA5__reanalysis__ws10m__surface__monthly__2010-2010__m11__NH0_90__grid_1p0.grib,2010-11,2010,11,si10,m s**-1,5.460120738320695,0.6357670426368713,12.415796279907227
ws10m,cds__era5_sl_monthly__ERA5__reanalysis__ws10m__surface__monthly__2010-2010__m12__NH0_90__grid_1p0.grib,2010-12,2010,12,si10,m s**-1,5.662943347990776,0.6022066473960876,13.311190605163574
ws10m,cds__era5_sl_monthly__ERA5__reanalysis__ws10m__surface__monthly__2011-2011__m01__NH0_90__grid_1p0.grib,2011-01,2011,1,si10,m s**-1,5.772894637474971,0.6188822984695435,14.184800148010254
ws10m,cds__era5_sl_monthly__ERA5__reanalysis__ws10m__surface__monthly__2011-2011__m02__NH0_90__grid_1p0.grib,2011-02,2011,2,si10,m s**-1,5.837652332326455,0.6241441965103149,15.410765647888184
ws10m,cds__era5_sl_monthly__ERA5__reanalysis__ws10m__surface__monthly__2011-2011__m03__NH0_90__grid_1p0.grib,2011-03,2011,3,si10,m s**-1,5.661657155727589,0.6018837094306946,13.300614356994629
ws10m,cds__era5_sl_monthly__ERA5__reanalysis__ws10m__surface__monthly__2011-2011__m04__NH0_90__grid_1p0.grib,2011-04,2011,4,si10,m s**-1,5.319539434548188,0.5638993978500366,13.016047477722168
ws10m,cds__era5_sl_monthly__ERA5__reanalysis__ws10m__surface__monthly__2011-2011__m05__NH0_90__grid_1p0.grib,2011-05,2011,5,si10,m s**-1,5.105764648844209,0.5154090523719788,11.574491500854492
ws10m,cds__era5_sl_monthly__ERA5__reanalysis__ws10m__surface__monthly__2011-2011__m06__NH0_90__grid_1p0.grib,2011-06,2011,6,si10,m s**-1,5.092717186957498,0.5370641946792603,13.854447364807129
ws10m,cds__era5_sl_monthly__ERA5__reanalysis__ws10m__surface__monthly__2011-2011__m07__NH0_90__grid_1p0.grib,2011-07,2011,7,si10,m s**-1,4.9728811133800965,0.5577904582023621,14.656423568725586
ws10m,cds__era5_sl_monthly__ERA5__reanalysis__ws10m__surface__monthly__2011-2011__m08__NH0_90__grid_1p0.grib,2011-08,2011,8,si10,m s**-1,4.856970623126686,0.5743427872657776,14.127565383911133
ws10m,cds__era5_sl_monthly__ERA5__reanalysis__ws10m__surface__monthly__2011-2011__m09__NH0_90__grid_1p0.grib,2011-09,2011,9,si10,m s**-1,5.041185468211184,0.6380459070205688,12.037704467773438
ws10m,cds__era5_sl_monthly__ERA5__reanalysis__ws10m__surface__monthly__2011-2011__m10__NH0_90__grid_1p0.grib,2011-10,2011,10,si10,m s**-1,5.123952387573677,0.6226582527160645,13.962013244628906
ws10m,cds__era5_sl_monthly__ERA5__reanalysis__ws10m__surface__monthly__2011-2011__m11__NH0_90__grid_1p0.grib,2011-11,2011,11,si10,m s**-1,5.617392496802198,0.6647119522094727,12.761635780334473
ws10m,cds__era5_sl_monthly__ERA5__reanalysis__ws10m__surface__monthly__2011-2011__m12__NH0_90__grid_1p0.grib,2011-12,2011,12,si10,m s**-1,5.963789291606006,0.6257723569869995,14.085489273071289
ws10m,cds__era5_sl_monthly__ERA5__reanalysis__ws10m__surface__monthly__2012-2012__m01__NH0_90__grid_1p0.grib,2012-01,2012,1,si10,m s**-1,5.791671120153532,0.6310231685638428,13.115154266357422
ws10m,cds__era5_sl_monthly__ERA5__reanalysis__ws10m__surface__monthly__2012-2012__m02__NH0_90__grid_1p0.grib,2012-02,2012,2,si10,m s**-1,5.8790377473036655,0.6105854511260986,12.92064380645752
ws10m,cds__era5_sl_monthly__ERA5__reanalysis__ws10m__surface__monthly__2012-2012__m03__NH0_90__grid_1p0.grib,2012-03,2012,3,si10,m s**-1,5.767080185198678,0.5755128264427185,13.024243354797363
ws10m,cds__era5_sl_monthly__ERA5__reanalysis__ws10m__surface__monthly__2012-2012__m04__NH0_90__grid_1p0.grib,2012-04,2012,4,si10,m s**-1,5.231298253575963,0.5391005873680115,11.380897521972656
ws10m,cds__era5_sl_monthly__ERA5__reanalysis__ws10m__surface__monthly__2012-2012__m05__NH0_90__grid_1p0.grib,2012-05,2012,5,si10,m s**-1,5.026248305556869,0.5299079418182373,10.363892555236816
ws10m,cds__era5_sl_monthly__ERA5__reanalysis__ws10m__surface__monthly__2012-2012__m06__NH0_90__grid_1p0.grib,2012-06,2012,6,si10,m s**-1,5.044774916443917,0.5410827994346619,13.816473007202148
ws10m,cds__era5_sl_monthly__ERA5__reanalysis__ws10m__surface__monthly__2012-2012__m07__NH0_90__grid_1p0.grib,2012-07,2012,7,si10,m s**-1,4.969818076108946,0.5685500502586365,14.878120422363281
ws10m,cds__era5_sl_monthly__ERA5__reanalysis__ws10m__surface__monthly__2012-2012__m08__NH0_90__grid_1p0.grib,2012-08,2012,8,si10,m s**-1,4.836906753547537,0.6333450078964233,14.116498947143555
ws10m,cds__era5_sl_monthly__ERA5__reanalysis__ws10m__surface__monthly__2012-2012__m09__NH0_90__grid_1p0.grib,2012-09,2012,9,si10,m s**-1,4.948441815226571,0.6625129580497742,11.46817684173584
ws10m,cds__era5_sl_monthly__ERA5__reanalysis__ws10m__surface__monthly__2012-2012__m10__NH0_90__grid_1p0.grib,2012-10,2012,10,si10,m s**-1,5.104791936060465,0.5424535274505615,11.25241470336914
ws10m,cds__era5_sl_monthly__ERA5__reanalysis__ws10m__surface__monthly__2012-2012__m11__NH0_90__grid_1p0.grib,2012-11,2012,11,si10,m s**-1,5.431578981600063,0.575325608253479,13.693001747131348
ws10m,cds__era5_sl_monthly__ERA5__reanalysis__ws10m__surface__monthly__2012-2012__m12__NH0_90__grid_1p0.grib,2012-12,2012,12,si10,m s**-1,5.857795960394832,0.6182326078414917,13.341377258300781
ws10m,cds__era5_sl_monthly__ERA5__reanalysis__ws10m__surface__monthly__2013-2013__m01__NH0_90__grid_1p0.grib,2013-01,2013,1,si10,m s**-1,6.012349015411198,0.6097359657287598,15.106073379516602
ws10m,cds__era5_sl_monthly__ERA5__reanalysis__ws10m__surface__monthly__2013-2013__m02__NH0_90__grid_1p0.grib,2013-02,2013,2,si10,m s**-1,5.912500861151183,0.6278027892112732,13.545771598815918
ws10m,cds__era5_sl_monthly__ERA5__reanalysis__ws10m__surface__monthly__2013-2013__m03__NH0_90__grid_1p0.grib,2013-03,2013,3,si10,m s**-1,5.572214367818117,0.5926604866981506,13.795785903930664
ws10m,cds__era5_sl_monthly__ERA5__reanalysis__ws10m__surface__monthly__2013-2013__m04__NH0_90__grid_1p0.grib,2013-04,2013,4,si10,m s**-1,5.321887520645161,0.5240586400032043,12.25062084197998
ws10m,cds__era5_sl_monthly__ERA5__reanalysis__ws10m__surface__monthly__2013-2013__m05__NH0_90__grid_1p0.grib,2013-05,2013,5,si10,m s**-1,5.089427980604169,0.517358124256134,11.36647891998291
ws10m,cds__era5_sl_monthly__ERA5__reanalysis__ws10m__surface__monthly__2013-2013__m06__NH0_90__grid_1p0.grib,2013-06,2013,6,si10,m s**-1,5.134797454992278,0.5737401247024536,14.635751724243164
ws10m,cds__era5_sl_monthly__ERA5__reanalysis__ws10m__surface__monthly__2013-2013__m07__NH0_90__grid_1p0.grib,2013-07,2013,7,si10,m s**-1,4.814787076318903,0.5778527855873108,15.446993827819824
ws10m,cds__era5_sl_monthly__ERA5__reanalysis__ws10m__surface__monthly__2013-2013__m08__NH0_90__grid_1p0.grib,2013-08,2013,8,si10,m s**-1,4.817006186853569,0.5708461999893188,13.781295776367188
ws10m,cds__era5_sl_monthly__ERA5__reanalysis__ws10m__surface__monthly__2013-2013__m09__NH0_90__grid_1p0.grib,2013-09,2013,9,si10,m s**-1,4.971700477083617,0.5498413443565369,11.759313583374023
ws10m,cds__era5_sl_monthly__ERA5__reanalysis__ws10m__surface__monthly__2013-2013__m10__NH0_90__grid_1p0.grib,2013-10,2013,10,si10,m s**-1,5.180431373902637,0.6321694254875183,11.889982223510742
ws10m,cds__era5_sl_monthly__ERA5__reanalysis__ws10m__surface__monthly__2013-2013__m11__NH0_90__grid_1p0.grib,2013-11,2013,11,si10,m s**-1,5.5503162233604435,0.6183773875236511,12.611297607421875
ws10m,cds__era5_sl_monthly__ERA5__reanalysis__ws10m__surface__monthly__2013-2013__m12__NH0_90__grid_1p0.grib,2013-12,2013,12,si10,m s**-1,5.90631707187606,0.6383415460586548,14.254552841186523
ws10m,cds__era5_sl_monthly__ERA5__reanalysis__ws10m__surface__monthly__2014-2014__m01__NH0_90__grid_1p0.grib,2014-01,2014,1,si10,m s**-1,5.985935663755624,0.6801269054412842,15.567822456359863
ws10m,cds__era5_sl_monthly__ERA5__reanalysis__ws10m__surface__monthly__2014-2014__m02__NH0_90__grid_1p0.grib,2014-02,2014,2,si10,m s**-1,5.827808260313079,0.6528836488723755,17.522024154663086
ws10m,cds__era5_sl_monthly__ERA5__reanalysis__ws10m__surface__monthly__2014-2014__m03__NH0_90__grid_1p0.grib,2014-03,2014,3,si10,m s**-1,5.638332533415967,0.5642204880714417,12.929454803466797
ws10m,cds__era5_sl_monthly__ERA5__reanalysis__ws10m__surface__monthly__2014-2014__m04__NH0_90__grid_1p0.grib,2014-04,2014,4,si10,m s**-1,5.313575987537313,0.5309513211250305,11.923529624938965
ws10m,cds__era5_sl_monthly__ERA5__reanalysis__ws10m__surface__monthly__2014-2014__m05__NH0_90__grid_1p0.grib,2014-05,2014,5,si10,m s**-1,4.8825295491324106,0.6015965342521667,10.33841323852539
ws10m,cds__era5_sl_monthly__ERA5__reanalysis__ws10m__surface__monthly__2014-2014__m06__NH0_90__grid_1p0.grib,2014-06,2014,6,si10,m s**-1,4.882467013823996,0.5657336115837097,12.658019065856934
ws10m,cds__era5_sl_monthly__ERA5__reanalysis__ws10m__surface__monthly__2014-2014__m07__NH0_90__grid_1p0.grib,2014-07,2014,7,si10,m s**-1,4.889550971375717,0.4966639280319214,15.026449203491211
ws10m,cds__era5_sl_monthly__ERA5__reanalysis__ws10m__surface__monthly__2014-2014__m08__NH0_90__grid_1p0.grib,2014-08,2014,8,si10,m s**-1,4.669780154186061,0.6006621718406677,14.046463012695312
ws10m,cds__era5_sl_monthly__ERA5__reanalysis__ws10m__surface__monthly__2014-2014__m09__NH0_90__grid_1p0.grib,2014-09,2014,9,si10,m s**-1,4.835703622047501,0.6135590076446533,11.686312675476074
ws10m,cds__era5_sl_monthly__ERA5__reanalysis__ws10m__surface__monthly__2014-2014__m10__NH0_90__grid_1p0.grib,2014-10,2014,10,si10,m s**-1,5.052075241455004,0.6401501297950745,12.66358757019043
ws10m,cds__era5_sl_monthly__ERA5__reanalysis__ws10m__surface__monthly__2014-2014__m11__NH0_90__grid_1p0.grib,2014-11,2014,11,si10,m s**-1,5.55397283393578,0.6678799986839294,12.985262870788574
ws10m,cds__era5_sl_monthly__ERA5__reanalysis__ws10m__surface__monthly__2014-2014__m12__NH0_90__grid_1p0.grib,2014-12,2014,12,si10,m s**-1,5.9187884494185425,0.6660474538803101,14.953888893127441
ws10m,cds__era5_sl_monthly__ERA5__reanalysis__ws10m__surface__monthly__2015-2015__m01__NH0_90__grid_1p0.grib,2015-01,2015,1,si10,m s**-1,5.947701025018865,0.6328219175338745,15.364755630493164
ws10m,cds__era5_sl_monthly__ERA5__reanalysis__ws10m__surface__monthly__2015-2015__m02__NH0_90__grid_1p0.grib,2015-02,2015,2,si10,m s**-1,5.7711481612378055,0.6445873379707336,13.855036735534668
ws10m,cds__era5_sl_monthly__ERA5__reanalysis__ws10m__surface__monthly__2015-2015__m03__NH0_90__grid_1p0.grib,2015-03,2015,3,si10,m s**-1,5.637065120469308,0.605342447757721,13.693721771240234
ws10m,cds__era5_sl_monthly__ERA5__reanalysis__ws10m__surface__monthly__2015-2015__m04__NH0_90__grid_1p0.grib,2015-04,2015,4,si10,m s**-1,5.2578903847210325,0.5026189684867859,12.150568008422852
ws10m,cds__era5_sl_monthly__ERA5__reanalysis__ws10m__surface__monthly__2015-2015__m05__NH0_90__grid_1p0.grib,2015-05,2015,5,si10,m s**-1,5.0017828511189295,0.5150105953216553,11.266963958740234
ws10m,cds__era5_sl_monthly__ERA5__reanalysis__ws10m__surface__monthly__2015-2015__m06__NH0_90__grid_1p0.grib,2015-06,2015,6,si10,m s**-1,4.9222356647165615,0.5707418322563171,13.038026809692383
ws10m,cds__era5_sl_monthly__ERA5__reanalysis__ws10m__surface__monthly__2015-2015__m07__NH0_90__grid_1p0.grib,2015-07,2015,7,si10,m s**-1,4.837995541062718,0.5589492321014404,14.55846118927002
ws10m,cds__era5_sl_monthly__ERA5__reanalysis__ws10m__surface__monthly__2015-2015__m08__NH0_90__grid_1p0.grib,2015-08,2015,8,si10,m s**-1,4.746619577501127,0.5348745584487915,13.75899600982666
ws10m,cds__era5_sl_monthly__ERA5__reanalysis__ws10m__surface__monthly__2015-2015__m09__NH0_90__grid_1p0.grib,2015-09,2015,9,si10,m s**-1,4.772738182382377,0.603695809841156,10.7316255569458
ws10m,cds__era5_sl_monthly__ERA5__reanalysis__ws10m__surface__monthly__2015-2015__m10__NH0_90__grid_1p0.grib,2015-10,2015,10,si10,m s**-1,5.155750977292838,0.631788969039917,11.572463035583496
ws10m,cds__era5_sl_monthly__ERA5__reanalysis__ws10m__surface__monthly__2015-2015__m11__NH0_90__grid_1p0.grib,2015-11,2015,11,si10,m s**-1,5.546840471844707,0.6756529211997986,13.019890785217285
ws10m,cds__era5_sl_monthly__ERA5__reanalysis__ws10m__surface__monthly__2015-2015__m12__NH0_90__grid_1p0.grib,2015-12,2015,12,si10,m s**-1,6.062283373501715,0.6443012356758118,13.873305320739746
ws10m,cds__era5_sl_monthly__ERA5__reanalysis__ws10m__surface__monthly__2016-2016__m01__NH0_90__grid_1p0.grib,2016-01,2016,1,si10,m s**-1,5.930536951632387,0.604919970035553,14.103699684143066
ws10m,cds__era5_sl_monthly__ERA5__reanalysis__ws10m__surface__monthly__2016-2016__m02__NH0_90__grid_1p0.grib,2016-02,2016,2,si10,m s**-1,6.150278074156712,0.5846272110939026,14.013582229614258
ws10m,cds__era5_sl_monthly__ERA5__reanalysis__ws10m__surface__monthly__2016-2016__m03__NH0_90__grid_1p0.grib,2016-03,2016,3,si10,m s**-1,5.576947676511258,0.6256513595581055,12.903483390808105
ws10m,cds__era5_sl_monthly__ERA5__reanalysis__ws10m__surface__monthly__2016-2016__m04__NH0_90__grid_1p0.grib,2016-04,2016,4,si10,m s**-1,5.320311429065035,0.5239357352256775,12.100595474243164
ws10m,cds__era5_sl_monthly__ERA5__reanalysis__ws10m__surface__monthly__2016-2016__m05__NH0_90__grid_1p0.grib,2016-05,2016,5,si10,m s**-1,5.0356879235648435,0.512333333492279,10.089969635009766
ws10m,cds__era5_sl_monthly__ERA5__reanalysis__ws10m__surface__monthly__2016-2016__m06__NH0_90__grid_1p0.grib,2016-06,2016,6,si10,m s**-1,4.901677563895376,0.5852273106575012,14.035422325134277
ws10m,cds__era5_sl_monthly__ERA5__reanalysis__ws10m__surface__monthly__2016-2016__m07__NH0_90__grid_1p0.grib,2016-07,2016,7,si10,m s**-1,4.838941763940557,0.5795971751213074,15.179695129394531
ws10m,cds__era5_sl_monthly__ERA5__reanalysis__ws10m__surface__monthly__2016-2016__m08__NH0_90__grid_1p0.grib,2016-08,2016,8,si10,m s**-1,4.969789331159315,0.5700287818908691,14.233602523803711
ws10m,cds__era5_sl_monthly__ERA5__reanalysis__ws10m__surface__monthly__2016-2016__m09__NH0_90__grid_1p0.grib,2016-09,2016,9,si10,m s**-1,4.9597747375264305,0.6397391557693481,12.443938255310059
ws10m,cds__era5_sl_monthly__ERA5__reanalysis__ws10m__surface__monthly__2016-2016__m10__NH0_90__grid_1p0.grib,2016-10,2016,10,si10,m s**-1,5.197839851581295,0.617922842502594,12.37524700164795
ws10m,cds__era5_sl_monthly__ERA5__reanalysis__ws10m__surface__monthly__2016-2016__m11__NH0_90__grid_1p0.grib,2016-11,2016,11,si10,m s**-1,5.49304097616507,0.6581063866615295,12.804591178894043
ws10m,cds__era5_sl_monthly__ERA5__reanalysis__ws10m__surface__monthly__2016-2016__m12__NH0_90__grid_1p0.grib,2016-12,2016,12,si10,m s**-1,5.937485370760205,0.6458364129066467,13.82601261138916
ws10m,cds__era5_sl_monthly__ERA5__reanalysis__ws10m__surface__monthly__2017-2017__m01__NH0_90__grid_1p0.grib,2017-01,2017,1,si10,m s**-1,5.896142552429287,0.6363695859909058,12.752336502075195
ws10m,cds__era5_sl_monthly__ERA5__reanalysis__ws10m__surface__monthly__2017-2017__m02__NH0_90__grid_1p0.grib,2017-02,2017,2,si10,m s**-1,5.820301765099866,0.6310833692550659,12.969462394714355
ws10m,cds__era5_sl_monthly__ERA5__reanalysis__ws10m__surface__monthly__2017-2017__m03__NH0_90__grid_1p0.grib,2017-03,2017,3,si10,m s**-1,5.626063415151152,0.5850303173065186,13.278389930725098
ws10m,cds__era5_sl_monthly__ERA5__reanalysis__ws10m__surface__monthly__2017-2017__m04__NH0_90__grid_1p0.grib,2017-04,2017,4,si10,m s**-1,5.250577641678377,0.5435031652450562,11.566940307617188
ws10m,cds__era5_sl_monthly__ERA5__reanalysis__ws10m__surface__monthly__2017-2017__m05__NH0_90__grid_1p0.grib,2017-05,2017,5,si10,m s**-1,5.047661449216777,0.5667470693588257,11.511570930480957
ws10m,cds__era5_sl_monthly__ERA5__reanalysis__ws10m__surface__monthly__2017-2017__m06__NH0_90__grid_1p0.grib,2017-06,2017,6,si10,m s**-1,4.9080116496642345,0.5201201438903809,13.839944839477539
ws10m,cds__era5_sl_monthly__ERA5__reanalysis__ws10m__surface__monthly__2017-2017__m07__NH0_90__grid_1p0.grib,2017-07,2017,7,si10,m s**-1,4.892365422676477,0.5536400079727173,15.022390365600586
ws10m,cds__era5_sl_monthly__ERA5__reanalysis__ws10m__surface__monthly__2017-2017__m08__NH0_90__grid_1p0.grib,2017-08,2017,8,si10,m s**-1,4.774460155750161,0.5802882313728333,14.22774887084961
ws10m,cds__era5_sl_monthly__ERA5__reanalysis__ws10m__surface__monthly__2017-2017__m09__NH0_90__grid_1p0.grib,2017-09,2017,9,si10,m s**-1,4.893210047650823,0.5470358729362488,11.503334999084473
ws10m,cds__era5_sl_monthly__ERA5__reanalysis__ws10m__surface__monthly__2017-2017__m10__NH0_90__grid_1p0.grib,2017-10,2017,10,si10,m s**-1,5.300977775807109,0.6335506439208984,12.740484237670898
ws10m,cds__era5_sl_monthly__ERA5__reanalysis__ws10m__surface__monthly__2017-2017__m11__NH0_90__grid_1p0.grib,2017-11,2017,11,si10,m s**-1,5.445627771295958,0.6529195308685303,13.13412094116211
ws10m,cds__era5_sl_monthly__ERA5__reanalysis__ws10m__surface__monthly__2017-2017__m12__NH0_90__grid_1p0.grib,2017-12,2017,12,si10,m s**-1,5.866932882802931,0.6272760629653931,13.725420951843262
ws10m,cds__era5_sl_monthly__ERA5__reanalysis__ws10m__surface__monthly__2018-2018__m01__NH0_90__grid_1p0.grib,2018-01,2018,1,si10,m s**-1,5.967543508388597,0.6328853964805603,14.190746307373047
ws10m,cds__era5_sl_monthly__ERA5__reanalysis__ws10m__surface__monthly__2018-2018__m02__NH0_90__grid_1p0.grib,2018-02,2018,2,si10,m s**-1,5.791136912500886,0.5832232236862183,14.787324905395508
ws10m,cds__era5_sl_monthly__ERA5__reanalysis__ws10m__surface__monthly__2018-2018__m03__NH0_90__grid_1p0.grib,2018-03,2018,3,si10,m s**-1,5.5909614732906725,0.6009146571159363,13.66487979888916
ws10m,cds__era5_sl_monthly__ERA5__reanalysis__ws10m__surface__monthly__2018-2018__m04__NH0_90__grid_1p0.grib,2018-04,2018,4,si10,m s**-1,5.335049300520403,0.5560154318809509,12.247421264648438
ws10m,cds__era5_sl_monthly__ERA5__reanalysis__ws10m__surface__monthly__2018-2018__m05__NH0_90__grid_1p0.grib,2018-05,2018,5,si10,m s**-1,5.037355150810943,0.5158596038818359,11.382070541381836
ws10m,cds__era5_sl_monthly__ERA5__reanalysis__ws10m__surface__monthly__2018-2018__m06__NH0_90__grid_1p0.grib,2018-06,2018,6,si10,m s**-1,4.97096611673594,0.5038626194000244,13.864213943481445
ws10m,cds__era5_sl_monthly__ERA5__reanalysis__ws10m__surface__monthly__2018-2018__m07__NH0_90__grid_1p0.grib,2018-07,2018,7,si10,m s**-1,5.04774865463378,0.5132657885551453,15.166097640991211
ws10m,cds__era5_sl_monthly__ERA5__reanalysis__ws10m__surface__monthly__2018-2018__m08__NH0_90__grid_1p0.grib,2018-08,2018,8,si10,m s**-1,4.921293757252925,0.6147119402885437,14.70504379272461
ws10m,cds__era5_sl_monthly__ERA5__reanalysis__ws10m__surface__monthly__2018-2018__m09__NH0_90__grid_1p0.grib,2018-09,2018,9,si10,m s**-1,4.890903582562629,0.6376650929450989,10.643035888671875
ws10m,cds__era5_sl_monthly__ERA5__reanalysis__ws10m__surface__monthly__2018-2018__m10__NH0_90__grid_1p0.grib,2018-10,2018,10,si10,m s**-1,5.0839261679463785,0.6365331411361694,11.9766206741333
ws10m,cds__era5_sl_monthly__ERA5__reanalysis__ws10m__surface__monthly__2018-2018__m11__NH0_90__grid_1p0.grib,2018-11,2018,11,si10,m s**-1,5.462515937826214,0.6339855790138245,13.94892692565918
ws10m,cds__era5_sl_monthly__ERA5__reanalysis__ws10m__surface__monthly__2018-2018__m12__NH0_90__grid_1p0.grib,2018-12,2018,12,si10,m s**-1,5.888111370078482,0.580156147480011,13.283769607543945
ws10m,cds__era5_sl_monthly__ERA5__reanalysis__ws10m__surface__monthly__2019-2019__m01__NH0_90__grid_1p0.grib,2019-01,2019,1,si10,m s**-1,5.797474578595115,0.5875815153121948,13.074642181396484
ws10m,cds__era5_sl_monthly__ERA5__reanalysis__ws10m__surface__monthly__2019-2019__m02__NH0_90__grid_1p0.grib,2019-02,2019,2,si10,m s**-1,5.8670187115203625,0.5847193002700806,13.52954387664795
ws10m,cds__era5_sl_monthly__ERA5__reanalysis__ws10m__surface__monthly__2019-2019__m03__NH0_90__grid_1p0.grib,2019-03,2019,3,si10,m s**-1,5.638015580996384,0.5965732336044312,13.302627563476562
ws10m,cds__era5_sl_monthly__ERA5__reanalysis__ws10m__surface__monthly__2019-2019__m04__NH0_90__grid_1p0.grib,2019-04,2019,4,si10,m s**-1,5.309716190512158,0.5355848670005798,12.333924293518066
ws10m,cds__era5_sl_monthly__ERA5__reanalysis__ws10m__surface__monthly__2019-2019__m05__NH0_90__grid_1p0.grib,2019-05,2019,5,si10,m s**-1,4.893665258103797,0.5298213362693787,13.225133895874023
ws10m,cds__era5_sl_monthly__ERA5__reanalysis__ws10m__surface__monthly__2019-2019__m06__NH0_90__grid_1p0.grib,2019-06,2019,6,si10,m s**-1,4.845392916152151,0.5186283588409424,12.969799995422363
ws10m,cds__era5_sl_monthly__ERA5__reanalysis__ws10m__surface__monthly__2019-2019__m07__NH0_90__grid_1p0.grib,2019-07,2019,7,si10,m s**-1,4.7741079213012405,0.5288490056991577,14.908243179321289
ws10m,cds__era5_sl_monthly__ERA5__reanalysis__ws10m__surface__monthly__2019-2019__m08__NH0_90__grid_1p0.grib,2019-08,2019,8,si10,m s**-1,4.830063165445362,0.6254028081893921,14.390539169311523
ws10m,cds__era5_sl_monthly__ERA5__reanalysis__ws10m__surface__monthly__2019-2019__m09__NH0_90__grid_1p0.grib,2019-09,2019,9,si10,m s**-1,4.948053615549973,0.640053391456604,12.100502967834473
ws10m,cds__era5_sl_monthly__ERA5__reanalysis__ws10m__surface__monthly__2019-2019__m10__NH0_90__grid_1p0.grib,2019-10,2019,10,si10,m s**-1,4.9878412491887705,0.6266317963600159,11.590010643005371
ws10m,cds__era5_sl_monthly__ERA5__reanalysis__ws10m__surface__monthly__2019-2019__m11__NH0_90__grid_1p0.grib,2019-11,2019,11,si10,m s**-1,5.4639850650694575,0.635724663734436,12.904767990112305
ws10m,cds__era5_sl_monthly__ERA5__reanalysis__ws10m__surface__monthly__2019-2019__m12__NH0_90__grid_1p0.grib,2019-12,2019,12,si10,m s**-1,5.8999031012146,0.5934340953826904,13.19865894317627
ws10m,cds__era5_sl_monthly__ERA5__reanalysis__ws10m__surface__monthly__2020-2020__m01__NH0_90__grid_1p0.grib,2020-01,2020,1,si10,m s**-1,5.939833586304208,0.627943217754364,14.47974967956543
ws10m,cds__era5_sl_monthly__ERA5__reanalysis__ws10m__surface__monthly__2020-2020__m02__NH0_90__grid_1p0.grib,2020-02,2020,2,si10,m s**-1,6.064524257857132,0.632793128490448,14.580059051513672
ws10m,cds__era5_sl_monthly__ERA5__reanalysis__ws10m__surface__monthly__2020-2020__m03__NH0_90__grid_1p0.grib,2020-03,2020,3,si10,m s**-1,5.670078207789163,0.5481215715408325,12.830836296081543
ws10m,cds__era5_sl_monthly__ERA5__reanalysis__ws10m__surface__monthly__2020-2020__m04__NH0_90__grid_1p0.grib,2020-04,2020,4,si10,m s**-1,5.255530836828378,0.5280355215072632,12.517292976379395
ws10m,cds__era5_sl_monthly__ERA5__reanalysis__ws10m__surface__monthly__2020-2020__m05__NH0_90__grid_1p0.grib,2020-05,2020,5,si10,m s**-1,5.081691929209838,0.5353406071662903,10.797547340393066
ws10m,cds__era5_sl_monthly__ERA5__reanalysis__ws10m__surface__monthly__2020-2020__m06__NH0_90__grid_1p0.grib,2020-06,2020,6,si10,m s**-1,4.915277405888643,0.505546510219574,13.597343444824219
ws10m,cds__era5_sl_monthly__ERA5__reanalysis__ws10m__surface__monthly__2020-2020__m07__NH0_90__grid_1p0.grib,2020-07,2020,7,si10,m s**-1,4.805579357451116,0.44164180755615234,14.568594932556152
ws10m,cds__era5_sl_monthly__ERA5__reanalysis__ws10m__surface__monthly__2020-2020__m08__NH0_90__grid_1p0.grib,2020-08,2020,8,si10,m s**-1,4.780002657901596,0.5909876227378845,14.314131736755371
ws10m,cds__era5_sl_monthly__ERA5__reanalysis__ws10m__surface__monthly__2020-2020__m09__NH0_90__grid_1p0.grib,2020-09,2020,9,si10,m s**-1,4.882070884697445,0.6414548754692078,11.931493759155273
ws10m,cds__era5_sl_monthly__ERA5__reanalysis__ws10m__surface__monthly__2020-2020__m10__NH0_90__grid_1p0.grib,2020-10,2020,10,si10,m s**-1,5.170602147799732,0.6078888177871704,13.815408706665039
ws10m,cds__era5_sl_monthly__ERA5__reanalysis__ws10m__surface__monthly__2020-2020__m11__NH0_90__grid_1p0.grib,2020-11,2020,11,si10,m s**-1,5.65933579061535,0.6380425095558167,13.230815887451172
ws10m,cds__era5_sl_monthly__ERA5__reanalysis__ws10m__surface__monthly__2020-2020__m12__NH0_90__grid_1p0.grib,2020-12,2020,12,si10,m s**-1,5.835301048853764,0.5955409407615662,14.091634750366211
ws10m,cds__era5_sl_monthly__ERA5__reanalysis__ws10m__surface__monthly__2021-2021__m01__NH0_90__grid_1p0.grib,2021-01,2021,1,si10,m s**-1,5.927083863092592,0.5826584696769714,13.776506423950195
ws10m,cds__era5_sl_monthly__ERA5__reanalysis__ws10m__surface__monthly__2021-2021__m02__NH0_90__grid_1p0.grib,2021-02,2021,2,si10,m s**-1,5.914546304160679,0.6151804327964783,15.227972984313965
ws10m,cds__era5_sl_monthly__ERA5__reanalysis__ws10m__surface__monthly__2021-2021__m03__NH0_90__grid_1p0.grib,2021-03,2021,3,si10,m s**-1,5.725993633759687,0.5667924880981445,12.654194831848145
ws10m,cds__era5_sl_monthly__ERA5__reanalysis__ws10m__surface__monthly__2021-2021__m04__NH0_90__grid_1p0.grib,2021-04,2021,4,si10,m s**-1,5.1839584394789435,0.5561079382896423,12.551712989807129
ws10m,cds__era5_sl_monthly__ERA5__reanalysis__ws10m__surface__monthly__2021-2021__m05__NH0_90__grid_1p0.grib,2021-05,2021,5,si10,m s**-1,5.152937897503165,0.5481478571891785,12.165335655212402
ws10m,cds__era5_sl_monthly__ERA5__reanalysis__ws10m__surface__monthly__2021-2021__m06__NH0_90__grid_1p0.grib,2021-06,2021,6,si10,m s**-1,4.941425726681922,0.5410502552986145,13.31839370727539
ws10m,cds__era5_sl_monthly__ERA5__reanalysis__ws10m__surface__monthly__2021-2021__m07__NH0_90__grid_1p0.grib,2021-07,2021,7,si10,m s**-1,4.9764954819412734,0.5320943593978882,14.85631275177002
ws10m,cds__era5_sl_monthly__ERA5__reanalysis__ws10m__surface__monthly__2021-2021__m08__NH0_90__grid_1p0.grib,2021-08,2021,8,si10,m s**-1,4.775602249470971,0.6108132600784302,13.71872329711914
ws10m,cds__era5_sl_monthly__ERA5__reanalysis__ws10m__surface__monthly__2021-2021__m09__NH0_90__grid_1p0.grib,2021-09,2021,9,si10,m s**-1,4.914160266696453,0.5866426825523376,12.313204765319824
ws10m,cds__era5_sl_monthly__ERA5__reanalysis__ws10m__surface__monthly__2021-2021__m10__NH0_90__grid_1p0.grib,2021-10,2021,10,si10,m s**-1,5.223531740069499,0.7247868776321411,13.554376602172852
ws10m,cds__era5_sl_monthly__ERA5__reanalysis__ws10m__surface__monthly__2021-2021__m11__NH0_90__grid_1p0.grib,2021-11,2021,11,si10,m s**-1,5.391505485579649,0.6469377875328064,12.499720573425293
ws10m,cds__era5_sl_monthly__ERA5__reanalysis__ws10m__surface__monthly__2021-2021__m12__NH0_90__grid_1p0.grib,2021-12,2021,12,si10,m s**-1,5.865114413598737,0.6029973030090332,15.415008544921875
ws10m,cds__era5_sl_monthly__ERA5__reanalysis__ws10m__surface__monthly__2022-2022__m01__NH0_90__grid_1p0.grib,2022-01,2022,1,si10,m s**-1,5.7235630724684565,0.6494293212890625,14.190444946289062
ws10m,cds__era5_sl_monthly__ERA5__reanalysis__ws10m__surface__monthly__2022-2022__m02__NH0_90__grid_1p0.grib,2022-02,2022,2,si10,m s**-1,5.946121792491589,0.5721381902694702,16.0203800201416
ws10m,cds__era5_sl_monthly__ERA5__reanalysis__ws10m__surface__monthly__2022-2022__m03__NH0_90__grid_1p0.grib,2022-03,2022,3,si10,m s**-1,5.684036586171736,0.6139906644821167,14.333717346191406
ws10m,cds__era5_sl_monthly__ERA5__reanalysis__ws10m__surface__monthly__2022-2022__m04__NH0_90__grid_1p0.grib,2022-04,2022,4,si10,m s**-1,5.332864920135828,0.5236910581588745,11.941659927368164
ws10m,cds__era5_sl_monthly__ERA5__reanalysis__ws10m__surface__monthly__2022-2022__m05__NH0_90__grid_1p0.grib,2022-05,2022,5,si10,m s**-1,5.08641446403746,0.5656039714813232,10.495291709899902
ws10m,cds__era5_sl_monthly__ERA5__reanalysis__ws10m__surface__monthly__2022-2022__m06__NH0_90__grid_1p0.grib,2022-06,2022,6,si10,m s**-1,4.923176864056871,0.49930739402770996,13.801553726196289
ws10m,cds__era5_sl_monthly__ERA5__reanalysis__ws10m__surface__monthly__2022-2022__m07__NH0_90__grid_1p0.grib,2022-07,2022,7,si10,m s**-1,4.954981081661392,0.499747097492218,15.389883995056152
ws10m,cds__era5_sl_monthly__ERA5__reanalysis__ws10m__surface__monthly__2022-2022__m08__NH0_90__grid_1p0.grib,2022-08,2022,8,si10,m s**-1,4.770188086889282,0.5325910449028015,13.899778366088867
ws10m,cds__era5_sl_monthly__ERA5__reanalysis__ws10m__surface__monthly__2022-2022__m09__NH0_90__grid_1p0.grib,2022-09,2022,9,si10,m s**-1,4.90967284819662,0.611344039440155,12.182145118713379
ws10m,cds__era5_sl_monthly__ERA5__reanalysis__ws10m__surface__monthly__2022-2022__m10__NH0_90__grid_1p0.grib,2022-10,2022,10,si10,m s**-1,5.159873136343736,0.5775972008705139,13.776816368103027
ws10m,cds__era5_sl_monthly__ERA5__reanalysis__ws10m__surface__monthly__2022-2022__m11__NH0_90__grid_1p0.grib,2022-11,2022,11,si10,m s**-1,5.454083683906905,0.6096793413162231,14.532286643981934
ws10m,cds__era5_sl_monthly__ERA5__reanalysis__ws10m__surface__monthly__2022-2022__m12__NH0_90__grid_1p0.grib,2022-12,2022,12,si10,m s**-1,5.821855919030007,0.647682249546051,14.443092346191406
ws10m,cds__era5_sl_monthly__ERA5__reanalysis__ws10m__surface__monthly__2023-2023__m01__NH0_90__grid_1p0.grib,2023-01,2023,1,si10,m s**-1,5.900038197193871,0.6649309396743774,13.653456687927246
ws10m,cds__era5_sl_monthly__ERA5__reanalysis__ws10m__surface__monthly__2023-2023__m02__NH0_90__grid_1p0.grib,2023-02,2023,2,si10,m s**-1,5.983906687276739,0.5877708792686462,14.205202102661133
ws10m,cds__era5_sl_monthly__ERA5__reanalysis__ws10m__surface__monthly__2023-2023__m03__NH0_90__grid_1p0.grib,2023-03,2023,3,si10,m s**-1,5.433818835073064,0.5659846663475037,13.409002304077148
ws10m,cds__era5_sl_monthly__ERA5__reanalysis__ws10m__surface__monthly__2023-2023__m04__NH0_90__grid_1p0.grib,2023-04,2023,4,si10,m s**-1,5.178286404816903,0.5321561694145203,12.406179428100586
ws10m,cds__era5_sl_monthly__ERA5__reanalysis__ws10m__surface__monthly__2023-2023__m05__NH0_90__grid_1p0.grib,2023-05,2023,5,si10,m s**-1,5.062824152201847,0.5099495053291321,10.903016090393066
ws10m,cds__era5_sl_monthly__ERA5__reanalysis__ws10m__surface__monthly__2023-2023__m06__NH0_90__grid_1p0.grib,2023-06,2023,6,si10,m s**-1,4.84751277717013,0.5009104013442993,12.893488883972168
ws10m,cds__era5_sl_monthly__ERA5__reanalysis__ws10m__surface__monthly__2023-2023__m07__NH0_90__grid_1p0.grib,2023-07,2023,7,si10,m s**-1,4.854704355217389,0.5191096663475037,15.197332382202148
ws10m,cds__era5_sl_monthly__ERA5__reanalysis__ws10m__surface__monthly__2023-2023__m08__NH0_90__grid_1p0.grib,2023-08,2023,8,si10,m s**-1,4.785293937124514,0.6351225972175598,13.545766830444336
ws10m,cds__era5_sl_monthly__ERA5__reanalysis__ws10m__surface__monthly__2023-2023__m09__NH0_90__grid_1p0.grib,2023-09,2023,9,si10,m s**-1,4.81709007056962,0.644952654838562,11.998468399047852
ws10m,cds__era5_sl_monthly__ERA5__reanalysis__ws10m__surface__monthly__2023-2023__m10__NH0_90__grid_1p0.grib,2023-10,2023,10,si10,m s**-1,4.991155081193627,0.5661186575889587,11.960649490356445
ws10m,cds__era5_sl_monthly__ERA5__reanalysis__ws10m__surface__monthly__2023-2023__m11__NH0_90__grid_1p0.grib,2023-11,2023,11,si10,m s**-1,5.4675744520304,0.633198082447052,12.817279815673828
ws10m,cds__era5_sl_monthly__ERA5__reanalysis__ws10m__surface__monthly__2023-2023__m12__NH0_90__grid_1p0.grib,2023-12,2023,12,si10,m s**-1,5.784380924344714,0.6363352537155151,13.939558029174805
ws10m,cds__era5_sl_monthly__ERA5__reanalysis__ws10m__surface__monthly__2024-2024__m01__NH0_90__grid_1p0.grib,2024-01,2024,1,si10,m s**-1,5.935502396873959,0.6687761545181274,12.982985496520996
ws10m,cds__era5_sl_monthly__ERA5__reanalysis__ws10m__surface__monthly__2024-2024__m02__NH0_90__grid_1p0.grib,2024-02,2024,2,si10,m s**-1,5.834804273871888,0.6197497248649597,13.016722679138184
ws10m,cds__era5_sl_monthly__ERA5__reanalysis__ws10m__surface__monthly__2024-2024__m03__NH0_90__grid_1p0.grib,2024-03,2024,3,si10,m s**-1,5.613715003658715,0.5752881765365601,12.856781959533691
ws10m,cds__era5_sl_monthly__ERA5__reanalysis__ws10m__surface__monthly__2024-2024__m04__NH0_90__grid_1p0.grib,2024-04,2024,4,si10,m s**-1,5.332627037949574,0.5072102546691895,10.779182434082031
ws10m,cds__era5_sl_monthly__ERA5__reanalysis__ws10m__surface__monthly__2024-2024__m05__NH0_90__grid_1p0.grib,2024-05,2024,5,si10,m s**-1,5.024230383546218,0.5410541296005249,10.916053771972656
ws10m,cds__era5_sl_monthly__ERA5__reanalysis__ws10m__surface__monthly__2024-2024__m06__NH0_90__grid_1p0.grib,2024-06,2024,6,si10,m s**-1,4.943327223311378,0.4949690103530884,13.218113899230957
ws10m,cds__era5_sl_monthly__ERA5__reanalysis__ws10m__surface__monthly__2024-2024__m07__NH0_90__grid_1p0.grib,2024-07,2024,7,si10,m s**-1,4.937711215991718,0.457733154296875,14.994354248046875
ws10m,cds__era5_sl_monthly__ERA5__reanalysis__ws10m__surface__monthly__2024-2024__m08__NH0_90__grid_1p0.grib,2024-08,2024,8,si10,m s**-1,4.846970215199383,0.5756257176399231,13.7855863571167
ws10m,cds__era5_sl_monthly__ERA5__reanalysis__ws10m__surface__monthly__2024-2024__m09__NH0_90__grid_1p0.grib,2024-09,2024,9,si10,m s**-1,4.9534265468622705,0.6457420587539673,11.878652572631836
ws10m,cds__era5_sl_monthly__ERA5__reanalysis__ws10m__surface__monthly__2024-2024__m10__NH0_90__grid_1p0.grib,2024-10,2024,10,si10,m s**-1,5.1946249352573,0.6695839166641235,13.032865524291992
ws10m,cds__era5_sl_monthly__ERA5__reanalysis__ws10m__surface__monthly__2024-2024__m11__NH0_90__grid_1p0.grib,2024-11,2024,11,si10,m s**-1,5.488519303643938,0.5839667916297913,13.108625411987305
ws10m,cds__era5_sl_monthly__ERA5__reanalysis__ws10m__surface__monthly__2024-2024__m12__NH0_90__grid_1p0.grib,2024-12,2024,12,si10,m s**-1,5.895242397800342,0.6267254948616028,14.385514259338379
ws10m,cds__era5_sl_monthly__ERA5__reanalysis__ws10m__surface__monthly__2025-2025__m01__NH0_90__grid_1p0.grib,2025-01,2025,1,si10,m s**-1,5.926955381959637,0.6376972794532776,13.147951126098633
ws10m,cds__era5_sl_monthly__ERA5__reanalysis__ws10m__surface__monthly__2025-2025__m02__NH0_90__grid_1p0.grib,2025-02,2025,2,si10,m s**-1,5.872834991207215,0.568504273891449,14.743064880371094
ws10m,cds__era5_sl_monthly__ERA5__reanalysis__ws10m__surface__monthly__2025-2025__m03__NH0_90__grid_1p0.grib,2025-03,2025,3,si10,m s**-1,5.686457252559785,0.5532911419868469,13.357734680175781
ws10m,cds__era5_sl_monthly__ERA5__reanalysis__ws10m__surface__monthly__2025-2025__m04__NH0_90__grid_1p0.grib,2025-04,2025,4,si10,m s**-1,5.3081525381469765,0.528124213218689,12.12333869934082
ws10m,cds__era5_sl_monthly__ERA5__reanalysis__ws10m__surface__monthly__2025-2025__m05__NH0_90__grid_1p0.grib,2025-05,2025,5,si10,m s**-1,5.148875581353632,0.5474794507026672,11.090448379516602
ws10m,cds__era5_sl_monthly__ERA5__reanalysis__ws10m__surface__monthly__2025-2025__m06__NH0_90__grid_1p0.grib,2025-06,2025,6,si10,m s**-1,4.944220266284402,0.4727306365966797,13.58747673034668
ws10m,cds__era5_sl_monthly__ERA5__reanalysis__ws10m__surface__monthly__2025-2025__m07__NH0_90__grid_1p0.grib,2025-07,2025,7,si10,m s**-1,4.967091938651769,0.5276249647140503,15.24881649017334
ws10m,cds__era5_sl_monthly__ERA5__reanalysis__ws10m__surface__monthly__2025-2025__m08__NH0_90__grid_1p0.grib,2025-08,2025,8,si10,m s**-1,4.727225710865695,0.5091577172279358,13.90124797821045
ws10m,cds__era5_sl_monthly__ERA5__reanalysis__ws10m__surface__monthly__2025-2025__m09__NH0_90__grid_1p0.grib,2025-09,2025,9,si10,m s**-1,4.855980663845888,0.5649878978729248,12.223191261291504
ws10m,cds__era5_sl_monthly__ERA5__reanalysis__ws10m__surface__monthly__2025-2025__m10__NH0_90__grid_1p0.grib,2025-10,2025,10,si10,m s**-1,5.20865286213228,0.669171154499054,12.571515083312988
ws10m,cds__era5_sl_monthly__ERA5__reanalysis__ws10m__surface__monthly__2025-2025__m11__NH0_90__grid_1p0.grib,2025-11,2025,11,si10,m s**-1,5.513184809731814,0.6508718729019165,13.520501136779785
ws10m,cds__era5_sl_monthly__ERA5__reanalysis__ws10m__surface__monthly__2025-2025__m12__NH0_90__grid_1p0.grib,2025-12,2025,12,si10,m s**-1,5.727894285782305,0.6148067712783813,15.07452392578125
z500,cds__era5_pl_monthly__ERA5__reanalysis__z500__500hPa__monthly__2000-2000__m01__NH0_90__grid_1p0.grib,2000-01,2000,1,z,m**2 s**-2,54976.05295734176,48362.06640625,57473.31640625
z500,cds__era5_pl_monthly__ERA5__reanalysis__z500__500hPa__monthly__2000-2000__m02__NH0_90__grid_1p0.grib,2000-02,2000,2,z,m**2 s**-2,54947.975617345954,48649.6796875,57589.4296875
z500,cds__era5_pl_monthly__ERA5__reanalysis__z500__500hPa__monthly__2000-2000__m03__NH0_90__grid_1p0.grib,2000-03,2000,3,z,m**2 s**-2,55171.942896276785,49586.1171875,57649.8671875
z500,cds__era5_pl_monthly__ERA5__reanalysis__z500__500hPa__monthly__2000-2000__m04__NH0_90__grid_1p0.grib,2000-04,2000,4,z,m**2 s**-2,55641.330759315555,50246.05078125,57738.80078125
z500,cds__era5_pl_monthly__ERA5__reanalysis__z500__500hPa__monthly__2000-2000__m05__NH0_90__grid_1p0.grib,2000-05,2000,5,z,m**2 s**-2,56098.28466462963,51245.0546875,57863.0546875
z500,cds__era5_pl_monthly__ERA5__reanalysis__z500__500hPa__monthly__2000-2000__m06__NH0_90__grid_1p0.grib,2000-06,2000,6,z,m**2 s**-2,56544.22436352702,51785.6171875,58044.6171875
z500,cds__era5_pl_monthly__ERA5__reanalysis__z500__500hPa__monthly__2000-2000__m07__NH0_90__grid_1p0.grib,2000-07,2000,7,z,m**2 s**-2,56792.43463613737,53100.453125,58192.203125
z500,cds__era5_pl_monthly__ERA5__reanalysis__z500__500hPa__monthly__2000-2000__m08__NH0_90__grid_1p0.grib,2000-08,2000,8,z,m**2 s**-2,56790.209652799116,52349.67578125,58154.92578125
z500,cds__era5_pl_monthly__ERA5__reanalysis__z500__500hPa__monthly__2000-2000__m09__NH0_90__grid_1p0.grib,2000-09,2000,9,z,m**2 s**-2,56368.8658949633,50991.33203125,57816.83203125
z500,cds__era5_pl_monthly__ERA5__reanalysis__z500__500hPa__monthly__2000-2000__m10__NH0_90__grid_1p0.grib,2000-10,2000,10,z,m**2 s**-2,55972.66942234539,50434.18359375,57806.68359375
z500,cds__era5_pl_monthly__ERA5__reanalysis__z500__500hPa__monthly__2000-2000__m11__NH0_90__grid_1p0.grib,2000-11,2000,11,z,m**2 s**-2,55513.878278089076,49781.15234375,57793.40234375
z500,cds__era5_pl_monthly__ERA5__reanalysis__z500__500hPa__monthly__2000-2000__m12__NH0_90__grid_1p0.grib,2000-12,2000,12,z,m**2 s**-2,55172.833074598035,49612.66015625,57756.41015625
z500,cds__era5_pl_monthly__ERA5__reanalysis__z500__500hPa__monthly__2001-2001__m01__NH0_90__grid_1p0.grib,2001-01,2001,1,z,m**2 s**-2,54957.0418125801,48229.3828125,57654.1328125
z500,cds__era5_pl_monthly__ERA5__reanalysis__z500__500hPa__monthly__2001-2001__m02__NH0_90__grid_1p0.grib,2001-02,2001,2,z,m**2 s**-2,54969.02673769365,48888.80859375,57563.55859375
z500,cds__era5_pl_monthly__ERA5__reanalysis__z500__500hPa__monthly__2001-2001__m03__NH0_90__grid_1p0.grib,2001-03,2001,3,z,m**2 s**-2,55182.53852871741,49705.28515625,57584.28515625
z500,cds__era5_pl_monthly__ERA5__reanalysis__z500__500hPa__monthly__2001-2001__m04__NH0_90__grid_1p0.grib,2001-04,2001,4,z,m**2 s**-2,55639.20885761752,48900.140625,57696.390625
z500,cds__era5_pl_monthly__ERA5__reanalysis__z500__500hPa__monthly__2001-2001__m05__NH0_90__grid_1p0.grib,2001-05,2001,5,z,m**2 s**-2,56132.488773132216,51609.6796875,57835.4296875
z500,cds__era5_pl_monthly__ERA5__reanalysis__z500__500hPa__monthly__2001-2001__m06__NH0_90__grid_1p0.grib,2001-06,2001,6,z,m**2 s**-2,56525.048065330935,52109.2421875,58041.7421875
z500,cds__era5_pl_monthly__ERA5__reanalysis__z500__500hPa__monthly__2001-2001__m07__NH0_90__grid_1p0.grib,2001-07,2001,7,z,m**2 s**-2,56832.09835322206,53001.01953125,58368.26953125
z500,cds__era5_pl_monthly__ERA5__reanalysis__z500__500hPa__monthly__2001-2001__m08__NH0_90__grid_1p0.grib,2001-08,2001,8,z,m**2 s**-2,56835.0761297907,52547.33203125,58233.08203125
z500,cds__era5_pl_monthly__ERA5__reanalysis__z500__500hPa__monthly__2001-2001__m09__NH0_90__grid_1p0.grib,2001-09,2001,9,z,m**2 s**-2,56449.18268341133,51556.15234375,58044.40234375
z500,cds__era5_pl_monthly__ERA5__reanalysis__z500__500hPa__monthly__2001-2001__m10__NH0_90__grid_1p0.grib,2001-10,2001,10,z,m**2 s**-2,56007.57207940102,50428.49609375,57816.99609375
z500,cds__era5_pl_monthly__ERA5__reanalysis__z500__500hPa__monthly__2001-2001__m11__NH0_90__grid_1p0.grib,2001-11,2001,11,z,m**2 s**-2,55515.814670146334,48748.69921875,57732.44921875
z500,cds__era5_pl_monthly__ERA5__reanalysis__z500__500hPa__monthly__2001-2001__m12__NH0_90__grid_1p0.grib,2001-12,2001,12,z,m**2 s**-2,55229.38985686133,49727.35546875,57668.85546875
z500,cds__era5_pl_monthly__ERA5__reanalysis__z500__500hPa__monthly__2002-2002__m01__NH0_90__grid_1p0.grib,2002-01,2002,1,z,m**2 s**-2,54995.371979479845,48296.17578125,57727.92578125
z500,cds__era5_pl_monthly__ERA5__reanalysis__z500__500hPa__monthly__2002-2002__m02__NH0_90__grid_1p0.grib,2002-02,2002,2,z,m**2 s**-2,55071.72370798941,48370.390625,57688.140625
z500,cds__era5_pl_monthly__ERA5__reanalysis__z500__500hPa__monthly__2002-2002__m03__NH0_90__grid_1p0.grib,2002-03,2002,3,z,m**2 s**-2,55264.39249014907,49528.3828125,57709.8828125
z500,cds__era5_pl_monthly__ERA5__reanalysis__z500__500hPa__monthly__2002-2002__m04__NH0_90__grid_1p0.grib,2002-04,2002,4,z,m**2 s**-2,55662.4980975456,49781.47265625,57662.47265625
z500,cds__era5_pl_monthly__ERA5__reanalysis__z500__500hPa__monthly__2002-2002__m05__NH0_90__grid_1p0.grib,2002-05,2002,5,z,m**2 s**-2,56126.87658539212,50917.09765625,57911.09765625
z500,cds__era5_pl_monthly__ERA5__reanalysis__z500__500hPa__monthly__2002-2002__m06__NH0_90__grid_1p0.grib,2002-06,2002,6,z,m**2 s**-2,56549.32741660644,51986.26171875,58033.01171875
z500,cds__era5_pl_monthly__ERA5__reanalysis__z500__500hPa__monthly__2002-2002__m07__NH0_90__grid_1p0.grib,2002-07,2002,7,z,m**2 s**-2,56894.36764932797,52568.3515625,58296.1015625
z500,cds__era5_pl_monthly__ERA5__reanalysis__z500__500hPa__monthly__2002-2002__m08__NH0_90__grid_1p0.grib,2002-08,2002,8,z,m**2 s**-2,56805.57771889834,52879.2578125,58257.7578125
z500,cds__era5_pl_monthly__ERA5__reanalysis__z500__500hPa__monthly__2002-2002__m09__NH0_90__grid_1p0.grib,2002-09,2002,9,z,m**2 s**-2,56456.82183917355,50747.703125,58062.203125
z500,cds__era5_pl_monthly__ERA5__reanalysis__z500__500hPa__monthly__2002-2002__m10__NH0_90__grid_1p0.grib,2002-10,2002,10,z,m**2 s**-2,55974.18723719213,51543.2109375,57756.2109375
z500,cds__era5_pl_monthly__ERA5__reanalysis__z500__500hPa__monthly__2002-2002__m11__NH0_90__grid_1p0.grib,2002-11,2002,11,z,m**2 s**-2,55532.70004761414,50021.3515625,57949.1015625
z500,cds__era5_pl_monthly__ERA5__reanalysis__z500__500hPa__monthly__2002-2002__m12__NH0_90__grid_1p0.grib,2002-12,2002,12,z,m**2 s**-2,55173.711387896714,49369.125,57869.875
z500,cds__era5_pl_monthly__ERA5__reanalysis__z500__500hPa__monthly__2003-2003__m01__NH0_90__grid_1p0.grib,2003-01,2003,1,z,m**2 s**-2,55032.367299779384,48439.48828125,57724.48828125
z500,cds__era5_pl_monthly__ERA5__reanalysis__z500__500hPa__monthly__2003-2003__m02__NH0_90__grid_1p0.grib,2003-02,2003,2,z,m**2 s**-2,54982.875343320935,48342.328125,57673.078125
z500,cds__era5_pl_monthly__ERA5__reanalysis__z500__500hPa__monthly__2003-2003__m03__NH0_90__grid_1p0.grib,2003-03,2003,3,z,m**2 s**-2,55177.845761288925,48106.5625,57677.0625
z500,cds__era5_pl_monthly__ERA5__reanalysis__z500__500hPa__monthly__2003-2003__m04__NH0_90__grid_1p0.grib,2003-04,2003,4,z,m**2 s**-2,55668.817762854516,50086.70703125,57740.45703125
z500,cds__era5_pl_monthly__ERA5__reanalysis__z500__500hPa__monthly__2003-2003__m05__NH0_90__grid_1p0.grib,2003-05,2003,5,z,m**2 s**-2,56184.01631680604,51611.87890625,57888.37890625
z500,cds__era5_pl_monthly__ERA5__reanalysis__z500__500hPa__monthly__2003-2003__m06__NH0_90__grid_1p0.grib,2003-06,2003,6,z,m**2 s**-2,56524.60451714248,52757.1328125,57933.6328125
z500,cds__era5_pl_monthly__ERA5__reanalysis__z500__500hPa__monthly__2003-2003__m07__NH0_90__grid_1p0.grib,2003-07,2003,7,z,m**2 s**-2,56887.52287014633,52797.9609375,58374.4609375
z500,cds__era5_pl_monthly__ERA5__reanalysis__z500__500hPa__monthly__2003-2003__m08__NH0_90__grid_1p0.grib,2003-08,2003,8,z,m**2 s**-2,56874.58623970644,52047.16796875,58106.66796875
z500,cds__era5_pl_monthly__ERA5__reanalysis__z500__500hPa__monthly__2003-2003__m09__NH0_90__grid_1p0.grib,2003-09,2003,9,z,m**2 s**-2,56512.80830699013,51275.34375,58022.59375
z500,cds__era5_pl_monthly__ERA5__reanalysis__z500__500hPa__monthly__2003-2003__m10__NH0_90__grid_1p0.grib,2003-10,2003,10,z,m**2 s**-2,56060.20571137491,50842.0546875,57919.3046875
z500,cds__era5_pl_monthly__ERA5__reanalysis__z500__500hPa__monthly__2003-2003__m11__NH0_90__grid_1p0.grib,2003-11,2003,11,z,m**2 s**-2,55635.685484148285,49637.203125,57788.953125
z500,cds__era5_pl_monthly__ERA5__reanalysis__z500__500hPa__monthly__2003-2003__m12__NH0_90__grid_1p0.grib,2003-12,2003,12,z,m**2 s**-2,55211.98293157815,48578.2578125,57707.5078125
z500,cds__era5_pl_monthly__ERA5__reanalysis__z500__500hPa__monthly__2004-2004__m01__NH0_90__grid_1p0.grib,2004-01,2004,1,z,m**2 s**-2,54982.42248441657,49368.80078125,57641.05078125
z500,cds__era5_pl_monthly__ERA5__reanalysis__z500__500hPa__monthly__2004-2004__m02__NH0_90__grid_1p0.grib,2004-02,2004,2,z,m**2 s**-2,55048.65437938524,49270.57421875,57688.07421875
z500,cds__era5_pl_monthly__ERA5__reanalysis__z500__500hPa__monthly__2004-2004__m03__NH0_90__grid_1p0.grib,2004-03,2004,3,z,m**2 s**-2,55377.026003223895,48218.41796875,57635.41796875
z500,cds__era5_pl_monthly__ERA5__reanalysis__z500__500hPa__monthly__2004-2004__m04__NH0_90__grid_1p0.grib,2004-04,2004,4,z,m**2 s**-2,55652.655905897824,50657.4140625,57723.4140625
z500,cds__era5_pl_monthly__ERA5__reanalysis__z500__500hPa__monthly__2004-2004__m05__NH0_90__grid_1p0.grib,2004-05,2004,5,z,m**2 s**-2,56160.18468332199,52078.8515625,58011.3515625
z500,cds__era5_pl_monthly__ERA5__reanalysis__z500__500hPa__monthly__2004-2004__m06__NH0_90__grid_1p0.grib,2004-06,2004,6,z,m**2 s**-2,56597.21333528691,52905.84765625,58071.34765625
z500,cds__era5_pl_monthly__ERA5__reanalysis__z500__500hPa__monthly__2004-2004__m07__NH0_90__grid_1p0.grib,2004-07,2004,7,z,m**2 s**-2,56785.4131244878,52747.0859375,58069.3359375
z500,cds__era5_pl_monthly__ERA5__reanalysis__z500__500hPa__monthly__2004-2004__m08__NH0_90__grid_1p0.grib,2004-08,2004,8,z,m**2 s**-2,56775.28926767239,52824.65625,58195.15625
z500,cds__era5_pl_monthly__ERA5__reanalysis__z500__500hPa__monthly__2004-2004__m09__NH0_90__grid_1p0.grib,2004-09,2004,9,z,m**2 s**-2,56478.90611048407,51237.49609375,57919.99609375
z500,cds__era5_pl_monthly__ERA5__reanalysis__z500__500hPa__monthly__2004-2004__m10__NH0_90__grid_1p0.grib,2004-10,2004,10,z,m**2 s**-2,56008.454869646164,50884.703125,57880.953125
z500,cds__era5_pl_monthly__ERA5__reanalysis__z500__500hPa__monthly__2004-2004__m11__NH0_90__grid_1p0.grib,2004-11,2004,11,z,m**2 s**-2,55564.227617414595,49358.859375,57836.109375
z500,cds__era5_pl_monthly__ERA5__reanalysis__z500__500hPa__monthly__2004-2004__m12__NH0_90__grid_1p0.grib,2004-12,2004,12,z,m**2 s**-2,55210.86618725316,48433.4140625,57677.1640625
z500,cds__era5_pl_monthly__ERA5__reanalysis__z500__500hPa__monthly__2005-2005__m01__NH0_90__grid_1p0.grib,2005-01,2005,1,z,m**2 s**-2,55072.54520882752,48615.17578125,57631.42578125
z500,cds__era5_pl_monthly__ERA5__reanalysis__z500__500hPa__monthly__2005-2005__m02__NH0_90__grid_1p0.grib,2005-02,2005,2,z,m**2 s**-2,55097.54126264602,49287.84375,57742.84375
z500,cds__era5_pl_monthly__ERA5__reanalysis__z500__500hPa__monthly__2005-2005__m03__NH0_90__grid_1p0.grib,2005-03,2005,3,z,m**2 s**-2,55237.18951597679,49225.765625,57835.015625
z500,cds__era5_pl_monthly__ERA5__reanalysis__z500__500hPa__monthly__2005-2005__m04__NH0_90__grid_1p0.grib,2005-04,2005,4,z,m**2 s**-2,55737.08482127376,50090.50390625,57760.25390625
z500,cds__era5_pl_monthly__ERA5__reanalysis__z500__500hPa__monthly__2005-2005__m05__NH0_90__grid_1p0.grib,2005-05,2005,5,z,m**2 s**-2,56147.506423942854,52012.34375,57829.09375
z500,cds__era5_pl_monthly__ERA5__reanalysis__z500__500hPa__monthly__2005-2005__m06__NH0_90__grid_1p0.grib,2005-06,2005,6,z,m**2 s**-2,56574.187323470345,52684.3125,57959.3125
z500,cds__era5_pl_monthly__ERA5__reanalysis__z500__500hPa__monthly__2005-2005__m07__NH0_90__grid_1p0.grib,2005-07,2005,7,z,m**2 s**-2,56904.13648823392,53202.1640625,58386.6640625
z500,cds__era5_pl_monthly__ERA5__reanalysis__z500__500hPa__monthly__2005-2005__m08__NH0_90__grid_1p0.grib,2005-08,2005,8,z,m**2 s**-2,56814.95306640301,52805.5625,58215.8125
z500,cds__era5_pl_monthly__ERA5__reanalysis__z500__500hPa__monthly__2005-2005__m09__NH0_90__grid_1p0.grib,2005-09,2005,9,z,m**2 s**-2,56536.10289733341,51196.71484375,58014.71484375
z500,cds__era5_pl_monthly__ERA5__reanalysis__z500__500hPa__monthly__2005-2005__m10__NH0_90__grid_1p0.grib,2005-10,2005,10,z,m**2 s**-2,56081.34958538839,50020.390625,57911.140625
z500,cds__era5_pl_monthly__ERA5__reanalysis__z500__500hPa__monthly__2005-2005__m11__NH0_90__grid_1p0.grib,2005-11,2005,11,z,m**2 s**-2,55624.40433282935,50159.80859375,57766.80859375
z500,cds__era5_pl_monthly__ERA5__reanalysis__z500__500hPa__monthly__2005-2005__m12__NH0_90__grid_1p0.grib,2005-12,2005,12,z,m**2 s**-2,55214.24644214912,49435.71875,57790.46875
z500,cds__era5_pl_monthly__ERA5__reanalysis__z500__500hPa__monthly__2006-2006__m01__NH0_90__grid_1p0.grib,2006-01,2006,1,z,m**2 s**-2,55042.769413867834,48568.47265625,57584.72265625
z500,cds__era5_pl_monthly__ERA5__reanalysis__z500__500hPa__monthly__2006-2006__m02__NH0_90__grid_1p0.grib,2006-02,2006,2,z,m**2 s**-2,55091.106428622166,49209.87890625,57675.37890625
z500,cds__era5_pl_monthly__ERA5__reanalysis__z500__500hPa__monthly__2006-2006__m03__NH0_90__grid_1p0.grib,2006-03,2006,3,z,m**2 s**-2,55243.96989902349,49964.26171875,57571.26171875
z500,cds__era5_pl_monthly__ERA5__reanalysis__z500__500hPa__monthly__2006-2006__m04__NH0_90__grid_1p0.grib,2006-04,2006,4,z,m**2 s**-2,55646.02697108005,50029.2734375,57687.0234375
z500,cds__era5_pl_monthly__ERA5__reanalysis__z500__500hPa__monthly__2006-2006__m05__NH0_90__grid_1p0.grib,2006-05,2006,5,z,m**2 s**-2,56174.5167280021,51408.75390625,57793.00390625
z500,cds__era5_pl_monthly__ERA5__reanalysis__z500__500hPa__monthly__2006-2006__m06__NH0_90__grid_1p0.grib,2006-06,2006,6,z,m**2 s**-2,56619.851892125844,52001.375,58017.875
z500,cds__era5_pl_monthly__ERA5__reanalysis__z500__500hPa__monthly__2006-2006__m07__NH0_90__grid_1p0.grib,2006-07,2006,7,z,m**2 s**-2,56884.49796233781,53306.203125,58313.703125
z500,cds__era5_pl_monthly__ERA5__reanalysis__z500__500hPa__monthly__2006-2006__m08__NH0_90__grid_1p0.grib,2006-08,2006,8,z,m**2 s**-2,56807.07462885332,51165.9921875,58114.9921875
z500,cds__era5_pl_monthly__ERA5__reanalysis__z500__500hPa__monthly__2006-2006__m09__NH0_90__grid_1p0.grib,2006-09,2006,9,z,m**2 s**-2,56487.51839262588,50716.6328125,57908.6328125
z500,cds__era5_pl_monthly__ERA5__reanalysis__z500__500hPa__monthly__2006-2006__m10__NH0_90__grid_1p0.grib,2006-10,2006,10,z,m**2 s**-2,56049.663385306165,50406.0625,57925.5625
z500,cds__era5_pl_monthly__ERA5__reanalysis__z500__500hPa__monthly__2006-2006__m11__NH0_90__grid_1p0.grib,2006-11,2006,11,z,m**2 s**-2,55587.7342959256,49590.4140625,57744.9140625
z500,cds__era5_pl_monthly__ERA5__reanalysis__z500__500hPa__monthly__2006-2006__m12__NH0_90__grid_1p0.grib,2006-12,2006,12,z,m**2 s**-2,55243.60951158955,48712.83203125,57950.33203125
z500,cds__era5_pl_monthly__ERA5__reanalysis__z500__500hPa__monthly__2007-2007__m01__NH0_90__grid_1p0.grib,2007-01,2007,1,z,m**2 s**-2,55135.96939035903,48858.35546875,57892.85546875
z500,cds__era5_pl_monthly__ERA5__reanalysis__z500__500hPa__monthly__2007-2007__m02__NH0_90__grid_1p0.grib,2007-02,2007,2,z,m**2 s**-2,55031.97905877922,48917.06640625,57761.81640625
z500,cds__era5_pl_monthly__ERA5__reanalysis__z500__500hPa__monthly__2007-2007__m03__NH0_90__grid_1p0.grib,2007-03,2007,3,z,m**2 s**-2,55295.743036887805,48799.765625,57677.265625
z500,cds__era5_pl_monthly__ERA5__reanalysis__z500__500hPa__monthly__2007-2007__m04__NH0_90__grid_1p0.grib,2007-04,2007,4,z,m**2 s**-2,55654.653267109614,49870.4453125,57732.9453125
z500,cds__era5_pl_monthly__ERA5__reanalysis__z500__500hPa__monthly__2007-2007__m05__NH0_90__grid_1p0.grib,2007-05,2007,5,z,m**2 s**-2,56123.11600812548,51197.12890625,57846.37890625
z500,cds__era5_pl_monthly__ERA5__reanalysis__z500__500hPa__monthly__2007-2007__m06__NH0_90__grid_1p0.grib,2007-06,2007,6,z,m**2 s**-2,56582.40555705404,53296.6171875,58019.3671875
z500,cds__era5_pl_monthly__ERA5__reanalysis__z500__500hPa__monthly__2007-2007__m07__NH0_90__grid_1p0.grib,2007-07,2007,7,z,m**2 s**-2,56831.35198232314,53543.3359375,58270.5859375
z500,cds__era5_pl_monthly__ERA5__reanalysis__z500__500hPa__monthly__2007-2007__m08__NH0_90__grid_1p0.grib,2007-08,2007,8,z,m**2 s**-2,56805.846640755095,52694.171875,58083.671875
z500,cds__era5_pl_monthly__ERA5__reanalysis__z500__500hPa__monthly__2007-2007__m09__NH0_90__grid_1p0.grib,2007-09,2007,9,z,m**2 s**-2,56484.538834860155,51814.640625,57967.890625
z500,cds__era5_pl_monthly__ERA5__reanalysis__z500__500hPa__monthly__2007-2007__m10__NH0_90__grid_1p0.grib,2007-10,2007,10,z,m**2 s**-2,56048.66077198257,50373.30859375,57838.55859375
z500,cds__era5_pl_monthly__ERA5__reanalysis__z500__500hPa__monthly__2007-2007__m11__NH0_90__grid_1p0.grib,2007-11,2007,11,z,m**2 s**-2,55518.518777422454,49371.5625,57899.8125
z500,cds__era5_pl_monthly__ERA5__reanalysis__z500__500hPa__monthly__2007-2007__m12__NH0_90__grid_1p0.grib,2007-12,2007,12,z,m**2 s**-2,55201.62747895735,49006.08203125,57746.83203125
z500,cds__era5_pl_monthly__ERA5__reanalysis__z500__500hPa__monthly__2008-2008__m01__NH0_90__grid_1p0.grib,2008-01,2008,1,z,m**2 s**-2,54967.54672671355,48517.42578125,57610.92578125
z500,cds__era5_pl_monthly__ERA5__reanalysis__z500__500hPa__monthly__2008-2008__m02__NH0_90__grid_1p0.grib,2008-02,2008,2,z,m**2 s**-2,54984.236801643005,48688.47265625,57607.22265625
z500,cds__era5_pl_monthly__ERA5__reanalysis__z500__500hPa__monthly__2008-2008__m03__NH0_90__grid_1p0.grib,2008-03,2008,3,z,m**2 s**-2,55218.59948103288,48902.0390625,57502.2890625
z500,cds__era5_pl_monthly__ERA5__reanalysis__z500__500hPa__monthly__2008-2008__m04__NH0_90__grid_1p0.grib,2008-04,2008,4,z,m**2 s**-2,55657.05000276732,50622.875,57564.875
z500,cds__era5_pl_monthly__ERA5__reanalysis__z500__500hPa__monthly__2008-2008__m05__NH0_90__grid_1p0.grib,2008-05,2008,5,z,m**2 s**-2,56087.39249686677,51635.15234375,57712.65234375
z500,cds__era5_pl_monthly__ERA5__reanalysis__z500__500hPa__monthly__2008-2008__m06__NH0_90__grid_1p0.grib,2008-06,2008,6,z,m**2 s**-2,56554.4317158856,52115.12890625,58026.37890625
z500,cds__era5_pl_monthly__ERA5__reanalysis__z500__500hPa__monthly__2008-2008__m07__NH0_90__grid_1p0.grib,2008-07,2008,7,z,m**2 s**-2,56815.56559531603,53524.45703125,58254.95703125
z500,cds__era5_pl_monthly__ERA5__reanalysis__z500__500hPa__monthly__2008-2008__m08__NH0_90__grid_1p0.grib,2008-08,2008,8,z,m**2 s**-2,56720.81645020312,53056.84375,58136.59375
z500,cds__era5_pl_monthly__ERA5__reanalysis__z500__500hPa__monthly__2008-2008__m09__NH0_90__grid_1p0.grib,2008-09,2008,9,z,m**2 s**-2,56470.25939491551,51692.83203125,57985.83203125
z500,cds__era5_pl_monthly__ERA5__reanalysis__z500__500hPa__monthly__2008-2008__m10__NH0_90__grid_1p0.grib,2008-10,2008,10,z,m**2 s**-2,56035.63804429039,49546.80078125,57920.55078125
z500,cds__era5_pl_monthly__ERA5__reanalysis__z500__500hPa__monthly__2008-2008__m11__NH0_90__grid_1p0.grib,2008-11,2008,11,z,m**2 s**-2,55580.10925180284,49892.40234375,57971.40234375
z500,cds__era5_pl_monthly__ERA5__reanalysis__z500__500hPa__monthly__2008-2008__m12__NH0_90__grid_1p0.grib,2008-12,2008,12,z,m**2 s**-2,55267.81791031432,48869.9609375,57687.4609375
z500,cds__era5_pl_monthly__ERA5__reanalysis__z500__500hPa__monthly__2009-2009__m01__NH0_90__grid_1p0.grib,2009-01,2009,1,z,m**2 s**-2,55056.92466856832,49073.3203125,57632.0703125
z500,cds__era5_pl_monthly__ERA5__reanalysis__z500__500hPa__monthly__2009-2009__m02__NH0_90__grid_1p0.grib,2009-02,2009,2,z,m**2 s**-2,55073.34218393576,49252.26953125,57586.51953125
z500,cds__era5_pl_monthly__ERA5__reanalysis__z500__500hPa__monthly__2009-2009__m03__NH0_90__grid_1p0.grib,2009-03,2009,3,z,m**2 s**-2,55265.10650414034,49500.6015625,57599.1015625
z500,cds__era5_pl_monthly__ERA5__reanalysis__z500__500hPa__monthly__2009-2009__m04__NH0_90__grid_1p0.grib,2009-04,2009,4,z,m**2 s**-2,55630.38165534309,49044.78515625,57728.03515625
z500,cds__era5_pl_monthly__ERA5__reanalysis__z500__500hPa__monthly__2009-2009__m05__NH0_90__grid_1p0.grib,2009-05,2009,5,z,m**2 s**-2,56091.3364210566,51483.375,57853.875
z500,cds__era5_pl_monthly__ERA5__reanalysis__z500__500hPa__monthly__2009-2009__m06__NH0_90__grid_1p0.grib,2009-06,2009,6,z,m**2 s**-2,56533.47490986703,52760.5703125,57994.5703125
z500,cds__era5_pl_monthly__ERA5__reanalysis__z500__500hPa__monthly__2009-2009__m07__NH0_90__grid_1p0.grib,2009-07,2009,7,z,m**2 s**-2,56866.003209044306,53791.7734375,58400.0234375
z500,cds__era5_pl_monthly__ERA5__reanalysis__z500__500hPa__monthly__2009-2009__m08__NH0_90__grid_1p0.grib,2009-08,2009,8,z,m**2 s**-2,56808.969546197855,52459.78125,58174.28125
z500,cds__era5_pl_monthly__ERA5__reanalysis__z500__500hPa__monthly__2009-2009__m09__NH0_90__grid_1p0.grib,2009-09,2009,9,z,m**2 s**-2,56517.47136104876,51518.23828125,58060.48828125
z500,cds__era5_pl_monthly__ERA5__reanalysis__z500__500hPa__monthly__2009-2009__m10__NH0_90__grid_1p0.grib,2009-10,2009,10,z,m**2 s**-2,56013.981538071894,51041.0234375,57983.5234375
z500,cds__era5_pl_monthly__ERA5__reanalysis__z500__500hPa__monthly__2009-2009__m11__NH0_90__grid_1p0.grib,2009-11,2009,11,z,m**2 s**-2,55547.39321681876,49546.8828125,57688.6328125
z500,cds__era5_pl_monthly__ERA5__reanalysis__z500__500hPa__monthly__2009-2009__m12__NH0_90__grid_1p0.grib,2009-12,2009,12,z,m**2 s**-2,55205.02401149661,49974.61328125,57742.61328125
z500,cds__era5_pl_monthly__ERA5__reanalysis__z500__500hPa__monthly__2010-2010__m01__NH0_90__grid_1p0.grib,2010-01,2010,1,z,m**2 s**-2,55075.37033192785,48588.78125,57693.03125
z500,cds__era5_pl_monthly__ERA5__reanalysis__z500__500hPa__monthly__2010-2010__m02__NH0_90__grid_1p0.grib,2010-02,2010,2,z,m**2 s**-2,55058.419557159854,49780.74609375,57776.74609375
z500,cds__era5_pl_monthly__ERA5__reanalysis__z500__500hPa__monthly__2010-2010__m03__NH0_90__grid_1p0.grib,2010-03,2010,3,z,m**2 s**-2,55332.17974770229,49637.84375,57816.84375
z500,cds__era5_pl_monthly__ERA5__reanalysis__z500__500hPa__monthly__2010-2010__m04__NH0_90__grid_1p0.grib,2010-04,2010,4,z,m**2 s**-2,55759.9173832984,50660.32421875,57857.82421875
z500,cds__era5_pl_monthly__ERA5__reanalysis__z500__500hPa__monthly__2010-2010__m05__NH0_90__grid_1p0.grib,2010-05,2010,5,z,m**2 s**-2,56274.53815864387,52190.9375,57967.9375
z500,cds__era5_pl_monthly__ERA5__reanalysis__z500__500hPa__monthly__2010-2010__m06__NH0_90__grid_1p0.grib,2010-06,2010,6,z,m**2 s**-2,56683.31620446742,52509.41796875,58212.91796875
z500,cds__era5_pl_monthly__ERA5__reanalysis__z500__500hPa__monthly__2010-2010__m07__NH0_90__grid_1p0.grib,2010-07,2010,7,z,m**2 s**-2,56961.855794125375,52151.5390625,58331.5390625
z500,cds__era5_pl_monthly__ERA5__reanalysis__z500__500hPa__monthly__2010-2010__m08__NH0_90__grid_1p0.grib,2010-08,2010,8,z,m**2 s**-2,56918.69520738798,52853.76171875,58224.26171875
z500,cds__era5_pl_monthly__ERA5__reanalysis__z500__500hPa__monthly__2010-2010__m09__NH0_90__grid_1p0.grib,2010-09,2010,9,z,m**2 s**-2,56522.123807737065,52378.25390625,58017.75390625
z500,cds__era5_pl_monthly__ERA5__reanalysis__z500__500hPa__monthly__2010-2010__m10__NH0_90__grid_1p0.grib,2010-10,2010,10,z,m**2 s**-2,56005.12214964179,51130.3671875,57871.8671875
z500,cds__era5_pl_monthly__ERA5__reanalysis__z500__500hPa__monthly__2010-2010__m11__NH0_90__grid_1p0.grib,2010-11,2010,11,z,m**2 s**-2,55558.76938089225,49334.453125,57813.703125
z500,cds__era5_pl_monthly__ERA5__reanalysis__z500__500hPa__monthly__2010-2010__m12__NH0_90__grid_1p0.grib,2010-12,2010,12,z,m**2 s**-2,55190.23696499194,49685.5390625,57434.5390625
z500,cds__era5_pl_monthly__ERA5__reanalysis__z500__500hPa__monthly__2011-2011__m01__NH0_90__grid_1p0.grib,2011-01,2011,1,z,m**2 s**-2,54974.704888429,49545.08984375,57533.08984375
z500,cds__era5_pl_monthly__ERA5__reanalysis__z500__500hPa__monthly__2011-2011__m02__NH0_90__grid_1p0.grib,2011-02,2011,2,z,m**2 s**-2,54941.47528960526,47998.734375,57531.234375
z500,cds__era5_pl_monthly__ERA5__reanalysis__z500__500hPa__monthly__2011-2011__m03__NH0_90__grid_1p0.grib,2011-03,2011,3,z,m**2 s**-2,55170.84895945104,48627.8203125,57566.8203125
z500,cds__era5_pl_monthly__ERA5__reanalysis__z500__500hPa__monthly__2011-2011__m04__NH0_90__grid_1p0.grib,2011-04,2011,4,z,m**2 s**-2,55542.01641093596,48628.265625,57624.515625
z500,cds__era5_pl_monthly__ERA5__reanalysis__z500__500hPa__monthly__2011-2011__m05__NH0_90__grid_1p0.grib,2011-05,2011,5,z,m**2 s**-2,56153.71892728206,51920.87109375,57853.12109375
z500,cds__era5_pl_monthly__ERA5__reanalysis__z500__500hPa__monthly__2011-2011__m06__NH0_90__grid_1p0.grib,2011-06,2011,6,z,m**2 s**-2,56603.013508335905,53354.65625,58001.40625
z500,cds__era5_pl_monthly__ERA5__reanalysis__z500__500hPa__monthly__2011-2011__m07__NH0_90__grid_1p0.grib,2011-07,2011,7,z,m**2 s**-2,56857.96837543153,53704.4453125,58156.1953125
z500,cds__era5_pl_monthly__ERA5__reanalysis__z500__500hPa__monthly__2011-2011__m08__NH0_90__grid_1p0.grib,2011-08,2011,8,z,m**2 s**-2,56816.01058686025,53437.44921875,58152.94921875
z500,cds__era5_pl_monthly__ERA5__reanalysis__z500__500hPa__monthly__2011-2011__m09__NH0_90__grid_1p0.grib,2011-09,2011,9,z,m**2 s**-2,56462.13308604833,51118.7265625,58042.4765625
z500,cds__era5_pl_monthly__ERA5__reanalysis__z500__500hPa__monthly__2011-2011__m10__NH0_90__grid_1p0.grib,2011-10,2011,10,z,m**2 s**-2,55980.68162274908,50247.109375,57931.109375
z500,cds__era5_pl_monthly__ERA5__reanalysis__z500__500hPa__monthly__2011-2011__m11__NH0_90__grid_1p0.grib,2011-11,2011,11,z,m**2 s**-2,55505.381297207074,49760.546875,57787.796875
z500,cds__era5_pl_monthly__ERA5__reanalysis__z500__500hPa__monthly__2011-2011__m12__NH0_90__grid_1p0.grib,2011-12,2011,12,z,m**2 s**-2,55239.70066276618,48536.203125,57870.703125
z500,cds__era5_pl_monthly__ERA5__reanalysis__z500__500hPa__monthly__2012-2012__m01__NH0_90__grid_1p0.grib,2012-01,2012,1,z,m**2 s**-2,55019.61445158501,48949.51953125,57573.01953125
z500,cds__era5_pl_monthly__ERA5__reanalysis__z500__500hPa__monthly__2012-2012__m02__NH0_90__grid_1p0.grib,2012-02,2012,2,z,m**2 s**-2,54990.69292000807,48896.16796875,57595.66796875
z500,cds__era5_pl_monthly__ERA5__reanalysis__z500__500hPa__monthly__2012-2012__m03__NH0_90__grid_1p0.grib,2012-03,2012,3,z,m**2 s**-2,55229.22914517539,49192.40625,57688.90625
z500,cds__era5_pl_monthly__ERA5__reanalysis__z500__500hPa__monthly__2012-2012__m04__NH0_90__grid_1p0.grib,2012-04,2012,4,z,m**2 s**-2,55661.132673232045,50543.44140625,57703.44140625
z500,cds__era5_pl_monthly__ERA5__reanalysis__z500__500hPa__monthly__2012-2012__m05__NH0_90__grid_1p0.grib,2012-05,2012,5,z,m**2 s**-2,56197.05638171632,51511.23046875,57852.98046875
z500,cds__era5_pl_monthly__ERA5__reanalysis__z500__500hPa__monthly__2012-2012__m06__NH0_90__grid_1p0.grib,2012-06,2012,6,z,m**2 s**-2,56614.641209454196,52805.3046875,58066.0546875
z500,cds__era5_pl_monthly__ERA5__reanalysis__z500__500hPa__monthly__2012-2012__m07__NH0_90__grid_1p0.grib,2012-07,2012,7,z,m**2 s**-2,56877.090253674316,53156.328125,58315.828125
z500,cds__era5_pl_monthly__ERA5__reanalysis__z500__500hPa__monthly__2012-2012__m08__NH0_90__grid_1p0.grib,2012-08,2012,8,z,m**2 s**-2,56815.64270529047,52854.6953125,58284.4453125
z500,cds__era5_pl_monthly__ERA5__reanalysis__z500__500hPa__monthly__2012-2012__m09__NH0_90__grid_1p0.grib,2012-09,2012,9,z,m**2 s**-2,56539.49350559658,52083.71484375,58053.96484375
z500,cds__era5_pl_monthly__ERA5__reanalysis__z500__500hPa__monthly__2012-2012__m10__NH0_90__grid_1p0.grib,2012-10,2012,10,z,m**2 s**-2,56051.120457148354,50831.79296875,57708.29296875
z500,cds__era5_pl_monthly__ERA5__reanalysis__z500__500hPa__monthly__2012-2012__m11__NH0_90__grid_1p0.grib,2012-11,2012,11,z,m**2 s**-2,55595.36027398357,49881.87890625,57759.37890625
z500,cds__era5_pl_monthly__ERA5__reanalysis__z500__500hPa__monthly__2012-2012__m12__NH0_90__grid_1p0.grib,2012-12,2012,12,z,m**2 s**-2,55230.64926724137,49920.484375,57742.359375
z500,cds__era5_pl_monthly__ERA5__reanalysis__z500__500hPa__monthly__2013-2013__m01__NH0_90__grid_1p0.grib,2013-01,2013,1,z,m**2 s**-2,55089.99001623579,49016.50390625,57810.50390625
z500,cds__era5_pl_monthly__ERA5__reanalysis__z500__500hPa__monthly__2013-2013__m02__NH0_90__grid_1p0.grib,2013-02,2013,2,z,m**2 s**-2,55094.25406881168,48944.84765625,57737.84765625
z500,cds__era5_pl_monthly__ERA5__reanalysis__z500__500hPa__monthly__2013-2013__m03__NH0_90__grid_1p0.grib,2013-03,2013,3,z,m**2 s**-2,55308.326320726126,49781.83203125,57712.33203125
z500,cds__era5_pl_monthly__ERA5__reanalysis__z500__500hPa__monthly__2013-2013__m04__NH0_90__grid_1p0.grib,2013-04,2013,4,z,m**2 s**-2,55692.82076418336,50600.26171875,57709.76171875
z500,cds__era5_pl_monthly__ERA5__reanalysis__z500__500hPa__monthly__2013-2013__m05__NH0_90__grid_1p0.grib,2013-05,2013,5,z,m**2 s**-2,56199.79566731807,51188.23046875,57982.23046875
z500,cds__era5_pl_monthly__ERA5__reanalysis__z500__500hPa__monthly__2013-2013__m06__NH0_90__grid_1p0.grib,2013-06,2013,6,z,m**2 s**-2,56617.5161958946,51337.30859375,58144.80859375
z500,cds__era5_pl_monthly__ERA5__reanalysis__z500__500hPa__monthly__2013-2013__m07__NH0_90__grid_1p0.grib,2013-07,2013,7,z,m**2 s**-2,56879.737701975646,53253.83984375,58273.33984375
z500,cds__era5_pl_monthly__ERA5__reanalysis__z500__500hPa__monthly__2013-2013__m08__NH0_90__grid_1p0.grib,2013-08,2013,8,z,m**2 s**-2,56793.66198339628,52184.30859375,58062.30859375
z500,cds__era5_pl_monthly__ERA5__reanalysis__z500__500hPa__monthly__2013-2013__m09__NH0_90__grid_1p0.grib,2013-09,2013,9,z,m**2 s**-2,56495.687895625255,52123.01953125,57908.76953125
z500,cds__era5_pl_monthly__ERA5__reanalysis__z500__500hPa__monthly__2013-2013__m10__NH0_90__grid_1p0.grib,2013-10,2013,10,z,m**2 s**-2,56055.37178010623,49795.765625,57881.265625
z500,cds__era5_pl_monthly__ERA5__reanalysis__z500__500hPa__monthly__2013-2013__m11__NH0_90__grid_1p0.grib,2013-11,2013,11,z,m**2 s**-2,55541.51777674558,48946.34765625,57775.09765625
z500,cds__era5_pl_monthly__ERA5__reanalysis__z500__500hPa__monthly__2013-2013__m12__NH0_90__grid_1p0.grib,2013-12,2013,12,z,m**2 s**-2,55256.20409201373,48955.65234375,57745.90234375
z500,cds__era5_pl_monthly__ERA5__reanalysis__z500__500hPa__monthly__2014-2014__m01__NH0_90__grid_1p0.grib,2014-01,2014,1,z,m**2 s**-2,55048.46649998689,49187.6875,57704.1875
z500,cds__era5_pl_monthly__ERA5__reanalysis__z500__500hPa__monthly__2014-2014__m02__NH0_90__grid_1p0.grib,2014-02,2014,2,z,m**2 s**-2,55055.55714154587,49368.81640625,57512.81640625
z500,cds__era5_pl_monthly__ERA5__reanalysis__z500__500hPa__monthly__2014-2014__m03__NH0_90__grid_1p0.grib,2014-03,2014,3,z,m**2 s**-2,55229.01886774353,49297.91796875,57669.66796875
z500,cds__era5_pl_monthly__ERA5__reanalysis__z500__500hPa__monthly__2014-2014__m04__NH0_90__grid_1p0.grib,2014-04,2014,4,z,m**2 s**-2,55631.54454484918,49335.15625,57786.40625
z500,cds__era5_pl_monthly__ERA5__reanalysis__z500__500hPa__monthly__2014-2014__m05__NH0_90__grid_1p0.grib,2014-05,2014,5,z,m**2 s**-2,56218.321225815766,51178.18359375,57795.18359375
z500,cds__era5_pl_monthly__ERA5__reanalysis__z500__500hPa__monthly__2014-2014__m06__NH0_90__grid_1p0.grib,2014-06,2014,6,z,m**2 s**-2,56638.20289733771,52636.02734375,58138.02734375
z500,cds__era5_pl_monthly__ERA5__reanalysis__z500__500hPa__monthly__2014-2014__m07__NH0_90__grid_1p0.grib,2014-07,2014,7,z,m**2 s**-2,56929.73290050142,53310.39453125,58338.14453125
z500,cds__era5_pl_monthly__ERA5__reanalysis__z500__500hPa__monthly__2014-2014__m08__NH0_90__grid_1p0.grib,2014-08,2014,8,z,m**2 s**-2,56852.97980459252,52366.3515625,58271.3515625
z500,cds__era5_pl_monthly__ERA5__reanalysis__z500__500hPa__monthly__2014-2014__m09__NH0_90__grid_1p0.grib,2014-09,2014,9,z,m**2 s**-2,56469.191815929655,51420.078125,58075.328125
z500,cds__era5_pl_monthly__ERA5__reanalysis__z500__500hPa__monthly__2014-2014__m10__NH0_90__grid_1p0.grib,2014-10,2014,10,z,m**2 s**-2,56072.94806211995,51269.58984375,57796.08984375
z500,cds__era5_pl_monthly__ERA5__reanalysis__z500__500hPa__monthly__2014-2014__m11__NH0_90__grid_1p0.grib,2014-11,2014,11,z,m**2 s**-2,55585.321607249425,49231.0859375,57864.5859375
z500,cds__era5_pl_monthly__ERA5__reanalysis__z500__500hPa__monthly__2014-2014__m12__NH0_90__grid_1p0.grib,2014-12,2014,12,z,m**2 s**-2,55304.57145517241,49088.15625,57840.40625
z500,cds__era5_pl_monthly__ERA5__reanalysis__z500__500hPa__monthly__2015-2015__m01__NH0_90__grid_1p0.grib,2015-01,2015,1,z,m**2 s**-2,55118.830359282,48013.4921875,57697.2421875
z500,cds__era5_pl_monthly__ERA5__reanalysis__z500__500hPa__monthly__2015-2015__m02__NH0_90__grid_1p0.grib,2015-02,2015,2,z,m**2 s**-2,55058.04500075946,48327.8203125,57661.3203125
z500,cds__era5_pl_monthly__ERA5__reanalysis__z500__500hPa__monthly__2015-2015__m03__NH0_90__grid_1p0.grib,2015-03,2015,3,z,m**2 s**-2,55332.57648137428,49219.9140625,57736.1640625
z500,cds__era5_pl_monthly__ERA5__reanalysis__z500__500hPa__monthly__2015-2015__m04__NH0_90__grid_1p0.grib,2015-04,2015,4,z,m**2 s**-2,55697.84132474388,49940.43359375,57830.68359375
z500,cds__era5_pl_monthly__ERA5__reanalysis__z500__500hPa__monthly__2015-2015__m05__NH0_90__grid_1p0.grib,2015-05,2015,5,z,m**2 s**-2,56204.34521409649,51192.265625,57925.515625
z500,cds__era5_pl_monthly__ERA5__reanalysis__z500__500hPa__monthly__2015-2015__m06__NH0_90__grid_1p0.grib,2015-06,2015,6,z,m**2 s**-2,56650.989727987966,52723.05078125,58184.55078125
z500,cds__era5_pl_monthly__ERA5__reanalysis__z500__500hPa__monthly__2015-2015__m07__NH0_90__grid_1p0.grib,2015-07,2015,7,z,m**2 s**-2,56903.759248214636,53692.76171875,58199.26171875
z500,cds__era5_pl_monthly__ERA5__reanalysis__z500__500hPa__monthly__2015-2015__m08__NH0_90__grid_1p0.grib,2015-08,2015,8,z,m**2 s**-2,56890.64771043772,53105.734375,58258.234375
z500,cds__era5_pl_monthly__ERA5__reanalysis__z500__500hPa__monthly__2015-2015__m09__NH0_90__grid_1p0.grib,2015-09,2015,9,z,m**2 s**-2,56576.88787307086,51268.01953125,58028.76953125
z500,cds__era5_pl_monthly__ERA5__reanalysis__z500__500hPa__monthly__2015-2015__m10__NH0_90__grid_1p0.grib,2015-10,2015,10,z,m**2 s**-2,56120.818170064405,50384.78125,57992.03125
z500,cds__era5_pl_monthly__ERA5__reanalysis__z500__500hPa__monthly__2015-2015__m11__NH0_90__grid_1p0.grib,2015-11,2015,11,z,m**2 s**-2,55688.06057988642,49305.23046875,57944.48046875
z500,cds__era5_pl_monthly__ERA5__reanalysis__z500__500hPa__monthly__2015-2015__m12__NH0_90__grid_1p0.grib,2015-12,2015,12,z,m**2 s**-2,55335.36446949334,48657.41015625,57952.16015625
z500,cds__era5_pl_monthly__ERA5__reanalysis__z500__500hPa__monthly__2016-2016__m01__NH0_90__grid_1p0.grib,2016-01,2016,1,z,m**2 s**-2,55174.62916906278,49544.55078125,58087.80078125
z500,cds__era5_pl_monthly__ERA5__reanalysis__z500__500hPa__monthly__2016-2016__m02__NH0_90__grid_1p0.grib,2016-02,2016,2,z,m**2 s**-2,55302.11063021345,48813.8828125,57914.3828125
z500,cds__era5_pl_monthly__ERA5__reanalysis__z500__500hPa__monthly__2016-2016__m03__NH0_90__grid_1p0.grib,2016-03,2016,3,z,m**2 s**-2,55420.489560217764,49493.359375,57924.609375
z500,cds__era5_pl_monthly__ERA5__reanalysis__z500__500hPa__monthly__2016-2016__m04__NH0_90__grid_1p0.grib,2016-04,2016,4,z,m**2 s**-2,55816.21861764019,51065.5859375,57879.0859375
z500,cds__era5_pl_monthly__ERA5__reanalysis__z500__500hPa__monthly__2016-2016__m05__NH0_90__grid_1p0.grib,2016-05,2016,5,z,m**2 s**-2,56310.61572368475,51653.66015625,58080.66015625
z500,cds__era5_pl_monthly__ERA5__reanalysis__z500__500hPa__monthly__2016-2016__m06__NH0_90__grid_1p0.grib,2016-06,2016,6,z,m**2 s**-2,56742.1071779526,52142.078125,58190.328125
z500,cds__era5_pl_monthly__ERA5__reanalysis__z500__500hPa__monthly__2016-2016__m07__NH0_90__grid_1p0.grib,2016-07,2016,7,z,m**2 s**-2,56993.93856265799,52633.828125,58404.328125
z500,cds__era5_pl_monthly__ERA5__reanalysis__z500__500hPa__monthly__2016-2016__m08__NH0_90__grid_1p0.grib,2016-08,2016,8,z,m**2 s**-2,56946.22904925885,51494.41796875,58290.91796875
z500,cds__era5_pl_monthly__ERA5__reanalysis__z500__500hPa__monthly__2016-2016__m09__NH0_90__grid_1p0.grib,2016-09,2016,9,z,m**2 s**-2,56640.130937806316,51105.58984375,58162.33984375
z500,cds__era5_pl_monthly__ERA5__reanalysis__z500__500hPa__monthly__2016-2016__m10__NH0_90__grid_1p0.grib,2016-10,2016,10,z,m**2 s**-2,56149.10868537908,50855.36328125,58043.36328125
z500,cds__era5_pl_monthly__ERA5__reanalysis__z500__500hPa__monthly__2016-2016__m11__NH0_90__grid_1p0.grib,2016-11,2016,11,z,m**2 s**-2,55668.957742091174,50227.91796875,57886.66796875
z500,cds__era5_pl_monthly__ERA5__reanalysis__z500__500hPa__monthly__2016-2016__m12__NH0_90__grid_1p0.grib,2016-12,2016,12,z,m**2 s**-2,55300.11220137423,49125.40625,57839.65625
z500,cds__era5_pl_monthly__ERA5__reanalysis__z500__500hPa__monthly__2017-2017__m01__NH0_90__grid_1p0.grib,2017-01,2017,1,z,m**2 s**-2,55072.57112412023,48536.73046875,57698.23046875
z500,cds__era5_pl_monthly__ERA5__reanalysis__z500__500hPa__monthly__2017-2017__m02__NH0_90__grid_1p0.grib,2017-02,2017,2,z,m**2 s**-2,55120.343285092764,48908.66015625,57714.91015625
z500,cds__era5_pl_monthly__ERA5__reanalysis__z500__500hPa__monthly__2017-2017__m03__NH0_90__grid_1p0.grib,2017-03,2017,3,z,m**2 s**-2,55310.25216951673,48638.25390625,57693.25390625
z500,cds__era5_pl_monthly__ERA5__reanalysis__z500__500hPa__monthly__2017-2017__m04__NH0_90__grid_1p0.grib,2017-04,2017,4,z,m**2 s**-2,55700.63007351914,50360.17578125,57773.67578125
z500,cds__era5_pl_monthly__ERA5__reanalysis__z500__500hPa__monthly__2017-2017__m05__NH0_90__grid_1p0.grib,2017-05,2017,5,z,m**2 s**-2,56237.45831141872,51688.08203125,57941.58203125
z500,cds__era5_pl_monthly__ERA5__reanalysis__z500__500hPa__monthly__2017-2017__m06__NH0_90__grid_1p0.grib,2017-06,2017,6,z,m**2 s**-2,56615.6892096587,52022.24609375,58038.49609375
z500,cds__era5_pl_monthly__ERA5__reanalysis__z500__500hPa__monthly__2017-2017__m07__NH0_90__grid_1p0.grib,2017-07,2017,7,z,m**2 s**-2,56936.63626098116,52637.4375,58343.1875
z500,cds__era5_pl_monthly__ERA5__reanalysis__z500__500hPa__monthly__2017-2017__m08__NH0_90__grid_1p0.grib,2017-08,2017,8,z,m**2 s**-2,56898.189447016855,52266.125,58242.375
z500,cds__era5_pl_monthly__ERA5__reanalysis__z500__500hPa__monthly__2017-2017__m09__NH0_90__grid_1p0.grib,2017-09,2017,9,z,m**2 s**-2,56610.7909997442,51867.28515625,58055.03515625
z500,cds__era5_pl_monthly__ERA5__reanalysis__z500__500hPa__monthly__2017-2017__m10__NH0_90__grid_1p0.grib,2017-10,2017,10,z,m**2 s**-2,56149.44914595863,50861.85546875,57999.60546875
z500,cds__era5_pl_monthly__ERA5__reanalysis__z500__500hPa__monthly__2017-2017__m11__NH0_90__grid_1p0.grib,2017-11,2017,11,z,m**2 s**-2,55650.841700081044,49744.9453125,57817.6953125
z500,cds__era5_pl_monthly__ERA5__reanalysis__z500__500hPa__monthly__2017-2017__m12__NH0_90__grid_1p0.grib,2017-12,2017,12,z,m**2 s**-2,55390.33948910523,49594.54296875,57921.29296875
z500,cds__era5_pl_monthly__ERA5__reanalysis__z500__500hPa__monthly__2018-2018__m01__NH0_90__grid_1p0.grib,2018-01,2018,1,z,m**2 s**-2,55182.14351700058,49244.953125,57620.203125
z500,cds__era5_pl_monthly__ERA5__reanalysis__z500__500hPa__monthly__2018-2018__m02__NH0_90__grid_1p0.grib,2018-02,2018,2,z,m**2 s**-2,55161.581091540465,47370.3125,57741.5625
z500,cds__era5_pl_monthly__ERA5__reanalysis__z500__500hPa__monthly__2018-2018__m03__NH0_90__grid_1p0.grib,2018-03,2018,3,z,m**2 s**-2,55296.638354618895,49010.47265625,57643.72265625
z500,cds__era5_pl_monthly__ERA5__reanalysis__z500__500hPa__monthly__2018-2018__m04__NH0_90__grid_1p0.grib,2018-04,2018,4,z,m**2 s**-2,55709.569115783714,50193.82421875,57701.82421875
z500,cds__era5_pl_monthly__ERA5__reanalysis__z500__500hPa__monthly__2018-2018__m05__NH0_90__grid_1p0.grib,2018-05,2018,5,z,m**2 s**-2,56221.81866531025,50926.76171875,57978.76171875
z500,cds__era5_pl_monthly__ERA5__reanalysis__z500__500hPa__monthly__2018-2018__m06__NH0_90__grid_1p0.grib,2018-06,2018,6,z,m**2 s**-2,56650.00379437746,52678.03515625,58209.53515625
z500,cds__era5_pl_monthly__ERA5__reanalysis__z500__500hPa__monthly__2018-2018__m07__NH0_90__grid_1p0.grib,2018-07,2018,7,z,m**2 s**-2,56992.49583184182,52478.55859375,58533.55859375
z500,cds__era5_pl_monthly__ERA5__reanalysis__z500__500hPa__monthly__2018-2018__m08__NH0_90__grid_1p0.grib,2018-08,2018,8,z,m**2 s**-2,56877.34931136884,52362.0703125,58139.5703125
z500,cds__era5_pl_monthly__ERA5__reanalysis__z500__500hPa__monthly__2018-2018__m09__NH0_90__grid_1p0.grib,2018-09,2018,9,z,m**2 s**-2,56574.26926755392,51527.2109375,58091.9609375
z500,cds__era5_pl_monthly__ERA5__reanalysis__z500__500hPa__monthly__2018-2018__m10__NH0_90__grid_1p0.grib,2018-10,2018,10,z,m**2 s**-2,56088.44800887047,50632.08203125,58052.83203125
z500,cds__era5_pl_monthly__ERA5__reanalysis__z500__500hPa__monthly__2018-2018__m11__NH0_90__grid_1p0.grib,2018-11,2018,11,z,m**2 s**-2,55662.00732078096,49800.30078125,57825.55078125
z500,cds__era5_pl_monthly__ERA5__reanalysis__z500__500hPa__monthly__2018-2018__m12__NH0_90__grid_1p0.grib,2018-12,2018,12,z,m**2 s**-2,55329.21540285317,49019.08984375,57875.58984375
z500,cds__era5_pl_monthly__ERA5__reanalysis__z500__500hPa__monthly__2019-2019__m01__NH0_90__grid_1p0.grib,2019-01,2019,1,z,m**2 s**-2,55092.007786743794,48821.18359375,57817.68359375
z500,cds__era5_pl_monthly__ERA5__reanalysis__z500__500hPa__monthly__2019-2019__m02__NH0_90__grid_1p0.grib,2019-02,2019,2,z,m**2 s**-2,55157.22006657665,48198.703125,57906.453125
z500,cds__era5_pl_monthly__ERA5__reanalysis__z500__500hPa__monthly__2019-2019__m03__NH0_90__grid_1p0.grib,2019-03,2019,3,z,m**2 s**-2,55296.429864983846,48796.8515625,57803.8515625
z500,cds__era5_pl_monthly__ERA5__reanalysis__z500__500hPa__monthly__2019-2019__m04__NH0_90__grid_1p0.grib,2019-04,2019,4,z,m**2 s**-2,55734.769805245305,49912.3203125,57843.0703125
z500,cds__era5_pl_monthly__ERA5__reanalysis__z500__500hPa__monthly__2019-2019__m05__NH0_90__grid_1p0.grib,2019-05,2019,5,z,m**2 s**-2,56249.08946819781,52301.67578125,57871.67578125
z500,cds__era5_pl_monthly__ERA5__reanalysis__z500__500hPa__monthly__2019-2019__m06__NH0_90__grid_1p0.grib,2019-06,2019,6,z,m**2 s**-2,56751.04841504088,52192.10546875,58162.35546875
z500,cds__era5_pl_monthly__ERA5__reanalysis__z500__500hPa__monthly__2019-2019__m07__NH0_90__grid_1p0.grib,2019-07,2019,7,z,m**2 s**-2,56954.84910557627,53596.76171875,58284.01171875
z500,cds__era5_pl_monthly__ERA5__reanalysis__z500__500hPa__monthly__2019-2019__m08__NH0_90__grid_1p0.grib,2019-08,2019,8,z,m**2 s**-2,56947.08301480007,52934.5234375,58330.0234375
z500,cds__era5_pl_monthly__ERA5__reanalysis__z500__500hPa__monthly__2019-2019__m09__NH0_90__grid_1p0.grib,2019-09,2019,9,z,m**2 s**-2,56631.56114033812,52456.23828125,58160.23828125
z500,cds__era5_pl_monthly__ERA5__reanalysis__z500__500hPa__monthly__2019-2019__m10__NH0_90__grid_1p0.grib,2019-10,2019,10,z,m**2 s**-2,56151.371736469424,50977.578125,57939.078125
z500,cds__era5_pl_monthly__ERA5__reanalysis__z500__500hPa__monthly__2019-2019__m11__NH0_90__grid_1p0.grib,2019-11,2019,11,z,m**2 s**-2,55666.47017993681,49861.5390625,57885.0390625
z500,cds__era5_pl_monthly__ERA5__reanalysis__z500__500hPa__monthly__2019-2019__m12__NH0_90__grid_1p0.grib,2019-12,2019,12,z,m**2 s**-2,55307.32923287964,48992.2734375,57921.5234375
z500,cds__era5_pl_monthly__ERA5__reanalysis__z500__500hPa__monthly__2020-2020__m01__NH0_90__grid_1p0.grib,2020-01,2020,1,z,m**2 s**-2,55153.21764572006,48119.13671875,57843.63671875
z500,cds__era5_pl_monthly__ERA5__reanalysis__z500__500hPa__monthly__2020-2020__m02__NH0_90__grid_1p0.grib,2020-02,2020,2,z,m**2 s**-2,55207.349825459554,48382.9921875,57924.4921875
z500,cds__era5_pl_monthly__ERA5__reanalysis__z500__500hPa__monthly__2020-2020__m03__NH0_90__grid_1p0.grib,2020-03,2020,3,z,m**2 s**-2,55392.19636548918,48110.09765625,57920.84765625
z500,cds__era5_pl_monthly__ERA5__reanalysis__z500__500hPa__monthly__2020-2020__m04__NH0_90__grid_1p0.grib,2020-04,2020,4,z,m**2 s**-2,55778.19774685881,50049.5546875,57922.8046875
z500,cds__era5_pl_monthly__ERA5__reanalysis__z500__500hPa__monthly__2020-2020__m05__NH0_90__grid_1p0.grib,2020-05,2020,5,z,m**2 s**-2,56322.71449182379,51990.625,57920.625
z500,cds__era5_pl_monthly__ERA5__reanalysis__z500__500hPa__monthly__2020-2020__m06__NH0_90__grid_1p0.grib,2020-06,2020,6,z,m**2 s**-2,56724.963761803905,52421.1875,58258.6875
z500,cds__era5_pl_monthly__ERA5__reanalysis__z500__500hPa__monthly__2020-2020__m07__NH0_90__grid_1p0.grib,2020-07,2020,7,z,m**2 s**-2,56988.43445785559,53568.44921875,58320.44921875
z500,cds__era5_pl_monthly__ERA5__reanalysis__z500__500hPa__monthly__2020-2020__m08__NH0_90__grid_1p0.grib,2020-08,2020,8,z,m**2 s**-2,56895.112318847554,53181.34765625,58275.84765625
z500,cds__era5_pl_monthly__ERA5__reanalysis__z500__500hPa__monthly__2020-2020__m09__NH0_90__grid_1p0.grib,2020-09,2020,9,z,m**2 s**-2,56616.66329710496,51539.65625,58112.65625
z500,cds__era5_pl_monthly__ERA5__reanalysis__z500__500hPa__monthly__2020-2020__m10__NH0_90__grid_1p0.grib,2020-10,2020,10,z,m**2 s**-2,56192.335241948414,51086.9453125,58054.6953125
z500,cds__era5_pl_monthly__ERA5__reanalysis__z500__500hPa__monthly__2020-2020__m11__NH0_90__grid_1p0.grib,2020-11,2020,11,z,m**2 s**-2,55728.654694752055,48852.12109375,58044.87109375
z500,cds__era5_pl_monthly__ERA5__reanalysis__z500__500hPa__monthly__2020-2020__m12__NH0_90__grid_1p0.grib,2020-12,2020,12,z,m**2 s**-2,55300.53094158209,49325.4375,57906.4375
z500,cds__era5_pl_monthly__ERA5__reanalysis__z500__500hPa__monthly__2021-2021__m01__NH0_90__grid_1p0.grib,2021-01,2021,1,z,m**2 s**-2,55166.09321751443,49394.4296875,57725.9296875
z500,cds__era5_pl_monthly__ERA5__reanalysis__z500__500hPa__monthly__2021-2021__m02__NH0_90__grid_1p0.grib,2021-02,2021,2,z,m**2 s**-2,55181.323743188936,49451.7890625,57720.2890625
z500,cds__era5_pl_monthly__ERA5__reanalysis__z500__500hPa__monthly__2021-2021__m03__NH0_90__grid_1p0.grib,2021-03,2021,3,z,m**2 s**-2,55325.0224151267,48710.05078125,57703.55078125
z500,cds__era5_pl_monthly__ERA5__reanalysis__z500__500hPa__monthly__2021-2021__m04__NH0_90__grid_1p0.grib,2021-04,2021,4,z,m**2 s**-2,55805.104380824836,50483.25,57660.75
z500,cds__era5_pl_monthly__ERA5__reanalysis__z500__500hPa__monthly__2021-2021__m05__NH0_90__grid_1p0.grib,2021-05,2021,5,z,m**2 s**-2,56256.617637067146,51368.53515625,58019.53515625
z500,cds__era5_pl_monthly__ERA5__reanalysis__z500__500hPa__monthly__2021-2021__m06__NH0_90__grid_1p0.grib,2021-06,2021,6,z,m**2 s**-2,56696.37852957197,51799.92578125,58249.67578125
z500,cds__era5_pl_monthly__ERA5__reanalysis__z500__500hPa__monthly__2021-2021__m07__NH0_90__grid_1p0.grib,2021-07,2021,7,z,m**2 s**-2,56997.92367040396,52966.30078125,58468.80078125
z500,cds__era5_pl_monthly__ERA5__reanalysis__z500__500hPa__monthly__2021-2021__m08__NH0_90__grid_1p0.grib,2021-08,2021,8,z,m**2 s**-2,56959.47124650684,52197.3046875,58276.0546875
z500,cds__era5_pl_monthly__ERA5__reanalysis__z500__500hPa__monthly__2021-2021__m09__NH0_90__grid_1p0.grib,2021-09,2021,9,z,m**2 s**-2,56609.49890589498,51687.84765625,58203.34765625
z500,cds__era5_pl_monthly__ERA5__reanalysis__z500__500hPa__monthly__2021-2021__m10__NH0_90__grid_1p0.grib,2021-10,2021,10,z,m**2 s**-2,56165.291278502336,50518.80859375,57941.30859375
z500,cds__era5_pl_monthly__ERA5__reanalysis__z500__500hPa__monthly__2021-2021__m11__NH0_90__grid_1p0.grib,2021-11,2021,11,z,m**2 s**-2,55629.36088258496,49152.3984375,57871.3984375
z500,cds__era5_pl_monthly__ERA5__reanalysis__z500__500hPa__monthly__2021-2021__m12__NH0_90__grid_1p0.grib,2021-12,2021,12,z,m**2 s**-2,55329.717288860105,49580.1875,57756.9375
z500,cds__era5_pl_monthly__ERA5__reanalysis__z500__500hPa__monthly__2022-2022__m01__NH0_90__grid_1p0.grib,2022-01,2022,1,z,m**2 s**-2,55072.32413807888,48318.6171875,57639.3671875
z500,cds__era5_pl_monthly__ERA5__reanalysis__z500__500hPa__monthly__2022-2022__m02__NH0_90__grid_1p0.grib,2022-02,2022,2,z,m**2 s**-2,55115.67891284587,48151.82421875,57683.07421875
z500,cds__era5_pl_monthly__ERA5__reanalysis__z500__500hPa__monthly__2022-2022__m03__NH0_90__grid_1p0.grib,2022-03,2022,3,z,m**2 s**-2,55344.54087464438,49569.17578125,57650.17578125
z500,cds__era5_pl_monthly__ERA5__reanalysis__z500__500hPa__monthly__2022-2022__m04__NH0_90__grid_1p0.grib,2022-04,2022,4,z,m**2 s**-2,55753.62496265368,50593.20703125,57715.20703125
z500,cds__era5_pl_monthly__ERA5__reanalysis__z500__500hPa__monthly__2022-2022__m05__NH0_90__grid_1p0.grib,2022-05,2022,5,z,m**2 s**-2,56216.98206542644,50921.6875,57940.6875
z500,cds__era5_pl_monthly__ERA5__reanalysis__z500__500hPa__monthly__2022-2022__m06__NH0_90__grid_1p0.grib,2022-06,2022,6,z,m**2 s**-2,56648.631528259226,52658.21484375,58108.71484375
z500,cds__era5_pl_monthly__ERA5__reanalysis__z500__500hPa__monthly__2022-2022__m07__NH0_90__grid_1p0.grib,2022-07,2022,7,z,m**2 s**-2,56994.15164374565,52979.671875,58340.421875
z500,cds__era5_pl_monthly__ERA5__reanalysis__z500__500hPa__monthly__2022-2022__m08__NH0_90__grid_1p0.grib,2022-08,2022,8,z,m**2 s**-2,56917.19750910549,53005.02734375,58237.52734375
z500,cds__era5_pl_monthly__ERA5__reanalysis__z500__500hPa__monthly__2022-2022__m09__NH0_90__grid_1p0.grib,2022-09,2022,9,z,m**2 s**-2,56592.41554182877,52303.71484375,57980.21484375
z500,cds__era5_pl_monthly__ERA5__reanalysis__z500__500hPa__monthly__2022-2022__m10__NH0_90__grid_1p0.grib,2022-10,2022,10,z,m**2 s**-2,56154.73705198144,50142.99609375,57861.99609375
z500,cds__era5_pl_monthly__ERA5__reanalysis__z500__500hPa__monthly__2022-2022__m11__NH0_90__grid_1p0.grib,2022-11,2022,11,z,m**2 s**-2,55660.080956489124,49572.29296875,57876.79296875
z500,cds__era5_pl_monthly__ERA5__reanalysis__z500__500hPa__monthly__2022-2022__m12__NH0_90__grid_1p0.grib,2022-12,2022,12,z,m**2 s**-2,55336.562445570235,49931.75390625,57729.50390625
z500,cds__era5_pl_monthly__ERA5__reanalysis__z500__500hPa__monthly__2023-2023__m01__NH0_90__grid_1p0.grib,2023-01,2023,1,z,m**2 s**-2,55119.27656081965,48705.96875,57678.21875
z500,cds__era5_pl_monthly__ERA5__reanalysis__z500__500hPa__monthly__2023-2023__m02__NH0_90__grid_1p0.grib,2023-02,2023,2,z,m**2 s**-2,55145.73588450775,47909.7734375,57823.7734375
z500,cds__era5_pl_monthly__ERA5__reanalysis__z500__500hPa__monthly__2023-2023__m03__NH0_90__grid_1p0.grib,2023-03,2023,3,z,m**2 s**-2,55300.73374790177,48635.0859375,57642.0859375
z500,cds__era5_pl_monthly__ERA5__reanalysis__z500__500hPa__monthly__2023-2023__m04__NH0_90__grid_1p0.grib,2023-04,2023,4,z,m**2 s**-2,55711.98841575934,50511.6796875,57681.4296875
z500,cds__era5_pl_monthly__ERA5__reanalysis__z500__500hPa__monthly__2023-2023__m05__NH0_90__grid_1p0.grib,2023-05,2023,5,z,m**2 s**-2,56257.37830705417,50277.66015625,57953.41015625
z500,cds__era5_pl_monthly__ERA5__reanalysis__z500__500hPa__monthly__2023-2023__m06__NH0_90__grid_1p0.grib,2023-06,2023,6,z,m**2 s**-2,56686.79317117078,52457.58984375,58091.83984375
z500,cds__era5_pl_monthly__ERA5__reanalysis__z500__500hPa__monthly__2023-2023__m07__NH0_90__grid_1p0.grib,2023-07,2023,7,z,m**2 s**-2,57084.91574563652,52782.72265625,58604.97265625
z500,cds__era5_pl_monthly__ERA5__reanalysis__z500__500hPa__monthly__2023-2023__m08__NH0_90__grid_1p0.grib,2023-08,2023,8,z,m**2 s**-2,57034.21082032913,52984.03515625,58412.03515625
z500,cds__era5_pl_monthly__ERA5__reanalysis__z500__500hPa__monthly__2023-2023__m09__NH0_90__grid_1p0.grib,2023-09,2023,9,z,m**2 s**-2,56698.09531349017,51922.8828125,58135.1328125
z500,cds__era5_pl_monthly__ERA5__reanalysis__z500__500hPa__monthly__2023-2023__m10__NH0_90__grid_1p0.grib,2023-10,2023,10,z,m**2 s**-2,56193.65800891542,51075.3125,58096.8125
z500,cds__era5_pl_monthly__ERA5__reanalysis__z500__500hPa__monthly__2023-2023__m11__NH0_90__grid_1p0.grib,2023-11,2023,11,z,m**2 s**-2,55734.08759712468,49428.53125,58009.28125
z500,cds__era5_pl_monthly__ERA5__reanalysis__z500__500hPa__monthly__2023-2023__m12__NH0_90__grid_1p0.grib,2023-12,2023,12,z,m**2 s**-2,55441.57243277267,49508.10546875,58002.60546875
z500,cds__era5_pl_monthly__ERA5__reanalysis__z500__500hPa__monthly__2024-2024__m01__NH0_90__grid_1p0.grib,2024-01,2024,1,z,m**2 s**-2,55220.55453304824,49382.7265625,58002.2265625
z500,cds__era5_pl_monthly__ERA5__reanalysis__z500__500hPa__monthly__2024-2024__m02__NH0_90__grid_1p0.grib,2024-02,2024,2,z,m**2 s**-2,55282.22892588521,49381.41796875,58014.16796875
z500,cds__era5_pl_monthly__ERA5__reanalysis__z500__500hPa__monthly__2024-2024__m03__NH0_90__grid_1p0.grib,2024-03,2024,3,z,m**2 s**-2,55434.18306930648,49299.1484375,57945.3984375
z500,cds__era5_pl_monthly__ERA5__reanalysis__z500__500hPa__monthly__2024-2024__m04__NH0_90__grid_1p0.grib,2024-04,2024,4,z,m**2 s**-2,55914.75899689906,49837.60546875,57924.35546875
z500,cds__era5_pl_monthly__ERA5__reanalysis__z500__500hPa__monthly__2024-2024__m05__NH0_90__grid_1p0.grib,2024-05,2024,5,z,m**2 s**-2,56361.12430880084,51505.61328125,58086.61328125
z500,cds__era5_pl_monthly__ERA5__reanalysis__z500__500hPa__monthly__2024-2024__m06__NH0_90__grid_1p0.grib,2024-06,2024,6,z,m**2 s**-2,56794.227522552275,52881.4140625,58332.1640625
z500,cds__era5_pl_monthly__ERA5__reanalysis__z500__500hPa__monthly__2024-2024__m07__NH0_90__grid_1p0.grib,2024-07,2024,7,z,m**2 s**-2,57059.50286201541,53071.484375,58517.734375
z500,cds__era5_pl_monthly__ERA5__reanalysis__z500__500hPa__monthly__2024-2024__m08__NH0_90__grid_1p0.grib,2024-08,2024,8,z,m**2 s**-2,57003.51758712211,51737.69140625,58398.69140625
z500,cds__era5_pl_monthly__ERA5__reanalysis__z500__500hPa__monthly__2024-2024__m09__NH0_90__grid_1p0.grib,2024-09,2024,9,z,m**2 s**-2,56735.153743096474,52064.30859375,58169.05859375
z500,cds__era5_pl_monthly__ERA5__reanalysis__z500__500hPa__monthly__2024-2024__m10__NH0_90__grid_1p0.grib,2024-10,2024,10,z,m**2 s**-2,56257.391177289166,51232.17578125,57900.17578125
z500,cds__era5_pl_monthly__ERA5__reanalysis__z500__500hPa__monthly__2024-2024__m11__NH0_90__grid_1p0.grib,2024-11,2024,11,z,m**2 s**-2,55767.839550123965,49785.140625,57928.640625
z500,cds__era5_pl_monthly__ERA5__reanalysis__z500__500hPa__monthly__2024-2024__m12__NH0_90__grid_1p0.grib,2024-12,2024,12,z,m**2 s**-2,55398.66009983621,49518.1640625,58025.4140625
z500,cds__era5_pl_monthly__ERA5__reanalysis__z500__500hPa__monthly__2025-2025__m01__NH0_90__grid_1p0.grib,2025-01,2025,1,z,m**2 s**-2,55237.75727232619,49259.36328125,57873.86328125
z500,cds__era5_pl_monthly__ERA5__reanalysis__z500__500hPa__monthly__2025-2025__m02__NH0_90__grid_1p0.grib,2025-02,2025,2,z,m**2 s**-2,55220.44141603119,49241.59375,57804.09375
z500,cds__era5_pl_monthly__ERA5__reanalysis__z500__500hPa__monthly__2025-2025__m03__NH0_90__grid_1p0.grib,2025-03,2025,3,z,m**2 s**-2,55398.06928784068,49574.90625,57814.90625
z500,cds__era5_pl_monthly__ERA5__reanalysis__z500__500hPa__monthly__2025-2025__m04__NH0_90__grid_1p0.grib,2025-04,2025,4,z,m**2 s**-2,55843.14188894192,49925.9921875,57796.4921875
z500,cds__era5_pl_monthly__ERA5__reanalysis__z500__500hPa__monthly__2025-2025__m05__NH0_90__grid_1p0.grib,2025-05,2025,5,z,m**2 s**-2,56287.22539310547,51306.27734375,58071.02734375
z500,cds__era5_pl_monthly__ERA5__reanalysis__z500__500hPa__monthly__2025-2025__m06__NH0_90__grid_1p0.grib,2025-06,2025,6,z,m**2 s**-2,56735.76473488246,52620.60546875,58167.60546875
z500,cds__era5_pl_monthly__ERA5__reanalysis__z500__500hPa__monthly__2025-2025__m07__NH0_90__grid_1p0.grib,2025-07,2025,7,z,m**2 s**-2,57006.43900852218,52836.765625,58360.515625
z500,cds__era5_pl_monthly__ERA5__reanalysis__z500__500hPa__monthly__2025-2025__m08__NH0_90__grid_1p0.grib,2025-08,2025,8,z,m**2 s**-2,56992.03956790518,52125.078125,58300.078125
z500,cds__era5_pl_monthly__ERA5__reanalysis__z500__500hPa__monthly__2025-2025__m09__NH0_90__grid_1p0.grib,2025-09,2025,9,z,m**2 s**-2,56666.54907364521,51562.2734375,58182.2734375
z500,cds__era5_pl_monthly__ERA5__reanalysis__z500__500hPa__monthly__2025-2025__m10__NH0_90__grid_1p0.grib,2025-10,2025,10,z,m**2 s**-2,56193.2206039944,50992.7421875,58100.9921875
z500,cds__era5_pl_monthly__ERA5__reanalysis__z500__500hPa__monthly__2025-2025__m11__NH0_90__grid_1p0.grib,2025-11,2025,11,z,m**2 s**-2,55702.697988916145,49627.37890625,57943.12890625
z500,cds__era5_pl_monthly__ERA5__reanalysis__z500__500hPa__monthly__2025-2025__m12__NH0_90__grid_1p0.grib,2025-12,2025,12,z,m**2 s**-2,55308.276477659565,48752.7890625,57685.5390625
t850,cds__era5_pl_monthly__ERA5__reanalysis__t850__850hPa__monthly__2000-2000__m01__NH0_90__grid_1p0.grib,2000-01,2000,1,t,K,276.71924952292045,244.0635528564453,297.73443603515625
t850,cds__era5_pl_monthly__ERA5__reanalysis__t850__850hPa__monthly__2000-2000__m02__NH0_90__grid_1p0.grib,2000-02,2000,2,t,K,277.4741071475336,245.33192443847656,298.6561279296875
t850,cds__era5_pl_monthly__ERA5__reanalysis__t850__850hPa__monthly__2000-2000__m03__NH0_90__grid_1p0.grib,2000-03,2000,3,t,K,279.173802101138,245.09027099609375,299.76605224609375
t850,cds__era5_pl_monthly__ERA5__reanalysis__t850__850hPa__monthly__2000-2000__m04__NH0_90__grid_1p0.grib,2000-04,2000,4,t,K,281.91687050007386,253.3760528564453,300.92291259765625
t850,cds__era5_pl_monthly__ERA5__reanalysis__t850__850hPa__monthly__2000-2000__m05__NH0_90__grid_1p0.grib,2000-05,2000,5,t,K,284.5148625993999,257.0625,304.857421875
t850,cds__era5_pl_monthly__ERA5__reanalysis__t850__850hPa__monthly__2000-2000__m06__NH0_90__grid_1p0.grib,2000-06,2000,6,t,K,286.9111044100053,265.115966796875,304.576904296875
t850,cds__era5_pl_monthly__ERA5__reanalysis__t850__850hPa__monthly__2000-2000__m07__NH0_90__grid_1p0.grib,2000-07,2000,7,t,K,288.29003263075185,269.717529296875,306.137451171875
t850,cds__era5_pl_monthly__ERA5__reanalysis__t850__850hPa__monthly__2000-2000__m08__NH0_90__grid_1p0.grib,2000-08,2000,8,t,K,287.947961070423,266.385498046875,306.475341796875
t850,cds__era5_pl_monthly__ERA5__reanalysis__t850__850hPa__monthly__2000-2000__m09__NH0_90__grid_1p0.grib,2000-09,2000,9,t,K,285.76487719783717,260.015625,301.765625
t850,cds__era5_pl_monthly__ERA5__reanalysis__t850__850hPa__monthly__2000-2000__m10__NH0_90__grid_1p0.grib,2000-10,2000,10,t,K,282.72514262481235,252.75006103515625,297.76373291015625
t850,cds__era5_pl_monthly__ERA5__reanalysis__t850__850hPa__monthly__2000-2000__m11__NH0_90__grid_1p0.grib,2000-11,2000,11,t,K,279.9801000987545,246.18089294433594,296.827392578125
t850,cds__era5_pl_monthly__ERA5__reanalysis__t850__850hPa__monthly__2000-2000__m12__NH0_90__grid_1p0.grib,2000-12,2000,12,t,K,278.04930495378716,241.09930419921875,296.32586669921875
t850,cds__era5_pl_monthly__ERA5__reanalysis__t850__850hPa__monthly__2001-2001__m01__NH0_90__grid_1p0.grib,2001-01,2001,1,t,K,277.01784655997716,241.37808227539062,296.9044494628906
t850,cds__era5_pl_monthly__ERA5__reanalysis__t850__850hPa__monthly__2001-2001__m02__NH0_90__grid_1p0.grib,2001-02,2001,2,t,K,277.17418603045616,240.62435913085938,298.1897888183594
t850,cds__era5_pl_monthly__ERA5__reanalysis__t850__850hPa__monthly__2001-2001__m03__NH0_90__grid_1p0.grib,2001-03,2001,3,t,K,279.14997426198266,245.62071228027344,298.9576416015625
t850,cds__era5_pl_monthly__ERA5__reanalysis__t850__850hPa__monthly__2001-2001__m04__NH0_90__grid_1p0.grib,2001-04,2001,4,t,K,281.57260087446355,248.75704956054688,301.1515808105469
t850,cds__era5_pl_monthly__ERA5__reanalysis__t850__850hPa__monthly__2001-2001__m05__NH0_90__grid_1p0.grib,2001-05,2001,5,t,K,284.7305308237287,258.2373046875,304.5146484375
t850,cds__era5_pl_monthly__ERA5__reanalysis__t850__850hPa__monthly__2001-2001__m06__NH0_90__grid_1p0.grib,2001-06,2001,6,t,K,286.9760842649145,265.51220703125,305.52783203125
t850,cds__era5_pl_monthly__ERA5__reanalysis__t850__850hPa__monthly__2001-2001__m07__NH0_90__grid_1p0.grib,2001-07,2001,7,t,K,288.39533555008956,269.904296875,306.283203125
t850,cds__era5_pl_monthly__ERA5__reanalysis__t850__850hPa__monthly__2001-2001__m08__NH0_90__grid_1p0.grib,2001-08,2001,8,t,K,288.15452162593573,267.44580078125,306.32666015625
t850,cds__era5_pl_monthly__ERA5__reanalysis__t850__850hPa__monthly__2001-2001__m09__NH0_90__grid_1p0.grib,2001-09,2001,9,t,K,285.96275539603175,260.388671875,303.361328125
t850,cds__era5_pl_monthly__ERA5__reanalysis__t850__850hPa__monthly__2001-2001__m10__NH0_90__grid_1p0.grib,2001-10,2001,10,t,K,283.11644832879307,255.0851593017578,298.55389404296875
t850,cds__era5_pl_monthly__ERA5__reanalysis__t850__850hPa__monthly__2001-2001__m11__NH0_90__grid_1p0.grib,2001-11,2001,11,t,K,280.34783686085154,247.28570556640625,297.17437744140625
t850,cds__era5_pl_monthly__ERA5__reanalysis__t850__850hPa__monthly__2001-2001__m12__NH0_90__grid_1p0.grib,2001-12,2001,12,t,K,278.2565681886336,244.66604614257812,297.3232727050781
t850,cds__era5_pl_monthly__ERA5__reanalysis__t850__850hPa__monthly__2002-2002__m01__NH0_90__grid_1p0.grib,2002-01,2002,1,t,K,277.2540309442558,242.87362670898438,296.5103454589844
t850,cds__era5_pl_monthly__ERA5__reanalysis__t850__850hPa__monthly__2002-2002__m02__NH0_90__grid_1p0.grib,2002-02,2002,2,t,K,277.66934294612946,240.5672149658203,298.73516845703125
t850,cds__era5_pl_monthly__ERA5__reanalysis__t850__850hPa__monthly__2002-2002__m03__NH0_90__grid_1p0.grib,2002-03,2002,3,t,K,279.26788994424754,244.74453735351562,299.2093811035156
t850,cds__era5_pl_monthly__ERA5__reanalysis__t850__850hPa__monthly__2002-2002__m04__NH0_90__grid_1p0.grib,2002-04,2002,4,t,K,281.4278725235307,247.5223388671875,301.7098388671875
t850,cds__era5_pl_monthly__ERA5__reanalysis__t850__850hPa__monthly__2002-2002__m05__NH0_90__grid_1p0.grib,2002-05,2002,5,t,K,284.49149238450514,257.663330078125,303.346923828125
t850,cds__era5_pl_monthly__ERA5__reanalysis__t850__850hPa__monthly__2002-2002__m06__NH0_90__grid_1p0.grib,2002-06,2002,6,t,K,287.1205082542447,265.9248046875,305.3564453125
t850,cds__era5_pl_monthly__ERA5__reanalysis__t850__850hPa__monthly__2002-2002__m07__NH0_90__grid_1p0.grib,2002-07,2002,7,t,K,288.6297901367633,269.0419921875,305.8935546875
t850,cds__era5_pl_monthly__ERA5__reanalysis__t850__850hPa__monthly__2002-2002__m08__NH0_90__grid_1p0.grib,2002-08,2002,8,t,K,287.9891386157309,265.85205078125,305.28173828125
t850,cds__era5_pl_monthly__ERA5__reanalysis__t850__850hPa__monthly__2002-2002__m09__NH0_90__grid_1p0.grib,2002-09,2002,9,t,K,286.000841880189,260.774169921875,302.959716796875
t850,cds__era5_pl_monthly__ERA5__reanalysis__t850__850hPa__monthly__2002-2002__m10__NH0_90__grid_1p0.grib,2002-10,2002,10,t,K,282.91912985327843,258.503173828125,298.663330078125
t850,cds__era5_pl_monthly__ERA5__reanalysis__t850__850hPa__monthly__2002-2002__m11__NH0_90__grid_1p0.grib,2002-11,2002,11,t,K,280.39774552338434,250.47036743164062,298.0455627441406
t850,cds__era5_pl_monthly__ERA5__reanalysis__t850__850hPa__monthly__2002-2002__m12__NH0_90__grid_1p0.grib,2002-12,2002,12,t,K,278.0047389177289,238.0930633544922,297.10772705078125
t850,cds__era5_pl_monthly__ERA5__reanalysis__t850__850hPa__monthly__2003-2003__m01__NH0_90__grid_1p0.grib,2003-01,2003,1,t,K,277.40273123623956,243.1395263671875,297.7977294921875
t850,cds__era5_pl_monthly__ERA5__reanalysis__t850__850hPa__monthly__2003-2003__m02__NH0_90__grid_1p0.grib,2003-02,2003,2,t,K,277.4130170663943,244.4285888671875,298.9862060546875
t850,cds__era5_pl_monthly__ERA5__reanalysis__t850__850hPa__monthly__2003-2003__m03__NH0_90__grid_1p0.grib,2003-03,2003,3,t,K,278.88910826393266,245.72085571289062,299.9220275878906
t850,cds__era5_pl_monthly__ERA5__reanalysis__t850__850hPa__monthly__2003-2003__m04__NH0_90__grid_1p0.grib,2003-04,2003,4,t,K,281.63331575570083,251.2269744873047,301.29534912109375
t850,cds__era5_pl_monthly__ERA5__reanalysis__t850__850hPa__monthly__2003-2003__m05__NH0_90__grid_1p0.grib,2003-05,2003,5,t,K,284.73548731626227,259.96044921875,302.25341796875
t850,cds__era5_pl_monthly__ERA5__reanalysis__t850__850hPa__monthly__2003-2003__m06__NH0_90__grid_1p0.grib,2003-06,2003,6,t,K,286.9890450928013,265.90283203125,305.43408203125
t850,cds__era5_pl_monthly__ERA5__reanalysis__t850__850hPa__monthly__2003-2003__m07__NH0_90__grid_1p0.grib,2003-07,2003,7,t,K,288.4456152535665,269.63525390625,307.56298828125
t850,cds__era5_pl_monthly__ERA5__reanalysis__t850__850hPa__monthly__2003-2003__m08__NH0_90__grid_1p0.grib,2003-08,2003,8,t,K,288.1309491368024,266.0986328125,305.9755859375
t850,cds__era5_pl_monthly__ERA5__reanalysis__t850__850hPa__monthly__2003-2003__m09__NH0_90__grid_1p0.grib,2003-09,2003,9,t,K,286.1199017786593,261.12109375,302.44140625
t850,cds__era5_pl_monthly__ERA5__reanalysis__t850__850hPa__monthly__2003-2003__m10__NH0_90__grid_1p0.grib,2003-10,2003,10,t,K,283.45774460771236,255.5973358154297,298.90008544921875
t850,cds__era5_pl_monthly__ERA5__reanalysis__t850__850hPa__monthly__2003-2003__m11__NH0_90__grid_1p0.grib,2003-11,2003,11,t,K,280.3536391366125,247.82533264160156,298.1309814453125
t850,cds__era5_pl_monthly__ERA5__reanalysis__t850__850hPa__monthly__2003-2003__m12__NH0_90__grid_1p0.grib,2003-12,2003,12,t,K,278.4527842938331,244.3789825439453,296.87896728515625
t850,cds__era5_pl_monthly__ERA5__reanalysis__t850__850hPa__monthly__2004-2004__m01__NH0_90__grid_1p0.grib,2004-01,2004,1,t,K,277.1645637725541,243.7362060546875,298.1864013671875
t850,cds__era5_pl_monthly__ERA5__reanalysis__t850__850hPa__monthly__2004-2004__m02__NH0_90__grid_1p0.grib,2004-02,2004,2,t,K,277.65507727186093,241.6800537109375,298.3265380859375
t850,cds__era5_pl_monthly__ERA5__reanalysis__t850__850hPa__monthly__2004-2004__m03__NH0_90__grid_1p0.grib,2004-03,2004,3,t,K,279.3336366612202,241.20436096191406,299.986572265625
t850,cds__era5_pl_monthly__ERA5__reanalysis__t850__850hPa__monthly__2004-2004__m04__NH0_90__grid_1p0.grib,2004-04,2004,4,t,K,281.6388585896934,252.88723754882812,300.3774719238281
t850,cds__era5_pl_monthly__ERA5__reanalysis__t850__850hPa__monthly__2004-2004__m05__NH0_90__grid_1p0.grib,2004-05,2004,5,t,K,284.411422048817,259.6376953125,303.0712890625
t850,cds__era5_pl_monthly__ERA5__reanalysis__t850__850hPa__monthly__2004-2004__m06__NH0_90__grid_1p0.grib,2004-06,2004,6,t,K,286.8973964790868,266.604248046875,304.617919921875
t850,cds__era5_pl_monthly__ERA5__reanalysis__t850__850hPa__monthly__2004-2004__m07__NH0_90__grid_1p0.grib,2004-07,2004,7,t,K,288.24958770376725,269.223876953125,305.290283203125
t850,cds__era5_pl_monthly__ERA5__reanalysis__t850__850hPa__monthly__2004-2004__m08__NH0_90__grid_1p0.grib,2004-08,2004,8,t,K,287.8193942385201,267.774169921875,305.322998046875
t850,cds__era5_pl_monthly__ERA5__reanalysis__t850__850hPa__monthly__2004-2004__m09__NH0_90__grid_1p0.grib,2004-09,2004,9,t,K,285.8700591512309,260.37109375,302.419921875
t850,cds__era5_pl_monthly__ERA5__reanalysis__t850__850hPa__monthly__2004-2004__m10__NH0_90__grid_1p0.grib,2004-10,2004,10,t,K,283.1801657975589,254.6475372314453,298.61724853515625
t850,cds__era5_pl_monthly__ERA5__reanalysis__t850__850hPa__monthly__2004-2004__m11__NH0_90__grid_1p0.grib,2004-11,2004,11,t,K,280.3420392377666,248.18844604492188,297.8808288574219
t850,cds__era5_pl_monthly__ERA5__reanalysis__t850__850hPa__monthly__2004-2004__m12__NH0_90__grid_1p0.grib,2004-12,2004,12,t,K,278.04501491454283,242.2711944580078,297.05926513671875
t850,cds__era5_pl_monthly__ERA5__reanalysis__t850__850hPa__monthly__2005-2005__m01__NH0_90__grid_1p0.grib,2005-01,2005,1,t,K,277.3453394564637,244.50009155273438,297.5791931152344
t850,cds__era5_pl_monthly__ERA5__reanalysis__t850__850hPa__monthly__2005-2005__m02__NH0_90__grid_1p0.grib,2005-02,2005,2,t,K,277.42675187383276,243.27410888671875,300.93133544921875
t850,cds__era5_pl_monthly__ERA5__reanalysis__t850__850hPa__monthly__2005-2005__m03__NH0_90__grid_1p0.grib,2005-03,2005,3,t,K,279.15356728520027,248.0888671875,299.9296875
t850,cds__era5_pl_monthly__ERA5__reanalysis__t850__850hPa__monthly__2005-2005__m04__NH0_90__grid_1p0.grib,2005-04,2005,4,t,K,281.959038866395,250.4989776611328,301.99505615234375
t850,cds__era5_pl_monthly__ERA5__reanalysis__t850__850hPa__monthly__2005-2005__m05__NH0_90__grid_1p0.grib,2005-05,2005,5,t,K,284.63874421069704,260.597412109375,301.968505859375
t850,cds__era5_pl_monthly__ERA5__reanalysis__t850__850hPa__monthly__2005-2005__m06__NH0_90__grid_1p0.grib,2005-06,2005,6,t,K,287.34106680395337,269.02880859375,304.43310546875
t850,cds__era5_pl_monthly__ERA5__reanalysis__t850__850hPa__monthly__2005-2005__m07__NH0_90__grid_1p0.grib,2005-07,2005,7,t,K,288.69587918463685,271.128662109375,306.488037109375
t850,cds__era5_pl_monthly__ERA5__reanalysis__t850__850hPa__monthly__2005-2005__m08__NH0_90__grid_1p0.grib,2005-08,2005,8,t,K,288.0618094998757,266.10693359375,304.79052734375
t850,cds__era5_pl_monthly__ERA5__reanalysis__t850__850hPa__monthly__2005-2005__m09__NH0_90__grid_1p0.grib,2005-09,2005,9,t,K,286.2473904670207,258.897705078125,302.458251953125
t850,cds__era5_pl_monthly__ERA5__reanalysis__t850__850hPa__monthly__2005-2005__m10__NH0_90__grid_1p0.grib,2005-10,2005,10,t,K,283.3842404621227,252.65870666503906,298.12841796875
t850,cds__era5_pl_monthly__ERA5__reanalysis__t850__850hPa__monthly__2005-2005__m11__NH0_90__grid_1p0.grib,2005-11,2005,11,t,K,280.57802954892423,250.68539428710938,298.1941833496094
t850,cds__era5_pl_monthly__ERA5__reanalysis__t850__850hPa__monthly__2005-2005__m12__NH0_90__grid_1p0.grib,2005-12,2005,12,t,K,278.4748678941227,246.1555938720703,298.54522705078125
t850,cds__era5_pl_monthly__ERA5__reanalysis__t850__850hPa__monthly__2006-2006__m01__NH0_90__grid_1p0.grib,2006-01,2006,1,t,K,277.22262245108845,243.08717346191406,298.375244140625
t850,cds__era5_pl_monthly__ERA5__reanalysis__t850__850hPa__monthly__2006-2006__m02__NH0_90__grid_1p0.grib,2006-02,2006,2,t,K,277.64175993952904,241.4571075439453,299.31646728515625
t850,cds__era5_pl_monthly__ERA5__reanalysis__t850__850hPa__monthly__2006-2006__m03__NH0_90__grid_1p0.grib,2006-03,2006,3,t,K,279.17096982381446,247.48377990722656,299.5736083984375
t850,cds__era5_pl_monthly__ERA5__reanalysis__t850__850hPa__monthly__2006-2006__m04__NH0_90__grid_1p0.grib,2006-04,2006,4,t,K,281.71247218131543,252.40576171875,300.16552734375
t850,cds__era5_pl_monthly__ERA5__reanalysis__t850__850hPa__monthly__2006-2006__m05__NH0_90__grid_1p0.grib,2006-05,2006,5,t,K,284.6245678175003,260.416259765625,303.677978515625
t850,cds__era5_pl_monthly__ERA5__reanalysis__t850__850hPa__monthly__2006-2006__m06__NH0_90__grid_1p0.grib,2006-06,2006,6,t,K,287.22778432047386,265.140869140625,304.662353515625
t850,cds__era5_pl_monthly__ERA5__reanalysis__t850__850hPa__monthly__2006-2006__m07__NH0_90__grid_1p0.grib,2006-07,2006,7,t,K,288.5305008399564,270.638916015625,306.853759765625
t850,cds__era5_pl_monthly__ERA5__reanalysis__t850__850hPa__monthly__2006-2006__m08__NH0_90__grid_1p0.grib,2006-08,2006,8,t,K,288.1416467417545,263.171875,305.669921875
t850,cds__era5_pl_monthly__ERA5__reanalysis__t850__850hPa__monthly__2006-2006__m09__NH0_90__grid_1p0.grib,2006-09,2006,9,t,K,286.16151069606536,261.8837890625,302.5830078125
t850,cds__era5_pl_monthly__ERA5__reanalysis__t850__850hPa__monthly__2006-2006__m10__NH0_90__grid_1p0.grib,2006-10,2006,10,t,K,283.26070198214035,254.97146606445312,298.3288879394531
t850,cds__era5_pl_monthly__ERA5__reanalysis__t850__850hPa__monthly__2006-2006__m11__NH0_90__grid_1p0.grib,2006-11,2006,11,t,K,280.27463893561514,248.56275939941406,296.852783203125
t850,cds__era5_pl_monthly__ERA5__reanalysis__t850__850hPa__monthly__2006-2006__m12__NH0_90__grid_1p0.grib,2006-12,2006,12,t,K,278.36137209394644,243.37228393554688,296.7697448730469
t850,cds__era5_pl_monthly__ERA5__reanalysis__t850__850hPa__monthly__2007-2007__m01__NH0_90__grid_1p0.grib,2007-01,2007,1,t,K,277.5196755044147,242.8761444091797,297.80194091796875
t850,cds__era5_pl_monthly__ERA5__reanalysis__t850__850hPa__monthly__2007-2007__m02__NH0_90__grid_1p0.grib,2007-02,2007,2,t,K,277.7339506606028,241.01136779785156,298.2672119140625
t850,cds__era5_pl_monthly__ERA5__reanalysis__t850__850hPa__monthly__2007-2007__m03__NH0_90__grid_1p0.grib,2007-03,2007,3,t,K,279.187139384895,245.364990234375,299.933349609375
t850,cds__era5_pl_monthly__ERA5__reanalysis__t850__850hPa__monthly__2007-2007__m04__NH0_90__grid_1p0.grib,2007-04,2007,4,t,K,281.8821532590392,252.46768188476562,301.0653381347656
t850,cds__era5_pl_monthly__ERA5__reanalysis__t850__850hPa__monthly__2007-2007__m05__NH0_90__grid_1p0.grib,2007-05,2007,5,t,K,284.55141433064466,258.022705078125,301.815673828125
t850,cds__era5_pl_monthly__ERA5__reanalysis__t850__850hPa__monthly__2007-2007__m06__NH0_90__grid_1p0.grib,2007-06,2007,6,t,K,287.2159220246115,267.389404296875,305.449951171875
t850,cds__era5_pl_monthly__ERA5__reanalysis__t850__850hPa__monthly__2007-2007__m07__NH0_90__grid_1p0.grib,2007-07,2007,7,t,K,288.6013176632555,270.78857421875,305.95263671875
t850,cds__era5_pl_monthly__ERA5__reanalysis__t850__850hPa__monthly__2007-2007__m08__NH0_90__grid_1p0.grib,2007-08,2007,8,t,K,288.0874977415796,266.771484375,305.08203125
t850,cds__era5_pl_monthly__ERA5__reanalysis__t850__850hPa__monthly__2007-2007__m09__NH0_90__grid_1p0.grib,2007-09,2007,9,t,K,285.93506159131755,258.272216796875,303.358154296875
t850,cds__era5_pl_monthly__ERA5__reanalysis__t850__850hPa__monthly__2007-2007__m10__NH0_90__grid_1p0.grib,2007-10,2007,10,t,K,283.24574392684826,251.35691833496094,298.36376953125
t850,cds__era5_pl_monthly__ERA5__reanalysis__t850__850hPa__monthly__2007-2007__m11__NH0_90__grid_1p0.grib,2007-11,2007,11,t,K,280.25097607575833,248.9094696044922,297.65167236328125
t850,cds__era5_pl_monthly__ERA5__reanalysis__t850__850hPa__monthly__2007-2007__m12__NH0_90__grid_1p0.grib,2007-12,2007,12,t,K,278.1545407088075,247.41847229003906,297.39013671875
t850,cds__era5_pl_monthly__ERA5__reanalysis__t850__850hPa__monthly__2008-2008__m01__NH0_90__grid_1p0.grib,2008-01,2008,1,t,K,276.708244412689,239.36798095703125,298.27325439453125
t850,cds__era5_pl_monthly__ERA5__reanalysis__t850__850hPa__monthly__2008-2008__m02__NH0_90__grid_1p0.grib,2008-02,2008,2,t,K,277.1075825107956,244.5568084716797,298.88885498046875
t850,cds__era5_pl_monthly__ERA5__reanalysis__t850__850hPa__monthly__2008-2008__m03__NH0_90__grid_1p0.grib,2008-03,2008,3,t,K,279.4060427884355,244.4185028076172,300.75152587890625
t850,cds__era5_pl_monthly__ERA5__reanalysis__t850__850hPa__monthly__2008-2008__m04__NH0_90__grid_1p0.grib,2008-04,2008,4,t,K,281.8417419765685,250.8885498046875,299.5291748046875
t850,cds__era5_pl_monthly__ERA5__reanalysis__t850__850hPa__monthly__2008-2008__m05__NH0_90__grid_1p0.grib,2008-05,2008,5,t,K,284.38787904024974,259.69287109375,302.89990234375
t850,cds__era5_pl_monthly__ERA5__reanalysis__t850__850hPa__monthly__2008-2008__m06__NH0_90__grid_1p0.grib,2008-06,2008,6,t,K,287.04364568289697,265.538330078125,307.696533203125
t850,cds__era5_pl_monthly__ERA5__reanalysis__t850__850hPa__monthly__2008-2008__m07__NH0_90__grid_1p0.grib,2008-07,2008,7,t,K,288.394010311422,271.079833984375,307.613037109375
t850,cds__era5_pl_monthly__ERA5__reanalysis__t850__850hPa__monthly__2008-2008__m08__NH0_90__grid_1p0.grib,2008-08,2008,8,t,K,287.9729328304514,269.0537109375,305.2158203125
t850,cds__era5_pl_monthly__ERA5__reanalysis__t850__850hPa__monthly__2008-2008__m09__NH0_90__grid_1p0.grib,2008-09,2008,9,t,K,285.7994661750267,262.032470703125,303.743408203125
t850,cds__era5_pl_monthly__ERA5__reanalysis__t850__850hPa__monthly__2008-2008__m10__NH0_90__grid_1p0.grib,2008-10,2008,10,t,K,283.0360788690466,252.19773864746094,297.93798828125
t850,cds__era5_pl_monthly__ERA5__reanalysis__t850__850hPa__monthly__2008-2008__m11__NH0_90__grid_1p0.grib,2008-11,2008,11,t,K,280.31457325626474,247.26266479492188,297.8466491699219
t850,cds__era5_pl_monthly__ERA5__reanalysis__t850__850hPa__monthly__2008-2008__m12__NH0_90__grid_1p0.grib,2008-12,2008,12,t,K,278.08665904663735,241.51019287109375,297.73089599609375
t850,cds__era5_pl_monthly__ERA5__reanalysis__t850__850hPa__monthly__2009-2009__m01__NH0_90__grid_1p0.grib,2009-01,2009,1,t,K,277.3626489138642,247.00125122070312,297.6575012207031
t850,cds__era5_pl_monthly__ERA5__reanalysis__t850__850hPa__monthly__2009-2009__m02__NH0_90__grid_1p0.grib,2009-02,2009,2,t,K,277.5869648075637,240.9739532470703,299.12530517578125
t850,cds__era5_pl_monthly__ERA5__reanalysis__t850__850hPa__monthly__2009-2009__m03__NH0_90__grid_1p0.grib,2009-03,2009,3,t,K,278.90990546451224,245.04757690429688,299.7204284667969
t850,cds__era5_pl_monthly__ERA5__reanalysis__t850__850hPa__monthly__2009-2009__m04__NH0_90__grid_1p0.grib,2009-04,2009,4,t,K,281.52794284687667,249.08355712890625,301.46832275390625
t850,cds__era5_pl_monthly__ERA5__reanalysis__t850__850hPa__monthly__2009-2009__m05__NH0_90__grid_1p0.grib,2009-05,2009,5,t,K,284.4610477335713,258.284912109375,302.614990234375
t850,cds__era5_pl_monthly__ERA5__reanalysis__t850__850hPa__monthly__2009-2009__m06__NH0_90__grid_1p0.grib,2009-06,2009,6,t,K,286.90994699860425,264.828369140625,305.056884765625
t850,cds__era5_pl_monthly__ERA5__reanalysis__t850__850hPa__monthly__2009-2009__m07__NH0_90__grid_1p0.grib,2009-07,2009,7,t,K,288.5462809425565,271.4208984375,306.6923828125
t850,cds__era5_pl_monthly__ERA5__reanalysis__t850__850hPa__monthly__2009-2009__m08__NH0_90__grid_1p0.grib,2009-08,2009,8,t,K,288.05795306754595,267.154541015625,306.793212890625
t850,cds__era5_pl_monthly__ERA5__reanalysis__t850__850hPa__monthly__2009-2009__m09__NH0_90__grid_1p0.grib,2009-09,2009,9,t,K,286.1943171931255,259.015625,303.392578125
t850,cds__era5_pl_monthly__ERA5__reanalysis__t850__850hPa__monthly__2009-2009__m10__NH0_90__grid_1p0.grib,2009-10,2009,10,t,K,283.20935492718877,252.2008056640625,298.8804931640625
t850,cds__era5_pl_monthly__ERA5__reanalysis__t850__850hPa__monthly__2009-2009__m11__NH0_90__grid_1p0.grib,2009-11,2009,11,t,K,280.3465187175081,246.62213134765625,298.58892822265625
t850,cds__era5_pl_monthly__ERA5__reanalysis__t850__850hPa__monthly__2009-2009__m12__NH0_90__grid_1p0.grib,2009-12,2009,12,t,K,278.2180332578659,246.0484161376953,296.99957275390625
t850,cds__era5_pl_monthly__ERA5__reanalysis__t850__850hPa__monthly__2010-2010__m01__NH0_90__grid_1p0.grib,2010-01,2010,1,t,K,277.53080371447396,242.90196228027344,297.8336181640625
t850,cds__era5_pl_monthly__ERA5__reanalysis__t850__850hPa__monthly__2010-2010__m02__NH0_90__grid_1p0.grib,2010-02,2010,2,t,K,277.8808577641391,241.46112060546875,299.20526123046875
t850,cds__era5_pl_monthly__ERA5__reanalysis__t850__850hPa__monthly__2010-2010__m03__NH0_90__grid_1p0.grib,2010-03,2010,3,t,K,279.5140750735491,246.34100341796875,299.48944091796875
t850,cds__era5_pl_monthly__ERA5__reanalysis__t850__850hPa__monthly__2010-2010__m04__NH0_90__grid_1p0.grib,2010-04,2010,4,t,K,281.9956412987212,253.10055541992188,301.8681335449219
t850,cds__era5_pl_monthly__ERA5__reanalysis__t850__850hPa__monthly__2010-2010__m05__NH0_90__grid_1p0.grib,2010-05,2010,5,t,K,284.8580654303744,260.33447265625,302.84423828125
t850,cds__era5_pl_monthly__ERA5__reanalysis__t850__850hPa__monthly__2010-2010__m06__NH0_90__grid_1p0.grib,2010-06,2010,6,t,K,287.38713433933003,267.627685546875,305.422607421875
t850,cds__era5_pl_monthly__ERA5__reanalysis__t850__850hPa__monthly__2010-2010__m07__NH0_90__grid_1p0.grib,2010-07,2010,7,t,K,288.72007654263666,268.98095703125,306.85009765625
t850,cds__era5_pl_monthly__ERA5__reanalysis__t850__850hPa__monthly__2010-2010__m08__NH0_90__grid_1p0.grib,2010-08,2010,8,t,K,288.37570567209315,267.856689453125,306.473876953125
t850,cds__era5_pl_monthly__ERA5__reanalysis__t850__850hPa__monthly__2010-2010__m09__NH0_90__grid_1p0.grib,2010-09,2010,9,t,K,286.0739307930114,261.125,303.458984375
t850,cds__era5_pl_monthly__ERA5__reanalysis__t850__850hPa__monthly__2010-2010__m10__NH0_90__grid_1p0.grib,2010-10,2010,10,t,K,283.2821852575688,253.26712036132812,299.8061828613281
t850,cds__era5_pl_monthly__ERA5__reanalysis__t850__850hPa__monthly__2010-2010__m11__NH0_90__grid_1p0.grib,2010-11,2010,11,t,K,280.5489794101624,250.45416259765625,298.41119384765625
t850,cds__era5_pl_monthly__ERA5__reanalysis__t850__850hPa__monthly__2010-2010__m12__NH0_90__grid_1p0.grib,2010-12,2010,12,t,K,278.26509821732765,244.86849975585938,297.0306091308594
t850,cds__era5_pl_monthly__ERA5__reanalysis__t850__850hPa__monthly__2011-2011__m01__NH0_90__grid_1p0.grib,2011-01,2011,1,t,K,277.0491818017043,243.45053100585938,297.8255310058594
t850,cds__era5_pl_monthly__ERA5__reanalysis__t850__850hPa__monthly__2011-2011__m02__NH0_90__grid_1p0.grib,2011-02,2011,2,t,K,277.2847102642509,241.7453155517578,299.31658935546875
t850,cds__era5_pl_monthly__ERA5__reanalysis__t850__850hPa__monthly__2011-2011__m03__NH0_90__grid_1p0.grib,2011-03,2011,3,t,K,278.92958513760396,245.38864135742188,298.8554382324219
t850,cds__era5_pl_monthly__ERA5__reanalysis__t850__850hPa__monthly__2011-2011__m04__NH0_90__grid_1p0.grib,2011-04,2011,4,t,K,281.5674593890433,246.8840789794922,301.22003173828125
t850,cds__era5_pl_monthly__ERA5__reanalysis__t850__850hPa__monthly__2011-2011__m05__NH0_90__grid_1p0.grib,2011-05,2011,5,t,K,284.46786176808865,259.094482421875,302.666748046875
t850,cds__era5_pl_monthly__ERA5__reanalysis__t850__850hPa__monthly__2011-2011__m06__NH0_90__grid_1p0.grib,2011-06,2011,6,t,K,287.329831690738,267.708251953125,306.102783203125
t850,cds__era5_pl_monthly__ERA5__reanalysis__t850__850hPa__monthly__2011-2011__m07__NH0_90__grid_1p0.grib,2011-07,2011,7,t,K,288.6260610755356,271.916015625,305.72265625
t850,cds__era5_pl_monthly__ERA5__reanalysis__t850__850hPa__monthly__2011-2011__m08__NH0_90__grid_1p0.grib,2011-08,2011,8,t,K,288.2080175735739,268.52783203125,305.98876953125
t850,cds__era5_pl_monthly__ERA5__reanalysis__t850__850hPa__monthly__2011-2011__m09__NH0_90__grid_1p0.grib,2011-09,2011,9,t,K,286.1213304034038,260.423095703125,302.954345703125
t850,cds__era5_pl_monthly__ERA5__reanalysis__t850__850hPa__monthly__2011-2011__m10__NH0_90__grid_1p0.grib,2011-10,2011,10,t,K,283.14598259089524,251.45997619628906,298.66796875
t850,cds__era5_pl_monthly__ERA5__reanalysis__t850__850hPa__monthly__2011-2011__m11__NH0_90__grid_1p0.grib,2011-11,2011,11,t,K,280.00020531495164,247.3740997314453,296.49224853515625
t850,cds__era5_pl_monthly__ERA5__reanalysis__t850__850hPa__monthly__2011-2011__m12__NH0_90__grid_1p0.grib,2011-12,2011,12,t,K,278.1700457469223,244.19883728027344,297.1431884765625
t850,cds__era5_pl_monthly__ERA5__reanalysis__t850__850hPa__monthly__2012-2012__m01__NH0_90__grid_1p0.grib,2012-01,2012,1,t,K,277.0062813893556,245.55044555664062,298.1979064941406
t850,cds__era5_pl_monthly__ERA5__reanalysis__t850__850hPa__monthly__2012-2012__m02__NH0_90__grid_1p0.grib,2012-02,2012,2,t,K,277.2469343427257,241.6107177734375,299.8988037109375
t850,cds__era5_pl_monthly__ERA5__reanalysis__t850__850hPa__monthly__2012-2012__m03__NH0_90__grid_1p0.grib,2012-03,2012,3,t,K,279.0237427593742,244.89797973632812,299.8901672363281
t850,cds__era5_pl_monthly__ERA5__reanalysis__t850__850hPa__monthly__2012-2012__m04__NH0_90__grid_1p0.grib,2012-04,2012,4,t,K,281.908065880311,250.59922790527344,301.0972900390625
t850,cds__era5_pl_monthly__ERA5__reanalysis__t850__850hPa__monthly__2012-2012__m05__NH0_90__grid_1p0.grib,2012-05,2012,5,t,K,284.83627735649486,259.147216796875,302.905029296875
t850,cds__era5_pl_monthly__ERA5__reanalysis__t850__850hPa__monthly__2012-2012__m06__NH0_90__grid_1p0.grib,2012-06,2012,6,t,K,287.5432025714186,268.54931640625,304.50439453125
t850,cds__era5_pl_monthly__ERA5__reanalysis__t850__850hPa__monthly__2012-2012__m07__NH0_90__grid_1p0.grib,2012-07,2012,7,t,K,288.7091968293001,271.497314453125,306.489501953125
t850,cds__era5_pl_monthly__ERA5__reanalysis__t850__850hPa__monthly__2012-2012__m08__NH0_90__grid_1p0.grib,2012-08,2012,8,t,K,288.1638440425379,269.705322265625,305.808837890625
t850,cds__era5_pl_monthly__ERA5__reanalysis__t850__850hPa__monthly__2012-2012__m09__NH0_90__grid_1p0.grib,2012-09,2012,9,t,K,286.16697193839644,260.416259765625,302.404541015625
t850,cds__era5_pl_monthly__ERA5__reanalysis__t850__850hPa__monthly__2012-2012__m10__NH0_90__grid_1p0.grib,2012-10,2012,10,t,K,283.30319568014176,255.48428344726562,298.7801818847656
t850,cds__era5_pl_monthly__ERA5__reanalysis__t850__850hPa__monthly__2012-2012__m11__NH0_90__grid_1p0.grib,2012-11,2012,11,t,K,280.33393033396646,249.51458740234375,297.31243896484375
t850,cds__era5_pl_monthly__ERA5__reanalysis__t850__850hPa__monthly__2012-2012__m12__NH0_90__grid_1p0.grib,2012-12,2012,12,t,K,278.06752787533355,244.87477111816406,297.396240234375
t850,cds__era5_pl_monthly__ERA5__reanalysis__t850__850hPa__monthly__2013-2013__m01__NH0_90__grid_1p0.grib,2013-01,2013,1,t,K,277.38332291355675,242.76394653320312,298.2336730957031
t850,cds__era5_pl_monthly__ERA5__reanalysis__t850__850hPa__monthly__2013-2013__m02__NH0_90__grid_1p0.grib,2013-02,2013,2,t,K,277.6187839691126,242.8657989501953,299.68121337890625
t850,cds__era5_pl_monthly__ERA5__reanalysis__t850__850hPa__monthly__2013-2013__m03__NH0_90__grid_1p0.grib,2013-03,2013,3,t,K,279.3368106712449,247.63241577148438,300.4771423339844
t850,cds__era5_pl_monthly__ERA5__reanalysis__t850__850hPa__monthly__2013-2013__m04__NH0_90__grid_1p0.grib,2013-04,2013,4,t,K,281.696851128898,250.8657684326172,300.75054931640625
t850,cds__era5_pl_monthly__ERA5__reanalysis__t850__850hPa__monthly__2013-2013__m05__NH0_90__grid_1p0.grib,2013-05,2013,5,t,K,284.6204753821581,256.350341796875,302.553466796875
t850,cds__era5_pl_monthly__ERA5__reanalysis__t850__850hPa__monthly__2013-2013__m06__NH0_90__grid_1p0.grib,2013-06,2013,6,t,K,287.36519251661673,263.23779296875,305.95849609375
t850,cds__era5_pl_monthly__ERA5__reanalysis__t850__850hPa__monthly__2013-2013__m07__NH0_90__grid_1p0.grib,2013-07,2013,7,t,K,288.56060843679506,269.904052734375,307.009521484375
t850,cds__era5_pl_monthly__ERA5__reanalysis__t850__850hPa__monthly__2013-2013__m08__NH0_90__grid_1p0.grib,2013-08,2013,8,t,K,288.06048905933164,266.109130859375,304.657958984375
t850,cds__era5_pl_monthly__ERA5__reanalysis__t850__850hPa__monthly__2013-2013__m09__NH0_90__grid_1p0.grib,2013-09,2013,9,t,K,286.0654386780611,261.15625,303.1484375
t850,cds__era5_pl_monthly__ERA5__reanalysis__t850__850hPa__monthly__2013-2013__m10__NH0_90__grid_1p0.grib,2013-10,2013,10,t,K,283.25953131000364,252.61135864257812,298.2090148925781
t850,cds__era5_pl_monthly__ERA5__reanalysis__t850__850hPa__monthly__2013-2013__m11__NH0_90__grid_1p0.grib,2013-11,2013,11,t,K,280.2858810449184,246.2099151611328,297.63470458984375
t850,cds__era5_pl_monthly__ERA5__reanalysis__t850__850hPa__monthly__2013-2013__m12__NH0_90__grid_1p0.grib,2013-12,2013,12,t,K,278.2543572750205,247.4268035888672,296.89068603515625
t850,cds__era5_pl_monthly__ERA5__reanalysis__t850__850hPa__monthly__2014-2014__m01__NH0_90__grid_1p0.grib,2014-01,2014,1,t,K,277.4320822014888,239.58477783203125,298.22247314453125
t850,cds__era5_pl_monthly__ERA5__reanalysis__t850__850hPa__monthly__2014-2014__m02__NH0_90__grid_1p0.grib,2014-02,2014,2,t,K,277.5570064915355,243.93215942382812,298.3598937988281
t850,cds__era5_pl_monthly__ERA5__reanalysis__t850__850hPa__monthly__2014-2014__m03__NH0_90__grid_1p0.grib,2014-03,2014,3,t,K,279.31886687744594,247.602294921875,299.370849609375
t850,cds__era5_pl_monthly__ERA5__reanalysis__t850__850hPa__monthly__2014-2014__m04__NH0_90__grid_1p0.grib,2014-04,2014,4,t,K,281.924418480576,250.36642456054688,300.7941589355469
t850,cds__era5_pl_monthly__ERA5__reanalysis__t850__850hPa__monthly__2014-2014__m05__NH0_90__grid_1p0.grib,2014-05,2014,5,t,K,284.5816725335679,258.595458984375,301.400146484375
t850,cds__era5_pl_monthly__ERA5__reanalysis__t850__850hPa__monthly__2014-2014__m06__NH0_90__grid_1p0.grib,2014-06,2014,6,t,K,287.3020936288589,264.055419921875,304.297607421875
t850,cds__era5_pl_monthly__ERA5__reanalysis__t850__850hPa__monthly__2014-2014__m07__NH0_90__grid_1p0.grib,2014-07,2014,7,t,K,288.62194266685447,269.833740234375,306.136474609375
t850,cds__era5_pl_monthly__ERA5__reanalysis__t850__850hPa__monthly__2014-2014__m08__NH0_90__grid_1p0.grib,2014-08,2014,8,t,K,288.30423495458854,268.4169921875,305.0205078125
t850,cds__era5_pl_monthly__ERA5__reanalysis__t850__850hPa__monthly__2014-2014__m09__NH0_90__grid_1p0.grib,2014-09,2014,9,t,K,286.0319352618253,258.64453125,302.998046875
t850,cds__era5_pl_monthly__ERA5__reanalysis__t850__850hPa__monthly__2014-2014__m10__NH0_90__grid_1p0.grib,2014-10,2014,10,t,K,283.2790959956465,254.83505249023438,298.1875915527344
t850,cds__era5_pl_monthly__ERA5__reanalysis__t850__850hPa__monthly__2014-2014__m11__NH0_90__grid_1p0.grib,2014-11,2014,11,t,K,280.33817369182833,248.47596740722656,297.5550537109375
t850,cds__era5_pl_monthly__ERA5__reanalysis__t850__850hPa__monthly__2014-2014__m12__NH0_90__grid_1p0.grib,2014-12,2014,12,t,K,278.51541775346413,244.58042907714844,297.3577880859375
t850,cds__era5_pl_monthly__ERA5__reanalysis__t850__850hPa__monthly__2015-2015__m01__NH0_90__grid_1p0.grib,2015-01,2015,1,t,K,277.41968006565054,243.5592041015625,297.9761962890625
t850,cds__era5_pl_monthly__ERA5__reanalysis__t850__850hPa__monthly__2015-2015__m02__NH0_90__grid_1p0.grib,2015-02,2015,2,t,K,277.7822320292101,241.73216247558594,300.004638671875
t850,cds__era5_pl_monthly__ERA5__reanalysis__t850__850hPa__monthly__2015-2015__m03__NH0_90__grid_1p0.grib,2015-03,2015,3,t,K,279.317826795548,248.6195068359375,301.2396240234375
t850,cds__era5_pl_monthly__ERA5__reanalysis__t850__850hPa__monthly__2015-2015__m04__NH0_90__grid_1p0.grib,2015-04,2015,4,t,K,281.8501115146305,250.01739501953125,300.84747314453125
t850,cds__era5_pl_monthly__ERA5__reanalysis__t850__850hPa__monthly__2015-2015__m05__NH0_90__grid_1p0.grib,2015-05,2015,5,t,K,284.7919676657278,256.226806640625,302.197509765625
t850,cds__era5_pl_monthly__ERA5__reanalysis__t850__850hPa__monthly__2015-2015__m06__NH0_90__grid_1p0.grib,2015-06,2015,6,t,K,287.3997189408096,267.432373046875,304.895263671875
t850,cds__era5_pl_monthly__ERA5__reanalysis__t850__850hPa__monthly__2015-2015__m07__NH0_90__grid_1p0.grib,2015-07,2015,7,t,K,288.7835260852531,272.118896484375,306.255615234375
t850,cds__era5_pl_monthly__ERA5__reanalysis__t850__850hPa__monthly__2015-2015__m08__NH0_90__grid_1p0.grib,2015-08,2015,8,t,K,288.3429928350938,267.13818359375,305.99169921875
t850,cds__era5_pl_monthly__ERA5__reanalysis__t850__850hPa__monthly__2015-2015__m09__NH0_90__grid_1p0.grib,2015-09,2015,9,t,K,286.3583061997496,259.842529296875,303.588623046875
t850,cds__era5_pl_monthly__ERA5__reanalysis__t850__850hPa__monthly__2015-2015__m10__NH0_90__grid_1p0.grib,2015-10,2015,10,t,K,283.58265598521484,254.87338256835938,299.1292419433594
t850,cds__era5_pl_monthly__ERA5__reanalysis__t850__850hPa__monthly__2015-2015__m11__NH0_90__grid_1p0.grib,2015-11,2015,11,t,K,280.60420898839595,249.1251678466797,298.40252685546875
t850,cds__era5_pl_monthly__ERA5__reanalysis__t850__850hPa__monthly__2015-2015__m12__NH0_90__grid_1p0.grib,2015-12,2015,12,t,K,278.67110808172845,244.3644561767578,296.80487060546875
t850,cds__era5_pl_monthly__ERA5__reanalysis__t850__850hPa__monthly__2016-2016__m01__NH0_90__grid_1p0.grib,2016-01,2016,1,t,K,277.8762042707087,243.5525665283203,298.43927001953125
t850,cds__era5_pl_monthly__ERA5__reanalysis__t850__850hPa__monthly__2016-2016__m02__NH0_90__grid_1p0.grib,2016-02,2016,2,t,K,278.5186039868124,241.90756225585938,299.8196716308594
t850,cds__era5_pl_monthly__ERA5__reanalysis__t850__850hPa__monthly__2016-2016__m03__NH0_90__grid_1p0.grib,2016-03,2016,3,t,K,279.95810626059097,248.1754150390625,302.1676025390625
t850,cds__era5_pl_monthly__ERA5__reanalysis__t850__850hPa__monthly__2016-2016__m04__NH0_90__grid_1p0.grib,2016-04,2016,4,t,K,282.3791860903227,254.2718963623047,301.39300537109375
t850,cds__era5_pl_monthly__ERA5__reanalysis__t850__850hPa__monthly__2016-2016__m05__NH0_90__grid_1p0.grib,2016-05,2016,5,t,K,284.9329506703776,261.12109375,302.671875
t850,cds__era5_pl_monthly__ERA5__reanalysis__t850__850hPa__monthly__2016-2016__m06__NH0_90__grid_1p0.grib,2016-06,2016,6,t,K,287.62491958604977,266.043212890625,304.713134765625
t850,cds__era5_pl_monthly__ERA5__reanalysis__t850__850hPa__monthly__2016-2016__m07__NH0_90__grid_1p0.grib,2016-07,2016,7,t,K,288.9173459995321,269.772705078125,306.807861328125
t850,cds__era5_pl_monthly__ERA5__reanalysis__t850__850hPa__monthly__2016-2016__m08__NH0_90__grid_1p0.grib,2016-08,2016,8,t,K,288.50823959765387,266.892578125,305.90625
t850,cds__era5_pl_monthly__ERA5__reanalysis__t850__850hPa__monthly__2016-2016__m09__NH0_90__grid_1p0.grib,2016-09,2016,9,t,K,286.54977569861524,261.509521484375,303.568115234375
t850,cds__era5_pl_monthly__ERA5__reanalysis__t850__850hPa__monthly__2016-2016__m10__NH0_90__grid_1p0.grib,2016-10,2016,10,t,K,283.43220692913206,254.85006713867188,299.0121765136719
t850,cds__era5_pl_monthly__ERA5__reanalysis__t850__850hPa__monthly__2016-2016__m11__NH0_90__grid_1p0.grib,2016-11,2016,11,t,K,280.742717423361,247.3890838623047,299.23968505859375
t850,cds__era5_pl_monthly__ERA5__reanalysis__t850__850hPa__monthly__2016-2016__m12__NH0_90__grid_1p0.grib,2016-12,2016,12,t,K,278.52116340535326,244.45950317382812,298.4087219238281
t850,cds__era5_pl_monthly__ERA5__reanalysis__t850__850hPa__monthly__2017-2017__m01__NH0_90__grid_1p0.grib,2017-01,2017,1,t,K,277.6529855168618,243.18421936035156,299.3140869140625
t850,cds__era5_pl_monthly__ERA5__reanalysis__t850__850hPa__monthly__2017-2017__m02__NH0_90__grid_1p0.grib,2017-02,2017,2,t,K,278.06872882627005,245.51072692871094,298.6796875
t850,cds__era5_pl_monthly__ERA5__reanalysis__t850__850hPa__monthly__2017-2017__m03__NH0_90__grid_1p0.grib,2017-03,2017,3,t,K,279.58743344773455,245.23326110839844,300.6317138671875
t850,cds__era5_pl_monthly__ERA5__reanalysis__t850__850hPa__monthly__2017-2017__m04__NH0_90__grid_1p0.grib,2017-04,2017,4,t,K,282.1244130752142,251.1321563720703,301.18096923828125
t850,cds__era5_pl_monthly__ERA5__reanalysis__t850__850hPa__monthly__2017-2017__m05__NH0_90__grid_1p0.grib,2017-05,2017,5,t,K,284.91606677657353,258.8310546875,302.1767578125
t850,cds__era5_pl_monthly__ERA5__reanalysis__t850__850hPa__monthly__2017-2017__m06__NH0_90__grid_1p0.grib,2017-06,2017,6,t,K,287.4302881404586,266.32666015625,305.99267578125
t850,cds__era5_pl_monthly__ERA5__reanalysis__t850__850hPa__monthly__2017-2017__m07__NH0_90__grid_1p0.grib,2017-07,2017,7,t,K,288.8187212474665,269.288818359375,306.493896484375
t850,cds__era5_pl_monthly__ERA5__reanalysis__t850__850hPa__monthly__2017-2017__m08__NH0_90__grid_1p0.grib,2017-08,2017,8,t,K,288.47521991475713,267.5048828125,306.4267578125
t850,cds__era5_pl_monthly__ERA5__reanalysis__t850__850hPa__monthly__2017-2017__m09__NH0_90__grid_1p0.grib,2017-09,2017,9,t,K,286.5070811764246,261.386962890625,303.396728515625
t850,cds__era5_pl_monthly__ERA5__reanalysis__t850__850hPa__monthly__2017-2017__m10__NH0_90__grid_1p0.grib,2017-10,2017,10,t,K,283.6512997838011,257.16015625,299.0634765625
t850,cds__era5_pl_monthly__ERA5__reanalysis__t850__850hPa__monthly__2017-2017__m11__NH0_90__grid_1p0.grib,2017-11,2017,11,t,K,280.5713623119501,243.85556030273438,298.5147399902344
t850,cds__era5_pl_monthly__ERA5__reanalysis__t850__850hPa__monthly__2017-2017__m12__NH0_90__grid_1p0.grib,2017-12,2017,12,t,K,278.7615313432603,244.84400939941406,298.476806640625
t850,cds__era5_pl_monthly__ERA5__reanalysis__t850__850hPa__monthly__2018-2018__m01__NH0_90__grid_1p0.grib,2018-01,2018,1,t,K,277.6642035603495,242.95071411132812,297.8452453613281
t850,cds__era5_pl_monthly__ERA5__reanalysis__t850__850hPa__monthly__2018-2018__m02__NH0_90__grid_1p0.grib,2018-02,2018,2,t,K,277.7815459956773,241.9676513671875,300.2713623046875
t850,cds__era5_pl_monthly__ERA5__reanalysis__t850__850hPa__monthly__2018-2018__m03__NH0_90__grid_1p0.grib,2018-03,2018,3,t,K,279.5773923405932,246.75059509277344,300.0113525390625
t850,cds__era5_pl_monthly__ERA5__reanalysis__t850__850hPa__monthly__2018-2018__m04__NH0_90__grid_1p0.grib,2018-04,2018,4,t,K,281.9969596996827,252.2139892578125,300.7296142578125
t850,cds__era5_pl_monthly__ERA5__reanalysis__t850__850hPa__monthly__2018-2018__m05__NH0_90__grid_1p0.grib,2018-05,2018,5,t,K,284.8075582938741,258.013916015625,302.902587890625
t850,cds__era5_pl_monthly__ERA5__reanalysis__t850__850hPa__monthly__2018-2018__m06__NH0_90__grid_1p0.grib,2018-06,2018,6,t,K,287.505979823871,266.4150390625,305.5439453125
t850,cds__era5_pl_monthly__ERA5__reanalysis__t850__850hPa__monthly__2018-2018__m07__NH0_90__grid_1p0.grib,2018-07,2018,7,t,K,288.9294562707204,269.035888671875,306.739013671875
t850,cds__era5_pl_monthly__ERA5__reanalysis__t850__850hPa__monthly__2018-2018__m08__NH0_90__grid_1p0.grib,2018-08,2018,8,t,K,288.3257473816794,268.299072265625,305.695556640625
t850,cds__era5_pl_monthly__ERA5__reanalysis__t850__850hPa__monthly__2018-2018__m09__NH0_90__grid_1p0.grib,2018-09,2018,9,t,K,286.23484724111955,259.61572265625,304.52001953125
t850,cds__era5_pl_monthly__ERA5__reanalysis__t850__850hPa__monthly__2018-2018__m10__NH0_90__grid_1p0.grib,2018-10,2018,10,t,K,283.5578029478094,252.67713928222656,299.8099365234375
t850,cds__era5_pl_monthly__ERA5__reanalysis__t850__850hPa__monthly__2018-2018__m11__NH0_90__grid_1p0.grib,2018-11,2018,11,t,K,280.48656263169073,250.0886993408203,297.90606689453125
t850,cds__era5_pl_monthly__ERA5__reanalysis__t850__850hPa__monthly__2018-2018__m12__NH0_90__grid_1p0.grib,2018-12,2018,12,t,K,278.5139508220749,245.6448211669922,297.31378173828125
t850,cds__era5_pl_monthly__ERA5__reanalysis__t850__850hPa__monthly__2019-2019__m01__NH0_90__grid_1p0.grib,2019-01,2019,1,t,K,277.49497699216664,243.70909118652344,299.2471923828125
t850,cds__era5_pl_monthly__ERA5__reanalysis__t850__850hPa__monthly__2019-2019__m02__NH0_90__grid_1p0.grib,2019-02,2019,2,t,K,277.73313520107195,240.86843872070312,299.4260559082031
t850,cds__era5_pl_monthly__ERA5__reanalysis__t850__850hPa__monthly__2019-2019__m03__NH0_90__grid_1p0.grib,2019-03,2019,3,t,K,279.45788129545804,243.04684448242188,300.3153991699219
t850,cds__era5_pl_monthly__ERA5__reanalysis__t850__850hPa__monthly__2019-2019__m04__NH0_90__grid_1p0.grib,2019-04,2019,4,t,K,282.14483285821547,251.48402404785156,301.5211181640625
t850,cds__era5_pl_monthly__ERA5__reanalysis__t850__850hPa__monthly__2019-2019__m05__NH0_90__grid_1p0.grib,2019-05,2019,5,t,K,284.9451882592895,261.55615234375,302.34521484375
t850,cds__era5_pl_monthly__ERA5__reanalysis__t850__850hPa__monthly__2019-2019__m06__NH0_90__grid_1p0.grib,2019-06,2019,6,t,K,287.6750729885032,267.1064453125,304.9462890625
t850,cds__era5_pl_monthly__ERA5__reanalysis__t850__850hPa__monthly__2019-2019__m07__NH0_90__grid_1p0.grib,2019-07,2019,7,t,K,289.0048901779015,272.767333984375,307.861083984375
t850,cds__era5_pl_monthly__ERA5__reanalysis__t850__850hPa__monthly__2019-2019__m08__NH0_90__grid_1p0.grib,2019-08,2019,8,t,K,288.55364588111786,268.357177734375,305.085693359375
t850,cds__era5_pl_monthly__ERA5__reanalysis__t850__850hPa__monthly__2019-2019__m09__NH0_90__grid_1p0.grib,2019-09,2019,9,t,K,286.69297742098223,263.931396484375,304.023193359375
t850,cds__era5_pl_monthly__ERA5__reanalysis__t850__850hPa__monthly__2019-2019__m10__NH0_90__grid_1p0.grib,2019-10,2019,10,t,K,283.72653131874694,257.775390625,298.6015625
t850,cds__era5_pl_monthly__ERA5__reanalysis__t850__850hPa__monthly__2019-2019__m11__NH0_90__grid_1p0.grib,2019-11,2019,11,t,K,280.6806608054663,249.7527618408203,297.53106689453125
t850,cds__era5_pl_monthly__ERA5__reanalysis__t850__850hPa__monthly__2019-2019__m12__NH0_90__grid_1p0.grib,2019-12,2019,12,t,K,278.9286748709803,243.49679565429688,296.7829284667969
t850,cds__era5_pl_monthly__ERA5__reanalysis__t850__850hPa__monthly__2020-2020__m01__NH0_90__grid_1p0.grib,2020-01,2020,1,t,K,277.8616959929762,243.53741455078125,297.85186767578125
t850,cds__era5_pl_monthly__ERA5__reanalysis__t850__850hPa__monthly__2020-2020__m02__NH0_90__grid_1p0.grib,2020-02,2020,2,t,K,278.36122949589793,244.47943115234375,298.77728271484375
t850,cds__era5_pl_monthly__ERA5__reanalysis__t850__850hPa__monthly__2020-2020__m03__NH0_90__grid_1p0.grib,2020-03,2020,3,t,K,279.6145873291025,243.7069091796875,300.4686279296875
t850,cds__era5_pl_monthly__ERA5__reanalysis__t850__850hPa__monthly__2020-2020__m04__NH0_90__grid_1p0.grib,2020-04,2020,4,t,K,282.1679275406546,254.00254821777344,301.4224853515625
t850,cds__era5_pl_monthly__ERA5__reanalysis__t850__850hPa__monthly__2020-2020__m05__NH0_90__grid_1p0.grib,2020-05,2020,5,t,K,285.13355860511916,260.122802734375,301.636474609375
t850,cds__era5_pl_monthly__ERA5__reanalysis__t850__850hPa__monthly__2020-2020__m06__NH0_90__grid_1p0.grib,2020-06,2020,6,t,K,287.64914969570873,267.76171875,305.705078125
t850,cds__era5_pl_monthly__ERA5__reanalysis__t850__850hPa__monthly__2020-2020__m07__NH0_90__grid_1p0.grib,2020-07,2020,7,t,K,289.02896974298216,272.222900390625,306.000244140625
t850,cds__era5_pl_monthly__ERA5__reanalysis__t850__850hPa__monthly__2020-2020__m08__NH0_90__grid_1p0.grib,2020-08,2020,8,t,K,288.62094203040925,269.62939453125,305.54345703125
t850,cds__era5_pl_monthly__ERA5__reanalysis__t850__850hPa__monthly__2020-2020__m09__NH0_90__grid_1p0.grib,2020-09,2020,9,t,K,286.56701018863123,256.26806640625,303.16259765625
t850,cds__era5_pl_monthly__ERA5__reanalysis__t850__850hPa__monthly__2020-2020__m10__NH0_90__grid_1p0.grib,2020-10,2020,10,t,K,283.7308764191285,257.79248046875,298.83935546875
t850,cds__era5_pl_monthly__ERA5__reanalysis__t850__850hPa__monthly__2020-2020__m11__NH0_90__grid_1p0.grib,2020-11,2020,11,t,K,280.75813780672775,249.1671142578125,297.7969970703125
t850,cds__era5_pl_monthly__ERA5__reanalysis__t850__850hPa__monthly__2020-2020__m12__NH0_90__grid_1p0.grib,2020-12,2020,12,t,K,278.55833758307716,240.83763122558594,297.840576171875
t850,cds__era5_pl_monthly__ERA5__reanalysis__t850__850hPa__monthly__2021-2021__m01__NH0_90__grid_1p0.grib,2021-01,2021,1,t,K,277.8212738248989,238.99420166015625,297.73150634765625
t850,cds__era5_pl_monthly__ERA5__reanalysis__t850__850hPa__monthly__2021-2021__m02__NH0_90__grid_1p0.grib,2021-02,2021,2,t,K,277.93437375410383,244.92626953125,298.16455078125
t850,cds__era5_pl_monthly__ERA5__reanalysis__t850__850hPa__monthly__2021-2021__m03__NH0_90__grid_1p0.grib,2021-03,2021,3,t,K,279.3703762983499,245.10986328125,301.20166015625
t850,cds__era5_pl_monthly__ERA5__reanalysis__t850__850hPa__monthly__2021-2021__m04__NH0_90__grid_1p0.grib,2021-04,2021,4,t,K,282.15909000310967,253.64144897460938,300.6941833496094
t850,cds__era5_pl_monthly__ERA5__reanalysis__t850__850hPa__monthly__2021-2021__m05__NH0_90__grid_1p0.grib,2021-05,2021,5,t,K,284.8943777961605,259.52734375,303.232421875
t850,cds__era5_pl_monthly__ERA5__reanalysis__t850__850hPa__monthly__2021-2021__m06__NH0_90__grid_1p0.grib,2021-06,2021,6,t,K,287.6516303364498,266.9482421875,305.7646484375
t850,cds__era5_pl_monthly__ERA5__reanalysis__t850__850hPa__monthly__2021-2021__m07__NH0_90__grid_1p0.grib,2021-07,2021,7,t,K,289.02208155682047,269.718994140625,306.816650390625
t850,cds__era5_pl_monthly__ERA5__reanalysis__t850__850hPa__monthly__2021-2021__m08__NH0_90__grid_1p0.grib,2021-08,2021,8,t,K,288.54350286491734,268.011962890625,305.410400390625
t850,cds__era5_pl_monthly__ERA5__reanalysis__t850__850hPa__monthly__2021-2021__m09__NH0_90__grid_1p0.grib,2021-09,2021,9,t,K,286.39990997859303,260.06396484375,303.17919921875
t850,cds__era5_pl_monthly__ERA5__reanalysis__t850__850hPa__monthly__2021-2021__m10__NH0_90__grid_1p0.grib,2021-10,2021,10,t,K,283.70351034984526,256.009765625,299.8095703125
t850,cds__era5_pl_monthly__ERA5__reanalysis__t850__850hPa__monthly__2021-2021__m11__NH0_90__grid_1p0.grib,2021-11,2021,11,t,K,280.6544630173638,248.4174346923828,298.70355224609375
t850,cds__era5_pl_monthly__ERA5__reanalysis__t850__850hPa__monthly__2021-2021__m12__NH0_90__grid_1p0.grib,2021-12,2021,12,t,K,278.64488634512935,241.04429626464844,297.8470458984375
t850,cds__era5_pl_monthly__ERA5__reanalysis__t850__850hPa__monthly__2022-2022__m01__NH0_90__grid_1p0.grib,2022-01,2022,1,t,K,277.47337404637364,246.50111389160156,297.4005126953125
t850,cds__era5_pl_monthly__ERA5__reanalysis__t850__850hPa__monthly__2022-2022__m02__NH0_90__grid_1p0.grib,2022-02,2022,2,t,K,277.81557547920863,244.62648010253906,299.02294921875
t850,cds__era5_pl_monthly__ERA5__reanalysis__t850__850hPa__monthly__2022-2022__m03__NH0_90__grid_1p0.grib,2022-03,2022,3,t,K,279.65899846073665,249.8883819580078,300.55047607421875
t850,cds__era5_pl_monthly__ERA5__reanalysis__t850__850hPa__monthly__2022-2022__m04__NH0_90__grid_1p0.grib,2022-04,2022,4,t,K,282.20629306479253,250.88246154785156,301.9781494140625
t850,cds__era5_pl_monthly__ERA5__reanalysis__t850__850hPa__monthly__2022-2022__m05__NH0_90__grid_1p0.grib,2022-05,2022,5,t,K,284.91601827313804,258.207763671875,302.364013671875
t850,cds__era5_pl_monthly__ERA5__reanalysis__t850__850hPa__monthly__2022-2022__m06__NH0_90__grid_1p0.grib,2022-06,2022,6,t,K,287.511174993661,265.474609375,305.630859375
t850,cds__era5_pl_monthly__ERA5__reanalysis__t850__850hPa__monthly__2022-2022__m07__NH0_90__grid_1p0.grib,2022-07,2022,7,t,K,288.9633440946857,270.47998046875,306.15380859375
t850,cds__era5_pl_monthly__ERA5__reanalysis__t850__850hPa__monthly__2022-2022__m08__NH0_90__grid_1p0.grib,2022-08,2022,8,t,K,288.4721371321387,267.878662109375,305.251708984375
t850,cds__era5_pl_monthly__ERA5__reanalysis__t850__850hPa__monthly__2022-2022__m09__NH0_90__grid_1p0.grib,2022-09,2022,9,t,K,286.5472180007333,263.794677734375,302.880615234375
t850,cds__era5_pl_monthly__ERA5__reanalysis__t850__850hPa__monthly__2022-2022__m10__NH0_90__grid_1p0.grib,2022-10,2022,10,t,K,283.6640964570956,253.9119110107422,298.41290283203125
t850,cds__era5_pl_monthly__ERA5__reanalysis__t850__850hPa__monthly__2022-2022__m11__NH0_90__grid_1p0.grib,2022-11,2022,11,t,K,280.599773884636,248.2622833251953,298.33551025390625
t850,cds__era5_pl_monthly__ERA5__reanalysis__t850__850hPa__monthly__2022-2022__m12__NH0_90__grid_1p0.grib,2022-12,2022,12,t,K,278.46302652094397,243.9434814453125,296.3790283203125
t850,cds__era5_pl_monthly__ERA5__reanalysis__t850__850hPa__monthly__2023-2023__m01__NH0_90__grid_1p0.grib,2023-01,2023,1,t,K,277.5488755898102,239.062255859375,297.574951171875
t850,cds__era5_pl_monthly__ERA5__reanalysis__t850__850hPa__monthly__2023-2023__m02__NH0_90__grid_1p0.grib,2023-02,2023,2,t,K,277.81888018730876,240.9329376220703,298.88604736328125
t850,cds__era5_pl_monthly__ERA5__reanalysis__t850__850hPa__monthly__2023-2023__m03__NH0_90__grid_1p0.grib,2023-03,2023,3,t,K,279.6608835324962,249.09007263183594,299.382080078125
t850,cds__era5_pl_monthly__ERA5__reanalysis__t850__850hPa__monthly__2023-2023__m04__NH0_90__grid_1p0.grib,2023-04,2023,4,t,K,281.9090977198356,251.1172637939453,301.29888916015625
t850,cds__era5_pl_monthly__ERA5__reanalysis__t850__850hPa__monthly__2023-2023__m05__NH0_90__grid_1p0.grib,2023-05,2023,5,t,K,284.83483322820973,256.92138671875,302.15771484375
t850,cds__era5_pl_monthly__ERA5__reanalysis__t850__850hPa__monthly__2023-2023__m06__NH0_90__grid_1p0.grib,2023-06,2023,6,t,K,287.7097880615027,266.448974609375,306.501708984375
t850,cds__era5_pl_monthly__ERA5__reanalysis__t850__850hPa__monthly__2023-2023__m07__NH0_90__grid_1p0.grib,2023-07,2023,7,t,K,289.4806839068031,270.491943359375,307.001708984375
t850,cds__era5_pl_monthly__ERA5__reanalysis__t850__850hPa__monthly__2023-2023__m08__NH0_90__grid_1p0.grib,2023-08,2023,8,t,K,289.0678540745734,269.539306640625,305.927978515625
t850,cds__era5_pl_monthly__ERA5__reanalysis__t850__850hPa__monthly__2023-2023__m09__NH0_90__grid_1p0.grib,2023-09,2023,9,t,K,287.05407522026604,262.58837890625,304.62548828125
t850,cds__era5_pl_monthly__ERA5__reanalysis__t850__850hPa__monthly__2023-2023__m10__NH0_90__grid_1p0.grib,2023-10,2023,10,t,K,284.2052797013553,255.3089599609375,299.5101318359375
t850,cds__era5_pl_monthly__ERA5__reanalysis__t850__850hPa__monthly__2023-2023__m11__NH0_90__grid_1p0.grib,2023-11,2023,11,t,K,281.118908668935,250.36122131347656,298.3817138671875
t850,cds__era5_pl_monthly__ERA5__reanalysis__t850__850hPa__monthly__2023-2023__m12__NH0_90__grid_1p0.grib,2023-12,2023,12,t,K,279.1414572740508,242.00538635253906,297.68115234375
t850,cds__era5_pl_monthly__ERA5__reanalysis__t850__850hPa__monthly__2024-2024__m01__NH0_90__grid_1p0.grib,2024-01,2024,1,t,K,278.1020310843223,240.7625732421875,298.0946044921875
t850,cds__era5_pl_monthly__ERA5__reanalysis__t850__850hPa__monthly__2024-2024__m02__NH0_90__grid_1p0.grib,2024-02,2024,2,t,K,278.4642021209541,242.97137451171875,299.31121826171875
t850,cds__era5_pl_monthly__ERA5__reanalysis__t850__850hPa__monthly__2024-2024__m03__NH0_90__grid_1p0.grib,2024-03,2024,3,t,K,279.90738349020125,248.53883361816406,301.319091796875
t850,cds__era5_pl_monthly__ERA5__reanalysis__t850__850hPa__monthly__2024-2024__m04__NH0_90__grid_1p0.grib,2024-04,2024,4,t,K,282.7724861471959,252.32907104492188,302.0536804199219
t850,cds__era5_pl_monthly__ERA5__reanalysis__t850__850hPa__monthly__2024-2024__m05__NH0_90__grid_1p0.grib,2024-05,2024,5,t,K,285.4438618105033,257.35009765625,303.77587890625
t850,cds__era5_pl_monthly__ERA5__reanalysis__t850__850hPa__monthly__2024-2024__m06__NH0_90__grid_1p0.grib,2024-06,2024,6,t,K,288.2588197401288,268.203125,306.513671875
t850,cds__era5_pl_monthly__ERA5__reanalysis__t850__850hPa__monthly__2024-2024__m07__NH0_90__grid_1p0.grib,2024-07,2024,7,t,K,289.4828745074429,271.346923828125,308.485595703125
t850,cds__era5_pl_monthly__ERA5__reanalysis__t850__850hPa__monthly__2024-2024__m08__NH0_90__grid_1p0.grib,2024-08,2024,8,t,K,288.9075173340355,267.028076171875,306.858154296875
t850,cds__era5_pl_monthly__ERA5__reanalysis__t850__850hPa__monthly__2024-2024__m09__NH0_90__grid_1p0.grib,2024-09,2024,9,t,K,287.0290467660817,263.13916015625,303.81103515625
t850,cds__era5_pl_monthly__ERA5__reanalysis__t850__850hPa__monthly__2024-2024__m10__NH0_90__grid_1p0.grib,2024-10,2024,10,t,K,284.1913625398986,256.457763671875,299.285888671875
t850,cds__era5_pl_monthly__ERA5__reanalysis__t850__850hPa__monthly__2024-2024__m11__NH0_90__grid_1p0.grib,2024-11,2024,11,t,K,281.15104166334476,249.0693359375,297.7294921875
t850,cds__era5_pl_monthly__ERA5__reanalysis__t850__850hPa__monthly__2024-2024__m12__NH0_90__grid_1p0.grib,2024-12,2024,12,t,K,279.1007632758885,246.38973999023438,297.4463806152344
t850,cds__era5_pl_monthly__ERA5__reanalysis__t850__850hPa__monthly__2025-2025__m01__NH0_90__grid_1p0.grib,2025-01,2025,1,t,K,278.1231446924976,244.54408264160156,297.9014892578125
t850,cds__era5_pl_monthly__ERA5__reanalysis__t850__850hPa__monthly__2025-2025__m02__NH0_90__grid_1p0.grib,2025-02,2025,2,t,K,278.2822942253335,247.07177734375,299.76904296875
t850,cds__era5_pl_monthly__ERA5__reanalysis__t850__850hPa__monthly__2025-2025__m03__NH0_90__grid_1p0.grib,2025-03,2025,3,t,K,279.97998856587867,248.211181640625,300.049072265625
t850,cds__era5_pl_monthly__ERA5__reanalysis__t850__850hPa__monthly__2025-2025__m04__NH0_90__grid_1p0.grib,2025-04,2025,4,t,K,282.50956699594417,251.79678344726562,301.5897521972656
t850,cds__era5_pl_monthly__ERA5__reanalysis__t850__850hPa__monthly__2025-2025__m05__NH0_90__grid_1p0.grib,2025-05,2025,5,t,K,285.208743816709,258.843994140625,303.408447265625
t850,cds__era5_pl_monthly__ERA5__reanalysis__t850__850hPa__monthly__2025-2025__m06__NH0_90__grid_1p0.grib,2025-06,2025,6,t,K,287.7662990454313,266.464599609375,305.017333984375
t850,cds__era5_pl_monthly__ERA5__reanalysis__t850__850hPa__monthly__2025-2025__m07__NH0_90__grid_1p0.grib,2025-07,2025,7,t,K,289.2140058038046,270.08056640625,307.32861328125
t850,cds__era5_pl_monthly__ERA5__reanalysis__t850__850hPa__monthly__2025-2025__m08__NH0_90__grid_1p0.grib,2025-08,2025,8,t,K,288.6890508349903,266.871337890625,305.648681640625
t850,cds__era5_pl_monthly__ERA5__reanalysis__t850__850hPa__monthly__2025-2025__m09__NH0_90__grid_1p0.grib,2025-09,2025,9,t,K,286.7067035681724,262.313232421875,303.694091796875
t850,cds__era5_pl_monthly__ERA5__reanalysis__t850__850hPa__monthly__2025-2025__m10__NH0_90__grid_1p0.grib,2025-10,2025,10,t,K,283.8221291060566,256.0283203125,298.9345703125
t850,cds__era5_pl_monthly__ERA5__reanalysis__t850__850hPa__monthly__2025-2025__m11__NH0_90__grid_1p0.grib,2025-11,2025,11,t,K,281.09661871859043,246.37733459472656,298.4466552734375
t850,cds__era5_pl_monthly__ERA5__reanalysis__t850__850hPa__monthly__2025-2025__m12__NH0_90__grid_1p0.grib,2025-12,2025,12,t,K,278.7175336869028,242.53500366210938,297.6092224121094
z925,cds__era5_pl_monthly__ERA5__reanalysis__z925__925hPa__monthly__2000-2000__m01__NH0_90__grid_1p0.grib,2000-01,2000,1,z,m**2 s**-2,7579.481991295519,5207.73828125,8647.36328125
z925,cds__era5_pl_monthly__ERA5__reanalysis__z925__925hPa__monthly__2000-2000__m02__NH0_90__grid_1p0.grib,2000-02,2000,2,z,m**2 s**-2,7482.403181084209,4344.48046875,8900.10546875
z925,cds__era5_pl_monthly__ERA5__reanalysis__z925__925hPa__monthly__2000-2000__m03__NH0_90__grid_1p0.grib,2000-03,2000,3,z,m**2 s**-2,7498.202755386743,5251.578125,8532.953125
z925,cds__era5_pl_monthly__ERA5__reanalysis__z925__925hPa__monthly__2000-2000__m04__NH0_90__grid_1p0.grib,2000-04,2000,4,z,m**2 s**-2,7539.8621324728765,6297.14453125,8589.89453125
z925,cds__era5_pl_monthly__ERA5__reanalysis__z925__925hPa__monthly__2000-2000__m05__NH0_90__grid_1p0.grib,2000-05,2000,5,z,m**2 s**-2,7541.265227333978,6654.1953125,8498.3203125
z925,cds__era5_pl_monthly__ERA5__reanalysis__z925__925hPa__monthly__2000-2000__m06__NH0_90__grid_1p0.grib,2000-06,2000,6,z,m**2 s**-2,7564.088184856906,6146.18359375,8663.68359375
z925,cds__era5_pl_monthly__ERA5__reanalysis__z925__925hPa__monthly__2000-2000__m07__NH0_90__grid_1p0.grib,2000-07,2000,7,z,m**2 s**-2,7572.192880134455,6257.59765625,8862.22265625
z925,cds__era5_pl_monthly__ERA5__reanalysis__z925__925hPa__monthly__2000-2000__m08__NH0_90__grid_1p0.grib,2000-08,2000,8,z,m**2 s**-2,7620.0062569242245,6470.921875,8907.796875
z925,cds__era5_pl_monthly__ERA5__reanalysis__z925__925hPa__monthly__2000-2000__m09__NH0_90__grid_1p0.grib,2000-09,2000,9,z,m**2 s**-2,7534.3401835330405,6204.9609375,8476.8359375
z925,cds__era5_pl_monthly__ERA5__reanalysis__z925__925hPa__monthly__2000-2000__m10__NH0_90__grid_1p0.grib,2000-10,2000,10,z,m**2 s**-2,7605.701262073908,5424.640625,8780.390625
z925,cds__era5_pl_monthly__ERA5__reanalysis__z925__925hPa__monthly__2000-2000__m11__NH0_90__grid_1p0.grib,2000-11,2000,11,z,m**2 s**-2,7586.483018055091,5083.71875,8909.09375
z925,cds__era5_pl_monthly__ERA5__reanalysis__z925__925hPa__monthly__2000-2000__m12__NH0_90__grid_1p0.grib,2000-12,2000,12,z,m**2 s**-2,7544.924108576794,4764.66796875,9166.79296875
z925,cds__era5_pl_monthly__ERA5__reanalysis__z925__925hPa__monthly__2001-2001__m01__NH0_90__grid_1p0.grib,2001-01,2001,1,z,m**2 s**-2,7487.551589081013,4841.79296875,8629.10546875
z925,cds__era5_pl_monthly__ERA5__reanalysis__z925__925hPa__monthly__2001-2001__m02__NH0_90__grid_1p0.grib,2001-02,2001,2,z,m**2 s**-2,7531.7076501430865,5217.984375,8615.296875
z925,cds__era5_pl_monthly__ERA5__reanalysis__z925__925hPa__monthly__2001-2001__m03__NH0_90__grid_1p0.grib,2001-03,2001,3,z,m**2 s**-2,7486.148229739003,5848.63671875,8603.76171875
z925,cds__era5_pl_monthly__ERA5__reanalysis__z925__925hPa__monthly__2001-2001__m04__NH0_90__grid_1p0.grib,2001-04,2001,4,z,m**2 s**-2,7552.005185011382,6075.80859375,8728.05859375
z925,cds__era5_pl_monthly__ERA5__reanalysis__z925__925hPa__monthly__2001-2001__m05__NH0_90__grid_1p0.grib,2001-05,2001,5,z,m**2 s**-2,7544.431897034081,6542.26171875,8463.38671875
z925,cds__era5_pl_monthly__ERA5__reanalysis__z925__925hPa__monthly__2001-2001__m06__NH0_90__grid_1p0.grib,2001-06,2001,6,z,m**2 s**-2,7551.427097736977,6281.1875,8567.6875
z925,cds__era5_pl_monthly__ERA5__reanalysis__z925__925hPa__monthly__2001-2001__m07__NH0_90__grid_1p0.grib,2001-07,2001,7,z,m**2 s**-2,7579.566877695855,6191.8828125,9010.1328125
z925,cds__era5_pl_monthly__ERA5__reanalysis__z925__925hPa__monthly__2001-2001__m08__NH0_90__grid_1p0.grib,2001-08,2001,8,z,m**2 s**-2,7590.588275743247,6465.984375,8770.609375
z925,cds__era5_pl_monthly__ERA5__reanalysis__z925__925hPa__monthly__2001-2001__m09__NH0_90__grid_1p0.grib,2001-09,2001,9,z,m**2 s**-2,7592.677164172026,6437.48046875,8447.85546875
z925,cds__era5_pl_monthly__ERA5__reanalysis__z925__925hPa__monthly__2001-2001__m10__NH0_90__grid_1p0.grib,2001-10,2001,10,z,m**2 s**-2,7590.363613797657,5974.0078125,8697.8828125
z925,cds__era5_pl_monthly__ERA5__reanalysis__z925__925hPa__monthly__2001-2001__m11__NH0_90__grid_1p0.grib,2001-11,2001,11,z,m**2 s**-2,7529.377834483609,5416.88671875,9086.01171875
z925,cds__era5_pl_monthly__ERA5__reanalysis__z925__925hPa__monthly__2001-2001__m12__NH0_90__grid_1p0.grib,2001-12,2001,12,z,m**2 s**-2,7576.6886859679225,5542.8828125,9173.6328125
z925,cds__era5_pl_monthly__ERA5__reanalysis__z925__925hPa__monthly__2002-2002__m01__NH0_90__grid_1p0.grib,2002-01,2002,1,z,m**2 s**-2,7483.68121014979,4803.5,8918.875
z925,cds__era5_pl_monthly__ERA5__reanalysis__z925__925hPa__monthly__2002-2002__m02__NH0_90__grid_1p0.grib,2002-02,2002,2,z,m**2 s**-2,7545.203732387452,4960.64453125,8856.01953125
z925,cds__era5_pl_monthly__ERA5__reanalysis__z925__925hPa__monthly__2002-2002__m03__NH0_90__grid_1p0.grib,2002-03,2002,3,z,m**2 s**-2,7528.46733110283,5748.68359375,8619.37109375
z925,cds__era5_pl_monthly__ERA5__reanalysis__z925__925hPa__monthly__2002-2002__m04__NH0_90__grid_1p0.grib,2002-04,2002,4,z,m**2 s**-2,7573.313766475849,6129.08984375,8573.08984375
z925,cds__era5_pl_monthly__ERA5__reanalysis__z925__925hPa__monthly__2002-2002__m05__NH0_90__grid_1p0.grib,2002-05,2002,5,z,m**2 s**-2,7557.847224178983,6327.76953125,8655.51953125
z925,cds__era5_pl_monthly__ERA5__reanalysis__z925__925hPa__monthly__2002-2002__m06__NH0_90__grid_1p0.grib,2002-06,2002,6,z,m**2 s**-2,7532.866238439991,6477.51953125,8712.26953125
z925,cds__era5_pl_monthly__ERA5__reanalysis__z925__925hPa__monthly__2002-2002__m07__NH0_90__grid_1p0.grib,2002-07,2002,7,z,m**2 s**-2,7598.258779444857,6365.16015625,8942.91015625
z925,cds__era5_pl_monthly__ERA5__reanalysis__z925__925hPa__monthly__2002-2002__m08__NH0_90__grid_1p0.grib,2002-08,2002,8,z,m**2 s**-2,7603.703796298205,6434.26953125,8680.26953125
z925,cds__era5_pl_monthly__ERA5__reanalysis__z925__925hPa__monthly__2002-2002__m09__NH0_90__grid_1p0.grib,2002-09,2002,9,z,m**2 s**-2,7583.614861044097,6024.09765625,8457.59765625
z925,cds__era5_pl_monthly__ERA5__reanalysis__z925__925hPa__monthly__2002-2002__m10__NH0_90__grid_1p0.grib,2002-10,2002,10,z,m**2 s**-2,7599.376456322146,5965.31640625,8700.75390625
z925,cds__era5_pl_monthly__ERA5__reanalysis__z925__925hPa__monthly__2002-2002__m11__NH0_90__grid_1p0.grib,2002-11,2002,11,z,m**2 s**-2,7533.337382028229,5200.16796875,9012.79296875
z925,cds__era5_pl_monthly__ERA5__reanalysis__z925__925hPa__monthly__2002-2002__m12__NH0_90__grid_1p0.grib,2002-12,2002,12,z,m**2 s**-2,7533.097902389625,4965.47265625,8726.84765625
z925,cds__era5_pl_monthly__ERA5__reanalysis__z925__925hPa__monthly__2003-2003__m01__NH0_90__grid_1p0.grib,2003-01,2003,1,z,m**2 s**-2,7479.297888412408,5040.96484375,8863.71484375
z925,cds__era5_pl_monthly__ERA5__reanalysis__z925__925hPa__monthly__2003-2003__m02__NH0_90__grid_1p0.grib,2003-02,2003,2,z,m**2 s**-2,7484.624200140506,4842.8203125,8667.0703125
z925,cds__era5_pl_monthly__ERA5__reanalysis__z925__925hPa__monthly__2003-2003__m03__NH0_90__grid_1p0.grib,2003-03,2003,3,z,m**2 s**-2,7495.125294828898,5366.33984375,8504.58984375
z925,cds__era5_pl_monthly__ERA5__reanalysis__z925__925hPa__monthly__2003-2003__m04__NH0_90__grid_1p0.grib,2003-04,2003,4,z,m**2 s**-2,7561.195988597089,5977.0,8579.25
z925,cds__era5_pl_monthly__ERA5__reanalysis__z925__925hPa__monthly__2003-2003__m05__NH0_90__grid_1p0.grib,2003-05,2003,5,z,m**2 s**-2,7588.660980732334,6673.92578125,8543.05078125
z925,cds__era5_pl_monthly__ERA5__reanalysis__z925__925hPa__monthly__2003-2003__m06__NH0_90__grid_1p0.grib,2003-06,2003,6,z,m**2 s**-2,7514.999052050175,6395.40234375,8604.40234375
z925,cds__era5_pl_monthly__ERA5__reanalysis__z925__925hPa__monthly__2003-2003__m07__NH0_90__grid_1p0.grib,2003-07,2003,7,z,m**2 s**-2,7619.78742829937,6200.7890625,8822.6640625
z925,cds__era5_pl_monthly__ERA5__reanalysis__z925__925hPa__monthly__2003-2003__m08__NH0_90__grid_1p0.grib,2003-08,2003,8,z,m**2 s**-2,7641.860034398719,6355.37890625,8692.87890625
z925,cds__era5_pl_monthly__ERA5__reanalysis__z925__925hPa__monthly__2003-2003__m09__NH0_90__grid_1p0.grib,2003-09,2003,9,z,m**2 s**-2,7607.501611481891,6219.1640625,8440.2890625
z925,cds__era5_pl_monthly__ERA5__reanalysis__z925__925hPa__monthly__2003-2003__m10__NH0_90__grid_1p0.grib,2003-10,2003,10,z,m**2 s**-2,7587.1460238652535,6278.51171875,8906.88671875
z925,cds__era5_pl_monthly__ERA5__reanalysis__z925__925hPa__monthly__2003-2003__m11__NH0_90__grid_1p0.grib,2003-11,2003,11,z,m**2 s**-2,7618.594985589485,5610.6328125,8869.7578125
z925,cds__era5_pl_monthly__ERA5__reanalysis__z925__925hPa__monthly__2003-2003__m12__NH0_90__grid_1p0.grib,2003-12,2003,12,z,m**2 s**-2,7479.73654409956,4951.734375,8897.984375
z925,cds__era5_pl_monthly__ERA5__reanalysis__z925__925hPa__monthly__2004-2004__m01__NH0_90__grid_1p0.grib,2004-01,2004,1,z,m**2 s**-2,7496.470840968561,5435.58203125,8725.08203125
z925,cds__era5_pl_monthly__ERA5__reanalysis__z925__925hPa__monthly__2004-2004__m02__NH0_90__grid_1p0.grib,2004-02,2004,2,z,m**2 s**-2,7509.5900998287925,4891.90625,8809.90625
z925,cds__era5_pl_monthly__ERA5__reanalysis__z925__925hPa__monthly__2004-2004__m03__NH0_90__grid_1p0.grib,2004-03,2004,3,z,m**2 s**-2,7604.968860516095,5916.421875,8722.296875
z925,cds__era5_pl_monthly__ERA5__reanalysis__z925__925hPa__monthly__2004-2004__m04__NH0_90__grid_1p0.grib,2004-04,2004,4,z,m**2 s**-2,7541.22966323099,5917.484375,8470.859375
z925,cds__era5_pl_monthly__ERA5__reanalysis__z925__925hPa__monthly__2004-2004__m05__NH0_90__grid_1p0.grib,2004-05,2004,5,z,m**2 s**-2,7588.2953802352,6466.49609375,8432.24609375
z925,cds__era5_pl_monthly__ERA5__reanalysis__z925__925hPa__monthly__2004-2004__m06__NH0_90__grid_1p0.grib,2004-06,2004,6,z,m**2 s**-2,7625.655662409907,6497.38671875,8533.01171875
z925,cds__era5_pl_monthly__ERA5__reanalysis__z925__925hPa__monthly__2004-2004__m07__NH0_90__grid_1p0.grib,2004-07,2004,7,z,m**2 s**-2,7572.089236586782,6325.125,8692.875
z925,cds__era5_pl_monthly__ERA5__reanalysis__z925__925hPa__monthly__2004-2004__m08__NH0_90__grid_1p0.grib,2004-08,2004,8,z,m**2 s**-2,7585.260675055584,6423.20703125,8592.70703125
z925,cds__era5_pl_monthly__ERA5__reanalysis__z925__925hPa__monthly__2004-2004__m09__NH0_90__grid_1p0.grib,2004-09,2004,9,z,m**2 s**-2,7622.207357618946,6254.2265625,8548.6015625
z925,cds__era5_pl_monthly__ERA5__reanalysis__z925__925hPa__monthly__2004-2004__m10__NH0_90__grid_1p0.grib,2004-10,2004,10,z,m**2 s**-2,7588.962920203249,5875.98046875,8905.48046875
z925,cds__era5_pl_monthly__ERA5__reanalysis__z925__925hPa__monthly__2004-2004__m11__NH0_90__grid_1p0.grib,2004-11,2004,11,z,m**2 s**-2,7569.411452201255,5472.859375,9108.859375
z925,cds__era5_pl_monthly__ERA5__reanalysis__z925__925hPa__monthly__2004-2004__m12__NH0_90__grid_1p0.grib,2004-12,2004,12,z,m**2 s**-2,7551.849934252809,4836.45703125,8935.95703125
z925,cds__era5_pl_monthly__ERA5__reanalysis__z925__925hPa__monthly__2005-2005__m01__NH0_90__grid_1p0.grib,2005-01,2005,1,z,m**2 s**-2,7520.9969183183985,5268.3125,8713.9375
z925,cds__era5_pl_monthly__ERA5__reanalysis__z925__925hPa__monthly__2005-2005__m02__NH0_90__grid_1p0.grib,2005-02,2005,2,z,m**2 s**-2,7588.744343149081,5584.53125,8704.03125
z925,cds__era5_pl_monthly__ERA5__reanalysis__z925__925hPa__monthly__2005-2005__m03__NH0_90__grid_1p0.grib,2005-03,2005,3,z,m**2 s**-2,7496.445031115252,5902.14453125,8587.89453125
z925,cds__era5_pl_monthly__ERA5__reanalysis__z925__925hPa__monthly__2005-2005__m04__NH0_90__grid_1p0.grib,2005-04,2005,4,z,m**2 s**-2,7578.612177979542,6221.41796875,8569.04296875
z925,cds__era5_pl_monthly__ERA5__reanalysis__z925__925hPa__monthly__2005-2005__m05__NH0_90__grid_1p0.grib,2005-05,2005,5,z,m**2 s**-2,7580.388219562111,6506.79296875,8288.66796875
z925,cds__era5_pl_monthly__ERA5__reanalysis__z925__925hPa__monthly__2005-2005__m06__NH0_90__grid_1p0.grib,2005-06,2005,6,z,m**2 s**-2,7517.246732292992,6468.42578125,8726.55078125
z925,cds__era5_pl_monthly__ERA5__reanalysis__z925__925hPa__monthly__2005-2005__m07__NH0_90__grid_1p0.grib,2005-07,2005,7,z,m**2 s**-2,7593.176541066541,6190.1953125,8748.1953125
z925,cds__era5_pl_monthly__ERA5__reanalysis__z925__925hPa__monthly__2005-2005__m08__NH0_90__grid_1p0.grib,2005-08,2005,8,z,m**2 s**-2,7582.114287845502,6418.19921875,8671.69921875
z925,cds__era5_pl_monthly__ERA5__reanalysis__z925__925hPa__monthly__2005-2005__m09__NH0_90__grid_1p0.grib,2005-09,2005,9,z,m**2 s**-2,7623.825124747893,5890.3984375,8744.7734375
z925,cds__era5_pl_monthly__ERA5__reanalysis__z925__925hPa__monthly__2005-2005__m10__NH0_90__grid_1p0.grib,2005-10,2005,10,z,m**2 s**-2,7607.774116521318,5879.9453125,8746.8203125
z925,cds__era5_pl_monthly__ERA5__reanalysis__z925__925hPa__monthly__2005-2005__m11__NH0_90__grid_1p0.grib,2005-11,2005,11,z,m**2 s**-2,7612.585701660868,5994.484375,9116.359375
z925,cds__era5_pl_monthly__ERA5__reanalysis__z925__925hPa__monthly__2005-2005__m12__NH0_90__grid_1p0.grib,2005-12,2005,12,z,m**2 s**-2,7533.9216933277075,4901.53515625,9134.28515625
z925,cds__era5_pl_monthly__ERA5__reanalysis__z925__925hPa__monthly__2006-2006__m01__NH0_90__grid_1p0.grib,2006-01,2006,1,z,m**2 s**-2,7543.460350053638,5257.62109375,8704.24609375
z925,cds__era5_pl_monthly__ERA5__reanalysis__z925__925hPa__monthly__2006-2006__m02__NH0_90__grid_1p0.grib,2006-02,2006,2,z,m**2 s**-2,7567.942215591622,5866.0703125,8835.6953125
z925,cds__era5_pl_monthly__ERA5__reanalysis__z925__925hPa__monthly__2006-2006__m03__NH0_90__grid_1p0.grib,2006-03,2006,3,z,m**2 s**-2,7536.993740125385,6174.09375,8611.84375
z925,cds__era5_pl_monthly__ERA5__reanalysis__z925__925hPa__monthly__2006-2006__m04__NH0_90__grid_1p0.grib,2006-04,2006,4,z,m**2 s**-2,7543.727431172617,6072.9765625,8654.3515625
z925,cds__era5_pl_monthly__ERA5__reanalysis__z925__925hPa__monthly__2006-2006__m05__NH0_90__grid_1p0.grib,2006-05,2006,5,z,m**2 s**-2,7607.362149283557,6637.31640625,8450.44140625
z925,cds__era5_pl_monthly__ERA5__reanalysis__z925__925hPa__monthly__2006-2006__m06__NH0_90__grid_1p0.grib,2006-06,2006,6,z,m**2 s**-2,7587.50076437454,6392.1015625,8784.7265625
z925,cds__era5_pl_monthly__ERA5__reanalysis__z925__925hPa__monthly__2006-2006__m07__NH0_90__grid_1p0.grib,2006-07,2006,7,z,m**2 s**-2,7598.885947902853,6156.41796875,8854.54296875
z925,cds__era5_pl_monthly__ERA5__reanalysis__z925__925hPa__monthly__2006-2006__m08__NH0_90__grid_1p0.grib,2006-08,2006,8,z,m**2 s**-2,7574.427181291029,6275.73828125,8768.86328125
z925,cds__era5_pl_monthly__ERA5__reanalysis__z925__925hPa__monthly__2006-2006__m09__NH0_90__grid_1p0.grib,2006-09,2006,9,z,m**2 s**-2,7569.419112516165,5836.671875,8502.546875
z925,cds__era5_pl_monthly__ERA5__reanalysis__z925__925hPa__monthly__2006-2006__m10__NH0_90__grid_1p0.grib,2006-10,2006,10,z,m**2 s**-2,7600.733169929513,6236.390625,8800.765625
z925,cds__era5_pl_monthly__ERA5__reanalysis__z925__925hPa__monthly__2006-2006__m11__NH0_90__grid_1p0.grib,2006-11,2006,11,z,m**2 s**-2,7603.186260007325,5530.5859375,8728.8359375
z925,cds__era5_pl_monthly__ERA5__reanalysis__z925__925hPa__monthly__2006-2006__m12__NH0_90__grid_1p0.grib,2006-12,2006,12,z,m**2 s**-2,7531.415666133425,5018.72265625,9026.72265625
z925,cds__era5_pl_monthly__ERA5__reanalysis__z925__925hPa__monthly__2007-2007__m01__NH0_90__grid_1p0.grib,2007-01,2007,1,z,m**2 s**-2,7562.398180567651,5047.421875,9090.796875
z925,cds__era5_pl_monthly__ERA5__reanalysis__z925__925hPa__monthly__2007-2007__m02__NH0_90__grid_1p0.grib,2007-02,2007,2,z,m**2 s**-2,7490.149152650939,5299.0859375,8485.8359375
z925,cds__era5_pl_monthly__ERA5__reanalysis__z925__925hPa__monthly__2007-2007__m03__NH0_90__grid_1p0.grib,2007-03,2007,3,z,m**2 s**-2,7551.478794924791,5452.78125,8759.90625
z925,cds__era5_pl_monthly__ERA5__reanalysis__z925__925hPa__monthly__2007-2007__m04__NH0_90__grid_1p0.grib,2007-04,2007,4,z,m**2 s**-2,7532.215732689046,5765.40625,8755.28125
z925,cds__era5_pl_monthly__ERA5__reanalysis__z925__925hPa__monthly__2007-2007__m05__NH0_90__grid_1p0.grib,2007-05,2007,5,z,m**2 s**-2,7549.99822458471,6351.390625,8703.640625
z925,cds__era5_pl_monthly__ERA5__reanalysis__z925__925hPa__monthly__2007-2007__m06__NH0_90__grid_1p0.grib,2007-06,2007,6,z,m**2 s**-2,7531.374113957741,6421.5546875,8564.3046875
z925,cds__era5_pl_monthly__ERA5__reanalysis__z925__925hPa__monthly__2007-2007__m07__NH0_90__grid_1p0.grib,2007-07,2007,7,z,m**2 s**-2,7535.916125886075,6185.25,8801.0
z925,cds__era5_pl_monthly__ERA5__reanalysis__z925__925hPa__monthly__2007-2007__m08__NH0_90__grid_1p0.grib,2007-08,2007,8,z,m**2 s**-2,7569.6552450660965,6422.66796875,8766.29296875
z925,cds__era5_pl_monthly__ERA5__reanalysis__z925__925hPa__monthly__2007-2007__m09__NH0_90__grid_1p0.grib,2007-09,2007,9,z,m**2 s**-2,7599.9558443893675,5925.390625,8669.640625
z925,cds__era5_pl_monthly__ERA5__reanalysis__z925__925hPa__monthly__2007-2007__m10__NH0_90__grid_1p0.grib,2007-10,2007,10,z,m**2 s**-2,7615.593823308975,5794.5390625,8726.7890625
z925,cds__era5_pl_monthly__ERA5__reanalysis__z925__925hPa__monthly__2007-2007__m11__NH0_90__grid_1p0.grib,2007-11,2007,11,z,m**2 s**-2,7555.8134281192315,5621.39453125,8958.51953125
z925,cds__era5_pl_monthly__ERA5__reanalysis__z925__925hPa__monthly__2007-2007__m12__NH0_90__grid_1p0.grib,2007-12,2007,12,z,m**2 s**-2,7564.569576009822,5167.38671875,8720.26171875
z925,cds__era5_pl_monthly__ERA5__reanalysis__z925__925hPa__monthly__2008-2008__m01__NH0_90__grid_1p0.grib,2008-01,2008,1,z,m**2 s**-2,7557.527563146712,5378.86328125,8869.48828125
z925,cds__era5_pl_monthly__ERA5__reanalysis__z925__925hPa__monthly__2008-2008__m02__NH0_90__grid_1p0.grib,2008-02,2008,2,z,m**2 s**-2,7535.349338871347,5480.9453125,8634.1953125
z925,cds__era5_pl_monthly__ERA5__reanalysis__z925__925hPa__monthly__2008-2008__m03__NH0_90__grid_1p0.grib,2008-03,2008,3,z,m**2 s**-2,7501.6654057037795,5729.5546875,8677.9296875
z925,cds__era5_pl_monthly__ERA5__reanalysis__z925__925hPa__monthly__2008-2008__m04__NH0_90__grid_1p0.grib,2008-04,2008,4,z,m**2 s**-2,7568.132119025214,6599.96875,8524.09375
z925,cds__era5_pl_monthly__ERA5__reanalysis__z925__925hPa__monthly__2008-2008__m05__NH0_90__grid_1p0.grib,2008-05,2008,5,z,m**2 s**-2,7561.270599926118,6563.76171875,8482.63671875
z925,cds__era5_pl_monthly__ERA5__reanalysis__z925__925hPa__monthly__2008-2008__m06__NH0_90__grid_1p0.grib,2008-06,2008,6,z,m**2 s**-2,7568.692894780403,6212.40234375,8614.52734375
z925,cds__era5_pl_monthly__ERA5__reanalysis__z925__925hPa__monthly__2008-2008__m07__NH0_90__grid_1p0.grib,2008-07,2008,7,z,m**2 s**-2,7562.5238283529125,6114.41796875,8739.29296875
z925,cds__era5_pl_monthly__ERA5__reanalysis__z925__925hPa__monthly__2008-2008__m08__NH0_90__grid_1p0.grib,2008-08,2008,8,z,m**2 s**-2,7517.151511043368,6387.46484375,8602.46484375
z925,cds__era5_pl_monthly__ERA5__reanalysis__z925__925hPa__monthly__2008-2008__m09__NH0_90__grid_1p0.grib,2008-09,2008,9,z,m**2 s**-2,7599.97108841659,6163.1640625,8374.2890625
z925,cds__era5_pl_monthly__ERA5__reanalysis__z925__925hPa__monthly__2008-2008__m10__NH0_90__grid_1p0.grib,2008-10,2008,10,z,m**2 s**-2,7627.460921328734,5598.88671875,8834.76171875
z925,cds__era5_pl_monthly__ERA5__reanalysis__z925__925hPa__monthly__2008-2008__m11__NH0_90__grid_1p0.grib,2008-11,2008,11,z,m**2 s**-2,7604.832675207699,5908.8203125,8953.8203125
z925,cds__era5_pl_monthly__ERA5__reanalysis__z925__925hPa__monthly__2008-2008__m12__NH0_90__grid_1p0.grib,2008-12,2008,12,z,m**2 s**-2,7596.965494305796,5569.40625,8979.65625
z925,cds__era5_pl_monthly__ERA5__reanalysis__z925__925hPa__monthly__2009-2009__m01__NH0_90__grid_1p0.grib,2009-01,2009,1,z,m**2 s**-2,7547.560704044613,5115.2734375,9004.7734375
z925,cds__era5_pl_monthly__ERA5__reanalysis__z925__925hPa__monthly__2009-2009__m02__NH0_90__grid_1p0.grib,2009-02,2009,2,z,m**2 s**-2,7556.580204056345,5643.3046875,8738.0546875
z925,cds__era5_pl_monthly__ERA5__reanalysis__z925__925hPa__monthly__2009-2009__m03__NH0_90__grid_1p0.grib,2009-03,2009,3,z,m**2 s**-2,7578.003783195721,6076.25,8665.75
z925,cds__era5_pl_monthly__ERA5__reanalysis__z925__925hPa__monthly__2009-2009__m04__NH0_90__grid_1p0.grib,2009-04,2009,4,z,m**2 s**-2,7562.785161723649,5912.9765625,8606.9765625
z925,cds__era5_pl_monthly__ERA5__reanalysis__z925__925hPa__monthly__2009-2009__m05__NH0_90__grid_1p0.grib,2009-05,2009,5,z,m**2 s**-2,7554.187698185407,6442.453125,8504.078125
z925,cds__era5_pl_monthly__ERA5__reanalysis__z925__925hPa__monthly__2009-2009__m06__NH0_90__grid_1p0.grib,2009-06,2009,6,z,m**2 s**-2,7564.041409669711,6487.4296875,8547.5546875
z925,cds__era5_pl_monthly__ERA5__reanalysis__z925__925hPa__monthly__2009-2009__m07__NH0_90__grid_1p0.grib,2009-07,2009,7,z,m**2 s**-2,7597.252540725804,6199.5,8678.25
z925,cds__era5_pl_monthly__ERA5__reanalysis__z925__925hPa__monthly__2009-2009__m08__NH0_90__grid_1p0.grib,2009-08,2009,8,z,m**2 s**-2,7591.496984336573,6376.88671875,8667.51171875
z925,cds__era5_pl_monthly__ERA5__reanalysis__z925__925hPa__monthly__2009-2009__m09__NH0_90__grid_1p0.grib,2009-09,2009,9,z,m**2 s**-2,7580.8727995271,5940.74609375,8461.62109375
z925,cds__era5_pl_monthly__ERA5__reanalysis__z925__925hPa__monthly__2009-2009__m10__NH0_90__grid_1p0.grib,2009-10,2009,10,z,m**2 s**-2,7581.693913151351,6269.70703125,8641.33203125
z925,cds__era5_pl_monthly__ERA5__reanalysis__z925__925hPa__monthly__2009-2009__m11__NH0_90__grid_1p0.grib,2009-11,2009,11,z,m**2 s**-2,7544.8317989469715,5233.890625,8841.140625
z925,cds__era5_pl_monthly__ERA5__reanalysis__z925__925hPa__monthly__2009-2009__m12__NH0_90__grid_1p0.grib,2009-12,2009,12,z,m**2 s**-2,7527.59724950041,5508.37890625,9104.00390625
z925,cds__era5_pl_monthly__ERA5__reanalysis__z925__925hPa__monthly__2010-2010__m01__NH0_90__grid_1p0.grib,2010-01,2010,1,z,m**2 s**-2,7481.046085557738,5135.3359375,8937.7109375
z925,cds__era5_pl_monthly__ERA5__reanalysis__z925__925hPa__monthly__2010-2010__m02__NH0_90__grid_1p0.grib,2010-02,2010,2,z,m**2 s**-2,7479.293027170604,5703.19921875,8612.94921875
z925,cds__era5_pl_monthly__ERA5__reanalysis__z925__925hPa__monthly__2010-2010__m03__NH0_90__grid_1p0.grib,2010-03,2010,3,z,m**2 s**-2,7530.517980610142,5461.6875,8665.4375
z925,cds__era5_pl_monthly__ERA5__reanalysis__z925__925hPa__monthly__2010-2010__m04__NH0_90__grid_1p0.grib,2010-04,2010,4,z,m**2 s**-2,7599.066665995824,6166.41796875,8757.91796875
z925,cds__era5_pl_monthly__ERA5__reanalysis__z925__925hPa__monthly__2010-2010__m05__NH0_90__grid_1p0.grib,2010-05,2010,5,z,m**2 s**-2,7610.735194940114,6541.59375,8673.71875
z925,cds__era5_pl_monthly__ERA5__reanalysis__z925__925hPa__monthly__2010-2010__m06__NH0_90__grid_1p0.grib,2010-06,2010,6,z,m**2 s**-2,7591.96989749019,6226.09375,8701.71875
z925,cds__era5_pl_monthly__ERA5__reanalysis__z925__925hPa__monthly__2010-2010__m07__NH0_90__grid_1p0.grib,2010-07,2010,7,z,m**2 s**-2,7605.835402389899,6068.6484375,8962.1484375
z925,cds__era5_pl_monthly__ERA5__reanalysis__z925__925hPa__monthly__2010-2010__m08__NH0_90__grid_1p0.grib,2010-08,2010,8,z,m**2 s**-2,7614.7038909556795,6470.26953125,8813.64453125
z925,cds__era5_pl_monthly__ERA5__reanalysis__z925__925hPa__monthly__2010-2010__m09__NH0_90__grid_1p0.grib,2010-09,2010,9,z,m**2 s**-2,7588.9746634079,6410.671875,8452.046875
z925,cds__era5_pl_monthly__ERA5__reanalysis__z925__925hPa__monthly__2010-2010__m10__NH0_90__grid_1p0.grib,2010-10,2010,10,z,m**2 s**-2,7561.4032295216075,5751.84375,8831.84375
z925,cds__era5_pl_monthly__ERA5__reanalysis__z925__925hPa__monthly__2010-2010__m11__NH0_90__grid_1p0.grib,2010-11,2010,11,z,m**2 s**-2,7543.236156827544,6234.98046875,8877.35546875
z925,cds__era5_pl_monthly__ERA5__reanalysis__z925__925hPa__monthly__2010-2010__m12__NH0_90__grid_1p0.grib,2010-12,2010,12,z,m**2 s**-2,7506.044144997319,6001.8125,8717.1875
z925,cds__era5_pl_monthly__ERA5__reanalysis__z925__925hPa__monthly__2011-2011__m01__NH0_90__grid_1p0.grib,2011-01,2011,1,z,m**2 s**-2,7523.50011540597,5256.31640625,9199.31640625
z925,cds__era5_pl_monthly__ERA5__reanalysis__z925__925hPa__monthly__2011-2011__m02__NH0_90__grid_1p0.grib,2011-02,2011,2,z,m**2 s**-2,7470.136535428648,4603.3046875,8562.9296875
z925,cds__era5_pl_monthly__ERA5__reanalysis__z925__925hPa__monthly__2011-2011__m03__NH0_90__grid_1p0.grib,2011-03,2011,3,z,m**2 s**-2,7513.567828449343,5167.24609375,8575.12109375
z925,cds__era5_pl_monthly__ERA5__reanalysis__z925__925hPa__monthly__2011-2011__m04__NH0_90__grid_1p0.grib,2011-04,2011,4,z,m**2 s**-2,7478.320134154132,5089.96875,8584.34375
z925,cds__era5_pl_monthly__ERA5__reanalysis__z925__925hPa__monthly__2011-2011__m05__NH0_90__grid_1p0.grib,2011-05,2011,5,z,m**2 s**-2,7605.537987512099,6556.0703125,8747.0703125
z925,cds__era5_pl_monthly__ERA5__reanalysis__z925__925hPa__monthly__2011-2011__m06__NH0_90__grid_1p0.grib,2011-06,2011,6,z,m**2 s**-2,7544.004129056725,6334.52734375,8801.27734375
z925,cds__era5_pl_monthly__ERA5__reanalysis__z925__925hPa__monthly__2011-2011__m07__NH0_90__grid_1p0.grib,2011-07,2011,7,z,m**2 s**-2,7550.763206036527,6234.43359375,9002.55859375
z925,cds__era5_pl_monthly__ERA5__reanalysis__z925__925hPa__monthly__2011-2011__m08__NH0_90__grid_1p0.grib,2011-08,2011,8,z,m**2 s**-2,7564.774065145296,6298.390625,8619.765625
z925,cds__era5_pl_monthly__ERA5__reanalysis__z925__925hPa__monthly__2011-2011__m09__NH0_90__grid_1p0.grib,2011-09,2011,9,z,m**2 s**-2,7562.735970393194,5761.4453125,8583.1953125
z925,cds__era5_pl_monthly__ERA5__reanalysis__z925__925hPa__monthly__2011-2011__m10__NH0_90__grid_1p0.grib,2011-10,2011,10,z,m**2 s**-2,7566.876603498869,5722.69140625,8678.44140625
z925,cds__era5_pl_monthly__ERA5__reanalysis__z925__925hPa__monthly__2011-2011__m11__NH0_90__grid_1p0.grib,2011-11,2011,11,z,m**2 s**-2,7550.709446665672,5293.25390625,8979.37890625
z925,cds__era5_pl_monthly__ERA5__reanalysis__z925__925hPa__monthly__2011-2011__m12__NH0_90__grid_1p0.grib,2011-12,2011,12,z,m**2 s**-2,7579.24147296692,4913.203125,9019.828125
z925,cds__era5_pl_monthly__ERA5__reanalysis__z925__925hPa__monthly__2012-2012__m01__NH0_90__grid_1p0.grib,2012-01,2012,1,z,m**2 s**-2,7602.20591863502,5437.09765625,8850.47265625
z925,cds__era5_pl_monthly__ERA5__reanalysis__z925__925hPa__monthly__2012-2012__m02__NH0_90__grid_1p0.grib,2012-02,2012,2,z,m**2 s**-2,7548.910895391267,5400.31640625,8843.94140625
z925,cds__era5_pl_monthly__ERA5__reanalysis__z925__925hPa__monthly__2012-2012__m03__NH0_90__grid_1p0.grib,2012-03,2012,3,z,m**2 s**-2,7555.765913568491,5727.5546875,8637.8046875
z925,cds__era5_pl_monthly__ERA5__reanalysis__z925__925hPa__monthly__2012-2012__m04__NH0_90__grid_1p0.grib,2012-04,2012,4,z,m**2 s**-2,7536.825300249015,6443.11328125,8634.23828125
z925,cds__era5_pl_monthly__ERA5__reanalysis__z925__925hPa__monthly__2012-2012__m05__NH0_90__grid_1p0.grib,2012-05,2012,5,z,m**2 s**-2,7588.673079309532,6471.7421875,8582.6171875
z925,cds__era5_pl_monthly__ERA5__reanalysis__z925__925hPa__monthly__2012-2012__m06__NH0_90__grid_1p0.grib,2012-06,2012,6,z,m**2 s**-2,7533.677671307525,6380.734375,8678.359375
z925,cds__era5_pl_monthly__ERA5__reanalysis__z925__925hPa__monthly__2012-2012__m07__NH0_90__grid_1p0.grib,2012-07,2012,7,z,m**2 s**-2,7564.2381804941315,6201.37890625,8825.25390625
z925,cds__era5_pl_monthly__ERA5__reanalysis__z925__925hPa__monthly__2012-2012__m08__NH0_90__grid_1p0.grib,2012-08,2012,8,z,m**2 s**-2,7585.7377539755125,6406.6796875,8572.1796875
z925,cds__era5_pl_monthly__ERA5__reanalysis__z925__925hPa__monthly__2012-2012__m09__NH0_90__grid_1p0.grib,2012-09,2012,9,z,m**2 s**-2,7624.387711452022,6089.53515625,8647.03515625
z925,cds__era5_pl_monthly__ERA5__reanalysis__z925__925hPa__monthly__2012-2012__m10__NH0_90__grid_1p0.grib,2012-10,2012,10,z,m**2 s**-2,7610.245651374888,6580.3203125,8823.6953125
z925,cds__era5_pl_monthly__ERA5__reanalysis__z925__925hPa__monthly__2012-2012__m11__NH0_90__grid_1p0.grib,2012-11,2012,11,z,m**2 s**-2,7587.402120259042,5880.05078125,8833.55078125
z925,cds__era5_pl_monthly__ERA5__reanalysis__z925__925hPa__monthly__2012-2012__m12__NH0_90__grid_1p0.grib,2012-12,2012,12,z,m**2 s**-2,7574.528620854236,5724.83984375,8756.83984375
z925,cds__era5_pl_monthly__ERA5__reanalysis__z925__925hPa__monthly__2013-2013__m01__NH0_90__grid_1p0.grib,2013-01,2013,1,z,m**2 s**-2,7541.2001134902775,5022.28125,8863.78125
z925,cds__era5_pl_monthly__ERA5__reanalysis__z925__925hPa__monthly__2013-2013__m02__NH0_90__grid_1p0.grib,2013-02,2013,2,z,m**2 s**-2,7571.500101284234,5692.03125,8840.15625
z925,cds__era5_pl_monthly__ERA5__reanalysis__z925__925hPa__monthly__2013-2013__m03__NH0_90__grid_1p0.grib,2013-03,2013,3,z,m**2 s**-2,7558.868623069237,5764.22265625,8774.84765625
z925,cds__era5_pl_monthly__ERA5__reanalysis__z925__925hPa__monthly__2013-2013__m04__NH0_90__grid_1p0.grib,2013-04,2013,4,z,m**2 s**-2,7588.454428517317,6355.44921875,8539.32421875
z925,cds__era5_pl_monthly__ERA5__reanalysis__z925__925hPa__monthly__2013-2013__m05__NH0_90__grid_1p0.grib,2013-05,2013,5,z,m**2 s**-2,7618.379748529812,6671.26953125,8640.76953125
z925,cds__era5_pl_monthly__ERA5__reanalysis__z925__925hPa__monthly__2013-2013__m06__NH0_90__grid_1p0.grib,2013-06,2013,6,z,m**2 s**-2,7559.515238593258,6144.89453125,8781.14453125
z925,cds__era5_pl_monthly__ERA5__reanalysis__z925__925hPa__monthly__2013-2013__m07__NH0_90__grid_1p0.grib,2013-07,2013,7,z,m**2 s**-2,7590.439361189289,6112.51171875,8692.63671875
z925,cds__era5_pl_monthly__ERA5__reanalysis__z925__925hPa__monthly__2013-2013__m08__NH0_90__grid_1p0.grib,2013-08,2013,8,z,m**2 s**-2,7564.061598751083,6447.08984375,8665.08984375
z925,cds__era5_pl_monthly__ERA5__reanalysis__z925__925hPa__monthly__2013-2013__m09__NH0_90__grid_1p0.grib,2013-09,2013,9,z,m**2 s**-2,7566.716375721375,6324.3828125,8437.5078125
z925,cds__era5_pl_monthly__ERA5__reanalysis__z925__925hPa__monthly__2013-2013__m10__NH0_90__grid_1p0.grib,2013-10,2013,10,z,m**2 s**-2,7592.229796553535,5872.6640625,8662.4140625
z925,cds__era5_pl_monthly__ERA5__reanalysis__z925__925hPa__monthly__2013-2013__m11__NH0_90__grid_1p0.grib,2013-11,2013,11,z,m**2 s**-2,7556.003853615679,5295.2421875,9012.8671875
z925,cds__era5_pl_monthly__ERA5__reanalysis__z925__925hPa__monthly__2013-2013__m12__NH0_90__grid_1p0.grib,2013-12,2013,12,z,m**2 s**-2,7562.817716789447,4888.59375,8735.84375
z925,cds__era5_pl_monthly__ERA5__reanalysis__z925__925hPa__monthly__2014-2014__m01__NH0_90__grid_1p0.grib,2014-01,2014,1,z,m**2 s**-2,7508.010003091309,4816.9921875,8953.6171875
z925,cds__era5_pl_monthly__ERA5__reanalysis__z925__925hPa__monthly__2014-2014__m02__NH0_90__grid_1p0.grib,2014-02,2014,2,z,m**2 s**-2,7528.877052410017,4498.8515625,8758.8515625
z925,cds__era5_pl_monthly__ERA5__reanalysis__z925__925hPa__monthly__2014-2014__m03__NH0_90__grid_1p0.grib,2014-03,2014,3,z,m**2 s**-2,7492.608762317569,5572.15234375,8645.65234375
z925,cds__era5_pl_monthly__ERA5__reanalysis__z925__925hPa__monthly__2014-2014__m04__NH0_90__grid_1p0.grib,2014-04,2014,4,z,m**2 s**-2,7501.953488416023,5682.82421875,8614.19921875
z925,cds__era5_pl_monthly__ERA5__reanalysis__z925__925hPa__monthly__2014-2014__m05__NH0_90__grid_1p0.grib,2014-05,2014,5,z,m**2 s**-2,7619.366434203977,6501.8984375,8491.5234375
z925,cds__era5_pl_monthly__ERA5__reanalysis__z925__925hPa__monthly__2014-2014__m06__NH0_90__grid_1p0.grib,2014-06,2014,6,z,m**2 s**-2,7577.842681405017,6516.8828125,8657.5078125
z925,cds__era5_pl_monthly__ERA5__reanalysis__z925__925hPa__monthly__2014-2014__m07__NH0_90__grid_1p0.grib,2014-07,2014,7,z,m**2 s**-2,7618.962457764363,6252.93359375,8787.55859375
z925,cds__era5_pl_monthly__ERA5__reanalysis__z925__925hPa__monthly__2014-2014__m08__NH0_90__grid_1p0.grib,2014-08,2014,8,z,m**2 s**-2,7599.621774722028,6285.5078125,8548.6328125
z925,cds__era5_pl_monthly__ERA5__reanalysis__z925__925hPa__monthly__2014-2014__m09__NH0_90__grid_1p0.grib,2014-09,2014,9,z,m**2 s**-2,7575.184876584509,6197.64453125,8387.14453125
z925,cds__era5_pl_monthly__ERA5__reanalysis__z925__925hPa__monthly__2014-2014__m10__NH0_90__grid_1p0.grib,2014-10,2014,10,z,m**2 s**-2,7607.026822814027,5933.37890625,8786.87890625
z925,cds__era5_pl_monthly__ERA5__reanalysis__z925__925hPa__monthly__2014-2014__m11__NH0_90__grid_1p0.grib,2014-11,2014,11,z,m**2 s**-2,7562.361701229558,5660.55078125,8917.92578125
z925,cds__era5_pl_monthly__ERA5__reanalysis__z925__925hPa__monthly__2014-2014__m12__NH0_90__grid_1p0.grib,2014-12,2014,12,z,m**2 s**-2,7575.390162682721,5443.62890625,9065.25390625
z925,cds__era5_pl_monthly__ERA5__reanalysis__z925__925hPa__monthly__2015-2015__m01__NH0_90__grid_1p0.grib,2015-01,2015,1,z,m**2 s**-2,7544.842814900071,5006.61328125,9099.48828125
z925,cds__era5_pl_monthly__ERA5__reanalysis__z925__925hPa__monthly__2015-2015__m02__NH0_90__grid_1p0.grib,2015-02,2015,2,z,m**2 s**-2,7497.083336104244,5358.46875,8824.96875
z925,cds__era5_pl_monthly__ERA5__reanalysis__z925__925hPa__monthly__2015-2015__m03__NH0_90__grid_1p0.grib,2015-03,2015,3,z,m**2 s**-2,7580.561082953668,4997.953125,8841.953125
z925,cds__era5_pl_monthly__ERA5__reanalysis__z925__925hPa__monthly__2015-2015__m04__NH0_90__grid_1p0.grib,2015-04,2015,4,z,m**2 s**-2,7582.922813815218,6164.1640625,8649.9140625
z925,cds__era5_pl_monthly__ERA5__reanalysis__z925__925hPa__monthly__2015-2015__m05__NH0_90__grid_1p0.grib,2015-05,2015,5,z,m**2 s**-2,7592.373796999017,6195.859375,8592.234375
z925,cds__era5_pl_monthly__ERA5__reanalysis__z925__925hPa__monthly__2015-2015__m06__NH0_90__grid_1p0.grib,2015-06,2015,6,z,m**2 s**-2,7570.820834585923,6506.23828125,8682.73828125
z925,cds__era5_pl_monthly__ERA5__reanalysis__z925__925hPa__monthly__2015-2015__m07__NH0_90__grid_1p0.grib,2015-07,2015,7,z,m**2 s**-2,7577.096259765061,6205.0390625,8695.6640625
z925,cds__era5_pl_monthly__ERA5__reanalysis__z925__925hPa__monthly__2015-2015__m08__NH0_90__grid_1p0.grib,2015-08,2015,8,z,m**2 s**-2,7616.1814545489215,6474.42578125,8761.05078125
z925,cds__era5_pl_monthly__ERA5__reanalysis__z925__925hPa__monthly__2015-2015__m09__NH0_90__grid_1p0.grib,2015-09,2015,9,z,m**2 s**-2,7618.805286958287,6359.64453125,8533.01953125
z925,cds__era5_pl_monthly__ERA5__reanalysis__z925__925hPa__monthly__2015-2015__m10__NH0_90__grid_1p0.grib,2015-10,2015,10,z,m**2 s**-2,7575.547585604894,6121.78515625,9009.91015625
z925,cds__era5_pl_monthly__ERA5__reanalysis__z925__925hPa__monthly__2015-2015__m11__NH0_90__grid_1p0.grib,2015-11,2015,11,z,m**2 s**-2,7621.60489507269,5459.29296875,8978.91796875
z925,cds__era5_pl_monthly__ERA5__reanalysis__z925__925hPa__monthly__2015-2015__m12__NH0_90__grid_1p0.grib,2015-12,2015,12,z,m**2 s**-2,7563.420532355884,4874.90625,9108.78125
z925,cds__era5_pl_monthly__ERA5__reanalysis__z925__925hPa__monthly__2016-2016__m01__NH0_90__grid_1p0.grib,2016-01,2016,1,z,m**2 s**-2,7540.214772742909,4747.53125,9165.65625
z925,cds__era5_pl_monthly__ERA5__reanalysis__z925__925hPa__monthly__2016-2016__m02__NH0_90__grid_1p0.grib,2016-02,2016,2,z,m**2 s**-2,7591.175261344767,4988.6171875,9072.7421875
z925,cds__era5_pl_monthly__ERA5__reanalysis__z925__925hPa__monthly__2016-2016__m03__NH0_90__grid_1p0.grib,2016-03,2016,3,z,m**2 s**-2,7535.650026551429,5737.03125,8669.53125
z925,cds__era5_pl_monthly__ERA5__reanalysis__z925__925hPa__monthly__2016-2016__m04__NH0_90__grid_1p0.grib,2016-04,2016,4,z,m**2 s**-2,7571.468148919669,5673.25,8586.5
z925,cds__era5_pl_monthly__ERA5__reanalysis__z925__925hPa__monthly__2016-2016__m05__NH0_90__grid_1p0.grib,2016-05,2016,5,z,m**2 s**-2,7637.714065737271,6666.19140625,8636.94140625
z925,cds__era5_pl_monthly__ERA5__reanalysis__z925__925hPa__monthly__2016-2016__m06__NH0_90__grid_1p0.grib,2016-06,2016,6,z,m**2 s**-2,7628.610668736598,6330.77734375,8796.40234375
z925,cds__era5_pl_monthly__ERA5__reanalysis__z925__925hPa__monthly__2016-2016__m07__NH0_90__grid_1p0.grib,2016-07,2016,7,z,m**2 s**-2,7632.184548399675,6263.15625,8952.40625
z925,cds__era5_pl_monthly__ERA5__reanalysis__z925__925hPa__monthly__2016-2016__m08__NH0_90__grid_1p0.grib,2016-08,2016,8,z,m**2 s**-2,7623.687772233017,5644.765625,8855.890625
z925,cds__era5_pl_monthly__ERA5__reanalysis__z925__925hPa__monthly__2016-2016__m09__NH0_90__grid_1p0.grib,2016-09,2016,9,z,m**2 s**-2,7647.296518976686,5966.7421875,8733.6171875
z925,cds__era5_pl_monthly__ERA5__reanalysis__z925__925hPa__monthly__2016-2016__m10__NH0_90__grid_1p0.grib,2016-10,2016,10,z,m**2 s**-2,7648.188438217562,5412.296875,8620.796875
z925,cds__era5_pl_monthly__ERA5__reanalysis__z925__925hPa__monthly__2016-2016__m11__NH0_90__grid_1p0.grib,2016-11,2016,11,z,m**2 s**-2,7602.523945665388,5468.6171875,8799.9921875
z925,cds__era5_pl_monthly__ERA5__reanalysis__z925__925hPa__monthly__2016-2016__m12__NH0_90__grid_1p0.grib,2016-12,2016,12,z,m**2 s**-2,7585.79118704895,5231.421875,8983.921875
z925,cds__era5_pl_monthly__ERA5__reanalysis__z925__925hPa__monthly__2017-2017__m01__NH0_90__grid_1p0.grib,2017-01,2017,1,z,m**2 s**-2,7519.347429251377,5348.6015625,8775.9140625
z925,cds__era5_pl_monthly__ERA5__reanalysis__z925__925hPa__monthly__2017-2017__m02__NH0_90__grid_1p0.grib,2017-02,2017,2,z,m**2 s**-2,7516.724220446322,5424.640625,8749.890625
z925,cds__era5_pl_monthly__ERA5__reanalysis__z925__925hPa__monthly__2017-2017__m03__NH0_90__grid_1p0.grib,2017-03,2017,3,z,m**2 s**-2,7535.7594830908565,5515.58203125,8505.33203125
z925,cds__era5_pl_monthly__ERA5__reanalysis__z925__925hPa__monthly__2017-2017__m04__NH0_90__grid_1p0.grib,2017-04,2017,4,z,m**2 s**-2,7553.796991567414,6148.515625,8522.015625
z925,cds__era5_pl_monthly__ERA5__reanalysis__z925__925hPa__monthly__2017-2017__m05__NH0_90__grid_1p0.grib,2017-05,2017,5,z,m**2 s**-2,7597.858757165614,6606.5234375,8544.7734375
z925,cds__era5_pl_monthly__ERA5__reanalysis__z925__925hPa__monthly__2017-2017__m06__NH0_90__grid_1p0.grib,2017-06,2017,6,z,m**2 s**-2,7526.726201735762,6406.9453125,8575.1953125
z925,cds__era5_pl_monthly__ERA5__reanalysis__z925__925hPa__monthly__2017-2017__m07__NH0_90__grid_1p0.grib,2017-07,2017,7,z,m**2 s**-2,7599.962673863802,6249.02734375,8925.90234375
z925,cds__era5_pl_monthly__ERA5__reanalysis__z925__925hPa__monthly__2017-2017__m08__NH0_90__grid_1p0.grib,2017-08,2017,8,z,m**2 s**-2,7595.51563057934,6328.9140625,8558.9140625
z925,cds__era5_pl_monthly__ERA5__reanalysis__z925__925hPa__monthly__2017-2017__m09__NH0_90__grid_1p0.grib,2017-09,2017,9,z,m**2 s**-2,7623.6016125292845,6286.83203125,8611.95703125
z925,cds__era5_pl_monthly__ERA5__reanalysis__z925__925hPa__monthly__2017-2017__m10__NH0_90__grid_1p0.grib,2017-10,2017,10,z,m**2 s**-2,7617.934450121177,6306.26171875,8724.13671875
z925,cds__era5_pl_monthly__ERA5__reanalysis__z925__925hPa__monthly__2017-2017__m11__NH0_90__grid_1p0.grib,2017-11,2017,11,z,m**2 s**-2,7605.682519186676,5886.08203125,8816.83203125
z925,cds__era5_pl_monthly__ERA5__reanalysis__z925__925hPa__monthly__2017-2017__m12__NH0_90__grid_1p0.grib,2017-12,2017,12,z,m**2 s**-2,7625.049660423968,5532.0546875,9013.8046875
z925,cds__era5_pl_monthly__ERA5__reanalysis__z925__925hPa__monthly__2018-2018__m01__NH0_90__grid_1p0.grib,2018-01,2018,1,z,m**2 s**-2,7587.751661635901,5265.64453125,8960.64453125
z925,cds__era5_pl_monthly__ERA5__reanalysis__z925__925hPa__monthly__2018-2018__m02__NH0_90__grid_1p0.grib,2018-02,2018,2,z,m**2 s**-2,7619.474530926947,5112.953125,8831.328125
z925,cds__era5_pl_monthly__ERA5__reanalysis__z925__925hPa__monthly__2018-2018__m03__NH0_90__grid_1p0.grib,2018-03,2018,3,z,m**2 s**-2,7517.607742434177,6016.265625,8653.640625
z925,cds__era5_pl_monthly__ERA5__reanalysis__z925__925hPa__monthly__2018-2018__m04__NH0_90__grid_1p0.grib,2018-04,2018,4,z,m**2 s**-2,7555.329430697077,5972.765625,8729.640625
z925,cds__era5_pl_monthly__ERA5__reanalysis__z925__925hPa__monthly__2018-2018__m05__NH0_90__grid_1p0.grib,2018-05,2018,5,z,m**2 s**-2,7578.452049819445,6006.75,8730.625
z925,cds__era5_pl_monthly__ERA5__reanalysis__z925__925hPa__monthly__2018-2018__m06__NH0_90__grid_1p0.grib,2018-06,2018,6,z,m**2 s**-2,7547.078353947258,6443.7578125,8640.2578125
z925,cds__era5_pl_monthly__ERA5__reanalysis__z925__925hPa__monthly__2018-2018__m07__NH0_90__grid_1p0.grib,2018-07,2018,7,z,m**2 s**-2,7625.497293959611,6111.546875,9086.546875
z925,cds__era5_pl_monthly__ERA5__reanalysis__z925__925hPa__monthly__2018-2018__m08__NH0_90__grid_1p0.grib,2018-08,2018,8,z,m**2 s**-2,7591.8681689728965,6242.37109375,8685.12109375
z925,cds__era5_pl_monthly__ERA5__reanalysis__z925__925hPa__monthly__2018-2018__m09__NH0_90__grid_1p0.grib,2018-09,2018,9,z,m**2 s**-2,7641.292584590704,6408.125,8451.5
z925,cds__era5_pl_monthly__ERA5__reanalysis__z925__925hPa__monthly__2018-2018__m10__NH0_90__grid_1p0.grib,2018-10,2018,10,z,m**2 s**-2,7600.456215352143,5917.0078125,8895.0078125
z925,cds__era5_pl_monthly__ERA5__reanalysis__z925__925hPa__monthly__2018-2018__m11__NH0_90__grid_1p0.grib,2018-11,2018,11,z,m**2 s**-2,7630.226645606189,5585.1484375,9021.8984375
z925,cds__era5_pl_monthly__ERA5__reanalysis__z925__925hPa__monthly__2018-2018__m12__NH0_90__grid_1p0.grib,2018-12,2018,12,z,m**2 s**-2,7596.754655128843,5661.09765625,9070.97265625
z925,cds__era5_pl_monthly__ERA5__reanalysis__z925__925hPa__monthly__2019-2019__m01__NH0_90__grid_1p0.grib,2019-01,2019,1,z,m**2 s**-2,7545.327965685868,5047.078125,8862.203125
z925,cds__era5_pl_monthly__ERA5__reanalysis__z925__925hPa__monthly__2019-2019__m02__NH0_90__grid_1p0.grib,2019-02,2019,2,z,m**2 s**-2,7578.705617195418,5151.125,8581.625
z925,cds__era5_pl_monthly__ERA5__reanalysis__z925__925hPa__monthly__2019-2019__m03__NH0_90__grid_1p0.grib,2019-03,2019,3,z,m**2 s**-2,7515.021388500516,5317.72265625,8656.84765625
z925,cds__era5_pl_monthly__ERA5__reanalysis__z925__925hPa__monthly__2019-2019__m04__NH0_90__grid_1p0.grib,2019-04,2019,4,z,m**2 s**-2,7559.198378507654,6119.9296875,8599.9296875
z925,cds__era5_pl_monthly__ERA5__reanalysis__z925__925hPa__monthly__2019-2019__m05__NH0_90__grid_1p0.grib,2019-05,2019,5,z,m**2 s**-2,7611.881131811398,6316.06640625,8565.19140625
z925,cds__era5_pl_monthly__ERA5__reanalysis__z925__925hPa__monthly__2019-2019__m06__NH0_90__grid_1p0.grib,2019-06,2019,6,z,m**2 s**-2,7628.884963096322,6363.09375,8637.09375
z925,cds__era5_pl_monthly__ERA5__reanalysis__z925__925hPa__monthly__2019-2019__m07__NH0_90__grid_1p0.grib,2019-07,2019,7,z,m**2 s**-2,7588.542356705058,6123.3125,8675.4375
z925,cds__era5_pl_monthly__ERA5__reanalysis__z925__925hPa__monthly__2019-2019__m08__NH0_90__grid_1p0.grib,2019-08,2019,8,z,m**2 s**-2,7630.4507148057755,6462.22265625,8600.97265625
z925,cds__era5_pl_monthly__ERA5__reanalysis__z925__925hPa__monthly__2019-2019__m09__NH0_90__grid_1p0.grib,2019-09,2019,9,z,m**2 s**-2,7622.822733294799,6375.55078125,8606.55078125
z925,cds__era5_pl_monthly__ERA5__reanalysis__z925__925hPa__monthly__2019-2019__m10__NH0_90__grid_1p0.grib,2019-10,2019,10,z,m**2 s**-2,7614.01822503098,6221.23046875,8840.48046875
z925,cds__era5_pl_monthly__ERA5__reanalysis__z925__925hPa__monthly__2019-2019__m11__NH0_90__grid_1p0.grib,2019-11,2019,11,z,m**2 s**-2,7587.380936353481,5913.6484375,8831.6484375
z925,cds__era5_pl_monthly__ERA5__reanalysis__z925__925hPa__monthly__2019-2019__m12__NH0_90__grid_1p0.grib,2019-12,2019,12,z,m**2 s**-2,7514.766836452175,5341.921875,9174.546875
z925,cds__era5_pl_monthly__ERA5__reanalysis__z925__925hPa__monthly__2020-2020__m01__NH0_90__grid_1p0.grib,2020-01,2020,1,z,m**2 s**-2,7540.601997123051,4726.42578125,8676.17578125
z925,cds__era5_pl_monthly__ERA5__reanalysis__z925__925hPa__monthly__2020-2020__m02__NH0_90__grid_1p0.grib,2020-02,2020,2,z,m**2 s**-2,7537.065698703659,4513.60546875,8900.35546875
z925,cds__era5_pl_monthly__ERA5__reanalysis__z925__925hPa__monthly__2020-2020__m03__NH0_90__grid_1p0.grib,2020-03,2020,3,z,m**2 s**-2,7575.385809855081,5066.7734375,8727.5234375
z925,cds__era5_pl_monthly__ERA5__reanalysis__z925__925hPa__monthly__2020-2020__m04__NH0_90__grid_1p0.grib,2020-04,2020,4,z,m**2 s**-2,7594.349941650278,6158.4296875,8579.8046875
z925,cds__era5_pl_monthly__ERA5__reanalysis__z925__925hPa__monthly__2020-2020__m05__NH0_90__grid_1p0.grib,2020-05,2020,5,z,m**2 s**-2,7643.86352372358,6287.97265625,8471.84765625
z925,cds__era5_pl_monthly__ERA5__reanalysis__z925__925hPa__monthly__2020-2020__m06__NH0_90__grid_1p0.grib,2020-06,2020,6,z,m**2 s**-2,7610.025913214349,6548.55859375,8780.05859375
z925,cds__era5_pl_monthly__ERA5__reanalysis__z925__925hPa__monthly__2020-2020__m07__NH0_90__grid_1p0.grib,2020-07,2020,7,z,m**2 s**-2,7607.2630848871795,6389.04296875,8885.29296875
z925,cds__era5_pl_monthly__ERA5__reanalysis__z925__925hPa__monthly__2020-2020__m08__NH0_90__grid_1p0.grib,2020-08,2020,8,z,m**2 s**-2,7562.056795873916,6365.1484375,8730.5234375
z925,cds__era5_pl_monthly__ERA5__reanalysis__z925__925hPa__monthly__2020-2020__m09__NH0_90__grid_1p0.grib,2020-09,2020,9,z,m**2 s**-2,7627.343641190344,6187.98828125,8652.61328125
z925,cds__era5_pl_monthly__ERA5__reanalysis__z925__925hPa__monthly__2020-2020__m10__NH0_90__grid_1p0.grib,2020-10,2020,10,z,m**2 s**-2,7656.007271580272,6359.828125,8779.703125
z925,cds__era5_pl_monthly__ERA5__reanalysis__z925__925hPa__monthly__2020-2020__m11__NH0_90__grid_1p0.grib,2020-11,2020,11,z,m**2 s**-2,7636.28600940246,5460.796875,9010.296875
z925,cds__era5_pl_monthly__ERA5__reanalysis__z925__925hPa__monthly__2020-2020__m12__NH0_90__grid_1p0.grib,2020-12,2020,12,z,m**2 s**-2,7590.2344290343535,4987.109375,9099.734375
z925,cds__era5_pl_monthly__ERA5__reanalysis__z925__925hPa__monthly__2021-2021__m01__NH0_90__grid_1p0.grib,2021-01,2021,1,z,m**2 s**-2,7575.9813244863535,5311.421875,8980.921875
z925,cds__era5_pl_monthly__ERA5__reanalysis__z925__925hPa__monthly__2021-2021__m02__NH0_90__grid_1p0.grib,2021-02,2021,2,z,m**2 s**-2,7588.804784562947,5319.9453125,8679.8203125
z925,cds__era5_pl_monthly__ERA5__reanalysis__z925__925hPa__monthly__2021-2021__m03__NH0_90__grid_1p0.grib,2021-03,2021,3,z,m**2 s**-2,7572.596142651073,5843.3671875,8656.2421875
z925,cds__era5_pl_monthly__ERA5__reanalysis__z925__925hPa__monthly__2021-2021__m04__NH0_90__grid_1p0.grib,2021-04,2021,4,z,m**2 s**-2,7644.480176172437,6371.64453125,8656.76953125
z925,cds__era5_pl_monthly__ERA5__reanalysis__z925__925hPa__monthly__2021-2021__m05__NH0_90__grid_1p0.grib,2021-05,2021,5,z,m**2 s**-2,7632.367067566695,6491.31640625,8702.69140625
z925,cds__era5_pl_monthly__ERA5__reanalysis__z925__925hPa__monthly__2021-2021__m06__NH0_90__grid_1p0.grib,2021-06,2021,6,z,m**2 s**-2,7584.883157339272,5945.04296875,8766.16796875
z925,cds__era5_pl_monthly__ERA5__reanalysis__z925__925hPa__monthly__2021-2021__m07__NH0_90__grid_1p0.grib,2021-07,2021,7,z,m**2 s**-2,7612.8476870846625,6229.80078125,8863.05078125
z925,cds__era5_pl_monthly__ERA5__reanalysis__z925__925hPa__monthly__2021-2021__m08__NH0_90__grid_1p0.grib,2021-08,2021,8,z,m**2 s**-2,7647.321954559458,6307.37890625,8908.37890625
z925,cds__era5_pl_monthly__ERA5__reanalysis__z925__925hPa__monthly__2021-2021__m09__NH0_90__grid_1p0.grib,2021-09,2021,9,z,m**2 s**-2,7641.143613619517,6351.69921875,8652.69921875
z925,cds__era5_pl_monthly__ERA5__reanalysis__z925__925hPa__monthly__2021-2021__m10__NH0_90__grid_1p0.grib,2021-10,2021,10,z,m**2 s**-2,7630.1294160543375,5850.57421875,8628.57421875
z925,cds__era5_pl_monthly__ERA5__reanalysis__z925__925hPa__monthly__2021-2021__m11__NH0_90__grid_1p0.grib,2021-11,2021,11,z,m**2 s**-2,7598.618133898612,5879.1796875,9070.5546875
z925,cds__era5_pl_monthly__ERA5__reanalysis__z925__925hPa__monthly__2021-2021__m12__NH0_90__grid_1p0.grib,2021-12,2021,12,z,m**2 s**-2,7576.054944247788,5710.9296875,9176.0546875
z925,cds__era5_pl_monthly__ERA5__reanalysis__z925__925hPa__monthly__2022-2022__m01__NH0_90__grid_1p0.grib,2022-01,2022,1,z,m**2 s**-2,7528.952340947447,5419.4921875,8630.9921875
z925,cds__era5_pl_monthly__ERA5__reanalysis__z925__925hPa__monthly__2022-2022__m02__NH0_90__grid_1p0.grib,2022-02,2022,2,z,m**2 s**-2,7570.562464512762,4775.1640625,8795.0390625
z925,cds__era5_pl_monthly__ERA5__reanalysis__z925__925hPa__monthly__2022-2022__m03__NH0_90__grid_1p0.grib,2022-03,2022,3,z,m**2 s**-2,7549.396869728749,5596.54296875,8775.29296875
z925,cds__era5_pl_monthly__ERA5__reanalysis__z925__925hPa__monthly__2022-2022__m04__NH0_90__grid_1p0.grib,2022-04,2022,4,z,m**2 s**-2,7571.962853889914,6300.76953125,8712.14453125
z925,cds__era5_pl_monthly__ERA5__reanalysis__z925__925hPa__monthly__2022-2022__m05__NH0_90__grid_1p0.grib,2022-05,2022,5,z,m**2 s**-2,7585.393998768105,6570.5859375,8637.4609375
z925,cds__era5_pl_monthly__ERA5__reanalysis__z925__925hPa__monthly__2022-2022__m06__NH0_90__grid_1p0.grib,2022-06,2022,6,z,m**2 s**-2,7575.298824364239,6551.7265625,8736.9765625
z925,cds__era5_pl_monthly__ERA5__reanalysis__z925__925hPa__monthly__2022-2022__m07__NH0_90__grid_1p0.grib,2022-07,2022,7,z,m**2 s**-2,7617.095441645352,6299.703125,9034.703125
z925,cds__era5_pl_monthly__ERA5__reanalysis__z925__925hPa__monthly__2022-2022__m08__NH0_90__grid_1p0.grib,2022-08,2022,8,z,m**2 s**-2,7605.669704141926,6552.57421875,8543.32421875
z925,cds__era5_pl_monthly__ERA5__reanalysis__z925__925hPa__monthly__2022-2022__m09__NH0_90__grid_1p0.grib,2022-09,2022,9,z,m**2 s**-2,7599.35930036192,6203.765625,8434.765625
z925,cds__era5_pl_monthly__ERA5__reanalysis__z925__925hPa__monthly__2022-2022__m10__NH0_90__grid_1p0.grib,2022-10,2022,10,z,m**2 s**-2,7637.387215701246,6071.2734375,8963.3984375
z925,cds__era5_pl_monthly__ERA5__reanalysis__z925__925hPa__monthly__2022-2022__m11__NH0_90__grid_1p0.grib,2022-11,2022,11,z,m**2 s**-2,7623.612159376214,4877.29296875,9099.66796875
z925,cds__era5_pl_monthly__ERA5__reanalysis__z925__925hPa__monthly__2022-2022__m12__NH0_90__grid_1p0.grib,2022-12,2022,12,z,m**2 s**-2,7627.174318506463,5931.65234375,9092.77734375
z925,cds__era5_pl_monthly__ERA5__reanalysis__z925__925hPa__monthly__2023-2023__m01__NH0_90__grid_1p0.grib,2023-01,2023,1,z,m**2 s**-2,7586.983756788585,5307.76953125,8834.39453125
z925,cds__era5_pl_monthly__ERA5__reanalysis__z925__925hPa__monthly__2023-2023__m02__NH0_90__grid_1p0.grib,2023-02,2023,2,z,m**2 s**-2,7592.650193328868,5328.890625,8901.015625
z925,cds__era5_pl_monthly__ERA5__reanalysis__z925__925hPa__monthly__2023-2023__m03__NH0_90__grid_1p0.grib,2023-03,2023,3,z,m**2 s**-2,7529.016191143065,5588.09765625,8604.22265625
z925,cds__era5_pl_monthly__ERA5__reanalysis__z925__925hPa__monthly__2023-2023__m04__NH0_90__grid_1p0.grib,2023-04,2023,4,z,m**2 s**-2,7579.613419964335,6198.57421875,8526.82421875
z925,cds__era5_pl_monthly__ERA5__reanalysis__z925__925hPa__monthly__2023-2023__m05__NH0_90__grid_1p0.grib,2023-05,2023,5,z,m**2 s**-2,7628.167724680146,5951.37890625,8488.87890625
z925,cds__era5_pl_monthly__ERA5__reanalysis__z925__925hPa__monthly__2023-2023__m06__NH0_90__grid_1p0.grib,2023-06,2023,6,z,m**2 s**-2,7556.918685609707,6422.7265625,8671.8515625
z925,cds__era5_pl_monthly__ERA5__reanalysis__z925__925hPa__monthly__2023-2023__m07__NH0_90__grid_1p0.grib,2023-07,2023,7,z,m**2 s**-2,7640.4472391049785,6299.28125,8801.40625
z925,cds__era5_pl_monthly__ERA5__reanalysis__z925__925hPa__monthly__2023-2023__m08__NH0_90__grid_1p0.grib,2023-08,2023,8,z,m**2 s**-2,7630.569268549872,6589.00390625,8636.87890625
z925,cds__era5_pl_monthly__ERA5__reanalysis__z925__925hPa__monthly__2023-2023__m09__NH0_90__grid_1p0.grib,2023-09,2023,9,z,m**2 s**-2,7610.047039965643,6234.8515625,8613.3515625
z925,cds__era5_pl_monthly__ERA5__reanalysis__z925__925hPa__monthly__2023-2023__m10__NH0_90__grid_1p0.grib,2023-10,2023,10,z,m**2 s**-2,7568.447883661212,5894.65625,8898.28125
z925,cds__era5_pl_monthly__ERA5__reanalysis__z925__925hPa__monthly__2023-2023__m11__NH0_90__grid_1p0.grib,2023-11,2023,11,z,m**2 s**-2,7564.930179557648,5794.390625,9178.015625
z925,cds__era5_pl_monthly__ERA5__reanalysis__z925__925hPa__monthly__2023-2023__m12__NH0_90__grid_1p0.grib,2023-12,2023,12,z,m**2 s**-2,7587.592222952823,5481.515625,9217.265625
z925,cds__era5_pl_monthly__ERA5__reanalysis__z925__925hPa__monthly__2024-2024__m01__NH0_90__grid_1p0.grib,2024-01,2024,1,z,m**2 s**-2,7526.416672366697,5658.1640625,8810.7890625
z925,cds__era5_pl_monthly__ERA5__reanalysis__z925__925hPa__monthly__2024-2024__m02__NH0_90__grid_1p0.grib,2024-02,2024,2,z,m**2 s**-2,7579.332453923518,5615.09375,8739.84375
z925,cds__era5_pl_monthly__ERA5__reanalysis__z925__925hPa__monthly__2024-2024__m03__NH0_90__grid_1p0.grib,2024-03,2024,3,z,m**2 s**-2,7549.973821073307,6057.43359375,8647.93359375
z925,cds__era5_pl_monthly__ERA5__reanalysis__z925__925hPa__monthly__2024-2024__m04__NH0_90__grid_1p0.grib,2024-04,2024,4,z,m**2 s**-2,7588.347648719285,6438.08203125,8674.58203125
z925,cds__era5_pl_monthly__ERA5__reanalysis__z925__925hPa__monthly__2024-2024__m05__NH0_90__grid_1p0.grib,2024-05,2024,5,z,m**2 s**-2,7608.7463982884465,6543.95703125,8750.95703125
z925,cds__era5_pl_monthly__ERA5__reanalysis__z925__925hPa__monthly__2024-2024__m06__NH0_90__grid_1p0.grib,2024-06,2024,6,z,m**2 s**-2,7574.386352014188,6594.49609375,8611.37109375
z925,cds__era5_pl_monthly__ERA5__reanalysis__z925__925hPa__monthly__2024-2024__m07__NH0_90__grid_1p0.grib,2024-07,2024,7,z,m**2 s**-2,7574.666737862954,6143.03515625,8857.53515625
z925,cds__era5_pl_monthly__ERA5__reanalysis__z925__925hPa__monthly__2024-2024__m08__NH0_90__grid_1p0.grib,2024-08,2024,8,z,m**2 s**-2,7590.624487821227,5753.9609375,8708.0859375
z925,cds__era5_pl_monthly__ERA5__reanalysis__z925__925hPa__monthly__2024-2024__m09__NH0_90__grid_1p0.grib,2024-09,2024,9,z,m**2 s**-2,7618.105185473773,6272.32421875,8704.44921875
z925,cds__era5_pl_monthly__ERA5__reanalysis__z925__925hPa__monthly__2024-2024__m10__NH0_90__grid_1p0.grib,2024-10,2024,10,z,m**2 s**-2,7630.606678876848,5934.73828125,8730.36328125
z925,cds__era5_pl_monthly__ERA5__reanalysis__z925__925hPa__monthly__2024-2024__m11__NH0_90__grid_1p0.grib,2024-11,2024,11,z,m**2 s**-2,7607.003963672118,5677.62890625,8986.12890625
z925,cds__era5_pl_monthly__ERA5__reanalysis__z925__925hPa__monthly__2024-2024__m12__NH0_90__grid_1p0.grib,2024-12,2024,12,z,m**2 s**-2,7574.987638078186,4882.44140625,9071.94140625
z925,cds__era5_pl_monthly__ERA5__reanalysis__z925__925hPa__monthly__2025-2025__m01__NH0_90__grid_1p0.grib,2025-01,2025,1,z,m**2 s**-2,7586.436621749905,5815.12109375,9022.12109375
z925,cds__era5_pl_monthly__ERA5__reanalysis__z925__925hPa__monthly__2025-2025__m02__NH0_90__grid_1p0.grib,2025-02,2025,2,z,m**2 s**-2,7579.121864854853,5205.546875,8697.421875
z925,cds__era5_pl_monthly__ERA5__reanalysis__z925__925hPa__monthly__2025-2025__m03__NH0_90__grid_1p0.grib,2025-03,2025,3,z,m**2 s**-2,7546.780835474994,5835.37890625,8601.37890625
z925,cds__era5_pl_monthly__ERA5__reanalysis__z925__925hPa__monthly__2025-2025__m04__NH0_90__grid_1p0.grib,2025-04,2025,4,z,m**2 s**-2,7584.783468057685,6159.7578125,8746.3828125
z925,cds__era5_pl_monthly__ERA5__reanalysis__z925__925hPa__monthly__2025-2025__m05__NH0_90__grid_1p0.grib,2025-05,2025,5,z,m**2 s**-2,7592.797345264928,6463.8046875,8641.9296875
z925,cds__era5_pl_monthly__ERA5__reanalysis__z925__925hPa__monthly__2025-2025__m06__NH0_90__grid_1p0.grib,2025-06,2025,6,z,m**2 s**-2,7589.125365391752,6442.08984375,8828.58984375
z925,cds__era5_pl_monthly__ERA5__reanalysis__z925__925hPa__monthly__2025-2025__m07__NH0_90__grid_1p0.grib,2025-07,2025,7,z,m**2 s**-2,7592.147586343191,6128.1484375,8805.8984375
z925,cds__era5_pl_monthly__ERA5__reanalysis__z925__925hPa__monthly__2025-2025__m08__NH0_90__grid_1p0.grib,2025-08,2025,8,z,m**2 s**-2,7654.669575048671,6351.0546875,8604.5546875
z925,cds__era5_pl_monthly__ERA5__reanalysis__z925__925hPa__monthly__2025-2025__m09__NH0_90__grid_1p0.grib,2025-09,2025,9,z,m**2 s**-2,7640.696596653256,6264.7265625,8603.8515625
z925,cds__era5_pl_monthly__ERA5__reanalysis__z925__925hPa__monthly__2025-2025__m10__NH0_90__grid_1p0.grib,2025-10,2025,10,z,m**2 s**-2,7642.912540009277,6096.1171875,8795.3671875
z925,cds__era5_pl_monthly__ERA5__reanalysis__z925__925hPa__monthly__2025-2025__m11__NH0_90__grid_1p0.grib,2025-11,2025,11,z,m**2 s**-2,7590.898845996904,5820.14453125,9031.64453125
z925,cds__era5_pl_monthly__ERA5__reanalysis__z925__925hPa__monthly__2025-2025__m12__NH0_90__grid_1p0.grib,2025-12,2025,12,z,m**2 s**-2,7544.088889087543,5673.05078125,9017.17578125
z950,cds__era5_pl_monthly__ERA5__reanalysis__z950__950hPa__monthly__2000-2000__m01__NH0_90__grid_1p0.grib,2000-01,2000,1,z,m**2 s**-2,5429.589962554766,3149.073486328125,6664.6982421875
z950,cds__era5_pl_monthly__ERA5__reanalysis__z950__950hPa__monthly__2000-2000__m02__NH0_90__grid_1p0.grib,2000-02,2000,2,z,m**2 s**-2,5325.1793432711975,2271.658447265625,6735.783203125
z950,cds__era5_pl_monthly__ERA5__reanalysis__z950__950hPa__monthly__2000-2000__m03__NH0_90__grid_1p0.grib,2000-03,2000,3,z,m**2 s**-2,5326.904899757718,3176.913330078125,6345.7880859375
z950,cds__era5_pl_monthly__ERA5__reanalysis__z950__950hPa__monthly__2000-2000__m04__NH0_90__grid_1p0.grib,2000-04,2000,4,z,m**2 s**-2,5346.945546873967,4324.9921875,6391.7421875
z950,cds__era5_pl_monthly__ERA5__reanalysis__z950__950hPa__monthly__2000-2000__m05__NH0_90__grid_1p0.grib,2000-05,2000,5,z,m**2 s**-2,5329.314166195096,4346.35546875,6298.23046875
z950,cds__era5_pl_monthly__ERA5__reanalysis__z950__950hPa__monthly__2000-2000__m06__NH0_90__grid_1p0.grib,2000-06,2000,6,z,m**2 s**-2,5332.0775588031565,4057.67822265625,6428.17822265625
z950,cds__era5_pl_monthly__ERA5__reanalysis__z950__950hPa__monthly__2000-2000__m07__NH0_90__grid_1p0.grib,2000-07,2000,7,z,m**2 s**-2,5329.039606913513,3962.899658203125,6655.0244140625
z950,cds__era5_pl_monthly__ERA5__reanalysis__z950__950hPa__monthly__2000-2000__m08__NH0_90__grid_1p0.grib,2000-08,2000,8,z,m**2 s**-2,5377.946062758956,4178.15234375,6694.40234375
z950,cds__era5_pl_monthly__ERA5__reanalysis__z950__950hPa__monthly__2000-2000__m09__NH0_90__grid_1p0.grib,2000-09,2000,9,z,m**2 s**-2,5308.643059887076,4107.33984375,6223.71484375
z950,cds__era5_pl_monthly__ERA5__reanalysis__z950__950hPa__monthly__2000-2000__m10__NH0_90__grid_1p0.grib,2000-10,2000,10,z,m**2 s**-2,5403.421120115405,3305.89697265625,6595.27197265625
z950,cds__era5_pl_monthly__ERA5__reanalysis__z950__950hPa__monthly__2000-2000__m11__NH0_90__grid_1p0.grib,2000-11,2000,11,z,m**2 s**-2,5408.166312228604,2992.983154296875,6765.1083984375
z950,cds__era5_pl_monthly__ERA5__reanalysis__z950__950hPa__monthly__2000-2000__m12__NH0_90__grid_1p0.grib,2000-12,2000,12,z,m**2 s**-2,5384.348790900593,2681.314697265625,7043.314453125
z950,cds__era5_pl_monthly__ERA5__reanalysis__z950__950hPa__monthly__2001-2001__m01__NH0_90__grid_1p0.grib,2001-01,2001,1,z,m**2 s**-2,5335.44649169828,2766.85888671875,6490.35888671875
z950,cds__era5_pl_monthly__ERA5__reanalysis__z950__950hPa__monthly__2001-2001__m02__NH0_90__grid_1p0.grib,2001-02,2001,2,z,m**2 s**-2,5377.490081130444,3181.68505859375,6480.62255859375
z950,cds__era5_pl_monthly__ERA5__reanalysis__z950__950hPa__monthly__2001-2001__m03__NH0_90__grid_1p0.grib,2001-03,2001,3,z,m**2 s**-2,5315.2466423647365,3720.370361328125,6436.7451171875
z950,cds__era5_pl_monthly__ERA5__reanalysis__z950__950hPa__monthly__2001-2001__m04__NH0_90__grid_1p0.grib,2001-04,2001,4,z,m**2 s**-2,5361.734705162978,4146.7578125,6559.5078125
z950,cds__era5_pl_monthly__ERA5__reanalysis__z950__950hPa__monthly__2001-2001__m05__NH0_90__grid_1p0.grib,2001-05,2001,5,z,m**2 s**-2,5330.983024875355,4352.890625,6277.140625
z950,cds__era5_pl_monthly__ERA5__reanalysis__z950__950hPa__monthly__2001-2001__m06__NH0_90__grid_1p0.grib,2001-06,2001,6,z,m**2 s**-2,5318.822227910864,3982.670654296875,6358.0458984375
z950,cds__era5_pl_monthly__ERA5__reanalysis__z950__950hPa__monthly__2001-2001__m07__NH0_90__grid_1p0.grib,2001-07,2001,7,z,m**2 s**-2,5335.1322340947,3890.25048828125,6768.87548828125
z950,cds__era5_pl_monthly__ERA5__reanalysis__z950__950hPa__monthly__2001-2001__m08__NH0_90__grid_1p0.grib,2001-08,2001,8,z,m**2 s**-2,5347.125846001577,4266.55078125,6504.92578125
z950,cds__era5_pl_monthly__ERA5__reanalysis__z950__950hPa__monthly__2001-2001__m09__NH0_90__grid_1p0.grib,2001-09,2001,9,z,m**2 s**-2,5365.246401469041,4289.38671875,6227.63671875
z950,cds__era5_pl_monthly__ERA5__reanalysis__z950__950hPa__monthly__2001-2001__m10__NH0_90__grid_1p0.grib,2001-10,2001,10,z,m**2 s**-2,5384.992567970686,3833.32666015625,6505.82666015625
z950,cds__era5_pl_monthly__ERA5__reanalysis__z950__950hPa__monthly__2001-2001__m11__NH0_90__grid_1p0.grib,2001-11,2001,11,z,m**2 s**-2,5346.234730455041,3449.804443359375,6912.9296875
z950,cds__era5_pl_monthly__ERA5__reanalysis__z950__950hPa__monthly__2001-2001__m12__NH0_90__grid_1p0.grib,2001-12,2001,12,z,m**2 s**-2,5413.107139290964,3475.7109375,7049.0859375
z950,cds__era5_pl_monthly__ERA5__reanalysis__z950__950hPa__monthly__2002-2002__m01__NH0_90__grid_1p0.grib,2002-01,2002,1,z,m**2 s**-2,5328.789717161724,2720.5634765625,6799.8134765625
z950,cds__era5_pl_monthly__ERA5__reanalysis__z950__950hPa__monthly__2002-2002__m02__NH0_90__grid_1p0.grib,2002-02,2002,2,z,m**2 s**-2,5386.625698431401,2895.9638671875,6684.4638671875
z950,cds__era5_pl_monthly__ERA5__reanalysis__z950__950hPa__monthly__2002-2002__m03__NH0_90__grid_1p0.grib,2002-03,2002,3,z,m**2 s**-2,5355.987361088154,3702.017333984375,6436.392578125
z950,cds__era5_pl_monthly__ERA5__reanalysis__z950__950hPa__monthly__2002-2002__m04__NH0_90__grid_1p0.grib,2002-04,2002,4,z,m**2 s**-2,5384.097604622472,4036.8291015625,6379.0791015625
z950,cds__era5_pl_monthly__ERA5__reanalysis__z950__950hPa__monthly__2002-2002__m05__NH0_90__grid_1p0.grib,2002-05,2002,5,z,m**2 s**-2,5345.050977119844,4238.25,6448.0
z950,cds__era5_pl_monthly__ERA5__reanalysis__z950__950hPa__monthly__2002-2002__m06__NH0_90__grid_1p0.grib,2002-06,2002,6,z,m**2 s**-2,5299.472474898166,4152.25390625,6496.87890625
z950,cds__era5_pl_monthly__ERA5__reanalysis__z950__950hPa__monthly__2002-2002__m07__NH0_90__grid_1p0.grib,2002-07,2002,7,z,m**2 s**-2,5353.0796535790005,4078.216064453125,6706.8408203125
z950,cds__era5_pl_monthly__ERA5__reanalysis__z950__950hPa__monthly__2002-2002__m08__NH0_90__grid_1p0.grib,2002-08,2002,8,z,m**2 s**-2,5361.547750608155,4137.1875,6432.3125
z950,cds__era5_pl_monthly__ERA5__reanalysis__z950__950hPa__monthly__2002-2002__m09__NH0_90__grid_1p0.grib,2002-09,2002,9,z,m**2 s**-2,5355.2190978992,3993.994873046875,6263.1201171875
z950,cds__era5_pl_monthly__ERA5__reanalysis__z950__950hPa__monthly__2002-2002__m10__NH0_90__grid_1p0.grib,2002-10,2002,10,z,m**2 s**-2,5395.0884000991055,3842.707275390625,6511.89453125
z950,cds__era5_pl_monthly__ERA5__reanalysis__z950__950hPa__monthly__2002-2002__m11__NH0_90__grid_1p0.grib,2002-11,2002,11,z,m**2 s**-2,5350.941518494479,3086.901123046875,6840.6513671875
z950,cds__era5_pl_monthly__ERA5__reanalysis__z950__950hPa__monthly__2002-2002__m12__NH0_90__grid_1p0.grib,2002-12,2002,12,z,m**2 s**-2,5371.802336723938,2898.706298828125,6659.0810546875
z950,cds__era5_pl_monthly__ERA5__reanalysis__z950__950hPa__monthly__2003-2003__m01__NH0_90__grid_1p0.grib,2003-01,2003,1,z,m**2 s**-2,5324.012721472091,2947.19091796875,6732.56591796875
z950,cds__era5_pl_monthly__ERA5__reanalysis__z950__950hPa__monthly__2003-2003__m02__NH0_90__grid_1p0.grib,2003-02,2003,2,z,m**2 s**-2,5329.179354264724,2771.6796875,6498.6796875
z950,cds__era5_pl_monthly__ERA5__reanalysis__z950__950hPa__monthly__2003-2003__m03__NH0_90__grid_1p0.grib,2003-03,2003,3,z,m**2 s**-2,5326.292044123111,3459.227294921875,6326.9775390625
z950,cds__era5_pl_monthly__ERA5__reanalysis__z950__950hPa__monthly__2003-2003__m04__NH0_90__grid_1p0.grib,2003-04,2003,4,z,m**2 s**-2,5370.393785631984,3910.897216796875,6410.7724609375
z950,cds__era5_pl_monthly__ERA5__reanalysis__z950__950hPa__monthly__2003-2003__m05__NH0_90__grid_1p0.grib,2003-05,2003,5,z,m**2 s**-2,5374.26041774267,4597.40234375,6338.15234375
z950,cds__era5_pl_monthly__ERA5__reanalysis__z950__950hPa__monthly__2003-2003__m06__NH0_90__grid_1p0.grib,2003-06,2003,6,z,m**2 s**-2,5282.231631873192,4022.912841796875,6363.6630859375
z950,cds__era5_pl_monthly__ERA5__reanalysis__z950__950hPa__monthly__2003-2003__m07__NH0_90__grid_1p0.grib,2003-07,2003,7,z,m**2 s**-2,5375.097885157926,3897.76416015625,6566.01416015625
z950,cds__era5_pl_monthly__ERA5__reanalysis__z950__950hPa__monthly__2003-2003__m08__NH0_90__grid_1p0.grib,2003-08,2003,8,z,m**2 s**-2,5397.806991503058,4177.40234375,6471.77734375
z950,cds__era5_pl_monthly__ERA5__reanalysis__z950__950hPa__monthly__2003-2003__m09__NH0_90__grid_1p0.grib,2003-09,2003,9,z,m**2 s**-2,5378.203119692613,4177.359375,6216.109375
z950,cds__era5_pl_monthly__ERA5__reanalysis__z950__950hPa__monthly__2003-2003__m10__NH0_90__grid_1p0.grib,2003-10,2003,10,z,m**2 s**-2,5378.79347512813,4150.78125,6724.03125
z950,cds__era5_pl_monthly__ERA5__reanalysis__z950__950hPa__monthly__2003-2003__m11__NH0_90__grid_1p0.grib,2003-11,2003,11,z,m**2 s**-2,5437.4282811694275,3501.3134765625,6711.6884765625
z950,cds__era5_pl_monthly__ERA5__reanalysis__z950__950hPa__monthly__2003-2003__m12__NH0_90__grid_1p0.grib,2003-12,2003,12,z,m**2 s**-2,5315.282140658277,2889.888671875,6886.138671875
z950,cds__era5_pl_monthly__ERA5__reanalysis__z950__950hPa__monthly__2004-2004__m01__NH0_90__grid_1p0.grib,2004-01,2004,1,z,m**2 s**-2,5342.268759875767,3358.47265625,6741.84765625
z950,cds__era5_pl_monthly__ERA5__reanalysis__z950__950hPa__monthly__2004-2004__m02__NH0_90__grid_1p0.grib,2004-02,2004,2,z,m**2 s**-2,5351.366303668796,2812.704345703125,6651.0791015625
z950,cds__era5_pl_monthly__ERA5__reanalysis__z950__950hPa__monthly__2004-2004__m03__NH0_90__grid_1p0.grib,2004-03,2004,3,z,m**2 s**-2,5433.773669439921,3836.4580078125,6538.0830078125
z950,cds__era5_pl_monthly__ERA5__reanalysis__z950__950hPa__monthly__2004-2004__m04__NH0_90__grid_1p0.grib,2004-04,2004,4,z,m**2 s**-2,5349.859515919914,3846.152587890625,6279.27734375
z950,cds__era5_pl_monthly__ERA5__reanalysis__z950__950hPa__monthly__2004-2004__m05__NH0_90__grid_1p0.grib,2004-05,2004,5,z,m**2 s**-2,5376.163148819705,4301.51171875,6237.63671875
z950,cds__era5_pl_monthly__ERA5__reanalysis__z950__950hPa__monthly__2004-2004__m06__NH0_90__grid_1p0.grib,2004-06,2004,6,z,m**2 s**-2,5393.766569915549,4189.26171875,6326.01171875
z950,cds__era5_pl_monthly__ERA5__reanalysis__z950__950hPa__monthly__2004-2004__m07__NH0_90__grid_1p0.grib,2004-07,2004,7,z,m**2 s**-2,5328.677232386496,4028.415283203125,6441.9150390625
z950,cds__era5_pl_monthly__ERA5__reanalysis__z950__950hPa__monthly__2004-2004__m08__NH0_90__grid_1p0.grib,2004-08,2004,8,z,m**2 s**-2,5343.263471114684,4128.94140625,6335.19140625
z950,cds__era5_pl_monthly__ERA5__reanalysis__z950__950hPa__monthly__2004-2004__m09__NH0_90__grid_1p0.grib,2004-09,2004,9,z,m**2 s**-2,5394.514804144533,4121.19921875,6328.57421875
z950,cds__era5_pl_monthly__ERA5__reanalysis__z950__950hPa__monthly__2004-2004__m10__NH0_90__grid_1p0.grib,2004-10,2004,10,z,m**2 s**-2,5382.479013068871,3783.4091796875,6734.9091796875
z950,cds__era5_pl_monthly__ERA5__reanalysis__z950__950hPa__monthly__2004-2004__m11__NH0_90__grid_1p0.grib,2004-11,2004,11,z,m**2 s**-2,5386.659979984198,3401.373779296875,6946.4990234375
z950,cds__era5_pl_monthly__ERA5__reanalysis__z950__950hPa__monthly__2004-2004__m12__NH0_90__grid_1p0.grib,2004-12,2004,12,z,m**2 s**-2,5390.525705134221,2774.63623046875,6805.63623046875
z950,cds__era5_pl_monthly__ERA5__reanalysis__z950__950hPa__monthly__2005-2005__m01__NH0_90__grid_1p0.grib,2005-01,2005,1,z,m**2 s**-2,5365.808823319622,3196.290771484375,6752.166015625
z950,cds__era5_pl_monthly__ERA5__reanalysis__z950__950hPa__monthly__2005-2005__m02__NH0_90__grid_1p0.grib,2005-02,2005,2,z,m**2 s**-2,5431.971956395969,3502.3310546875,6690.5810546875
z950,cds__era5_pl_monthly__ERA5__reanalysis__z950__950hPa__monthly__2005-2005__m03__NH0_90__grid_1p0.grib,2005-03,2005,3,z,m**2 s**-2,5324.855842719699,3820.935546875,6406.560546875
z950,cds__era5_pl_monthly__ERA5__reanalysis__z950__950hPa__monthly__2005-2005__m04__NH0_90__grid_1p0.grib,2005-04,2005,4,z,m**2 s**-2,5384.914860798025,4244.05859375,6382.18359375
z950,cds__era5_pl_monthly__ERA5__reanalysis__z950__950hPa__monthly__2005-2005__m05__NH0_90__grid_1p0.grib,2005-05,2005,5,z,m**2 s**-2,5365.320907192949,4403.7734375,6095.6484375
z950,cds__era5_pl_monthly__ERA5__reanalysis__z950__950hPa__monthly__2005-2005__m06__NH0_90__grid_1p0.grib,2005-06,2005,6,z,m**2 s**-2,5282.065606935957,4153.16796875,6511.41796875
z950,cds__era5_pl_monthly__ERA5__reanalysis__z950__950hPa__monthly__2005-2005__m07__NH0_90__grid_1p0.grib,2005-07,2005,7,z,m**2 s**-2,5346.778580643726,3887.095458984375,6507.095703125
z950,cds__era5_pl_monthly__ERA5__reanalysis__z950__950hPa__monthly__2005-2005__m08__NH0_90__grid_1p0.grib,2005-08,2005,8,z,m**2 s**-2,5338.956952519135,4124.2421875,6434.4921875
z950,cds__era5_pl_monthly__ERA5__reanalysis__z950__950hPa__monthly__2005-2005__m09__NH0_90__grid_1p0.grib,2005-09,2005,9,z,m**2 s**-2,5393.158389426881,3826.15087890625,6537.52587890625
z950,cds__era5_pl_monthly__ERA5__reanalysis__z950__950hPa__monthly__2005-2005__m10__NH0_90__grid_1p0.grib,2005-10,2005,10,z,m**2 s**-2,5399.64518717259,3846.08349609375,6556.45849609375
z950,cds__era5_pl_monthly__ERA5__reanalysis__z950__950hPa__monthly__2005-2005__m11__NH0_90__grid_1p0.grib,2005-11,2005,11,z,m**2 s**-2,5428.553442040501,3909.1123046875,6978.9873046875
z950,cds__era5_pl_monthly__ERA5__reanalysis__z950__950hPa__monthly__2005-2005__m12__NH0_90__grid_1p0.grib,2005-12,2005,12,z,m**2 s**-2,5369.332643453313,2799.075927734375,7159.326171875
z950,cds__era5_pl_monthly__ERA5__reanalysis__z950__950hPa__monthly__2006-2006__m01__NH0_90__grid_1p0.grib,2006-01,2006,1,z,m**2 s**-2,5389.880813319782,3210.740966796875,6541.4912109375
z950,cds__era5_pl_monthly__ERA5__reanalysis__z950__950hPa__monthly__2006-2006__m02__NH0_90__grid_1p0.grib,2006-02,2006,2,z,m**2 s**-2,5409.6339030654435,3884.4833984375,6658.2333984375
z950,cds__era5_pl_monthly__ERA5__reanalysis__z950__950hPa__monthly__2006-2006__m03__NH0_90__grid_1p0.grib,2006-03,2006,3,z,m**2 s**-2,5365.427439299302,4121.80078125,6438.80078125
z950,cds__era5_pl_monthly__ERA5__reanalysis__z950__950hPa__monthly__2006-2006__m04__NH0_90__grid_1p0.grib,2006-04,2006,4,z,m**2 s**-2,5351.998093702049,3999.733154296875,6484.2333984375
z950,cds__era5_pl_monthly__ERA5__reanalysis__z950__950hPa__monthly__2006-2006__m05__NH0_90__grid_1p0.grib,2006-05,2006,5,z,m**2 s**-2,5392.908686905256,4472.8671875,6252.7421875
z950,cds__era5_pl_monthly__ERA5__reanalysis__z950__950hPa__monthly__2006-2006__m06__NH0_90__grid_1p0.grib,2006-06,2006,6,z,m**2 s**-2,5352.417204475236,4243.0234375,6558.7734375
z950,cds__era5_pl_monthly__ERA5__reanalysis__z950__950hPa__monthly__2006-2006__m07__NH0_90__grid_1p0.grib,2006-07,2006,7,z,m**2 s**-2,5353.66627490755,3852.326416015625,6603.451171875
z950,cds__era5_pl_monthly__ERA5__reanalysis__z950__950hPa__monthly__2006-2006__m08__NH0_90__grid_1p0.grib,2006-08,2006,8,z,m**2 s**-2,5330.876026572915,4111.62109375,6569.37109375
z950,cds__era5_pl_monthly__ERA5__reanalysis__z950__950hPa__monthly__2006-2006__m09__NH0_90__grid_1p0.grib,2006-09,2006,9,z,m**2 s**-2,5339.243370034386,3802.282470703125,6288.0322265625
z950,cds__era5_pl_monthly__ERA5__reanalysis__z950__950hPa__monthly__2006-2006__m10__NH0_90__grid_1p0.grib,2006-10,2006,10,z,m**2 s**-2,5393.129479276611,4148.41796875,6608.54296875
z950,cds__era5_pl_monthly__ERA5__reanalysis__z950__950hPa__monthly__2006-2006__m11__NH0_90__grid_1p0.grib,2006-11,2006,11,z,m**2 s**-2,5420.645662773001,3438.2861328125,6553.6611328125
z950,cds__era5_pl_monthly__ERA5__reanalysis__z950__950hPa__monthly__2006-2006__m12__NH0_90__grid_1p0.grib,2006-12,2006,12,z,m**2 s**-2,5366.111420464985,2931.940673828125,6904.0654296875
z950,cds__era5_pl_monthly__ERA5__reanalysis__z950__950hPa__monthly__2007-2007__m01__NH0_90__grid_1p0.grib,2007-01,2007,1,z,m**2 s**-2,5404.29966787696,2980.030517578125,6972.9052734375
z950,cds__era5_pl_monthly__ERA5__reanalysis__z950__950hPa__monthly__2007-2007__m02__NH0_90__grid_1p0.grib,2007-02,2007,2,z,m**2 s**-2,5331.1589227517425,3225.87646484375,6285.50146484375
z950,cds__era5_pl_monthly__ERA5__reanalysis__z950__950hPa__monthly__2007-2007__m03__NH0_90__grid_1p0.grib,2007-03,2007,3,z,m**2 s**-2,5380.345468540236,3377.467529296875,6588.3427734375
z950,cds__era5_pl_monthly__ERA5__reanalysis__z950__950hPa__monthly__2007-2007__m04__NH0_90__grid_1p0.grib,2007-04,2007,4,z,m**2 s**-2,5338.722202515167,3675.24560546875,6563.12060546875
z950,cds__era5_pl_monthly__ERA5__reanalysis__z950__950hPa__monthly__2007-2007__m05__NH0_90__grid_1p0.grib,2007-05,2007,5,z,m**2 s**-2,5336.988322912367,4270.3984375,6504.6484375
z950,cds__era5_pl_monthly__ERA5__reanalysis__z950__950hPa__monthly__2007-2007__m06__NH0_90__grid_1p0.grib,2007-06,2007,6,z,m**2 s**-2,5297.386723069598,4117.0078125,6356.5078125
z950,cds__era5_pl_monthly__ERA5__reanalysis__z950__950hPa__monthly__2007-2007__m07__NH0_90__grid_1p0.grib,2007-07,2007,7,z,m**2 s**-2,5290.61594256519,3885.0703125,6557.8203125
z950,cds__era5_pl_monthly__ERA5__reanalysis__z950__950hPa__monthly__2007-2007__m08__NH0_90__grid_1p0.grib,2007-08,2007,8,z,m**2 s**-2,5326.380224057591,4128.85546875,6544.10546875
z950,cds__era5_pl_monthly__ERA5__reanalysis__z950__950hPa__monthly__2007-2007__m09__NH0_90__grid_1p0.grib,2007-09,2007,9,z,m**2 s**-2,5372.083586042192,3786.4130859375,6464.5380859375
z950,cds__era5_pl_monthly__ERA5__reanalysis__z950__950hPa__monthly__2007-2007__m10__NH0_90__grid_1p0.grib,2007-10,2007,10,z,m**2 s**-2,5408.747815851096,3689.88671875,6542.26171875
z950,cds__era5_pl_monthly__ERA5__reanalysis__z950__950hPa__monthly__2007-2007__m11__NH0_90__grid_1p0.grib,2007-11,2007,11,z,m**2 s**-2,5374.155442096638,3546.101318359375,6786.7265625
z950,cds__era5_pl_monthly__ERA5__reanalysis__z950__950hPa__monthly__2007-2007__m12__NH0_90__grid_1p0.grib,2007-12,2007,12,z,m**2 s**-2,5402.185744619868,3096.37841796875,6593.87841796875
z950,cds__era5_pl_monthly__ERA5__reanalysis__z950__950hPa__monthly__2008-2008__m01__NH0_90__grid_1p0.grib,2008-01,2008,1,z,m**2 s**-2,5407.244007941723,3309.924560546875,6898.4248046875
z950,cds__era5_pl_monthly__ERA5__reanalysis__z950__950hPa__monthly__2008-2008__m02__NH0_90__grid_1p0.grib,2008-02,2008,2,z,m**2 s**-2,5381.036412603785,3443.81103515625,6529.56103515625
z950,cds__era5_pl_monthly__ERA5__reanalysis__z950__950hPa__monthly__2008-2008__m03__NH0_90__grid_1p0.grib,2008-03,2008,3,z,m**2 s**-2,5328.688697462923,3643.15576171875,6508.03076171875
z950,cds__era5_pl_monthly__ERA5__reanalysis__z950__950hPa__monthly__2008-2008__m04__NH0_90__grid_1p0.grib,2008-04,2008,4,z,m**2 s**-2,5376.537812058563,4605.55859375,6354.18359375
z950,cds__era5_pl_monthly__ERA5__reanalysis__z950__950hPa__monthly__2008-2008__m05__NH0_90__grid_1p0.grib,2008-05,2008,5,z,m**2 s**-2,5348.239030625352,4431.9453125,6291.1953125
z950,cds__era5_pl_monthly__ERA5__reanalysis__z950__950hPa__monthly__2008-2008__m06__NH0_90__grid_1p0.grib,2008-06,2008,6,z,m**2 s**-2,5335.752944505223,3904.173095703125,6409.1728515625
z950,cds__era5_pl_monthly__ERA5__reanalysis__z950__950hPa__monthly__2008-2008__m07__NH0_90__grid_1p0.grib,2008-07,2008,7,z,m**2 s**-2,5318.092013697853,3807.39990234375,6527.64990234375
z950,cds__era5_pl_monthly__ERA5__reanalysis__z950__950hPa__monthly__2008-2008__m08__NH0_90__grid_1p0.grib,2008-08,2008,8,z,m**2 s**-2,5274.67773994214,4092.232421875,6351.982421875
z950,cds__era5_pl_monthly__ERA5__reanalysis__z950__950hPa__monthly__2008-2008__m09__NH0_90__grid_1p0.grib,2008-09,2008,9,z,m**2 s**-2,5372.861530188224,4040.864990234375,6176.240234375
z950,cds__era5_pl_monthly__ERA5__reanalysis__z950__950hPa__monthly__2008-2008__m10__NH0_90__grid_1p0.grib,2008-10,2008,10,z,m**2 s**-2,5421.252473207104,3490.363525390625,6644.23828125
z950,cds__era5_pl_monthly__ERA5__reanalysis__z950__950hPa__monthly__2008-2008__m11__NH0_90__grid_1p0.grib,2008-11,2008,11,z,m**2 s**-2,5422.086136272427,3826.29052734375,6782.04052734375
z950,cds__era5_pl_monthly__ERA5__reanalysis__z950__950hPa__monthly__2008-2008__m12__NH0_90__grid_1p0.grib,2008-12,2008,12,z,m**2 s**-2,5435.592642424132,3498.516357421875,6843.1416015625
z950,cds__era5_pl_monthly__ERA5__reanalysis__z950__950hPa__monthly__2009-2009__m01__NH0_90__grid_1p0.grib,2009-01,2009,1,z,m**2 s**-2,5392.677911074268,3018.521484375,6881.896484375
z950,cds__era5_pl_monthly__ERA5__reanalysis__z950__950hPa__monthly__2009-2009__m02__NH0_90__grid_1p0.grib,2009-02,2009,2,z,m**2 s**-2,5399.618520698975,3595.9833984375,6581.7333984375
z950,cds__era5_pl_monthly__ERA5__reanalysis__z950__950hPa__monthly__2009-2009__m03__NH0_90__grid_1p0.grib,2009-03,2009,3,z,m**2 s**-2,5409.631434488354,4002.90185546875,6504.40185546875
z950,cds__era5_pl_monthly__ERA5__reanalysis__z950__950hPa__monthly__2009-2009__m04__NH0_90__grid_1p0.grib,2009-04,2009,4,z,m**2 s**-2,5372.196826265716,3966.380859375,6421.630859375
z950,cds__era5_pl_monthly__ERA5__reanalysis__z950__950hPa__monthly__2009-2009__m05__NH0_90__grid_1p0.grib,2009-05,2009,5,z,m**2 s**-2,5341.503604225664,4347.91796875,6302.41796875
z950,cds__era5_pl_monthly__ERA5__reanalysis__z950__950hPa__monthly__2009-2009__m06__NH0_90__grid_1p0.grib,2009-06,2009,6,z,m**2 s**-2,5330.610456822136,4266.79296875,6325.79296875
z950,cds__era5_pl_monthly__ERA5__reanalysis__z950__950hPa__monthly__2009-2009__m07__NH0_90__grid_1p0.grib,2009-07,2009,7,z,m**2 s**-2,5351.465111350098,3896.369140625,6419.994140625
z950,cds__era5_pl_monthly__ERA5__reanalysis__z950__950hPa__monthly__2009-2009__m08__NH0_90__grid_1p0.grib,2009-08,2009,8,z,m**2 s**-2,5348.102017387842,4174.203125,6412.328125
z950,cds__era5_pl_monthly__ERA5__reanalysis__z950__950hPa__monthly__2009-2009__m09__NH0_90__grid_1p0.grib,2009-09,2009,9,z,m**2 s**-2,5350.498377124603,3838.989013671875,6262.9892578125
z950,cds__era5_pl_monthly__ERA5__reanalysis__z950__950hPa__monthly__2009-2009__m10__NH0_90__grid_1p0.grib,2009-10,2009,10,z,m**2 s**-2,5374.918507382942,4216.01953125,6451.26953125
z950,cds__era5_pl_monthly__ERA5__reanalysis__z950__950hPa__monthly__2009-2009__m11__NH0_90__grid_1p0.grib,2009-11,2009,11,z,m**2 s**-2,5362.394370152823,3143.4169921875,6690.5419921875
z950,cds__era5_pl_monthly__ERA5__reanalysis__z950__950hPa__monthly__2009-2009__m12__NH0_90__grid_1p0.grib,2009-12,2009,12,z,m**2 s**-2,5364.4740473853,3415.443359375,6987.318359375
z950,cds__era5_pl_monthly__ERA5__reanalysis__z950__950hPa__monthly__2010-2010__m01__NH0_90__grid_1p0.grib,2010-01,2010,1,z,m**2 s**-2,5324.9305627604945,3033.627197265625,6779.376953125
z950,cds__era5_pl_monthly__ERA5__reanalysis__z950__950hPa__monthly__2010-2010__m02__NH0_90__grid_1p0.grib,2010-02,2010,2,z,m**2 s**-2,5319.637281771366,3597.946533203125,6509.3212890625
z950,cds__era5_pl_monthly__ERA5__reanalysis__z950__950hPa__monthly__2010-2010__m03__NH0_90__grid_1p0.grib,2010-03,2010,3,z,m**2 s**-2,5357.0959000959565,3389.28271484375,6477.03271484375
z950,cds__era5_pl_monthly__ERA5__reanalysis__z950__950hPa__monthly__2010-2010__m04__NH0_90__grid_1p0.grib,2010-04,2010,4,z,m**2 s**-2,5404.457594396348,4153.046875,6568.671875
z950,cds__era5_pl_monthly__ERA5__reanalysis__z950__950hPa__monthly__2010-2010__m05__NH0_90__grid_1p0.grib,2010-05,2010,5,z,m**2 s**-2,5395.003762762301,4415.8359375,6477.0859375
z950,cds__era5_pl_monthly__ERA5__reanalysis__z950__950hPa__monthly__2010-2010__m06__NH0_90__grid_1p0.grib,2010-06,2010,6,z,m**2 s**-2,5356.577352677231,4136.58203125,6482.20703125
z950,cds__era5_pl_monthly__ERA5__reanalysis__z950__950hPa__monthly__2010-2010__m07__NH0_90__grid_1p0.grib,2010-07,2010,7,z,m**2 s**-2,5359.481246083917,3991.5849609375,6748.7099609375
z950,cds__era5_pl_monthly__ERA5__reanalysis__z950__950hPa__monthly__2010-2010__m08__NH0_90__grid_1p0.grib,2010-08,2010,8,z,m**2 s**-2,5369.512110787541,4251.03125,6590.78125
z950,cds__era5_pl_monthly__ERA5__reanalysis__z950__950hPa__monthly__2010-2010__m09__NH0_90__grid_1p0.grib,2010-09,2010,9,z,m**2 s**-2,5360.466459158701,4259.671875,6207.171875
z950,cds__era5_pl_monthly__ERA5__reanalysis__z950__950hPa__monthly__2010-2010__m10__NH0_90__grid_1p0.grib,2010-10,2010,10,z,m**2 s**-2,5354.342730840391,3656.280029296875,6648.5302734375
z950,cds__era5_pl_monthly__ERA5__reanalysis__z950__950hPa__monthly__2010-2010__m11__NH0_90__grid_1p0.grib,2010-11,2010,11,z,m**2 s**-2,5359.191811372718,4252.5078125,6704.2578125
z950,cds__era5_pl_monthly__ERA5__reanalysis__z950__950hPa__monthly__2010-2010__m12__NH0_90__grid_1p0.grib,2010-12,2010,12,z,m**2 s**-2,5343.737212137058,3905.438232421875,6610.4384765625
z950,cds__era5_pl_monthly__ERA5__reanalysis__z950__950hPa__monthly__2011-2011__m01__NH0_90__grid_1p0.grib,2011-01,2011,1,z,m**2 s**-2,5369.996466531039,3170.677978515625,7248.177734375
z950,cds__era5_pl_monthly__ERA5__reanalysis__z950__950hPa__monthly__2011-2011__m02__NH0_90__grid_1p0.grib,2011-02,2011,2,z,m**2 s**-2,5315.303999074833,2516.639892578125,6389.0146484375
z950,cds__era5_pl_monthly__ERA5__reanalysis__z950__950hPa__monthly__2011-2011__m03__NH0_90__grid_1p0.grib,2011-03,2011,3,z,m**2 s**-2,5343.287040917768,3206.9609375,6480.3359375
z950,cds__era5_pl_monthly__ERA5__reanalysis__z950__950hPa__monthly__2011-2011__m04__NH0_90__grid_1p0.grib,2011-04,2011,4,z,m**2 s**-2,5286.956835104842,3018.059326171875,6399.8095703125
z950,cds__era5_pl_monthly__ERA5__reanalysis__z950__950hPa__monthly__2011-2011__m05__NH0_90__grid_1p0.grib,2011-05,2011,5,z,m**2 s**-2,5392.273248154356,4461.55078125,6553.05078125
z950,cds__era5_pl_monthly__ERA5__reanalysis__z950__950hPa__monthly__2011-2011__m06__NH0_90__grid_1p0.grib,2011-06,2011,6,z,m**2 s**-2,5309.428702660408,4030.369873046875,6587.2451171875
z950,cds__era5_pl_monthly__ERA5__reanalysis__z950__950hPa__monthly__2011-2011__m07__NH0_90__grid_1p0.grib,2011-07,2011,7,z,m**2 s**-2,5304.369399627315,3934.997314453125,6787.3720703125
z950,cds__era5_pl_monthly__ERA5__reanalysis__z950__950hPa__monthly__2011-2011__m08__NH0_90__grid_1p0.grib,2011-08,2011,8,z,m**2 s**-2,5320.988389684592,3997.383544921875,6380.5087890625
z950,cds__era5_pl_monthly__ERA5__reanalysis__z950__950hPa__monthly__2011-2011__m09__NH0_90__grid_1p0.grib,2011-09,2011,9,z,m**2 s**-2,5333.207553156504,3615.139404296875,6337.5146484375
z950,cds__era5_pl_monthly__ERA5__reanalysis__z950__950hPa__monthly__2011-2011__m10__NH0_90__grid_1p0.grib,2011-10,2011,10,z,m**2 s**-2,5359.839016023914,3609.05322265625,6487.42822265625
z950,cds__era5_pl_monthly__ERA5__reanalysis__z950__950hPa__monthly__2011-2011__m11__NH0_90__grid_1p0.grib,2011-11,2011,11,z,m**2 s**-2,5370.798720415065,3201.783447265625,6807.408203125
z950,cds__era5_pl_monthly__ERA5__reanalysis__z950__950hPa__monthly__2011-2011__m12__NH0_90__grid_1p0.grib,2011-12,2011,12,z,m**2 s**-2,5416.492765221884,2819.17578125,7039.80078125
z950,cds__era5_pl_monthly__ERA5__reanalysis__z950__950hPa__monthly__2012-2012__m01__NH0_90__grid_1p0.grib,2012-01,2012,1,z,m**2 s**-2,5449.29621937049,3366.333740234375,6888.958984375
z950,cds__era5_pl_monthly__ERA5__reanalysis__z950__950hPa__monthly__2012-2012__m02__NH0_90__grid_1p0.grib,2012-02,2012,2,z,m**2 s**-2,5393.753243821435,3344.19970703125,6708.32470703125
z950,cds__era5_pl_monthly__ERA5__reanalysis__z950__950hPa__monthly__2012-2012__m03__NH0_90__grid_1p0.grib,2012-03,2012,3,z,m**2 s**-2,5386.17667258428,3658.944580078125,6473.0693359375
z950,cds__era5_pl_monthly__ERA5__reanalysis__z950__950hPa__monthly__2012-2012__m04__NH0_90__grid_1p0.grib,2012-04,2012,4,z,m**2 s**-2,5343.110369642175,4385.63671875,6453.38671875
z950,cds__era5_pl_monthly__ERA5__reanalysis__z950__950hPa__monthly__2012-2012__m05__NH0_90__grid_1p0.grib,2012-05,2012,5,z,m**2 s**-2,5372.592200584117,4434.14453125,6395.01953125
z950,cds__era5_pl_monthly__ERA5__reanalysis__z950__950hPa__monthly__2012-2012__m06__NH0_90__grid_1p0.grib,2012-06,2012,6,z,m**2 s**-2,5297.138542261525,4075.90869140625,6466.40869140625
z950,cds__era5_pl_monthly__ERA5__reanalysis__z950__950hPa__monthly__2012-2012__m07__NH0_90__grid_1p0.grib,2012-07,2012,7,z,m**2 s**-2,5317.373166556001,3901.20703125,6610.33203125
z950,cds__era5_pl_monthly__ERA5__reanalysis__z950__950hPa__monthly__2012-2012__m08__NH0_90__grid_1p0.grib,2012-08,2012,8,z,m**2 s**-2,5341.618170998375,4111.3203125,6341.0703125
z950,cds__era5_pl_monthly__ERA5__reanalysis__z950__950hPa__monthly__2012-2012__m09__NH0_90__grid_1p0.grib,2012-09,2012,9,z,m**2 s**-2,5394.678832165491,3968.49951171875,6432.62451171875
z950,cds__era5_pl_monthly__ERA5__reanalysis__z950__950hPa__monthly__2012-2012__m10__NH0_90__grid_1p0.grib,2012-10,2012,10,z,m**2 s**-2,5402.640181344579,4485.39453125,6647.51953125
z950,cds__era5_pl_monthly__ERA5__reanalysis__z950__950hPa__monthly__2012-2012__m11__NH0_90__grid_1p0.grib,2012-11,2012,11,z,m**2 s**-2,5404.821078256707,3791.712158203125,6674.7119140625
z950,cds__era5_pl_monthly__ERA5__reanalysis__z950__950hPa__monthly__2012-2012__m12__NH0_90__grid_1p0.grib,2012-12,2012,12,z,m**2 s**-2,5413.175875444669,3610.6875,6615.9375
z950,cds__era5_pl_monthly__ERA5__reanalysis__z950__950hPa__monthly__2013-2013__m01__NH0_90__grid_1p0.grib,2013-01,2013,1,z,m**2 s**-2,5386.159424364788,2946.175048828125,6728.4248046875
z950,cds__era5_pl_monthly__ERA5__reanalysis__z950__950hPa__monthly__2013-2013__m02__NH0_90__grid_1p0.grib,2013-02,2013,2,z,m**2 s**-2,5414.439997673215,3624.740478515625,6671.615234375
z950,cds__era5_pl_monthly__ERA5__reanalysis__z950__950hPa__monthly__2013-2013__m03__NH0_90__grid_1p0.grib,2013-03,2013,3,z,m**2 s**-2,5387.206612679734,3737.190185546875,6596.8154296875
z950,cds__era5_pl_monthly__ERA5__reanalysis__z950__950hPa__monthly__2013-2013__m04__NH0_90__grid_1p0.grib,2013-04,2013,4,z,m**2 s**-2,5397.1215212958405,4287.81640625,6363.06640625
z950,cds__era5_pl_monthly__ERA5__reanalysis__z950__950hPa__monthly__2013-2013__m05__NH0_90__grid_1p0.grib,2013-05,2013,5,z,m**2 s**-2,5404.803242607227,4490.9140625,6468.7890625
z950,cds__era5_pl_monthly__ERA5__reanalysis__z950__950hPa__monthly__2013-2013__m06__NH0_90__grid_1p0.grib,2013-06,2013,6,z,m**2 s**-2,5324.78954206479,3980.96923828125,6560.34423828125
z950,cds__era5_pl_monthly__ERA5__reanalysis__z950__950hPa__monthly__2013-2013__m07__NH0_90__grid_1p0.grib,2013-07,2013,7,z,m**2 s**-2,5345.0360749885385,3809.351806640625,6499.4765625
z950,cds__era5_pl_monthly__ERA5__reanalysis__z950__950hPa__monthly__2013-2013__m08__NH0_90__grid_1p0.grib,2013-08,2013,8,z,m**2 s**-2,5321.279776259817,4151.5234375,6413.4609375
z950,cds__era5_pl_monthly__ERA5__reanalysis__z950__950hPa__monthly__2013-2013__m09__NH0_90__grid_1p0.grib,2013-09,2013,9,z,m**2 s**-2,5338.248912013035,4171.97265625,6215.22265625
z950,cds__era5_pl_monthly__ERA5__reanalysis__z950__950hPa__monthly__2013-2013__m10__NH0_90__grid_1p0.grib,2013-10,2013,10,z,m**2 s**-2,5385.346007206185,3769.57275390625,6468.82275390625
z950,cds__era5_pl_monthly__ERA5__reanalysis__z950__950hPa__monthly__2013-2013__m11__NH0_90__grid_1p0.grib,2013-11,2013,11,z,m**2 s**-2,5372.974729197192,3236.5400390625,6854.2900390625
z950,cds__era5_pl_monthly__ERA5__reanalysis__z950__950hPa__monthly__2013-2013__m12__NH0_90__grid_1p0.grib,2013-12,2013,12,z,m**2 s**-2,5399.286107154724,2800.662353515625,6644.787109375
z950,cds__era5_pl_monthly__ERA5__reanalysis__z950__950hPa__monthly__2014-2014__m01__NH0_90__grid_1p0.grib,2014-01,2014,1,z,m**2 s**-2,5352.238245492161,2699.8642578125,6816.6142578125
z950,cds__era5_pl_monthly__ERA5__reanalysis__z950__950hPa__monthly__2014-2014__m02__NH0_90__grid_1p0.grib,2014-02,2014,2,z,m**2 s**-2,5372.206104070158,2389.455322265625,6566.830078125
z950,cds__era5_pl_monthly__ERA5__reanalysis__z950__950hPa__monthly__2014-2014__m03__NH0_90__grid_1p0.grib,2014-03,2014,3,z,m**2 s**-2,5319.422566057685,3517.059326171875,6468.6845703125
z950,cds__era5_pl_monthly__ERA5__reanalysis__z950__950hPa__monthly__2014-2014__m04__NH0_90__grid_1p0.grib,2014-04,2014,4,z,m**2 s**-2,5308.39247395845,3699.94287109375,6427.56787109375
z950,cds__era5_pl_monthly__ERA5__reanalysis__z950__950hPa__monthly__2014-2014__m05__NH0_90__grid_1p0.grib,2014-05,2014,5,z,m**2 s**-2,5404.820962268578,4488.2421875,6294.7421875
z950,cds__era5_pl_monthly__ERA5__reanalysis__z950__950hPa__monthly__2014-2014__m06__NH0_90__grid_1p0.grib,2014-06,2014,6,z,m**2 s**-2,5342.5991536526,4150.15625,6428.90625
z950,cds__era5_pl_monthly__ERA5__reanalysis__z950__950hPa__monthly__2014-2014__m07__NH0_90__grid_1p0.grib,2014-07,2014,7,z,m**2 s**-2,5373.010966005471,3952.2109375,6537.7109375
z950,cds__era5_pl_monthly__ERA5__reanalysis__z950__950hPa__monthly__2014-2014__m08__NH0_90__grid_1p0.grib,2014-08,2014,8,z,m**2 s**-2,5354.66137543639,4199.984375,6294.359375
z950,cds__era5_pl_monthly__ERA5__reanalysis__z950__950hPa__monthly__2014-2014__m09__NH0_90__grid_1p0.grib,2014-09,2014,9,z,m**2 s**-2,5346.002721954178,4071.74072265625,6187.86572265625
z950,cds__era5_pl_monthly__ERA5__reanalysis__z950__950hPa__monthly__2014-2014__m10__NH0_90__grid_1p0.grib,2014-10,2014,10,z,m**2 s**-2,5399.656100001733,3811.751953125,6595.126953125
z950,cds__era5_pl_monthly__ERA5__reanalysis__z950__950hPa__monthly__2014-2014__m11__NH0_90__grid_1p0.grib,2014-11,2014,11,z,m**2 s**-2,5380.43978236038,3566.513916015625,6742.513671875
z950,cds__era5_pl_monthly__ERA5__reanalysis__z950__950hPa__monthly__2014-2014__m12__NH0_90__grid_1p0.grib,2014-12,2014,12,z,m**2 s**-2,5410.197932615092,3368.335693359375,6938.0859375
z950,cds__era5_pl_monthly__ERA5__reanalysis__z950__950hPa__monthly__2015-2015__m01__NH0_90__grid_1p0.grib,2015-01,2015,1,z,m**2 s**-2,5389.048272015208,2933.061279296875,6930.4365234375
z950,cds__era5_pl_monthly__ERA5__reanalysis__z950__950hPa__monthly__2015-2015__m02__NH0_90__grid_1p0.grib,2015-02,2015,2,z,m**2 s**-2,5338.349474945973,3419.5576171875,6652.6826171875
z950,cds__era5_pl_monthly__ERA5__reanalysis__z950__950hPa__monthly__2015-2015__m03__NH0_90__grid_1p0.grib,2015-03,2015,3,z,m**2 s**-2,5407.509714017587,2934.005126953125,6661.8798828125
z950,cds__era5_pl_monthly__ERA5__reanalysis__z950__950hPa__monthly__2015-2015__m04__NH0_90__grid_1p0.grib,2015-04,2015,4,z,m**2 s**-2,5389.899637178395,4111.76953125,6483.39453125
z950,cds__era5_pl_monthly__ERA5__reanalysis__z950__950hPa__monthly__2015-2015__m05__NH0_90__grid_1p0.grib,2015-05,2015,5,z,m**2 s**-2,5376.664318855421,4104.84765625,6398.72265625
z950,cds__era5_pl_monthly__ERA5__reanalysis__z950__950hPa__monthly__2015-2015__m06__NH0_90__grid_1p0.grib,2015-06,2015,6,z,m**2 s**-2,5334.829962438539,4227.41796875,6441.41796875
z950,cds__era5_pl_monthly__ERA5__reanalysis__z950__950hPa__monthly__2015-2015__m07__NH0_90__grid_1p0.grib,2015-07,2015,7,z,m**2 s**-2,5330.039703747932,3902.138427734375,6445.138671875
z950,cds__era5_pl_monthly__ERA5__reanalysis__z950__950hPa__monthly__2015-2015__m08__NH0_90__grid_1p0.grib,2015-08,2015,8,z,m**2 s**-2,5370.820819201438,4294.80859375,6551.93359375
z950,cds__era5_pl_monthly__ERA5__reanalysis__z950__950hPa__monthly__2015-2015__m09__NH0_90__grid_1p0.grib,2015-09,2015,9,z,m**2 s**-2,5386.886802026551,4326.26171875,6336.26171875
z950,cds__era5_pl_monthly__ERA5__reanalysis__z950__950hPa__monthly__2015-2015__m10__NH0_90__grid_1p0.grib,2015-10,2015,10,z,m**2 s**-2,5365.729748970794,4019.504638671875,6824.0048828125
z950,cds__era5_pl_monthly__ERA5__reanalysis__z950__950hPa__monthly__2015-2015__m11__NH0_90__grid_1p0.grib,2015-11,2015,11,z,m**2 s**-2,5436.480241099208,3381.193603515625,6830.943359375
z950,cds__era5_pl_monthly__ERA5__reanalysis__z950__950hPa__monthly__2015-2015__m12__NH0_90__grid_1p0.grib,2015-12,2015,12,z,m**2 s**-2,5395.926521253521,2801.5341796875,6988.5341796875
z950,cds__era5_pl_monthly__ERA5__reanalysis__z950__950hPa__monthly__2016-2016__m01__NH0_90__grid_1p0.grib,2016-01,2016,1,z,m**2 s**-2,5380.425862155912,2647.31494140625,7207.18994140625
z950,cds__era5_pl_monthly__ERA5__reanalysis__z950__950hPa__monthly__2016-2016__m02__NH0_90__grid_1p0.grib,2016-02,2016,2,z,m**2 s**-2,5426.140357827418,2895.88037109375,6897.50537109375
z950,cds__era5_pl_monthly__ERA5__reanalysis__z950__950hPa__monthly__2016-2016__m03__NH0_90__grid_1p0.grib,2016-03,2016,3,z,m**2 s**-2,5358.3695024723365,3638.568359375,6482.943359375
z950,cds__era5_pl_monthly__ERA5__reanalysis__z950__950hPa__monthly__2016-2016__m04__NH0_90__grid_1p0.grib,2016-04,2016,4,z,m**2 s**-2,5374.3023349600435,3581.307373046875,6397.3076171875
z950,cds__era5_pl_monthly__ERA5__reanalysis__z950__950hPa__monthly__2016-2016__m05__NH0_90__grid_1p0.grib,2016-05,2016,5,z,m**2 s**-2,5420.882086626032,4540.64453125,6417.51953125
z950,cds__era5_pl_monthly__ERA5__reanalysis__z950__950hPa__monthly__2016-2016__m06__NH0_90__grid_1p0.grib,2016-06,2016,6,z,m**2 s**-2,5390.978857594039,4264.0703125,6608.4453125
z950,cds__era5_pl_monthly__ERA5__reanalysis__z950__950hPa__monthly__2016-2016__m07__NH0_90__grid_1p0.grib,2016-07,2016,7,z,m**2 s**-2,5384.212736239719,3958.66796875,6746.29296875
z950,cds__era5_pl_monthly__ERA5__reanalysis__z950__950hPa__monthly__2016-2016__m08__NH0_90__grid_1p0.grib,2016-08,2016,8,z,m**2 s**-2,5377.141129624836,3577.836669921875,6653.5869140625
z950,cds__era5_pl_monthly__ERA5__reanalysis__z950__950hPa__monthly__2016-2016__m09__NH0_90__grid_1p0.grib,2016-09,2016,9,z,m**2 s**-2,5414.57339191999,3851.59521484375,6516.22021484375
z950,cds__era5_pl_monthly__ERA5__reanalysis__z950__950hPa__monthly__2016-2016__m10__NH0_90__grid_1p0.grib,2016-10,2016,10,z,m**2 s**-2,5440.226817156783,3299.67138671875,6428.92138671875
z950,cds__era5_pl_monthly__ERA5__reanalysis__z950__950hPa__monthly__2016-2016__m11__NH0_90__grid_1p0.grib,2016-11,2016,11,z,m**2 s**-2,5418.034744457912,3353.235107421875,6633.9853515625
z950,cds__era5_pl_monthly__ERA5__reanalysis__z950__950hPa__monthly__2016-2016__m12__NH0_90__grid_1p0.grib,2016-12,2016,12,z,m**2 s**-2,5420.8098476494315,3158.55078125,6824.80078125
z950,cds__era5_pl_monthly__ERA5__reanalysis__z950__950hPa__monthly__2017-2017__m01__NH0_90__grid_1p0.grib,2017-01,2017,1,z,m**2 s**-2,5361.627606950788,3394.128662109375,6627.69140625
z950,cds__era5_pl_monthly__ERA5__reanalysis__z950__950hPa__monthly__2017-2017__m02__NH0_90__grid_1p0.grib,2017-02,2017,2,z,m**2 s**-2,5354.894035238964,3342.68212890625,6617.68212890625
z950,cds__era5_pl_monthly__ERA5__reanalysis__z950__950hPa__monthly__2017-2017__m03__NH0_90__grid_1p0.grib,2017-03,2017,3,z,m**2 s**-2,5360.075700450522,3514.25146484375,6324.62646484375
z950,cds__era5_pl_monthly__ERA5__reanalysis__z950__950hPa__monthly__2017-2017__m04__NH0_90__grid_1p0.grib,2017-04,2017,4,z,m**2 s**-2,5358.70641003269,4069.958984375,6331.958984375
z950,cds__era5_pl_monthly__ERA5__reanalysis__z950__950hPa__monthly__2017-2017__m05__NH0_90__grid_1p0.grib,2017-05,2017,5,z,m**2 s**-2,5382.3579587305285,4501.96484375,6366.08984375
z950,cds__era5_pl_monthly__ERA5__reanalysis__z950__950hPa__monthly__2017-2017__m06__NH0_90__grid_1p0.grib,2017-06,2017,6,z,m**2 s**-2,5291.0973021370455,4181.58203125,6343.70703125
z950,cds__era5_pl_monthly__ERA5__reanalysis__z950__950hPa__monthly__2017-2017__m07__NH0_90__grid_1p0.grib,2017-07,2017,7,z,m**2 s**-2,5352.35166308945,3962.296142578125,6675.0458984375
z950,cds__era5_pl_monthly__ERA5__reanalysis__z950__950hPa__monthly__2017-2017__m08__NH0_90__grid_1p0.grib,2017-08,2017,8,z,m**2 s**-2,5349.625253570581,4258.09765625,6322.22265625
z950,cds__era5_pl_monthly__ERA5__reanalysis__z950__950hPa__monthly__2017-2017__m09__NH0_90__grid_1p0.grib,2017-09,2017,9,z,m**2 s**-2,5392.356270383001,4146.83984375,6376.83984375
z950,cds__era5_pl_monthly__ERA5__reanalysis__z950__950hPa__monthly__2017-2017__m10__NH0_90__grid_1p0.grib,2017-10,2017,10,z,m**2 s**-2,5408.622328950827,4185.6953125,6538.4453125
z950,cds__era5_pl_monthly__ERA5__reanalysis__z950__950hPa__monthly__2017-2017__m11__NH0_90__grid_1p0.grib,2017-11,2017,11,z,m**2 s**-2,5421.625176287571,3787.53466796875,6650.15966796875
z950,cds__era5_pl_monthly__ERA5__reanalysis__z950__950hPa__monthly__2017-2017__m12__NH0_90__grid_1p0.grib,2017-12,2017,12,z,m**2 s**-2,5457.568459925208,3458.241943359375,7025.3671875
z950,cds__era5_pl_monthly__ERA5__reanalysis__z950__950hPa__monthly__2018-2018__m01__NH0_90__grid_1p0.grib,2018-01,2018,1,z,m**2 s**-2,5430.676558851005,3184.83984375,6941.96484375
z950,cds__era5_pl_monthly__ERA5__reanalysis__z950__950hPa__monthly__2018-2018__m02__NH0_90__grid_1p0.grib,2018-02,2018,2,z,m**2 s**-2,5459.151614318144,3061.168701171875,6676.4189453125
z950,cds__era5_pl_monthly__ERA5__reanalysis__z950__950hPa__monthly__2018-2018__m03__NH0_90__grid_1p0.grib,2018-03,2018,3,z,m**2 s**-2,5343.437443918439,4074.242431640625,6470.9921875
z950,cds__era5_pl_monthly__ERA5__reanalysis__z950__950hPa__monthly__2018-2018__m04__NH0_90__grid_1p0.grib,2018-04,2018,4,z,m**2 s**-2,5361.352855994597,3893.70068359375,6535.95068359375
z950,cds__era5_pl_monthly__ERA5__reanalysis__z950__950hPa__monthly__2018-2018__m05__NH0_90__grid_1p0.grib,2018-05,2018,5,z,m**2 s**-2,5363.364671853103,3923.935546875,6507.935546875
z950,cds__era5_pl_monthly__ERA5__reanalysis__z950__950hPa__monthly__2018-2018__m06__NH0_90__grid_1p0.grib,2018-06,2018,6,z,m**2 s**-2,5311.203871559249,4109.37109375,6404.24609375
z950,cds__era5_pl_monthly__ERA5__reanalysis__z950__950hPa__monthly__2018-2018__m07__NH0_90__grid_1p0.grib,2018-07,2018,7,z,m**2 s**-2,5377.664538336731,3808.14208984375,6842.51708984375
z950,cds__era5_pl_monthly__ERA5__reanalysis__z950__950hPa__monthly__2018-2018__m08__NH0_90__grid_1p0.grib,2018-08,2018,8,z,m**2 s**-2,5347.062856820163,4118.01953125,6444.01953125
z950,cds__era5_pl_monthly__ERA5__reanalysis__z950__950hPa__monthly__2018-2018__m09__NH0_90__grid_1p0.grib,2018-09,2018,9,z,m**2 s**-2,5410.586577818867,4274.84375,6252.71875
z950,cds__era5_pl_monthly__ERA5__reanalysis__z950__950hPa__monthly__2018-2018__m10__NH0_90__grid_1p0.grib,2018-10,2018,10,z,m**2 s**-2,5390.255784412999,3821.62451171875,6708.99951171875
z950,cds__era5_pl_monthly__ERA5__reanalysis__z950__950hPa__monthly__2018-2018__m11__NH0_90__grid_1p0.grib,2018-11,2018,11,z,m**2 s**-2,5446.977507657107,3463.145751953125,6865.1455078125
z950,cds__era5_pl_monthly__ERA5__reanalysis__z950__950hPa__monthly__2018-2018__m12__NH0_90__grid_1p0.grib,2018-12,2018,12,z,m**2 s**-2,5431.208660038375,3580.868896484375,7062.994140625
z950,cds__era5_pl_monthly__ERA5__reanalysis__z950__950hPa__monthly__2019-2019__m01__NH0_90__grid_1p0.grib,2019-01,2019,1,z,m**2 s**-2,5388.940037485271,2975.159423828125,6853.4091796875
z950,cds__era5_pl_monthly__ERA5__reanalysis__z950__950hPa__monthly__2019-2019__m02__NH0_90__grid_1p0.grib,2019-02,2019,2,z,m**2 s**-2,5419.623545902886,3111.172119140625,6483.921875
z950,cds__era5_pl_monthly__ERA5__reanalysis__z950__950hPa__monthly__2019-2019__m03__NH0_90__grid_1p0.grib,2019-03,2019,3,z,m**2 s**-2,5339.278399557857,3289.7744140625,6471.0244140625
z950,cds__era5_pl_monthly__ERA5__reanalysis__z950__950hPa__monthly__2019-2019__m04__NH0_90__grid_1p0.grib,2019-04,2019,4,z,m**2 s**-2,5363.731647597782,4030.78515625,6408.03515625
z950,cds__era5_pl_monthly__ERA5__reanalysis__z950__950hPa__monthly__2019-2019__m05__NH0_90__grid_1p0.grib,2019-05,2019,5,z,m**2 s**-2,5394.970509900904,4193.7109375,6478.4609375
z950,cds__era5_pl_monthly__ERA5__reanalysis__z950__950hPa__monthly__2019-2019__m06__NH0_90__grid_1p0.grib,2019-06,2019,6,z,m**2 s**-2,5390.565958813966,4284.30859375,6440.93359375
z950,cds__era5_pl_monthly__ERA5__reanalysis__z950__950hPa__monthly__2019-2019__m07__NH0_90__grid_1p0.grib,2019-07,2019,7,z,m**2 s**-2,5339.570000623361,3815.103271484375,6431.728515625
z950,cds__era5_pl_monthly__ERA5__reanalysis__z950__950hPa__monthly__2019-2019__m08__NH0_90__grid_1p0.grib,2019-08,2019,8,z,m**2 s**-2,5383.436978891628,4164.421875,6330.421875
z950,cds__era5_pl_monthly__ERA5__reanalysis__z950__950hPa__monthly__2019-2019__m09__NH0_90__grid_1p0.grib,2019-09,2019,9,z,m**2 s**-2,5389.37360194617,4240.57421875,6389.19921875
z950,cds__era5_pl_monthly__ERA5__reanalysis__z950__950hPa__monthly__2019-2019__m10__NH0_90__grid_1p0.grib,2019-10,2019,10,z,m**2 s**-2,5403.313484619223,4160.59765625,6650.59765625
z950,cds__era5_pl_monthly__ERA5__reanalysis__z950__950hPa__monthly__2019-2019__m11__NH0_90__grid_1p0.grib,2019-11,2019,11,z,m**2 s**-2,5402.508591662406,3850.998046875,6676.248046875
z950,cds__era5_pl_monthly__ERA5__reanalysis__z950__950hPa__monthly__2019-2019__m12__NH0_90__grid_1p0.grib,2019-12,2019,12,z,m**2 s**-2,5345.990384364243,3246.753173828125,7033.0029296875
z950,cds__era5_pl_monthly__ERA5__reanalysis__z950__950hPa__monthly__2020-2020__m01__NH0_90__grid_1p0.grib,2020-01,2020,1,z,m**2 s**-2,5380.958392405437,2653.22021484375,6561.90771484375
z950,cds__era5_pl_monthly__ERA5__reanalysis__z950__950hPa__monthly__2020-2020__m02__NH0_90__grid_1p0.grib,2020-02,2020,2,z,m**2 s**-2,5372.812986754062,2431.7275390625,6743.3525390625
z950,cds__era5_pl_monthly__ERA5__reanalysis__z950__950hPa__monthly__2020-2020__m03__NH0_90__grid_1p0.grib,2020-03,2020,3,z,m**2 s**-2,5399.635076542966,3132.494140625,6576.369140625
z950,cds__era5_pl_monthly__ERA5__reanalysis__z950__950hPa__monthly__2020-2020__m04__NH0_90__grid_1p0.grib,2020-04,2020,4,z,m**2 s**-2,5397.980961910785,4104.24609375,6389.74609375
z950,cds__era5_pl_monthly__ERA5__reanalysis__z950__950hPa__monthly__2020-2020__m05__NH0_90__grid_1p0.grib,2020-05,2020,5,z,m**2 s**-2,5425.076240862818,4190.35546875,6274.73046875
z950,cds__era5_pl_monthly__ERA5__reanalysis__z950__950hPa__monthly__2020-2020__m06__NH0_90__grid_1p0.grib,2020-06,2020,6,z,m**2 s**-2,5371.537912954473,4269.96875,6563.09375
z950,cds__era5_pl_monthly__ERA5__reanalysis__z950__950hPa__monthly__2020-2020__m07__NH0_90__grid_1p0.grib,2020-07,2020,7,z,m**2 s**-2,5358.001714995561,4087.3916015625,6660.1416015625
z950,cds__era5_pl_monthly__ERA5__reanalysis__z950__950hPa__monthly__2020-2020__m08__NH0_90__grid_1p0.grib,2020-08,2020,8,z,m**2 s**-2,5314.581855037834,4068.509033203125,6489.0087890625
z950,cds__era5_pl_monthly__ERA5__reanalysis__z950__950hPa__monthly__2020-2020__m09__NH0_90__grid_1p0.grib,2020-09,2020,9,z,m**2 s**-2,5394.178377022113,4084.5869140625,6416.5869140625
z950,cds__era5_pl_monthly__ERA5__reanalysis__z950__950hPa__monthly__2020-2020__m10__NH0_90__grid_1p0.grib,2020-10,2020,10,z,m**2 s**-2,5445.278553777675,4314.1796875,6597.5546875
z950,cds__era5_pl_monthly__ERA5__reanalysis__z950__950hPa__monthly__2020-2020__m11__NH0_90__grid_1p0.grib,2020-11,2020,11,z,m**2 s**-2,5450.092657388154,3474.333984375,6865.958984375
z950,cds__era5_pl_monthly__ERA5__reanalysis__z950__950hPa__monthly__2020-2020__m12__NH0_90__grid_1p0.grib,2020-12,2020,12,z,m**2 s**-2,5424.0222039147675,2909.97998046875,6986.35498046875
z950,cds__era5_pl_monthly__ERA5__reanalysis__z950__950hPa__monthly__2021-2021__m01__NH0_90__grid_1p0.grib,2021-01,2021,1,z,m**2 s**-2,5417.468528045245,3246.0263671875,6855.5263671875
z950,cds__era5_pl_monthly__ERA5__reanalysis__z950__950hPa__monthly__2021-2021__m02__NH0_90__grid_1p0.grib,2021-02,2021,2,z,m**2 s**-2,5429.183063921082,3214.360595703125,6508.8603515625
z950,cds__era5_pl_monthly__ERA5__reanalysis__z950__950hPa__monthly__2021-2021__m03__NH0_90__grid_1p0.grib,2021-03,2021,3,z,m**2 s**-2,5400.0177191234,3809.107666015625,6500.357421875
z950,cds__era5_pl_monthly__ERA5__reanalysis__z950__950hPa__monthly__2021-2021__m04__NH0_90__grid_1p0.grib,2021-04,2021,4,z,m**2 s**-2,5449.101364436375,4325.87109375,6472.37109375
z950,cds__era5_pl_monthly__ERA5__reanalysis__z950__950hPa__monthly__2021-2021__m05__NH0_90__grid_1p0.grib,2021-05,2021,5,z,m**2 s**-2,5415.437553912707,4313.203125,6526.453125
z950,cds__era5_pl_monthly__ERA5__reanalysis__z950__950hPa__monthly__2021-2021__m06__NH0_90__grid_1p0.grib,2021-06,2021,6,z,m**2 s**-2,5346.924286701889,3874.885986328125,6532.3857421875
z950,cds__era5_pl_monthly__ERA5__reanalysis__z950__950hPa__monthly__2021-2021__m07__NH0_90__grid_1p0.grib,2021-07,2021,7,z,m**2 s**-2,5364.179669703799,3923.45849609375,6644.33349609375
z950,cds__era5_pl_monthly__ERA5__reanalysis__z950__950hPa__monthly__2021-2021__m08__NH0_90__grid_1p0.grib,2021-08,2021,8,z,m**2 s**-2,5401.008789321576,4236.3515625,6674.7265625
z950,cds__era5_pl_monthly__ERA5__reanalysis__z950__950hPa__monthly__2021-2021__m09__NH0_90__grid_1p0.grib,2021-09,2021,9,z,m**2 s**-2,5409.967540191294,4232.0625,6400.9375
z950,cds__era5_pl_monthly__ERA5__reanalysis__z950__950hPa__monthly__2021-2021__m10__NH0_90__grid_1p0.grib,2021-10,2021,10,z,m**2 s**-2,5419.783477630445,3737.919189453125,6445.5439453125
z950,cds__era5_pl_monthly__ERA5__reanalysis__z950__950hPa__monthly__2021-2021__m11__NH0_90__grid_1p0.grib,2021-11,2021,11,z,m**2 s**-2,5413.383082419381,3842.074951171875,6903.0751953125
z950,cds__era5_pl_monthly__ERA5__reanalysis__z950__950hPa__monthly__2021-2021__m12__NH0_90__grid_1p0.grib,2021-12,2021,12,z,m**2 s**-2,5409.7153888839475,3613.796142578125,7035.2958984375
z950,cds__era5_pl_monthly__ERA5__reanalysis__z950__950hPa__monthly__2022-2022__m01__NH0_90__grid_1p0.grib,2022-01,2022,1,z,m**2 s**-2,5372.332542557896,3351.213134765625,6600.087890625
z950,cds__era5_pl_monthly__ERA5__reanalysis__z950__950hPa__monthly__2022-2022__m02__NH0_90__grid_1p0.grib,2022-02,2022,2,z,m**2 s**-2,5410.221602538734,2713.28173828125,6738.78173828125
z950,cds__era5_pl_monthly__ERA5__reanalysis__z950__950hPa__monthly__2022-2022__m03__NH0_90__grid_1p0.grib,2022-03,2022,3,z,m**2 s**-2,5374.365585628813,3530.6044921875,6590.8544921875
z950,cds__era5_pl_monthly__ERA5__reanalysis__z950__950hPa__monthly__2022-2022__m04__NH0_90__grid_1p0.grib,2022-04,2022,4,z,m**2 s**-2,5376.9001795575805,4226.4296875,6520.0546875
z950,cds__era5_pl_monthly__ERA5__reanalysis__z950__950hPa__monthly__2022-2022__m05__NH0_90__grid_1p0.grib,2022-05,2022,5,z,m**2 s**-2,5369.0701667676685,4404.17578125,6440.80078125
z950,cds__era5_pl_monthly__ERA5__reanalysis__z950__950hPa__monthly__2022-2022__m06__NH0_90__grid_1p0.grib,2022-06,2022,6,z,m**2 s**-2,5338.196291842376,4252.8125,6519.5625
z950,cds__era5_pl_monthly__ERA5__reanalysis__z950__950hPa__monthly__2022-2022__m07__NH0_90__grid_1p0.grib,2022-07,2022,7,z,m**2 s**-2,5368.308545457888,3995.668212890625,6804.29296875
z950,cds__era5_pl_monthly__ERA5__reanalysis__z950__950hPa__monthly__2022-2022__m08__NH0_90__grid_1p0.grib,2022-08,2022,8,z,m**2 s**-2,5359.0171531221595,4259.2734375,6284.7734375
z950,cds__era5_pl_monthly__ERA5__reanalysis__z950__950hPa__monthly__2022-2022__m09__NH0_90__grid_1p0.grib,2022-09,2022,9,z,m**2 s**-2,5366.998252723645,4078.816650390625,6234.94140625
z950,cds__era5_pl_monthly__ERA5__reanalysis__z950__950hPa__monthly__2022-2022__m10__NH0_90__grid_1p0.grib,2022-10,2022,10,z,m**2 s**-2,5426.745940035781,3972.8388671875,6775.5888671875
z950,cds__era5_pl_monthly__ERA5__reanalysis__z950__950hPa__monthly__2022-2022__m11__NH0_90__grid_1p0.grib,2022-11,2022,11,z,m**2 s**-2,5439.440922173358,2761.3955078125,6937.6455078125
z950,cds__era5_pl_monthly__ERA5__reanalysis__z950__950hPa__monthly__2022-2022__m12__NH0_90__grid_1p0.grib,2022-12,2022,12,z,m**2 s**-2,5461.156339426127,3854.774169921875,7061.5244140625
z950,cds__era5_pl_monthly__ERA5__reanalysis__z950__950hPa__monthly__2023-2023__m01__NH0_90__grid_1p0.grib,2023-01,2023,1,z,m**2 s**-2,5429.466898186884,3242.81494140625,6786.06494140625
z950,cds__era5_pl_monthly__ERA5__reanalysis__z950__950hPa__monthly__2023-2023__m02__NH0_90__grid_1p0.grib,2023-02,2023,2,z,m**2 s**-2,5432.911708611434,3268.751708984375,6739.501953125
z950,cds__era5_pl_monthly__ERA5__reanalysis__z950__950hPa__monthly__2023-2023__m03__NH0_90__grid_1p0.grib,2023-03,2023,3,z,m**2 s**-2,5352.534301062081,3457.990966796875,6435.8662109375
z950,cds__era5_pl_monthly__ERA5__reanalysis__z950__950hPa__monthly__2023-2023__m04__NH0_90__grid_1p0.grib,2023-04,2023,4,z,m**2 s**-2,5385.611704956642,4086.4423828125,6338.1923828125
z950,cds__era5_pl_monthly__ERA5__reanalysis__z950__950hPa__monthly__2023-2023__m05__NH0_90__grid_1p0.grib,2023-05,2023,5,z,m**2 s**-2,5410.832251709126,3950.220703125,6279.595703125
z950,cds__era5_pl_monthly__ERA5__reanalysis__z950__950hPa__monthly__2023-2023__m06__NH0_90__grid_1p0.grib,2023-06,2023,6,z,m**2 s**-2,5317.730210888845,4149.4453125,6468.3828125
z950,cds__era5_pl_monthly__ERA5__reanalysis__z950__950hPa__monthly__2023-2023__m07__NH0_90__grid_1p0.grib,2023-07,2023,7,z,m**2 s**-2,5387.174821207247,4069.414794921875,6593.4150390625
z950,cds__era5_pl_monthly__ERA5__reanalysis__z950__950hPa__monthly__2023-2023__m08__NH0_90__grid_1p0.grib,2023-08,2023,8,z,m**2 s**-2,5379.09813493074,4315.4765625,6404.8515625
z950,cds__era5_pl_monthly__ERA5__reanalysis__z950__950hPa__monthly__2023-2023__m09__NH0_90__grid_1p0.grib,2023-09,2023,9,z,m**2 s**-2,5372.473099946567,4099.50390625,6383.62890625
z950,cds__era5_pl_monthly__ERA5__reanalysis__z950__950hPa__monthly__2023-2023__m10__NH0_90__grid_1p0.grib,2023-10,2023,10,z,m**2 s**-2,5352.565309895125,3820.11181640625,6712.23681640625
z950,cds__era5_pl_monthly__ERA5__reanalysis__z950__950hPa__monthly__2023-2023__m11__NH0_90__grid_1p0.grib,2023-11,2023,11,z,m**2 s**-2,5374.951515064707,3729.2626953125,7000.2626953125
z950,cds__era5_pl_monthly__ERA5__reanalysis__z950__950hPa__monthly__2023-2023__m12__NH0_90__grid_1p0.grib,2023-12,2023,12,z,m**2 s**-2,5415.854582587855,3399.357666015625,7065.107421875
z950,cds__era5_pl_monthly__ERA5__reanalysis__z950__950hPa__monthly__2024-2024__m01__NH0_90__grid_1p0.grib,2024-01,2024,1,z,m**2 s**-2,5364.891203838851,3582.25830078125,6659.75830078125
z950,cds__era5_pl_monthly__ERA5__reanalysis__z950__950hPa__monthly__2024-2024__m02__NH0_90__grid_1p0.grib,2024-02,2024,2,z,m**2 s**-2,5413.706652077572,3541.3681640625,6597.2431640625
z950,cds__era5_pl_monthly__ERA5__reanalysis__z950__950hPa__monthly__2024-2024__m03__NH0_90__grid_1p0.grib,2024-03,2024,3,z,m**2 s**-2,5372.318121480566,4059.097412109375,6467.22265625
z950,cds__era5_pl_monthly__ERA5__reanalysis__z950__950hPa__monthly__2024-2024__m04__NH0_90__grid_1p0.grib,2024-04,2024,4,z,m**2 s**-2,5388.434215162876,4491.078125,6518.953125
z950,cds__era5_pl_monthly__ERA5__reanalysis__z950__950hPa__monthly__2024-2024__m05__NH0_90__grid_1p0.grib,2024-05,2024,5,z,m**2 s**-2,5388.706491823511,4502.1796875,6573.0546875
z950,cds__era5_pl_monthly__ERA5__reanalysis__z950__950hPa__monthly__2024-2024__m06__NH0_90__grid_1p0.grib,2024-06,2024,6,z,m**2 s**-2,5332.73821954955,4294.30859375,6390.43359375
z950,cds__era5_pl_monthly__ERA5__reanalysis__z950__950hPa__monthly__2024-2024__m07__NH0_90__grid_1p0.grib,2024-07,2024,7,z,m**2 s**-2,5322.1815321431395,3836.993408203125,6644.6181640625
z950,cds__era5_pl_monthly__ERA5__reanalysis__z950__950hPa__monthly__2024-2024__m08__NH0_90__grid_1p0.grib,2024-08,2024,8,z,m**2 s**-2,5340.629992100646,3598.8037109375,6445.1787109375
z950,cds__era5_pl_monthly__ERA5__reanalysis__z950__950hPa__monthly__2024-2024__m09__NH0_90__grid_1p0.grib,2024-09,2024,9,z,m**2 s**-2,5381.606622507475,4126.40234375,6505.65234375
z950,cds__era5_pl_monthly__ERA5__reanalysis__z950__950hPa__monthly__2024-2024__m10__NH0_90__grid_1p0.grib,2024-10,2024,10,z,m**2 s**-2,5416.60076739392,3844.333251953125,6536.9580078125
z950,cds__era5_pl_monthly__ERA5__reanalysis__z950__950hPa__monthly__2024-2024__m11__NH0_90__grid_1p0.grib,2024-11,2024,11,z,m**2 s**-2,5417.90705083728,3606.244140625,6817.744140625
z950,cds__era5_pl_monthly__ERA5__reanalysis__z950__950hPa__monthly__2024-2024__m12__NH0_90__grid_1p0.grib,2024-12,2024,12,z,m**2 s**-2,5404.600659001143,2791.3662109375,7021.7412109375
z950,cds__era5_pl_monthly__ERA5__reanalysis__z950__950hPa__monthly__2025-2025__m01__NH0_90__grid_1p0.grib,2025-01,2025,1,z,m**2 s**-2,5424.830467620407,3774.138671875,6900.138671875
z950,cds__era5_pl_monthly__ERA5__reanalysis__z950__950hPa__monthly__2025-2025__m02__NH0_90__grid_1p0.grib,2025-02,2025,2,z,m**2 s**-2,5415.85942736324,3129.15625,6654.40625
z950,cds__era5_pl_monthly__ERA5__reanalysis__z950__950hPa__monthly__2025-2025__m03__NH0_90__grid_1p0.grib,2025-03,2025,3,z,m**2 s**-2,5368.743254860145,3787.149658203125,6423.1494140625
z950,cds__era5_pl_monthly__ERA5__reanalysis__z950__950hPa__monthly__2025-2025__m04__NH0_90__grid_1p0.grib,2025-04,2025,4,z,m**2 s**-2,5386.741109450352,4157.28125,6555.65625
z950,cds__era5_pl_monthly__ERA5__reanalysis__z950__950hPa__monthly__2025-2025__m05__NH0_90__grid_1p0.grib,2025-05,2025,5,z,m**2 s**-2,5374.293025699183,4361.4453125,6454.6953125
z950,cds__era5_pl_monthly__ERA5__reanalysis__z950__950hPa__monthly__2025-2025__m06__NH0_90__grid_1p0.grib,2025-06,2025,6,z,m**2 s**-2,5350.707582628128,4224.5703125,6640.1953125
z950,cds__era5_pl_monthly__ERA5__reanalysis__z950__950hPa__monthly__2025-2025__m07__NH0_90__grid_1p0.grib,2025-07,2025,7,z,m**2 s**-2,5341.37413405325,3822.84326171875,6592.59326171875
z950,cds__era5_pl_monthly__ERA5__reanalysis__z950__950hPa__monthly__2025-2025__m08__NH0_90__grid_1p0.grib,2025-08,2025,8,z,m**2 s**-2,5406.333218981478,4239.33203125,6362.45703125
z950,cds__era5_pl_monthly__ERA5__reanalysis__z950__950hPa__monthly__2025-2025__m09__NH0_90__grid_1p0.grib,2025-09,2025,9,z,m**2 s**-2,5406.379116475201,4123.22265625,6356.59765625
z950,cds__era5_pl_monthly__ERA5__reanalysis__z950__950hPa__monthly__2025-2025__m10__NH0_90__grid_1p0.grib,2025-10,2025,10,z,m**2 s**-2,5431.111525281597,4018.020263671875,6604.0205078125
z950,cds__era5_pl_monthly__ERA5__reanalysis__z950__950hPa__monthly__2025-2025__m11__NH0_90__grid_1p0.grib,2025-11,2025,11,z,m**2 s**-2,5401.756960013586,3746.0556640625,6847.5556640625
z950,cds__era5_pl_monthly__ERA5__reanalysis__z950__950hPa__monthly__2025-2025__m12__NH0_90__grid_1p0.grib,2025-12,2025,12,z,m**2 s**-2,5377.01610647884,3568.348876953125,6846.5986328125
