scanned_at_utc,root,filename,absolute_path,size_bytes,mtime_epoch
2026-04-15T12:26:19Z,/mnt/e/last-aticol/data/raw/era5/single-levels/2m_temperature/monthly,cds__era5_sl_monthly__ERA5__reanalysis__t2m__surface__monthly__2000-2000__m01__NH0_90__grid_1p0.grib,/mnt/e/last-aticol/data/raw/era5/single-levels/2m_temperature/monthly/cds__era5_sl_monthly__ERA5__reanalysis__t2m__surface__monthly__2000-2000__m01__NH0_90__grid_1p0.grib,65628,1776177045
2026-04-15T12:26:19Z,/mnt/e/last-aticol/data/raw/era5/single-levels/2m_temperature/monthly,cds__era5_sl_monthly__ERA5__reanalysis__t2m__surface__monthly__2000-2000__m02__NH0_90__grid_1p0.grib,/mnt/e/last-aticol/data/raw/era5/single-levels/2m_temperature/monthly/cds__era5_sl_monthly__ERA5__reanalysis__t2m__surface__monthly__2000-2000__m02__NH0_90__grid_1p0.grib,65628,1776177077
2026-04-15T12:26:19Z,/mnt/e/last-aticol/data/raw/era5/single-levels/2m_temperature/monthly,cds__era5_sl_monthly__ERA5__reanalysis__t2m__surface__monthly__2000-2000__m03__NH0_90__grid_1p0.grib,/mnt/e/last-aticol/data/raw/era5/single-levels/2m_temperature/monthly/cds__era5_sl_monthly__ERA5__reanalysis__t2m__surface__monthly__2000-2000__m03__NH0_90__grid_1p0.grib,65628,1776177149
2026-04-15T12:26:19Z,/mnt/e/last-aticol/data/raw/era5/single-levels/2m_temperature/monthly,cds__era5_sl_monthly__ERA5__reanalysis__t2m__surface__monthly__2000-2000__m04__NH0_90__grid_1p0.grib,/mnt/e/last-aticol/data/raw/era5/single-levels/2m_temperature/monthly/cds__era5_sl_monthly__ERA5__reanalysis__t2m__surface__monthly__2000-2000__m04__NH0_90__grid_1p0.grib,65628,1776177182
2026-04-15T12:26:19Z,/mnt/e/last-aticol/data/raw/era5/single-levels/2m_temperature/monthly,cds__era5_sl_monthly__ERA5__reanalysis__t2m__surface__monthly__2000-2000__m05__NH0_90__grid_1p0.grib,/mnt/e/last-aticol/data/raw/era5/single-levels/2m_temperature/monthly/cds__era5_sl_monthly__ERA5__reanalysis__t2m__surface__monthly__2000-2000__m05__NH0_90__grid_1p0.grib,65628,1776177204
2026-04-15T12:26:19Z,/mnt/e/last-aticol/data/raw/era5/single-levels/2m_temperature/monthly,cds__era5_sl_monthly__ERA5__reanalysis__t2m__surface__monthly__2000-2000__m06__NH0_90__grid_1p0.grib,/mnt/e/last-aticol/data/raw/era5/single-levels/2m_temperature/monthly/cds__era5_sl_monthly__ERA5__reanalysis__t2m__surface__monthly__2000-2000__m06__NH0_90__grid_1p0.grib,65628,1776177227
2026-04-15T12:26:19Z,/mnt/e/last-aticol/data/raw/era5/single-levels/2m_temperature/monthly,cds__era5_sl_monthly__ERA5__reanalysis__t2m__surface__monthly__2000-2000__m07__NH0_90__grid_1p0.grib,/mnt/e/last-aticol/data/raw/era5/single-levels/2m_temperature/monthly/cds__era5_sl_monthly__ERA5__reanalysis__t2m__surface__monthly__2000-2000__m07__NH0_90__grid_1p0.grib,65628,1776177242
2026-04-15T12:26:19Z,/mnt/e/last-aticol/data/raw/era5/single-levels/2m_temperature/monthly,cds__era5_sl_monthly__ERA5__reanalysis__t2m__surface__monthly__2000-2000__m08__NH0_90__grid_1p0.grib,/mnt/e/last-aticol/data/raw/era5/single-levels/2m_temperature/monthly/cds__era5_sl_monthly__ERA5__reanalysis__t2m__surface__monthly__2000-2000__m08__NH0_90__grid_1p0.grib,65628,1776177264
2026-04-15T12:26:19Z,/mnt/e/last-aticol/data/raw/era5/single-levels/2m_temperature/monthly,cds__era5_sl_monthly__ERA5__reanalysis__t2m__surface__monthly__2000-2000__m09__NH0_90__grid_1p0.grib,/mnt/e/last-aticol/data/raw/era5/single-levels/2m_temperature/monthly/cds__era5_sl_monthly__ERA5__reanalysis__t2m__surface__monthly__2000-2000__m09__NH0_90__grid_1p0.grib,65628,1776177287
2026-04-15T12:26:19Z,/mnt/e/last-aticol/data/raw/era5/single-levels/2m_temperature/monthly,cds__era5_sl_monthly__ERA5__reanalysis__t2m__surface__monthly__2000-2000__m10__NH0_90__grid_1p0.grib,/mnt/e/last-aticol/data/raw/era5/single-levels/2m_temperature/monthly/cds__era5_sl_monthly__ERA5__reanalysis__t2m__surface__monthly__2000-2000__m10__NH0_90__grid_1p0.grib,65628,1776177320
2026-04-15T12:26:19Z,/mnt/e/last-aticol/data/raw/era5/single-levels/2m_temperature/monthly,cds__era5_sl_monthly__ERA5__reanalysis__t2m__surface__monthly__2000-2000__m11__NH0_90__grid_1p0.grib,/mnt/e/last-aticol/data/raw/era5/single-levels/2m_temperature/monthly/cds__era5_sl_monthly__ERA5__reanalysis__t2m__surface__monthly__2000-2000__m11__NH0_90__grid_1p0.grib,65628,1776177352
2026-04-15T12:26:19Z,/mnt/e/last-aticol/data/raw/era5/single-levels/2m_temperature/monthly,cds__era5_sl_monthly__ERA5__reanalysis__t2m__surface__monthly__2000-2000__m12__NH0_90__grid_1p0.grib,/mnt/e/last-aticol/data/raw/era5/single-levels/2m_temperature/monthly/cds__era5_sl_monthly__ERA5__reanalysis__t2m__surface__monthly__2000-2000__m12__NH0_90__grid_1p0.grib,65628,1776177384
2026-04-15T12:26:19Z,/mnt/e/last-aticol/data/raw/era5/single-levels/2m_temperature/monthly,cds__era5_sl_monthly__ERA5__reanalysis__t2m__surface__monthly__2001-2001__m01__NH0_90__grid_1p0.grib,/mnt/e/last-aticol/data/raw/era5/single-levels/2m_temperature/monthly/cds__era5_sl_monthly__ERA5__reanalysis__t2m__surface__monthly__2001-2001__m01__NH0_90__grid_1p0.grib,65628,1776177407
2026-04-15T12:26:19Z,/mnt/e/last-aticol/data/raw/era5/single-levels/2m_temperature/monthly,cds__era5_sl_monthly__ERA5__reanalysis__t2m__surface__monthly__2001-2001__m02__NH0_90__grid_1p0.grib,/mnt/e/last-aticol/data/raw/era5/single-levels/2m_temperature/monthly/cds__era5_sl_monthly__ERA5__reanalysis__t2m__surface__monthly__2001-2001__m02__NH0_90__grid_1p0.grib,65628,1776177429
2026-04-15T12:26:19Z,/mnt/e/last-aticol/data/raw/era5/single-levels/2m_temperature/monthly,cds__era5_sl_monthly__ERA5__reanalysis__t2m__surface__monthly__2001-2001__m03__NH0_90__grid_1p0.grib,/mnt/e/last-aticol/data/raw/era5/single-levels/2m_temperature/monthly/cds__era5_sl_monthly__ERA5__reanalysis__t2m__surface__monthly__2001-2001__m03__NH0_90__grid_1p0.grib,65628,1776177536
2026-04-15T12:26:19Z,/mnt/e/last-aticol/data/raw/era5/single-levels/2m_temperature/monthly,cds__era5_sl_monthly__ERA5__reanalysis__t2m__surface__monthly__2001-2001__m04__NH0_90__grid_1p0.grib,/mnt/e/last-aticol/data/raw/era5/single-levels/2m_temperature/monthly/cds__era5_sl_monthly__ERA5__reanalysis__t2m__surface__monthly__2001-2001__m04__NH0_90__grid_1p0.grib,65628,1776177550
2026-04-15T12:26:19Z,/mnt/e/last-aticol/data/raw/era5/single-levels/2m_temperature/monthly,cds__era5_sl_monthly__ERA5__reanalysis__t2m__surface__monthly__2001-2001__m05__NH0_90__grid_1p0.grib,/mnt/e/last-aticol/data/raw/era5/single-levels/2m_temperature/monthly/cds__era5_sl_monthly__ERA5__reanalysis__t2m__surface__monthly__2001-2001__m05__NH0_90__grid_1p0.grib,65628,1776177573
2026-04-15T12:26:19Z,/mnt/e/last-aticol/data/raw/era5/single-levels/2m_temperature/monthly,cds__era5_sl_monthly__ERA5__reanalysis__t2m__surface__monthly__2001-2001__m06__NH0_90__grid_1p0.grib,/mnt/e/last-aticol/data/raw/era5/single-levels/2m_temperature/monthly/cds__era5_sl_monthly__ERA5__reanalysis__t2m__surface__monthly__2001-2001__m06__NH0_90__grid_1p0.grib,65628,1776177595
2026-04-15T12:26:19Z,/mnt/e/last-aticol/data/raw/era5/single-levels/2m_temperature/monthly,cds__era5_sl_monthly__ERA5__reanalysis__t2m__surface__monthly__2001-2001__m07__NH0_90__grid_1p0.grib,/mnt/e/last-aticol/data/raw/era5/single-levels/2m_temperature/monthly/cds__era5_sl_monthly__ERA5__reanalysis__t2m__surface__monthly__2001-2001__m07__NH0_90__grid_1p0.grib,65628,1776177628
2026-04-15T12:26:19Z,/mnt/e/last-aticol/data/raw/era5/single-levels/2m_temperature/monthly,cds__era5_sl_monthly__ERA5__reanalysis__t2m__surface__monthly__2001-2001__m08__NH0_90__grid_1p0.grib,/mnt/e/last-aticol/data/raw/era5/single-levels/2m_temperature/monthly/cds__era5_sl_monthly__ERA5__reanalysis__t2m__surface__monthly__2001-2001__m08__NH0_90__grid_1p0.grib,65628,1776177642
2026-04-15T12:26:19Z,/mnt/e/last-aticol/data/raw/era5/single-levels/2m_temperature/monthly,cds__era5_sl_monthly__ERA5__reanalysis__t2m__surface__monthly__2001-2001__m09__NH0_90__grid_1p0.grib,/mnt/e/last-aticol/data/raw/era5/single-levels/2m_temperature/monthly/cds__era5_sl_monthly__ERA5__reanalysis__t2m__surface__monthly__2001-2001__m09__NH0_90__grid_1p0.grib,65628,1776177664
2026-04-15T12:26:19Z,/mnt/e/last-aticol/data/raw/era5/single-levels/2m_temperature/monthly,cds__era5_sl_monthly__ERA5__reanalysis__t2m__surface__monthly__2001-2001__m10__NH0_90__grid_1p0.grib,/mnt/e/last-aticol/data/raw/era5/single-levels/2m_temperature/monthly/cds__era5_sl_monthly__ERA5__reanalysis__t2m__surface__monthly__2001-2001__m10__NH0_90__grid_1p0.grib,65628,1776177686
2026-04-15T12:26:19Z,/mnt/e/last-aticol/data/raw/era5/single-levels/2m_temperature/monthly,cds__era5_sl_monthly__ERA5__reanalysis__t2m__surface__monthly__2001-2001__m11__NH0_90__grid_1p0.grib,/mnt/e/last-aticol/data/raw/era5/single-levels/2m_temperature/monthly/cds__era5_sl_monthly__ERA5__reanalysis__t2m__surface__monthly__2001-2001__m11__NH0_90__grid_1p0.grib,65628,1776177876
2026-04-15T12:26:19Z,/mnt/e/last-aticol/data/raw/era5/single-levels/2m_temperature/monthly,cds__era5_sl_monthly__ERA5__reanalysis__t2m__surface__monthly__2001-2001__m12__NH0_90__grid_1p0.grib,/mnt/e/last-aticol/data/raw/era5/single-levels/2m_temperature/monthly/cds__era5_sl_monthly__ERA5__reanalysis__t2m__surface__monthly__2001-2001__m12__NH0_90__grid_1p0.grib,65628,1776177924
2026-04-15T12:26:19Z,/mnt/e/last-aticol/data/raw/era5/single-levels/2m_temperature/monthly,cds__era5_sl_monthly__ERA5__reanalysis__t2m__surface__monthly__2002-2002__m01__NH0_90__grid_1p0.grib,/mnt/e/last-aticol/data/raw/era5/single-levels/2m_temperature/monthly/cds__era5_sl_monthly__ERA5__reanalysis__t2m__surface__monthly__2002-2002__m01__NH0_90__grid_1p0.grib,65628,1776177947
2026-04-15T12:26:19Z,/mnt/e/last-aticol/data/raw/era5/single-levels/2m_temperature/monthly,cds__era5_sl_monthly__ERA5__reanalysis__t2m__surface__monthly__2002-2002__m02__NH0_90__grid_1p0.grib,/mnt/e/last-aticol/data/raw/era5/single-levels/2m_temperature/monthly/cds__era5_sl_monthly__ERA5__reanalysis__t2m__surface__monthly__2002-2002__m02__NH0_90__grid_1p0.grib,65628,1776177969
2026-04-15T12:26:19Z,/mnt/e/last-aticol/data/raw/era5/single-levels/2m_temperature/monthly,cds__era5_sl_monthly__ERA5__reanalysis__t2m__surface__monthly__2002-2002__m03__NH0_90__grid_1p0.grib,/mnt/e/last-aticol/data/raw/era5/single-levels/2m_temperature/monthly/cds__era5_sl_monthly__ERA5__reanalysis__t2m__surface__monthly__2002-2002__m03__NH0_90__grid_1p0.grib,65628,1776177991
2026-04-15T12:26:19Z,/mnt/e/last-aticol/data/raw/era5/single-levels/2m_temperature/monthly,cds__era5_sl_monthly__ERA5__reanalysis__t2m__surface__monthly__2002-2002__m04__NH0_90__grid_1p0.grib,/mnt/e/last-aticol/data/raw/era5/single-levels/2m_temperature/monthly/cds__era5_sl_monthly__ERA5__reanalysis__t2m__surface__monthly__2002-2002__m04__NH0_90__grid_1p0.grib,65628,1776178013
2026-04-15T12:26:19Z,/mnt/e/last-aticol/data/raw/era5/single-levels/2m_temperature/monthly,cds__era5_sl_monthly__ERA5__reanalysis__t2m__surface__monthly__2002-2002__m05__NH0_90__grid_1p0.grib,/mnt/e/last-aticol/data/raw/era5/single-levels/2m_temperature/monthly/cds__era5_sl_monthly__ERA5__reanalysis__t2m__surface__monthly__2002-2002__m05__NH0_90__grid_1p0.grib,65628,1776178034
2026-04-15T12:26:19Z,/mnt/e/last-aticol/data/raw/era5/single-levels/2m_temperature/monthly,cds__era5_sl_monthly__ERA5__reanalysis__t2m__surface__monthly__2002-2002__m06__NH0_90__grid_1p0.grib,/mnt/e/last-aticol/data/raw/era5/single-levels/2m_temperature/monthly/cds__era5_sl_monthly__ERA5__reanalysis__t2m__surface__monthly__2002-2002__m06__NH0_90__grid_1p0.grib,65628,1776178049
2026-04-15T12:26:19Z,/mnt/e/last-aticol/data/raw/era5/single-levels/2m_temperature/monthly,cds__era5_sl_monthly__ERA5__reanalysis__t2m__surface__monthly__2002-2002__m07__NH0_90__grid_1p0.grib,/mnt/e/last-aticol/data/raw/era5/single-levels/2m_temperature/monthly/cds__era5_sl_monthly__ERA5__reanalysis__t2m__surface__monthly__2002-2002__m07__NH0_90__grid_1p0.grib,65628,1776178064
2026-04-15T12:26:19Z,/mnt/e/last-aticol/data/raw/era5/single-levels/2m_temperature/monthly,cds__era5_sl_monthly__ERA5__reanalysis__t2m__surface__monthly__2002-2002__m08__NH0_90__grid_1p0.grib,/mnt/e/last-aticol/data/raw/era5/single-levels/2m_temperature/monthly/cds__era5_sl_monthly__ERA5__reanalysis__t2m__surface__monthly__2002-2002__m08__NH0_90__grid_1p0.grib,65628,1776178079
2026-04-15T12:26:19Z,/mnt/e/last-aticol/data/raw/era5/single-levels/2m_temperature/monthly,cds__era5_sl_monthly__ERA5__reanalysis__t2m__surface__monthly__2002-2002__m09__NH0_90__grid_1p0.grib,/mnt/e/last-aticol/data/raw/era5/single-levels/2m_temperature/monthly/cds__era5_sl_monthly__ERA5__reanalysis__t2m__surface__monthly__2002-2002__m09__NH0_90__grid_1p0.grib,65628,1776178101
2026-04-15T12:26:19Z,/mnt/e/last-aticol/data/raw/era5/single-levels/2m_temperature/monthly,cds__era5_sl_monthly__ERA5__reanalysis__t2m__surface__monthly__2002-2002__m10__NH0_90__grid_1p0.grib,/mnt/e/last-aticol/data/raw/era5/single-levels/2m_temperature/monthly/cds__era5_sl_monthly__ERA5__reanalysis__t2m__surface__monthly__2002-2002__m10__NH0_90__grid_1p0.grib,65628,1776178123
2026-04-15T12:26:19Z,/mnt/e/last-aticol/data/raw/era5/single-levels/2m_temperature/monthly,cds__era5_sl_monthly__ERA5__reanalysis__t2m__surface__monthly__2002-2002__m11__NH0_90__grid_1p0.grib,/mnt/e/last-aticol/data/raw/era5/single-levels/2m_temperature/monthly/cds__era5_sl_monthly__ERA5__reanalysis__t2m__surface__monthly__2002-2002__m11__NH0_90__grid_1p0.grib,65628,1776178145
2026-04-15T12:26:19Z,/mnt/e/last-aticol/data/raw/era5/single-levels/2m_temperature/monthly,cds__era5_sl_monthly__ERA5__reanalysis__t2m__surface__monthly__2002-2002__m12__NH0_90__grid_1p0.grib,/mnt/e/last-aticol/data/raw/era5/single-levels/2m_temperature/monthly/cds__era5_sl_monthly__ERA5__reanalysis__t2m__surface__monthly__2002-2002__m12__NH0_90__grid_1p0.grib,65628,1776178167
2026-04-15T12:26:19Z,/mnt/e/last-aticol/data/raw/era5/single-levels/2m_temperature/monthly,cds__era5_sl_monthly__ERA5__reanalysis__t2m__surface__monthly__2003-2003__m01__NH0_90__grid_1p0.grib,/mnt/e/last-aticol/data/raw/era5/single-levels/2m_temperature/monthly/cds__era5_sl_monthly__ERA5__reanalysis__t2m__surface__monthly__2003-2003__m01__NH0_90__grid_1p0.grib,65628,1776178200
2026-04-15T12:26:19Z,/mnt/e/last-aticol/data/raw/era5/single-levels/2m_temperature/monthly,cds__era5_sl_monthly__ERA5__reanalysis__t2m__surface__monthly__2003-2003__m02__NH0_90__grid_1p0.grib,/mnt/e/last-aticol/data/raw/era5/single-levels/2m_temperature/monthly/cds__era5_sl_monthly__ERA5__reanalysis__t2m__surface__monthly__2003-2003__m02__NH0_90__grid_1p0.grib,65628,1776178215
2026-04-15T12:26:19Z,/mnt/e/last-aticol/data/raw/era5/single-levels/2m_temperature/monthly,cds__era5_sl_monthly__ERA5__reanalysis__t2m__surface__monthly__2003-2003__m03__NH0_90__grid_1p0.grib,/mnt/e/last-aticol/data/raw/era5/single-levels/2m_temperature/monthly/cds__era5_sl_monthly__ERA5__reanalysis__t2m__surface__monthly__2003-2003__m03__NH0_90__grid_1p0.grib,65628,1776178237
2026-04-15T12:26:19Z,/mnt/e/last-aticol/data/raw/era5/single-levels/2m_temperature/monthly,cds__era5_sl_monthly__ERA5__reanalysis__t2m__surface__monthly__2003-2003__m04__NH0_90__grid_1p0.grib,/mnt/e/last-aticol/data/raw/era5/single-levels/2m_temperature/monthly/cds__era5_sl_monthly__ERA5__reanalysis__t2m__surface__monthly__2003-2003__m04__NH0_90__grid_1p0.grib,65628,1776178259
2026-04-15T12:26:19Z,/mnt/e/last-aticol/data/raw/era5/single-levels/2m_temperature/monthly,cds__era5_sl_monthly__ERA5__reanalysis__t2m__surface__monthly__2003-2003__m05__NH0_90__grid_1p0.grib,/mnt/e/last-aticol/data/raw/era5/single-levels/2m_temperature/monthly/cds__era5_sl_monthly__ERA5__reanalysis__t2m__surface__monthly__2003-2003__m05__NH0_90__grid_1p0.grib,65628,1776178274
2026-04-15T12:26:19Z,/mnt/e/last-aticol/data/raw/era5/single-levels/2m_temperature/monthly,cds__era5_sl_monthly__ERA5__reanalysis__t2m__surface__monthly__2003-2003__m06__NH0_90__grid_1p0.grib,/mnt/e/last-aticol/data/raw/era5/single-levels/2m_temperature/monthly/cds__era5_sl_monthly__ERA5__reanalysis__t2m__surface__monthly__2003-2003__m06__NH0_90__grid_1p0.grib,65628,1776178296
2026-04-15T12:26:19Z,/mnt/e/last-aticol/data/raw/era5/single-levels/2m_temperature/monthly,cds__era5_sl_monthly__ERA5__reanalysis__t2m__surface__monthly__2003-2003__m07__NH0_90__grid_1p0.grib,/mnt/e/last-aticol/data/raw/era5/single-levels/2m_temperature/monthly/cds__era5_sl_monthly__ERA5__reanalysis__t2m__surface__monthly__2003-2003__m07__NH0_90__grid_1p0.grib,65628,1776178318
2026-04-15T12:26:19Z,/mnt/e/last-aticol/data/raw/era5/single-levels/2m_temperature/monthly,cds__era5_sl_monthly__ERA5__reanalysis__t2m__surface__monthly__2003-2003__m08__NH0_90__grid_1p0.grib,/mnt/e/last-aticol/data/raw/era5/single-levels/2m_temperature/monthly/cds__era5_sl_monthly__ERA5__reanalysis__t2m__surface__monthly__2003-2003__m08__NH0_90__grid_1p0.grib,65628,1776178340
2026-04-15T12:26:19Z,/mnt/e/last-aticol/data/raw/era5/single-levels/2m_temperature/monthly,cds__era5_sl_monthly__ERA5__reanalysis__t2m__surface__monthly__2003-2003__m09__NH0_90__grid_1p0.grib,/mnt/e/last-aticol/data/raw/era5/single-levels/2m_temperature/monthly/cds__era5_sl_monthly__ERA5__reanalysis__t2m__surface__monthly__2003-2003__m09__NH0_90__grid_1p0.grib,65628,1776178362
2026-04-15T12:26:20Z,/mnt/e/last-aticol/data/raw/era5/single-levels/2m_temperature/monthly,cds__era5_sl_monthly__ERA5__reanalysis__t2m__surface__monthly__2003-2003__m10__NH0_90__grid_1p0.grib,/mnt/e/last-aticol/data/raw/era5/single-levels/2m_temperature/monthly/cds__era5_sl_monthly__ERA5__reanalysis__t2m__surface__monthly__2003-2003__m10__NH0_90__grid_1p0.grib,65628,1776178385
2026-04-15T12:26:20Z,/mnt/e/last-aticol/data/raw/era5/single-levels/2m_temperature/monthly,cds__era5_sl_monthly__ERA5__reanalysis__t2m__surface__monthly__2003-2003__m11__NH0_90__grid_1p0.grib,/mnt/e/last-aticol/data/raw/era5/single-levels/2m_temperature/monthly/cds__era5_sl_monthly__ERA5__reanalysis__t2m__surface__monthly__2003-2003__m11__NH0_90__grid_1p0.grib,65628,1776178407
2026-04-15T12:26:20Z,/mnt/e/last-aticol/data/raw/era5/single-levels/2m_temperature/monthly,cds__era5_sl_monthly__ERA5__reanalysis__t2m__surface__monthly__2003-2003__m12__NH0_90__grid_1p0.grib,/mnt/e/last-aticol/data/raw/era5/single-levels/2m_temperature/monthly/cds__era5_sl_monthly__ERA5__reanalysis__t2m__surface__monthly__2003-2003__m12__NH0_90__grid_1p0.grib,65628,1776178429
2026-04-15T12:26:20Z,/mnt/e/last-aticol/data/raw/era5/single-levels/2m_temperature/monthly,cds__era5_sl_monthly__ERA5__reanalysis__t2m__surface__monthly__2004-2004__m01__NH0_90__grid_1p0.grib,/mnt/e/last-aticol/data/raw/era5/single-levels/2m_temperature/monthly/cds__era5_sl_monthly__ERA5__reanalysis__t2m__surface__monthly__2004-2004__m01__NH0_90__grid_1p0.grib,65628,1776178451
2026-04-15T12:26:20Z,/mnt/e/last-aticol/data/raw/era5/single-levels/2m_temperature/monthly,cds__era5_sl_monthly__ERA5__reanalysis__t2m__surface__monthly__2004-2004__m02__NH0_90__grid_1p0.grib,/mnt/e/last-aticol/data/raw/era5/single-levels/2m_temperature/monthly/cds__era5_sl_monthly__ERA5__reanalysis__t2m__surface__monthly__2004-2004__m02__NH0_90__grid_1p0.grib,65628,1776178473
2026-04-15T12:26:20Z,/mnt/e/last-aticol/data/raw/era5/single-levels/2m_temperature/monthly,cds__era5_sl_monthly__ERA5__reanalysis__t2m__surface__monthly__2004-2004__m03__NH0_90__grid_1p0.grib,/mnt/e/last-aticol/data/raw/era5/single-levels/2m_temperature/monthly/cds__era5_sl_monthly__ERA5__reanalysis__t2m__surface__monthly__2004-2004__m03__NH0_90__grid_1p0.grib,65628,1776178495
2026-04-15T12:26:20Z,/mnt/e/last-aticol/data/raw/era5/single-levels/2m_temperature/monthly,cds__era5_sl_monthly__ERA5__reanalysis__t2m__surface__monthly__2004-2004__m04__NH0_90__grid_1p0.grib,/mnt/e/last-aticol/data/raw/era5/single-levels/2m_temperature/monthly/cds__era5_sl_monthly__ERA5__reanalysis__t2m__surface__monthly__2004-2004__m04__NH0_90__grid_1p0.grib,65628,1776178510
2026-04-15T12:26:20Z,/mnt/e/last-aticol/data/raw/era5/single-levels/2m_temperature/monthly,cds__era5_sl_monthly__ERA5__reanalysis__t2m__surface__monthly__2004-2004__m05__NH0_90__grid_1p0.grib,/mnt/e/last-aticol/data/raw/era5/single-levels/2m_temperature/monthly/cds__era5_sl_monthly__ERA5__reanalysis__t2m__surface__monthly__2004-2004__m05__NH0_90__grid_1p0.grib,65628,1776178532
2026-04-15T12:26:20Z,/mnt/e/last-aticol/data/raw/era5/single-levels/2m_temperature/monthly,cds__era5_sl_monthly__ERA5__reanalysis__t2m__surface__monthly__2004-2004__m06__NH0_90__grid_1p0.grib,/mnt/e/last-aticol/data/raw/era5/single-levels/2m_temperature/monthly/cds__era5_sl_monthly__ERA5__reanalysis__t2m__surface__monthly__2004-2004__m06__NH0_90__grid_1p0.grib,65628,1776178554
2026-04-15T12:26:20Z,/mnt/e/last-aticol/data/raw/era5/single-levels/2m_temperature/monthly,cds__era5_sl_monthly__ERA5__reanalysis__t2m__surface__monthly__2004-2004__m07__NH0_90__grid_1p0.grib,/mnt/e/last-aticol/data/raw/era5/single-levels/2m_temperature/monthly/cds__era5_sl_monthly__ERA5__reanalysis__t2m__surface__monthly__2004-2004__m07__NH0_90__grid_1p0.grib,65628,1776178570
2026-04-15T12:26:20Z,/mnt/e/last-aticol/data/raw/era5/single-levels/2m_temperature/monthly,cds__era5_sl_monthly__ERA5__reanalysis__t2m__surface__monthly__2004-2004__m08__NH0_90__grid_1p0.grib,/mnt/e/last-aticol/data/raw/era5/single-levels/2m_temperature/monthly/cds__era5_sl_monthly__ERA5__reanalysis__t2m__surface__monthly__2004-2004__m08__NH0_90__grid_1p0.grib,65628,1776178749
2026-04-15T12:26:20Z,/mnt/e/last-aticol/data/raw/era5/single-levels/2m_temperature/monthly,cds__era5_sl_monthly__ERA5__reanalysis__t2m__surface__monthly__2004-2004__m09__NH0_90__grid_1p0.grib,/mnt/e/last-aticol/data/raw/era5/single-levels/2m_temperature/monthly/cds__era5_sl_monthly__ERA5__reanalysis__t2m__surface__monthly__2004-2004__m09__NH0_90__grid_1p0.grib,65628,1776178782
2026-04-15T12:26:20Z,/mnt/e/last-aticol/data/raw/era5/single-levels/2m_temperature/monthly,cds__era5_sl_monthly__ERA5__reanalysis__t2m__surface__monthly__2004-2004__m10__NH0_90__grid_1p0.grib,/mnt/e/last-aticol/data/raw/era5/single-levels/2m_temperature/monthly/cds__era5_sl_monthly__ERA5__reanalysis__t2m__surface__monthly__2004-2004__m10__NH0_90__grid_1p0.grib,65628,1776178804
2026-04-15T12:26:20Z,/mnt/e/last-aticol/data/raw/era5/single-levels/2m_temperature/monthly,cds__era5_sl_monthly__ERA5__reanalysis__t2m__surface__monthly__2004-2004__m11__NH0_90__grid_1p0.grib,/mnt/e/last-aticol/data/raw/era5/single-levels/2m_temperature/monthly/cds__era5_sl_monthly__ERA5__reanalysis__t2m__surface__monthly__2004-2004__m11__NH0_90__grid_1p0.grib,65628,1776178828
2026-04-15T12:26:20Z,/mnt/e/last-aticol/data/raw/era5/single-levels/2m_temperature/monthly,cds__era5_sl_monthly__ERA5__reanalysis__t2m__surface__monthly__2004-2004__m12__NH0_90__grid_1p0.grib,/mnt/e/last-aticol/data/raw/era5/single-levels/2m_temperature/monthly/cds__era5_sl_monthly__ERA5__reanalysis__t2m__surface__monthly__2004-2004__m12__NH0_90__grid_1p0.grib,65628,1776178850
2026-04-15T12:26:20Z,/mnt/e/last-aticol/data/raw/era5/single-levels/2m_temperature/monthly,cds__era5_sl_monthly__ERA5__reanalysis__t2m__surface__monthly__2005-2005__m01__NH0_90__grid_1p0.grib,/mnt/e/last-aticol/data/raw/era5/single-levels/2m_temperature/monthly/cds__era5_sl_monthly__ERA5__reanalysis__t2m__surface__monthly__2005-2005__m01__NH0_90__grid_1p0.grib,65628,1776178904
2026-04-15T12:26:20Z,/mnt/e/last-aticol/data/raw/era5/single-levels/2m_temperature/monthly,cds__era5_sl_monthly__ERA5__reanalysis__t2m__surface__monthly__2005-2005__m02__NH0_90__grid_1p0.grib,/mnt/e/last-aticol/data/raw/era5/single-levels/2m_temperature/monthly/cds__era5_sl_monthly__ERA5__reanalysis__t2m__surface__monthly__2005-2005__m02__NH0_90__grid_1p0.grib,65628,1776178926
2026-04-15T12:26:20Z,/mnt/e/last-aticol/data/raw/era5/single-levels/2m_temperature/monthly,cds__era5_sl_monthly__ERA5__reanalysis__t2m__surface__monthly__2005-2005__m03__NH0_90__grid_1p0.grib,/mnt/e/last-aticol/data/raw/era5/single-levels/2m_temperature/monthly/cds__era5_sl_monthly__ERA5__reanalysis__t2m__surface__monthly__2005-2005__m03__NH0_90__grid_1p0.grib,65628,1776178948
2026-04-15T12:26:20Z,/mnt/e/last-aticol/data/raw/era5/single-levels/2m_temperature/monthly,cds__era5_sl_monthly__ERA5__reanalysis__t2m__surface__monthly__2005-2005__m04__NH0_90__grid_1p0.grib,/mnt/e/last-aticol/data/raw/era5/single-levels/2m_temperature/monthly/cds__era5_sl_monthly__ERA5__reanalysis__t2m__surface__monthly__2005-2005__m04__NH0_90__grid_1p0.grib,65628,1776178981
2026-04-15T12:26:20Z,/mnt/e/last-aticol/data/raw/era5/single-levels/2m_temperature/monthly,cds__era5_sl_monthly__ERA5__reanalysis__t2m__surface__monthly__2005-2005__m05__NH0_90__grid_1p0.grib,/mnt/e/last-aticol/data/raw/era5/single-levels/2m_temperature/monthly/cds__era5_sl_monthly__ERA5__reanalysis__t2m__surface__monthly__2005-2005__m05__NH0_90__grid_1p0.grib,65628,1776179003
2026-04-15T12:26:20Z,/mnt/e/last-aticol/data/raw/era5/single-levels/2m_temperature/monthly,cds__era5_sl_monthly__ERA5__reanalysis__t2m__surface__monthly__2005-2005__m06__NH0_90__grid_1p0.grib,/mnt/e/last-aticol/data/raw/era5/single-levels/2m_temperature/monthly/cds__era5_sl_monthly__ERA5__reanalysis__t2m__surface__monthly__2005-2005__m06__NH0_90__grid_1p0.grib,65628,1776179025
2026-04-15T12:26:20Z,/mnt/e/last-aticol/data/raw/era5/single-levels/2m_temperature/monthly,cds__era5_sl_monthly__ERA5__reanalysis__t2m__surface__monthly__2005-2005__m07__NH0_90__grid_1p0.grib,/mnt/e/last-aticol/data/raw/era5/single-levels/2m_temperature/monthly/cds__era5_sl_monthly__ERA5__reanalysis__t2m__surface__monthly__2005-2005__m07__NH0_90__grid_1p0.grib,65628,1776179058
2026-04-15T12:26:20Z,/mnt/e/last-aticol/data/raw/era5/single-levels/2m_temperature/monthly,cds__era5_sl_monthly__ERA5__reanalysis__t2m__surface__monthly__2005-2005__m08__NH0_90__grid_1p0.grib,/mnt/e/last-aticol/data/raw/era5/single-levels/2m_temperature/monthly/cds__era5_sl_monthly__ERA5__reanalysis__t2m__surface__monthly__2005-2005__m08__NH0_90__grid_1p0.grib,65628,1776179090
2026-04-15T12:26:20Z,/mnt/e/last-aticol/data/raw/era5/single-levels/2m_temperature/monthly,cds__era5_sl_monthly__ERA5__reanalysis__t2m__surface__monthly__2005-2005__m09__NH0_90__grid_1p0.grib,/mnt/e/last-aticol/data/raw/era5/single-levels/2m_temperature/monthly/cds__era5_sl_monthly__ERA5__reanalysis__t2m__surface__monthly__2005-2005__m09__NH0_90__grid_1p0.grib,65628,1776179112
2026-04-15T12:26:20Z,/mnt/e/last-aticol/data/raw/era5/single-levels/2m_temperature/monthly,cds__era5_sl_monthly__ERA5__reanalysis__t2m__surface__monthly__2005-2005__m10__NH0_90__grid_1p0.grib,/mnt/e/last-aticol/data/raw/era5/single-levels/2m_temperature/monthly/cds__era5_sl_monthly__ERA5__reanalysis__t2m__surface__monthly__2005-2005__m10__NH0_90__grid_1p0.grib,65628,1776179134
2026-04-15T12:26:20Z,/mnt/e/last-aticol/data/raw/era5/single-levels/2m_temperature/monthly,cds__era5_sl_monthly__ERA5__reanalysis__t2m__surface__monthly__2005-2005__m11__NH0_90__grid_1p0.grib,/mnt/e/last-aticol/data/raw/era5/single-levels/2m_temperature/monthly/cds__era5_sl_monthly__ERA5__reanalysis__t2m__surface__monthly__2005-2005__m11__NH0_90__grid_1p0.grib,65628,1776179167
2026-04-15T12:26:20Z,/mnt/e/last-aticol/data/raw/era5/single-levels/2m_temperature/monthly,cds__era5_sl_monthly__ERA5__reanalysis__t2m__surface__monthly__2005-2005__m12__NH0_90__grid_1p0.grib,/mnt/e/last-aticol/data/raw/era5/single-levels/2m_temperature/monthly/cds__era5_sl_monthly__ERA5__reanalysis__t2m__surface__monthly__2005-2005__m12__NH0_90__grid_1p0.grib,65628,1776179190
2026-04-15T12:26:20Z,/mnt/e/last-aticol/data/raw/era5/single-levels/2m_temperature/monthly,cds__era5_sl_monthly__ERA5__reanalysis__t2m__surface__monthly__2006-2006__m01__NH0_90__grid_1p0.grib,/mnt/e/last-aticol/data/raw/era5/single-levels/2m_temperature/monthly/cds__era5_sl_monthly__ERA5__reanalysis__t2m__surface__monthly__2006-2006__m01__NH0_90__grid_1p0.grib,65628,1776179213
2026-04-15T12:26:20Z,/mnt/e/last-aticol/data/raw/era5/single-levels/2m_temperature/monthly,cds__era5_sl_monthly__ERA5__reanalysis__t2m__surface__monthly__2006-2006__m02__NH0_90__grid_1p0.grib,/mnt/e/last-aticol/data/raw/era5/single-levels/2m_temperature/monthly/cds__era5_sl_monthly__ERA5__reanalysis__t2m__surface__monthly__2006-2006__m02__NH0_90__grid_1p0.grib,65628,1776179235
2026-04-15T12:26:20Z,/mnt/e/last-aticol/data/raw/era5/single-levels/2m_temperature/monthly,cds__era5_sl_monthly__ERA5__reanalysis__t2m__surface__monthly__2006-2006__m03__NH0_90__grid_1p0.grib,/mnt/e/last-aticol/data/raw/era5/single-levels/2m_temperature/monthly/cds__era5_sl_monthly__ERA5__reanalysis__t2m__surface__monthly__2006-2006__m03__NH0_90__grid_1p0.grib,65628,1776179257
2026-04-15T12:26:20Z,/mnt/e/last-aticol/data/raw/era5/single-levels/2m_temperature/monthly,cds__era5_sl_monthly__ERA5__reanalysis__t2m__surface__monthly__2006-2006__m04__NH0_90__grid_1p0.grib,/mnt/e/last-aticol/data/raw/era5/single-levels/2m_temperature/monthly/cds__era5_sl_monthly__ERA5__reanalysis__t2m__surface__monthly__2006-2006__m04__NH0_90__grid_1p0.grib,65628,1776179364
2026-04-15T12:26:20Z,/mnt/e/last-aticol/data/raw/era5/single-levels/2m_temperature/monthly,cds__era5_sl_monthly__ERA5__reanalysis__t2m__surface__monthly__2006-2006__m05__NH0_90__grid_1p0.grib,/mnt/e/last-aticol/data/raw/era5/single-levels/2m_temperature/monthly/cds__era5_sl_monthly__ERA5__reanalysis__t2m__surface__monthly__2006-2006__m05__NH0_90__grid_1p0.grib,65628,1776179397
2026-04-15T12:26:20Z,/mnt/e/last-aticol/data/raw/era5/single-levels/2m_temperature/monthly,cds__era5_sl_monthly__ERA5__reanalysis__t2m__surface__monthly__2006-2006__m06__NH0_90__grid_1p0.grib,/mnt/e/last-aticol/data/raw/era5/single-levels/2m_temperature/monthly/cds__era5_sl_monthly__ERA5__reanalysis__t2m__surface__monthly__2006-2006__m06__NH0_90__grid_1p0.grib,65628,1776179419
2026-04-15T12:26:20Z,/mnt/e/last-aticol/data/raw/era5/single-levels/2m_temperature/monthly,cds__era5_sl_monthly__ERA5__reanalysis__t2m__surface__monthly__2006-2006__m07__NH0_90__grid_1p0.grib,/mnt/e/last-aticol/data/raw/era5/single-levels/2m_temperature/monthly/cds__era5_sl_monthly__ERA5__reanalysis__t2m__surface__monthly__2006-2006__m07__NH0_90__grid_1p0.grib,65628,1776179451
2026-04-15T12:26:20Z,/mnt/e/last-aticol/data/raw/era5/single-levels/2m_temperature/monthly,cds__era5_sl_monthly__ERA5__reanalysis__t2m__surface__monthly__2006-2006__m08__NH0_90__grid_1p0.grib,/mnt/e/last-aticol/data/raw/era5/single-levels/2m_temperature/monthly/cds__era5_sl_monthly__ERA5__reanalysis__t2m__surface__monthly__2006-2006__m08__NH0_90__grid_1p0.grib,65628,1776179473
2026-04-15T12:26:20Z,/mnt/e/last-aticol/data/raw/era5/single-levels/2m_temperature/monthly,cds__era5_sl_monthly__ERA5__reanalysis__t2m__surface__monthly__2006-2006__m09__NH0_90__grid_1p0.grib,/mnt/e/last-aticol/data/raw/era5/single-levels/2m_temperature/monthly/cds__era5_sl_monthly__ERA5__reanalysis__t2m__surface__monthly__2006-2006__m09__NH0_90__grid_1p0.grib,65628,1776179495
2026-04-15T12:26:20Z,/mnt/e/last-aticol/data/raw/era5/single-levels/2m_temperature/monthly,cds__era5_sl_monthly__ERA5__reanalysis__t2m__surface__monthly__2006-2006__m10__NH0_90__grid_1p0.grib,/mnt/e/last-aticol/data/raw/era5/single-levels/2m_temperature/monthly/cds__era5_sl_monthly__ERA5__reanalysis__t2m__surface__monthly__2006-2006__m10__NH0_90__grid_1p0.grib,65628,1776179741
2026-04-15T12:26:20Z,/mnt/e/last-aticol/data/raw/era5/single-levels/2m_temperature/monthly,cds__era5_sl_monthly__ERA5__reanalysis__t2m__surface__monthly__2006-2006__m11__NH0_90__grid_1p0.grib,/mnt/e/last-aticol/data/raw/era5/single-levels/2m_temperature/monthly/cds__era5_sl_monthly__ERA5__reanalysis__t2m__surface__monthly__2006-2006__m11__NH0_90__grid_1p0.grib,65628,1776179763
2026-04-15T12:26:20Z,/mnt/e/last-aticol/data/raw/era5/single-levels/2m_temperature/monthly,cds__era5_sl_monthly__ERA5__reanalysis__t2m__surface__monthly__2006-2006__m12__NH0_90__grid_1p0.grib,/mnt/e/last-aticol/data/raw/era5/single-levels/2m_temperature/monthly/cds__era5_sl_monthly__ERA5__reanalysis__t2m__surface__monthly__2006-2006__m12__NH0_90__grid_1p0.grib,65628,1776179795
2026-04-15T12:26:20Z,/mnt/e/last-aticol/data/raw/era5/single-levels/2m_temperature/monthly,cds__era5_sl_monthly__ERA5__reanalysis__t2m__surface__monthly__2007-2007__m01__NH0_90__grid_1p0.grib,/mnt/e/last-aticol/data/raw/era5/single-levels/2m_temperature/monthly/cds__era5_sl_monthly__ERA5__reanalysis__t2m__surface__monthly__2007-2007__m01__NH0_90__grid_1p0.grib,65628,1776179818
2026-04-15T12:26:20Z,/mnt/e/last-aticol/data/raw/era5/single-levels/2m_temperature/monthly,cds__era5_sl_monthly__ERA5__reanalysis__t2m__surface__monthly__2007-2007__m02__NH0_90__grid_1p0.grib,/mnt/e/last-aticol/data/raw/era5/single-levels/2m_temperature/monthly/cds__era5_sl_monthly__ERA5__reanalysis__t2m__surface__monthly__2007-2007__m02__NH0_90__grid_1p0.grib,65628,1776179840
2026-04-15T12:26:20Z,/mnt/e/last-aticol/data/raw/era5/single-levels/2m_temperature/monthly,cds__era5_sl_monthly__ERA5__reanalysis__t2m__surface__monthly__2007-2007__m03__NH0_90__grid_1p0.grib,/mnt/e/last-aticol/data/raw/era5/single-levels/2m_temperature/monthly/cds__era5_sl_monthly__ERA5__reanalysis__t2m__surface__monthly__2007-2007__m03__NH0_90__grid_1p0.grib,65628,1776179862
2026-04-15T12:26:20Z,/mnt/e/last-aticol/data/raw/era5/single-levels/2m_temperature/monthly,cds__era5_sl_monthly__ERA5__reanalysis__t2m__surface__monthly__2007-2007__m04__NH0_90__grid_1p0.grib,/mnt/e/last-aticol/data/raw/era5/single-levels/2m_temperature/monthly/cds__era5_sl_monthly__ERA5__reanalysis__t2m__surface__monthly__2007-2007__m04__NH0_90__grid_1p0.grib,65628,1776179877
2026-04-15T12:26:20Z,/mnt/e/last-aticol/data/raw/era5/single-levels/2m_temperature/monthly,cds__era5_sl_monthly__ERA5__reanalysis__t2m__surface__monthly__2007-2007__m05__NH0_90__grid_1p0.grib,/mnt/e/last-aticol/data/raw/era5/single-levels/2m_temperature/monthly/cds__era5_sl_monthly__ERA5__reanalysis__t2m__surface__monthly__2007-2007__m05__NH0_90__grid_1p0.grib,65628,1776179892
2026-04-15T12:26:20Z,/mnt/e/last-aticol/data/raw/era5/single-levels/2m_temperature/monthly,cds__era5_sl_monthly__ERA5__reanalysis__t2m__surface__monthly__2007-2007__m06__NH0_90__grid_1p0.grib,/mnt/e/last-aticol/data/raw/era5/single-levels/2m_temperature/monthly/cds__era5_sl_monthly__ERA5__reanalysis__t2m__surface__monthly__2007-2007__m06__NH0_90__grid_1p0.grib,65628,1776179907
2026-04-15T12:26:20Z,/mnt/e/last-aticol/data/raw/era5/single-levels/2m_temperature/monthly,cds__era5_sl_monthly__ERA5__reanalysis__t2m__surface__monthly__2007-2007__m07__NH0_90__grid_1p0.grib,/mnt/e/last-aticol/data/raw/era5/single-levels/2m_temperature/monthly/cds__era5_sl_monthly__ERA5__reanalysis__t2m__surface__monthly__2007-2007__m07__NH0_90__grid_1p0.grib,65628,1776179939
2026-04-15T12:26:20Z,/mnt/e/last-aticol/data/raw/era5/single-levels/2m_temperature/monthly,cds__era5_sl_monthly__ERA5__reanalysis__t2m__surface__monthly__2007-2007__m08__NH0_90__grid_1p0.grib,/mnt/e/last-aticol/data/raw/era5/single-levels/2m_temperature/monthly/cds__era5_sl_monthly__ERA5__reanalysis__t2m__surface__monthly__2007-2007__m08__NH0_90__grid_1p0.grib,65628,1776179971
2026-04-15T12:26:20Z,/mnt/e/last-aticol/data/raw/era5/single-levels/2m_temperature/monthly,cds__era5_sl_monthly__ERA5__reanalysis__t2m__surface__monthly__2007-2007__m09__NH0_90__grid_1p0.grib,/mnt/e/last-aticol/data/raw/era5/single-levels/2m_temperature/monthly/cds__era5_sl_monthly__ERA5__reanalysis__t2m__surface__monthly__2007-2007__m09__NH0_90__grid_1p0.grib,65628,1776180004
2026-04-15T12:26:20Z,/mnt/e/last-aticol/data/raw/era5/single-levels/2m_temperature/monthly,cds__era5_sl_monthly__ERA5__reanalysis__t2m__surface__monthly__2007-2007__m10__NH0_90__grid_1p0.grib,/mnt/e/last-aticol/data/raw/era5/single-levels/2m_temperature/monthly/cds__era5_sl_monthly__ERA5__reanalysis__t2m__surface__monthly__2007-2007__m10__NH0_90__grid_1p0.grib,65628,1776180026
2026-04-15T12:26:20Z,/mnt/e/last-aticol/data/raw/era5/single-levels/2m_temperature/monthly,cds__era5_sl_monthly__ERA5__reanalysis__t2m__surface__monthly__2007-2007__m11__NH0_90__grid_1p0.grib,/mnt/e/last-aticol/data/raw/era5/single-levels/2m_temperature/monthly/cds__era5_sl_monthly__ERA5__reanalysis__t2m__surface__monthly__2007-2007__m11__NH0_90__grid_1p0.grib,65628,1776180041
2026-04-15T12:26:20Z,/mnt/e/last-aticol/data/raw/era5/single-levels/2m_temperature/monthly,cds__era5_sl_monthly__ERA5__reanalysis__t2m__surface__monthly__2007-2007__m12__NH0_90__grid_1p0.grib,/mnt/e/last-aticol/data/raw/era5/single-levels/2m_temperature/monthly/cds__era5_sl_monthly__ERA5__reanalysis__t2m__surface__monthly__2007-2007__m12__NH0_90__grid_1p0.grib,65628,1776180064
2026-04-15T12:26:20Z,/mnt/e/last-aticol/data/raw/era5/single-levels/2m_temperature/monthly,cds__era5_sl_monthly__ERA5__reanalysis__t2m__surface__monthly__2008-2008__m01__NH0_90__grid_1p0.grib,/mnt/e/last-aticol/data/raw/era5/single-levels/2m_temperature/monthly/cds__era5_sl_monthly__ERA5__reanalysis__t2m__surface__monthly__2008-2008__m01__NH0_90__grid_1p0.grib,65628,1776180086
2026-04-15T12:26:20Z,/mnt/e/last-aticol/data/raw/era5/single-levels/2m_temperature/monthly,cds__era5_sl_monthly__ERA5__reanalysis__t2m__surface__monthly__2008-2008__m02__NH0_90__grid_1p0.grib,/mnt/e/last-aticol/data/raw/era5/single-levels/2m_temperature/monthly/cds__era5_sl_monthly__ERA5__reanalysis__t2m__surface__monthly__2008-2008__m02__NH0_90__grid_1p0.grib,65628,1776180108
2026-04-15T12:26:20Z,/mnt/e/last-aticol/data/raw/era5/single-levels/2m_temperature/monthly,cds__era5_sl_monthly__ERA5__reanalysis__t2m__surface__monthly__2008-2008__m03__NH0_90__grid_1p0.grib,/mnt/e/last-aticol/data/raw/era5/single-levels/2m_temperature/monthly/cds__era5_sl_monthly__ERA5__reanalysis__t2m__surface__monthly__2008-2008__m03__NH0_90__grid_1p0.grib,65628,1776180132
2026-04-15T12:26:20Z,/mnt/e/last-aticol/data/raw/era5/single-levels/2m_temperature/monthly,cds__era5_sl_monthly__ERA5__reanalysis__t2m__surface__monthly__2008-2008__m04__NH0_90__grid_1p0.grib,/mnt/e/last-aticol/data/raw/era5/single-levels/2m_temperature/monthly/cds__era5_sl_monthly__ERA5__reanalysis__t2m__surface__monthly__2008-2008__m04__NH0_90__grid_1p0.grib,65628,1776180155
2026-04-15T12:26:20Z,/mnt/e/last-aticol/data/raw/era5/single-levels/2m_temperature/monthly,cds__era5_sl_monthly__ERA5__reanalysis__t2m__surface__monthly__2008-2008__m05__NH0_90__grid_1p0.grib,/mnt/e/last-aticol/data/raw/era5/single-levels/2m_temperature/monthly/cds__era5_sl_monthly__ERA5__reanalysis__t2m__surface__monthly__2008-2008__m05__NH0_90__grid_1p0.grib,65628,1776180178
2026-04-15T12:26:20Z,/mnt/e/last-aticol/data/raw/era5/single-levels/2m_temperature/monthly,cds__era5_sl_monthly__ERA5__reanalysis__t2m__surface__monthly__2008-2008__m06__NH0_90__grid_1p0.grib,/mnt/e/last-aticol/data/raw/era5/single-levels/2m_temperature/monthly/cds__era5_sl_monthly__ERA5__reanalysis__t2m__surface__monthly__2008-2008__m06__NH0_90__grid_1p0.grib,65628,1776180211
2026-04-15T12:26:20Z,/mnt/e/last-aticol/data/raw/era5/single-levels/2m_temperature/monthly,cds__era5_sl_monthly__ERA5__reanalysis__t2m__surface__monthly__2008-2008__m07__NH0_90__grid_1p0.grib,/mnt/e/last-aticol/data/raw/era5/single-levels/2m_temperature/monthly/cds__era5_sl_monthly__ERA5__reanalysis__t2m__surface__monthly__2008-2008__m07__NH0_90__grid_1p0.grib,65628,1776180233
2026-04-15T12:26:20Z,/mnt/e/last-aticol/data/raw/era5/single-levels/2m_temperature/monthly,cds__era5_sl_monthly__ERA5__reanalysis__t2m__surface__monthly__2008-2008__m08__NH0_90__grid_1p0.grib,/mnt/e/last-aticol/data/raw/era5/single-levels/2m_temperature/monthly/cds__era5_sl_monthly__ERA5__reanalysis__t2m__surface__monthly__2008-2008__m08__NH0_90__grid_1p0.grib,65628,1776180255
2026-04-15T12:26:20Z,/mnt/e/last-aticol/data/raw/era5/single-levels/2m_temperature/monthly,cds__era5_sl_monthly__ERA5__reanalysis__t2m__surface__monthly__2008-2008__m09__NH0_90__grid_1p0.grib,/mnt/e/last-aticol/data/raw/era5/single-levels/2m_temperature/monthly/cds__era5_sl_monthly__ERA5__reanalysis__t2m__surface__monthly__2008-2008__m09__NH0_90__grid_1p0.grib,65628,1776180270
2026-04-15T12:26:20Z,/mnt/e/last-aticol/data/raw/era5/single-levels/2m_temperature/monthly,cds__era5_sl_monthly__ERA5__reanalysis__t2m__surface__monthly__2008-2008__m10__NH0_90__grid_1p0.grib,/mnt/e/last-aticol/data/raw/era5/single-levels/2m_temperature/monthly/cds__era5_sl_monthly__ERA5__reanalysis__t2m__surface__monthly__2008-2008__m10__NH0_90__grid_1p0.grib,65628,1776180291
2026-04-15T12:26:20Z,/mnt/e/last-aticol/data/raw/era5/single-levels/2m_temperature/monthly,cds__era5_sl_monthly__ERA5__reanalysis__t2m__surface__monthly__2008-2008__m11__NH0_90__grid_1p0.grib,/mnt/e/last-aticol/data/raw/era5/single-levels/2m_temperature/monthly/cds__era5_sl_monthly__ERA5__reanalysis__t2m__surface__monthly__2008-2008__m11__NH0_90__grid_1p0.grib,65628,1776180324
2026-04-15T12:26:20Z,/mnt/e/last-aticol/data/raw/era5/single-levels/2m_temperature/monthly,cds__era5_sl_monthly__ERA5__reanalysis__t2m__surface__monthly__2008-2008__m12__NH0_90__grid_1p0.grib,/mnt/e/last-aticol/data/raw/era5/single-levels/2m_temperature/monthly/cds__era5_sl_monthly__ERA5__reanalysis__t2m__surface__monthly__2008-2008__m12__NH0_90__grid_1p0.grib,65628,1776180346
2026-04-15T12:26:20Z,/mnt/e/last-aticol/data/raw/era5/single-levels/2m_temperature/monthly,cds__era5_sl_monthly__ERA5__reanalysis__t2m__surface__monthly__2009-2009__m01__NH0_90__grid_1p0.grib,/mnt/e/last-aticol/data/raw/era5/single-levels/2m_temperature/monthly/cds__era5_sl_monthly__ERA5__reanalysis__t2m__surface__monthly__2009-2009__m01__NH0_90__grid_1p0.grib,65628,1776180368
2026-04-15T12:26:20Z,/mnt/e/last-aticol/data/raw/era5/single-levels/2m_temperature/monthly,cds__era5_sl_monthly__ERA5__reanalysis__t2m__surface__monthly__2009-2009__m02__NH0_90__grid_1p0.grib,/mnt/e/last-aticol/data/raw/era5/single-levels/2m_temperature/monthly/cds__era5_sl_monthly__ERA5__reanalysis__t2m__surface__monthly__2009-2009__m02__NH0_90__grid_1p0.grib,65628,1776180390
2026-04-15T12:26:20Z,/mnt/e/last-aticol/data/raw/era5/single-levels/2m_temperature/monthly,cds__era5_sl_monthly__ERA5__reanalysis__t2m__surface__monthly__2009-2009__m03__NH0_90__grid_1p0.grib,/mnt/e/last-aticol/data/raw/era5/single-levels/2m_temperature/monthly/cds__era5_sl_monthly__ERA5__reanalysis__t2m__surface__monthly__2009-2009__m03__NH0_90__grid_1p0.grib,65628,1776180532
2026-04-15T12:26:20Z,/mnt/e/last-aticol/data/raw/era5/single-levels/2m_temperature/monthly,cds__era5_sl_monthly__ERA5__reanalysis__t2m__surface__monthly__2009-2009__m04__NH0_90__grid_1p0.grib,/mnt/e/last-aticol/data/raw/era5/single-levels/2m_temperature/monthly/cds__era5_sl_monthly__ERA5__reanalysis__t2m__surface__monthly__2009-2009__m04__NH0_90__grid_1p0.grib,65628,1776180565
2026-04-15T12:26:20Z,/mnt/e/last-aticol/data/raw/era5/single-levels/2m_temperature/monthly,cds__era5_sl_monthly__ERA5__reanalysis__t2m__surface__monthly__2009-2009__m05__NH0_90__grid_1p0.grib,/mnt/e/last-aticol/data/raw/era5/single-levels/2m_temperature/monthly/cds__era5_sl_monthly__ERA5__reanalysis__t2m__surface__monthly__2009-2009__m05__NH0_90__grid_1p0.grib,65628,1776180597
2026-04-15T12:26:20Z,/mnt/e/last-aticol/data/raw/era5/single-levels/2m_temperature/monthly,cds__era5_sl_monthly__ERA5__reanalysis__t2m__surface__monthly__2009-2009__m06__NH0_90__grid_1p0.grib,/mnt/e/last-aticol/data/raw/era5/single-levels/2m_temperature/monthly/cds__era5_sl_monthly__ERA5__reanalysis__t2m__surface__monthly__2009-2009__m06__NH0_90__grid_1p0.grib,65628,1776180620
2026-04-15T12:26:20Z,/mnt/e/last-aticol/data/raw/era5/single-levels/2m_temperature/monthly,cds__era5_sl_monthly__ERA5__reanalysis__t2m__surface__monthly__2009-2009__m07__NH0_90__grid_1p0.grib,/mnt/e/last-aticol/data/raw/era5/single-levels/2m_temperature/monthly/cds__era5_sl_monthly__ERA5__reanalysis__t2m__surface__monthly__2009-2009__m07__NH0_90__grid_1p0.grib,65628,1776180642
2026-04-15T12:26:20Z,/mnt/e/last-aticol/data/raw/era5/single-levels/2m_temperature/monthly,cds__era5_sl_monthly__ERA5__reanalysis__t2m__surface__monthly__2009-2009__m08__NH0_90__grid_1p0.grib,/mnt/e/last-aticol/data/raw/era5/single-levels/2m_temperature/monthly/cds__era5_sl_monthly__ERA5__reanalysis__t2m__surface__monthly__2009-2009__m08__NH0_90__grid_1p0.grib,65628,1776180664
2026-04-15T12:26:20Z,/mnt/e/last-aticol/data/raw/era5/single-levels/2m_temperature/monthly,cds__era5_sl_monthly__ERA5__reanalysis__t2m__surface__monthly__2009-2009__m09__NH0_90__grid_1p0.grib,/mnt/e/last-aticol/data/raw/era5/single-levels/2m_temperature/monthly/cds__era5_sl_monthly__ERA5__reanalysis__t2m__surface__monthly__2009-2009__m09__NH0_90__grid_1p0.grib,65628,1776180698
2026-04-15T12:26:20Z,/mnt/e/last-aticol/data/raw/era5/single-levels/2m_temperature/monthly,cds__era5_sl_monthly__ERA5__reanalysis__t2m__surface__monthly__2009-2009__m10__NH0_90__grid_1p0.grib,/mnt/e/last-aticol/data/raw/era5/single-levels/2m_temperature/monthly/cds__era5_sl_monthly__ERA5__reanalysis__t2m__surface__monthly__2009-2009__m10__NH0_90__grid_1p0.grib,65628,1776180730
2026-04-15T12:26:20Z,/mnt/e/last-aticol/data/raw/era5/single-levels/2m_temperature/monthly,cds__era5_sl_monthly__ERA5__reanalysis__t2m__surface__monthly__2009-2009__m11__NH0_90__grid_1p0.grib,/mnt/e/last-aticol/data/raw/era5/single-levels/2m_temperature/monthly/cds__era5_sl_monthly__ERA5__reanalysis__t2m__surface__monthly__2009-2009__m11__NH0_90__grid_1p0.grib,65628,1776180752
2026-04-15T12:26:20Z,/mnt/e/last-aticol/data/raw/era5/single-levels/2m_temperature/monthly,cds__era5_sl_monthly__ERA5__reanalysis__t2m__surface__monthly__2009-2009__m12__NH0_90__grid_1p0.grib,/mnt/e/last-aticol/data/raw/era5/single-levels/2m_temperature/monthly/cds__era5_sl_monthly__ERA5__reanalysis__t2m__surface__monthly__2009-2009__m12__NH0_90__grid_1p0.grib,65628,1776180774
2026-04-15T12:26:20Z,/mnt/e/last-aticol/data/raw/era5/single-levels/2m_temperature/monthly,cds__era5_sl_monthly__ERA5__reanalysis__t2m__surface__monthly__2010-2010__m01__NH0_90__grid_1p0.grib,/mnt/e/last-aticol/data/raw/era5/single-levels/2m_temperature/monthly/cds__era5_sl_monthly__ERA5__reanalysis__t2m__surface__monthly__2010-2010__m01__NH0_90__grid_1p0.grib,65628,1776180797
2026-04-15T12:26:20Z,/mnt/e/last-aticol/data/raw/era5/single-levels/2m_temperature/monthly,cds__era5_sl_monthly__ERA5__reanalysis__t2m__surface__monthly__2010-2010__m02__NH0_90__grid_1p0.grib,/mnt/e/last-aticol/data/raw/era5/single-levels/2m_temperature/monthly/cds__era5_sl_monthly__ERA5__reanalysis__t2m__surface__monthly__2010-2010__m02__NH0_90__grid_1p0.grib,65628,1776180819
2026-04-15T12:26:20Z,/mnt/e/last-aticol/data/raw/era5/single-levels/2m_temperature/monthly,cds__era5_sl_monthly__ERA5__reanalysis__t2m__surface__monthly__2010-2010__m03__NH0_90__grid_1p0.grib,/mnt/e/last-aticol/data/raw/era5/single-levels/2m_temperature/monthly/cds__era5_sl_monthly__ERA5__reanalysis__t2m__surface__monthly__2010-2010__m03__NH0_90__grid_1p0.grib,65628,1776180841
2026-04-15T12:26:20Z,/mnt/e/last-aticol/data/raw/era5/single-levels/2m_temperature/monthly,cds__era5_sl_monthly__ERA5__reanalysis__t2m__surface__monthly__2010-2010__m04__NH0_90__grid_1p0.grib,/mnt/e/last-aticol/data/raw/era5/single-levels/2m_temperature/monthly/cds__era5_sl_monthly__ERA5__reanalysis__t2m__surface__monthly__2010-2010__m04__NH0_90__grid_1p0.grib,65628,1776180863
2026-04-15T12:26:20Z,/mnt/e/last-aticol/data/raw/era5/single-levels/2m_temperature/monthly,cds__era5_sl_monthly__ERA5__reanalysis__t2m__surface__monthly__2010-2010__m05__NH0_90__grid_1p0.grib,/mnt/e/last-aticol/data/raw/era5/single-levels/2m_temperature/monthly/cds__era5_sl_monthly__ERA5__reanalysis__t2m__surface__monthly__2010-2010__m05__NH0_90__grid_1p0.grib,65628,1776180897
2026-04-15T12:26:20Z,/mnt/e/last-aticol/data/raw/era5/single-levels/2m_temperature/monthly,cds__era5_sl_monthly__ERA5__reanalysis__t2m__surface__monthly__2010-2010__m06__NH0_90__grid_1p0.grib,/mnt/e/last-aticol/data/raw/era5/single-levels/2m_temperature/monthly/cds__era5_sl_monthly__ERA5__reanalysis__t2m__surface__monthly__2010-2010__m06__NH0_90__grid_1p0.grib,65628,1776180919
2026-04-15T12:26:20Z,/mnt/e/last-aticol/data/raw/era5/single-levels/2m_temperature/monthly,cds__era5_sl_monthly__ERA5__reanalysis__t2m__surface__monthly__2010-2010__m07__NH0_90__grid_1p0.grib,/mnt/e/last-aticol/data/raw/era5/single-levels/2m_temperature/monthly/cds__era5_sl_monthly__ERA5__reanalysis__t2m__surface__monthly__2010-2010__m07__NH0_90__grid_1p0.grib,65628,1776180941
2026-04-15T12:26:20Z,/mnt/e/last-aticol/data/raw/era5/single-levels/2m_temperature/monthly,cds__era5_sl_monthly__ERA5__reanalysis__t2m__surface__monthly__2010-2010__m08__NH0_90__grid_1p0.grib,/mnt/e/last-aticol/data/raw/era5/single-levels/2m_temperature/monthly/cds__era5_sl_monthly__ERA5__reanalysis__t2m__surface__monthly__2010-2010__m08__NH0_90__grid_1p0.grib,65628,1776180963
2026-04-15T12:26:20Z,/mnt/e/last-aticol/data/raw/era5/single-levels/2m_temperature/monthly,cds__era5_sl_monthly__ERA5__reanalysis__t2m__surface__monthly__2010-2010__m09__NH0_90__grid_1p0.grib,/mnt/e/last-aticol/data/raw/era5/single-levels/2m_temperature/monthly/cds__era5_sl_monthly__ERA5__reanalysis__t2m__surface__monthly__2010-2010__m09__NH0_90__grid_1p0.grib,65628,1776180995
2026-04-15T12:26:20Z,/mnt/e/last-aticol/data/raw/era5/single-levels/2m_temperature/monthly,cds__era5_sl_monthly__ERA5__reanalysis__t2m__surface__monthly__2010-2010__m10__NH0_90__grid_1p0.grib,/mnt/e/last-aticol/data/raw/era5/single-levels/2m_temperature/monthly/cds__era5_sl_monthly__ERA5__reanalysis__t2m__surface__monthly__2010-2010__m10__NH0_90__grid_1p0.grib,65628,1776181017
2026-04-15T12:26:20Z,/mnt/e/last-aticol/data/raw/era5/single-levels/2m_temperature/monthly,cds__era5_sl_monthly__ERA5__reanalysis__t2m__surface__monthly__2010-2010__m11__NH0_90__grid_1p0.grib,/mnt/e/last-aticol/data/raw/era5/single-levels/2m_temperature/monthly/cds__era5_sl_monthly__ERA5__reanalysis__t2m__surface__monthly__2010-2010__m11__NH0_90__grid_1p0.grib,65628,1776181039
2026-04-15T12:26:20Z,/mnt/e/last-aticol/data/raw/era5/single-levels/2m_temperature/monthly,cds__era5_sl_monthly__ERA5__reanalysis__t2m__surface__monthly__2010-2010__m12__NH0_90__grid_1p0.grib,/mnt/e/last-aticol/data/raw/era5/single-levels/2m_temperature/monthly/cds__era5_sl_monthly__ERA5__reanalysis__t2m__surface__monthly__2010-2010__m12__NH0_90__grid_1p0.grib,65628,1776181072
2026-04-15T12:26:20Z,/mnt/e/last-aticol/data/raw/era5/single-levels/2m_temperature/monthly,cds__era5_sl_monthly__ERA5__reanalysis__t2m__surface__monthly__2011-2011__m01__NH0_90__grid_1p0.grib,/mnt/e/last-aticol/data/raw/era5/single-levels/2m_temperature/monthly/cds__era5_sl_monthly__ERA5__reanalysis__t2m__surface__monthly__2011-2011__m01__NH0_90__grid_1p0.grib,65628,1776181095
2026-04-15T12:26:20Z,/mnt/e/last-aticol/data/raw/era5/single-levels/2m_temperature/monthly,cds__era5_sl_monthly__ERA5__reanalysis__t2m__surface__monthly__2011-2011__m02__NH0_90__grid_1p0.grib,/mnt/e/last-aticol/data/raw/era5/single-levels/2m_temperature/monthly/cds__era5_sl_monthly__ERA5__reanalysis__t2m__surface__monthly__2011-2011__m02__NH0_90__grid_1p0.grib,65628,1776181117
2026-04-15T12:26:20Z,/mnt/e/last-aticol/data/raw/era5/single-levels/2m_temperature/monthly,cds__era5_sl_monthly__ERA5__reanalysis__t2m__surface__monthly__2011-2011__m03__NH0_90__grid_1p0.grib,/mnt/e/last-aticol/data/raw/era5/single-levels/2m_temperature/monthly/cds__era5_sl_monthly__ERA5__reanalysis__t2m__surface__monthly__2011-2011__m03__NH0_90__grid_1p0.grib,65628,1776181139
2026-04-15T12:26:20Z,/mnt/e/last-aticol/data/raw/era5/single-levels/2m_temperature/monthly,cds__era5_sl_monthly__ERA5__reanalysis__t2m__surface__monthly__2011-2011__m04__NH0_90__grid_1p0.grib,/mnt/e/last-aticol/data/raw/era5/single-levels/2m_temperature/monthly/cds__era5_sl_monthly__ERA5__reanalysis__t2m__surface__monthly__2011-2011__m04__NH0_90__grid_1p0.grib,65628,1776181161
2026-04-15T12:26:20Z,/mnt/e/last-aticol/data/raw/era5/single-levels/2m_temperature/monthly,cds__era5_sl_monthly__ERA5__reanalysis__t2m__surface__monthly__2011-2011__m05__NH0_90__grid_1p0.grib,/mnt/e/last-aticol/data/raw/era5/single-levels/2m_temperature/monthly/cds__era5_sl_monthly__ERA5__reanalysis__t2m__surface__monthly__2011-2011__m05__NH0_90__grid_1p0.grib,65628,1776181233
2026-04-15T12:26:20Z,/mnt/e/last-aticol/data/raw/era5/single-levels/2m_temperature/monthly,cds__era5_sl_monthly__ERA5__reanalysis__t2m__surface__monthly__2011-2011__m06__NH0_90__grid_1p0.grib,/mnt/e/last-aticol/data/raw/era5/single-levels/2m_temperature/monthly/cds__era5_sl_monthly__ERA5__reanalysis__t2m__surface__monthly__2011-2011__m06__NH0_90__grid_1p0.grib,65628,1776181255
2026-04-15T12:26:20Z,/mnt/e/last-aticol/data/raw/era5/single-levels/2m_temperature/monthly,cds__era5_sl_monthly__ERA5__reanalysis__t2m__surface__monthly__2011-2011__m07__NH0_90__grid_1p0.grib,/mnt/e/last-aticol/data/raw/era5/single-levels/2m_temperature/monthly/cds__era5_sl_monthly__ERA5__reanalysis__t2m__surface__monthly__2011-2011__m07__NH0_90__grid_1p0.grib,65628,1776181277
2026-04-15T12:26:20Z,/mnt/e/last-aticol/data/raw/era5/single-levels/2m_temperature/monthly,cds__era5_sl_monthly__ERA5__reanalysis__t2m__surface__monthly__2011-2011__m08__NH0_90__grid_1p0.grib,/mnt/e/last-aticol/data/raw/era5/single-levels/2m_temperature/monthly/cds__era5_sl_monthly__ERA5__reanalysis__t2m__surface__monthly__2011-2011__m08__NH0_90__grid_1p0.grib,65628,1776181300
2026-04-15T12:26:20Z,/mnt/e/last-aticol/data/raw/era5/single-levels/2m_temperature/monthly,cds__era5_sl_monthly__ERA5__reanalysis__t2m__surface__monthly__2011-2011__m09__NH0_90__grid_1p0.grib,/mnt/e/last-aticol/data/raw/era5/single-levels/2m_temperature/monthly/cds__era5_sl_monthly__ERA5__reanalysis__t2m__surface__monthly__2011-2011__m09__NH0_90__grid_1p0.grib,65628,1776181332
2026-04-15T12:26:20Z,/mnt/e/last-aticol/data/raw/era5/single-levels/2m_temperature/monthly,cds__era5_sl_monthly__ERA5__reanalysis__t2m__surface__monthly__2011-2011__m10__NH0_90__grid_1p0.grib,/mnt/e/last-aticol/data/raw/era5/single-levels/2m_temperature/monthly/cds__era5_sl_monthly__ERA5__reanalysis__t2m__surface__monthly__2011-2011__m10__NH0_90__grid_1p0.grib,65628,1776181355
2026-04-15T12:26:20Z,/mnt/e/last-aticol/data/raw/era5/single-levels/2m_temperature/monthly,cds__era5_sl_monthly__ERA5__reanalysis__t2m__surface__monthly__2011-2011__m11__NH0_90__grid_1p0.grib,/mnt/e/last-aticol/data/raw/era5/single-levels/2m_temperature/monthly/cds__era5_sl_monthly__ERA5__reanalysis__t2m__surface__monthly__2011-2011__m11__NH0_90__grid_1p0.grib,65628,1776181377
2026-04-15T12:26:20Z,/mnt/e/last-aticol/data/raw/era5/single-levels/2m_temperature/monthly,cds__era5_sl_monthly__ERA5__reanalysis__t2m__surface__monthly__2011-2011__m12__NH0_90__grid_1p0.grib,/mnt/e/last-aticol/data/raw/era5/single-levels/2m_temperature/monthly/cds__era5_sl_monthly__ERA5__reanalysis__t2m__surface__monthly__2011-2011__m12__NH0_90__grid_1p0.grib,65628,1776181399
2026-04-15T12:26:21Z,/mnt/e/last-aticol/data/raw/era5/single-levels/2m_temperature/monthly,cds__era5_sl_monthly__ERA5__reanalysis__t2m__surface__monthly__2012-2012__m01__NH0_90__grid_1p0.grib,/mnt/e/last-aticol/data/raw/era5/single-levels/2m_temperature/monthly/cds__era5_sl_monthly__ERA5__reanalysis__t2m__surface__monthly__2012-2012__m01__NH0_90__grid_1p0.grib,65628,1776181432
2026-04-15T12:26:21Z,/mnt/e/last-aticol/data/raw/era5/single-levels/2m_temperature/monthly,cds__era5_sl_monthly__ERA5__reanalysis__t2m__surface__monthly__2012-2012__m02__NH0_90__grid_1p0.grib,/mnt/e/last-aticol/data/raw/era5/single-levels/2m_temperature/monthly/cds__era5_sl_monthly__ERA5__reanalysis__t2m__surface__monthly__2012-2012__m02__NH0_90__grid_1p0.grib,65628,1776181465
2026-04-15T12:26:21Z,/mnt/e/last-aticol/data/raw/era5/single-levels/2m_temperature/monthly,cds__era5_sl_monthly__ERA5__reanalysis__t2m__surface__monthly__2012-2012__m03__NH0_90__grid_1p0.grib,/mnt/e/last-aticol/data/raw/era5/single-levels/2m_temperature/monthly/cds__era5_sl_monthly__ERA5__reanalysis__t2m__surface__monthly__2012-2012__m03__NH0_90__grid_1p0.grib,65628,1776181497
2026-04-15T12:26:21Z,/mnt/e/last-aticol/data/raw/era5/single-levels/2m_temperature/monthly,cds__era5_sl_monthly__ERA5__reanalysis__t2m__surface__monthly__2012-2012__m04__NH0_90__grid_1p0.grib,/mnt/e/last-aticol/data/raw/era5/single-levels/2m_temperature/monthly/cds__era5_sl_monthly__ERA5__reanalysis__t2m__surface__monthly__2012-2012__m04__NH0_90__grid_1p0.grib,65628,1776181520
2026-04-15T12:26:21Z,/mnt/e/last-aticol/data/raw/era5/single-levels/2m_temperature/monthly,cds__era5_sl_monthly__ERA5__reanalysis__t2m__surface__monthly__2012-2012__m05__NH0_90__grid_1p0.grib,/mnt/e/last-aticol/data/raw/era5/single-levels/2m_temperature/monthly/cds__era5_sl_monthly__ERA5__reanalysis__t2m__surface__monthly__2012-2012__m05__NH0_90__grid_1p0.grib,65628,1776181542
2026-04-15T12:26:21Z,/mnt/e/last-aticol/data/raw/era5/single-levels/2m_temperature/monthly,cds__era5_sl_monthly__ERA5__reanalysis__t2m__surface__monthly__2012-2012__m06__NH0_90__grid_1p0.grib,/mnt/e/last-aticol/data/raw/era5/single-levels/2m_temperature/monthly/cds__era5_sl_monthly__ERA5__reanalysis__t2m__surface__monthly__2012-2012__m06__NH0_90__grid_1p0.grib,65628,1776181566
2026-04-15T12:26:21Z,/mnt/e/last-aticol/data/raw/era5/single-levels/2m_temperature/monthly,cds__era5_sl_monthly__ERA5__reanalysis__t2m__surface__monthly__2012-2012__m07__NH0_90__grid_1p0.grib,/mnt/e/last-aticol/data/raw/era5/single-levels/2m_temperature/monthly/cds__era5_sl_monthly__ERA5__reanalysis__t2m__surface__monthly__2012-2012__m07__NH0_90__grid_1p0.grib,65628,1776181598
2026-04-15T12:26:21Z,/mnt/e/last-aticol/data/raw/era5/single-levels/2m_temperature/monthly,cds__era5_sl_monthly__ERA5__reanalysis__t2m__surface__monthly__2012-2012__m08__NH0_90__grid_1p0.grib,/mnt/e/last-aticol/data/raw/era5/single-levels/2m_temperature/monthly/cds__era5_sl_monthly__ERA5__reanalysis__t2m__surface__monthly__2012-2012__m08__NH0_90__grid_1p0.grib,65628,1776181630
2026-04-15T12:26:21Z,/mnt/e/last-aticol/data/raw/era5/single-levels/2m_temperature/monthly,cds__era5_sl_monthly__ERA5__reanalysis__t2m__surface__monthly__2012-2012__m09__NH0_90__grid_1p0.grib,/mnt/e/last-aticol/data/raw/era5/single-levels/2m_temperature/monthly/cds__era5_sl_monthly__ERA5__reanalysis__t2m__surface__monthly__2012-2012__m09__NH0_90__grid_1p0.grib,65628,1776181653
2026-04-15T12:26:21Z,/mnt/e/last-aticol/data/raw/era5/single-levels/2m_temperature/monthly,cds__era5_sl_monthly__ERA5__reanalysis__t2m__surface__monthly__2012-2012__m10__NH0_90__grid_1p0.grib,/mnt/e/last-aticol/data/raw/era5/single-levels/2m_temperature/monthly/cds__era5_sl_monthly__ERA5__reanalysis__t2m__surface__monthly__2012-2012__m10__NH0_90__grid_1p0.grib,65628,1776181675
2026-04-15T12:26:21Z,/mnt/e/last-aticol/data/raw/era5/single-levels/2m_temperature/monthly,cds__era5_sl_monthly__ERA5__reanalysis__t2m__surface__monthly__2012-2012__m11__NH0_90__grid_1p0.grib,/mnt/e/last-aticol/data/raw/era5/single-levels/2m_temperature/monthly/cds__era5_sl_monthly__ERA5__reanalysis__t2m__surface__monthly__2012-2012__m11__NH0_90__grid_1p0.grib,65628,1776181697
2026-04-15T12:26:21Z,/mnt/e/last-aticol/data/raw/era5/single-levels/2m_temperature/monthly,cds__era5_sl_monthly__ERA5__reanalysis__t2m__surface__monthly__2012-2012__m12__NH0_90__grid_1p0.grib,/mnt/e/last-aticol/data/raw/era5/single-levels/2m_temperature/monthly/cds__era5_sl_monthly__ERA5__reanalysis__t2m__surface__monthly__2012-2012__m12__NH0_90__grid_1p0.grib,65628,1776181730
2026-04-15T12:26:21Z,/mnt/e/last-aticol/data/raw/era5/single-levels/2m_temperature/monthly,cds__era5_sl_monthly__ERA5__reanalysis__t2m__surface__monthly__2013-2013__m01__NH0_90__grid_1p0.grib,/mnt/e/last-aticol/data/raw/era5/single-levels/2m_temperature/monthly/cds__era5_sl_monthly__ERA5__reanalysis__t2m__surface__monthly__2013-2013__m01__NH0_90__grid_1p0.grib,65628,1776181752
2026-04-15T12:26:21Z,/mnt/e/last-aticol/data/raw/era5/single-levels/2m_temperature/monthly,cds__era5_sl_monthly__ERA5__reanalysis__t2m__surface__monthly__2013-2013__m02__NH0_90__grid_1p0.grib,/mnt/e/last-aticol/data/raw/era5/single-levels/2m_temperature/monthly/cds__era5_sl_monthly__ERA5__reanalysis__t2m__surface__monthly__2013-2013__m02__NH0_90__grid_1p0.grib,65628,1776181774
2026-04-15T12:26:21Z,/mnt/e/last-aticol/data/raw/era5/single-levels/2m_temperature/monthly,cds__era5_sl_monthly__ERA5__reanalysis__t2m__surface__monthly__2013-2013__m03__NH0_90__grid_1p0.grib,/mnt/e/last-aticol/data/raw/era5/single-levels/2m_temperature/monthly/cds__era5_sl_monthly__ERA5__reanalysis__t2m__surface__monthly__2013-2013__m03__NH0_90__grid_1p0.grib,65628,1776181796
2026-04-15T12:26:21Z,/mnt/e/last-aticol/data/raw/era5/single-levels/2m_temperature/monthly,cds__era5_sl_monthly__ERA5__reanalysis__t2m__surface__monthly__2013-2013__m04__NH0_90__grid_1p0.grib,/mnt/e/last-aticol/data/raw/era5/single-levels/2m_temperature/monthly/cds__era5_sl_monthly__ERA5__reanalysis__t2m__surface__monthly__2013-2013__m04__NH0_90__grid_1p0.grib,65628,1776181818
2026-04-15T12:26:21Z,/mnt/e/last-aticol/data/raw/era5/single-levels/2m_temperature/monthly,cds__era5_sl_monthly__ERA5__reanalysis__t2m__surface__monthly__2013-2013__m05__NH0_90__grid_1p0.grib,/mnt/e/last-aticol/data/raw/era5/single-levels/2m_temperature/monthly/cds__era5_sl_monthly__ERA5__reanalysis__t2m__surface__monthly__2013-2013__m05__NH0_90__grid_1p0.grib,65628,1776181850
2026-04-15T12:26:21Z,/mnt/e/last-aticol/data/raw/era5/single-levels/2m_temperature/monthly,cds__era5_sl_monthly__ERA5__reanalysis__t2m__surface__monthly__2013-2013__m06__NH0_90__grid_1p0.grib,/mnt/e/last-aticol/data/raw/era5/single-levels/2m_temperature/monthly/cds__era5_sl_monthly__ERA5__reanalysis__t2m__surface__monthly__2013-2013__m06__NH0_90__grid_1p0.grib,65628,1776181922
2026-04-15T12:26:21Z,/mnt/e/last-aticol/data/raw/era5/single-levels/2m_temperature/monthly,cds__era5_sl_monthly__ERA5__reanalysis__t2m__surface__monthly__2013-2013__m07__NH0_90__grid_1p0.grib,/mnt/e/last-aticol/data/raw/era5/single-levels/2m_temperature/monthly/cds__era5_sl_monthly__ERA5__reanalysis__t2m__surface__monthly__2013-2013__m07__NH0_90__grid_1p0.grib,65628,1776181944
2026-04-15T12:26:21Z,/mnt/e/last-aticol/data/raw/era5/single-levels/2m_temperature/monthly,cds__era5_sl_monthly__ERA5__reanalysis__t2m__surface__monthly__2013-2013__m08__NH0_90__grid_1p0.grib,/mnt/e/last-aticol/data/raw/era5/single-levels/2m_temperature/monthly/cds__era5_sl_monthly__ERA5__reanalysis__t2m__surface__monthly__2013-2013__m08__NH0_90__grid_1p0.grib,65628,1776181966
2026-04-15T12:26:21Z,/mnt/e/last-aticol/data/raw/era5/single-levels/2m_temperature/monthly,cds__era5_sl_monthly__ERA5__reanalysis__t2m__surface__monthly__2013-2013__m09__NH0_90__grid_1p0.grib,/mnt/e/last-aticol/data/raw/era5/single-levels/2m_temperature/monthly/cds__era5_sl_monthly__ERA5__reanalysis__t2m__surface__monthly__2013-2013__m09__NH0_90__grid_1p0.grib,65628,1776181988
2026-04-15T12:26:21Z,/mnt/e/last-aticol/data/raw/era5/single-levels/2m_temperature/monthly,cds__era5_sl_monthly__ERA5__reanalysis__t2m__surface__monthly__2013-2013__m10__NH0_90__grid_1p0.grib,/mnt/e/last-aticol/data/raw/era5/single-levels/2m_temperature/monthly/cds__era5_sl_monthly__ERA5__reanalysis__t2m__surface__monthly__2013-2013__m10__NH0_90__grid_1p0.grib,65628,1776182010
2026-04-15T12:26:21Z,/mnt/e/last-aticol/data/raw/era5/single-levels/2m_temperature/monthly,cds__era5_sl_monthly__ERA5__reanalysis__t2m__surface__monthly__2013-2013__m11__NH0_90__grid_1p0.grib,/mnt/e/last-aticol/data/raw/era5/single-levels/2m_temperature/monthly/cds__era5_sl_monthly__ERA5__reanalysis__t2m__surface__monthly__2013-2013__m11__NH0_90__grid_1p0.grib,65628,1776182042
2026-04-15T12:26:21Z,/mnt/e/last-aticol/data/raw/era5/single-levels/2m_temperature/monthly,cds__era5_sl_monthly__ERA5__reanalysis__t2m__surface__monthly__2013-2013__m12__NH0_90__grid_1p0.grib,/mnt/e/last-aticol/data/raw/era5/single-levels/2m_temperature/monthly/cds__era5_sl_monthly__ERA5__reanalysis__t2m__surface__monthly__2013-2013__m12__NH0_90__grid_1p0.grib,65628,1776182076
2026-04-15T12:26:21Z,/mnt/e/last-aticol/data/raw/era5/single-levels/2m_temperature/monthly,cds__era5_sl_monthly__ERA5__reanalysis__t2m__surface__monthly__2014-2014__m01__NH0_90__grid_1p0.grib,/mnt/e/last-aticol/data/raw/era5/single-levels/2m_temperature/monthly/cds__era5_sl_monthly__ERA5__reanalysis__t2m__surface__monthly__2014-2014__m01__NH0_90__grid_1p0.grib,65628,1776182098
2026-04-15T12:26:21Z,/mnt/e/last-aticol/data/raw/era5/single-levels/2m_temperature/monthly,cds__era5_sl_monthly__ERA5__reanalysis__t2m__surface__monthly__2014-2014__m02__NH0_90__grid_1p0.grib,/mnt/e/last-aticol/data/raw/era5/single-levels/2m_temperature/monthly/cds__era5_sl_monthly__ERA5__reanalysis__t2m__surface__monthly__2014-2014__m02__NH0_90__grid_1p0.grib,65628,1776182121
2026-04-15T12:26:21Z,/mnt/e/last-aticol/data/raw/era5/single-levels/2m_temperature/monthly,cds__era5_sl_monthly__ERA5__reanalysis__t2m__surface__monthly__2014-2014__m03__NH0_90__grid_1p0.grib,/mnt/e/last-aticol/data/raw/era5/single-levels/2m_temperature/monthly/cds__era5_sl_monthly__ERA5__reanalysis__t2m__surface__monthly__2014-2014__m03__NH0_90__grid_1p0.grib,65628,1776182143
2026-04-15T12:26:21Z,/mnt/e/last-aticol/data/raw/era5/single-levels/2m_temperature/monthly,cds__era5_sl_monthly__ERA5__reanalysis__t2m__surface__monthly__2014-2014__m04__NH0_90__grid_1p0.grib,/mnt/e/last-aticol/data/raw/era5/single-levels/2m_temperature/monthly/cds__era5_sl_monthly__ERA5__reanalysis__t2m__surface__monthly__2014-2014__m04__NH0_90__grid_1p0.grib,65628,1776182165
2026-04-15T12:26:21Z,/mnt/e/last-aticol/data/raw/era5/single-levels/2m_temperature/monthly,cds__era5_sl_monthly__ERA5__reanalysis__t2m__surface__monthly__2014-2014__m05__NH0_90__grid_1p0.grib,/mnt/e/last-aticol/data/raw/era5/single-levels/2m_temperature/monthly/cds__era5_sl_monthly__ERA5__reanalysis__t2m__surface__monthly__2014-2014__m05__NH0_90__grid_1p0.grib,65628,1776182188
2026-04-15T12:26:21Z,/mnt/e/last-aticol/data/raw/era5/single-levels/2m_temperature/monthly,cds__era5_sl_monthly__ERA5__reanalysis__t2m__surface__monthly__2014-2014__m06__NH0_90__grid_1p0.grib,/mnt/e/last-aticol/data/raw/era5/single-levels/2m_temperature/monthly/cds__era5_sl_monthly__ERA5__reanalysis__t2m__surface__monthly__2014-2014__m06__NH0_90__grid_1p0.grib,65628,1776182210
2026-04-15T12:26:21Z,/mnt/e/last-aticol/data/raw/era5/single-levels/2m_temperature/monthly,cds__era5_sl_monthly__ERA5__reanalysis__t2m__surface__monthly__2014-2014__m07__NH0_90__grid_1p0.grib,/mnt/e/last-aticol/data/raw/era5/single-levels/2m_temperature/monthly/cds__era5_sl_monthly__ERA5__reanalysis__t2m__surface__monthly__2014-2014__m07__NH0_90__grid_1p0.grib,65628,1776182388
2026-04-15T12:26:21Z,/mnt/e/last-aticol/data/raw/era5/single-levels/2m_temperature/monthly,cds__era5_sl_monthly__ERA5__reanalysis__t2m__surface__monthly__2014-2014__m08__NH0_90__grid_1p0.grib,/mnt/e/last-aticol/data/raw/era5/single-levels/2m_temperature/monthly/cds__era5_sl_monthly__ERA5__reanalysis__t2m__surface__monthly__2014-2014__m08__NH0_90__grid_1p0.grib,65628,1776182411
2026-04-15T12:26:21Z,/mnt/e/last-aticol/data/raw/era5/single-levels/2m_temperature/monthly,cds__era5_sl_monthly__ERA5__reanalysis__t2m__surface__monthly__2014-2014__m09__NH0_90__grid_1p0.grib,/mnt/e/last-aticol/data/raw/era5/single-levels/2m_temperature/monthly/cds__era5_sl_monthly__ERA5__reanalysis__t2m__surface__monthly__2014-2014__m09__NH0_90__grid_1p0.grib,65628,1776182434
2026-04-15T12:26:21Z,/mnt/e/last-aticol/data/raw/era5/single-levels/2m_temperature/monthly,cds__era5_sl_monthly__ERA5__reanalysis__t2m__surface__monthly__2014-2014__m10__NH0_90__grid_1p0.grib,/mnt/e/last-aticol/data/raw/era5/single-levels/2m_temperature/monthly/cds__era5_sl_monthly__ERA5__reanalysis__t2m__surface__monthly__2014-2014__m10__NH0_90__grid_1p0.grib,65628,1776182456
2026-04-15T12:26:21Z,/mnt/e/last-aticol/data/raw/era5/single-levels/2m_temperature/monthly,cds__era5_sl_monthly__ERA5__reanalysis__t2m__surface__monthly__2014-2014__m11__NH0_90__grid_1p0.grib,/mnt/e/last-aticol/data/raw/era5/single-levels/2m_temperature/monthly/cds__era5_sl_monthly__ERA5__reanalysis__t2m__surface__monthly__2014-2014__m11__NH0_90__grid_1p0.grib,65628,1776182481
2026-04-15T12:26:21Z,/mnt/e/last-aticol/data/raw/era5/single-levels/2m_temperature/monthly,cds__era5_sl_monthly__ERA5__reanalysis__t2m__surface__monthly__2014-2014__m12__NH0_90__grid_1p0.grib,/mnt/e/last-aticol/data/raw/era5/single-levels/2m_temperature/monthly/cds__era5_sl_monthly__ERA5__reanalysis__t2m__surface__monthly__2014-2014__m12__NH0_90__grid_1p0.grib,65628,1776182514
2026-04-15T12:26:21Z,/mnt/e/last-aticol/data/raw/era5/single-levels/2m_temperature/monthly,cds__era5_sl_monthly__ERA5__reanalysis__t2m__surface__monthly__2015-2015__m01__NH0_90__grid_1p0.grib,/mnt/e/last-aticol/data/raw/era5/single-levels/2m_temperature/monthly/cds__era5_sl_monthly__ERA5__reanalysis__t2m__surface__monthly__2015-2015__m01__NH0_90__grid_1p0.grib,65628,1776182537
2026-04-15T12:26:21Z,/mnt/e/last-aticol/data/raw/era5/single-levels/2m_temperature/monthly,cds__era5_sl_monthly__ERA5__reanalysis__t2m__surface__monthly__2015-2015__m02__NH0_90__grid_1p0.grib,/mnt/e/last-aticol/data/raw/era5/single-levels/2m_temperature/monthly/cds__era5_sl_monthly__ERA5__reanalysis__t2m__surface__monthly__2015-2015__m02__NH0_90__grid_1p0.grib,65628,1776182559
2026-04-15T12:26:21Z,/mnt/e/last-aticol/data/raw/era5/single-levels/2m_temperature/monthly,cds__era5_sl_monthly__ERA5__reanalysis__t2m__surface__monthly__2015-2015__m03__NH0_90__grid_1p0.grib,/mnt/e/last-aticol/data/raw/era5/single-levels/2m_temperature/monthly/cds__era5_sl_monthly__ERA5__reanalysis__t2m__surface__monthly__2015-2015__m03__NH0_90__grid_1p0.grib,65628,1776182592
2026-04-15T12:26:21Z,/mnt/e/last-aticol/data/raw/era5/single-levels/2m_temperature/monthly,cds__era5_sl_monthly__ERA5__reanalysis__t2m__surface__monthly__2015-2015__m04__NH0_90__grid_1p0.grib,/mnt/e/last-aticol/data/raw/era5/single-levels/2m_temperature/monthly/cds__era5_sl_monthly__ERA5__reanalysis__t2m__surface__monthly__2015-2015__m04__NH0_90__grid_1p0.grib,65628,1776182625
2026-04-15T12:26:21Z,/mnt/e/last-aticol/data/raw/era5/single-levels/2m_temperature/monthly,cds__era5_sl_monthly__ERA5__reanalysis__t2m__surface__monthly__2015-2015__m05__NH0_90__grid_1p0.grib,/mnt/e/last-aticol/data/raw/era5/single-levels/2m_temperature/monthly/cds__era5_sl_monthly__ERA5__reanalysis__t2m__surface__monthly__2015-2015__m05__NH0_90__grid_1p0.grib,65628,1776182648
2026-04-15T12:26:21Z,/mnt/e/last-aticol/data/raw/era5/single-levels/2m_temperature/monthly,cds__era5_sl_monthly__ERA5__reanalysis__t2m__surface__monthly__2015-2015__m06__NH0_90__grid_1p0.grib,/mnt/e/last-aticol/data/raw/era5/single-levels/2m_temperature/monthly/cds__era5_sl_monthly__ERA5__reanalysis__t2m__surface__monthly__2015-2015__m06__NH0_90__grid_1p0.grib,65628,1776182670
2026-04-15T12:26:21Z,/mnt/e/last-aticol/data/raw/era5/single-levels/2m_temperature/monthly,cds__era5_sl_monthly__ERA5__reanalysis__t2m__surface__monthly__2015-2015__m07__NH0_90__grid_1p0.grib,/mnt/e/last-aticol/data/raw/era5/single-levels/2m_temperature/monthly/cds__era5_sl_monthly__ERA5__reanalysis__t2m__surface__monthly__2015-2015__m07__NH0_90__grid_1p0.grib,65628,1776182693
2026-04-15T12:26:21Z,/mnt/e/last-aticol/data/raw/era5/single-levels/2m_temperature/monthly,cds__era5_sl_monthly__ERA5__reanalysis__t2m__surface__monthly__2015-2015__m08__NH0_90__grid_1p0.grib,/mnt/e/last-aticol/data/raw/era5/single-levels/2m_temperature/monthly/cds__era5_sl_monthly__ERA5__reanalysis__t2m__surface__monthly__2015-2015__m08__NH0_90__grid_1p0.grib,65628,1776182715
2026-04-15T12:26:21Z,/mnt/e/last-aticol/data/raw/era5/single-levels/2m_temperature/monthly,cds__era5_sl_monthly__ERA5__reanalysis__t2m__surface__monthly__2015-2015__m09__NH0_90__grid_1p0.grib,/mnt/e/last-aticol/data/raw/era5/single-levels/2m_temperature/monthly/cds__era5_sl_monthly__ERA5__reanalysis__t2m__surface__monthly__2015-2015__m09__NH0_90__grid_1p0.grib,65628,1776182748
2026-04-15T12:26:21Z,/mnt/e/last-aticol/data/raw/era5/single-levels/2m_temperature/monthly,cds__era5_sl_monthly__ERA5__reanalysis__t2m__surface__monthly__2015-2015__m10__NH0_90__grid_1p0.grib,/mnt/e/last-aticol/data/raw/era5/single-levels/2m_temperature/monthly/cds__era5_sl_monthly__ERA5__reanalysis__t2m__surface__monthly__2015-2015__m10__NH0_90__grid_1p0.grib,65628,1776182771
2026-04-15T12:26:21Z,/mnt/e/last-aticol/data/raw/era5/single-levels/2m_temperature/monthly,cds__era5_sl_monthly__ERA5__reanalysis__t2m__surface__monthly__2015-2015__m11__NH0_90__grid_1p0.grib,/mnt/e/last-aticol/data/raw/era5/single-levels/2m_temperature/monthly/cds__era5_sl_monthly__ERA5__reanalysis__t2m__surface__monthly__2015-2015__m11__NH0_90__grid_1p0.grib,65628,1776182793
2026-04-15T12:26:21Z,/mnt/e/last-aticol/data/raw/era5/single-levels/2m_temperature/monthly,cds__era5_sl_monthly__ERA5__reanalysis__t2m__surface__monthly__2015-2015__m12__NH0_90__grid_1p0.grib,/mnt/e/last-aticol/data/raw/era5/single-levels/2m_temperature/monthly/cds__era5_sl_monthly__ERA5__reanalysis__t2m__surface__monthly__2015-2015__m12__NH0_90__grid_1p0.grib,65628,1776182968
2026-04-15T12:26:21Z,/mnt/e/last-aticol/data/raw/era5/single-levels/2m_temperature/monthly,cds__era5_sl_monthly__ERA5__reanalysis__t2m__surface__monthly__2016-2016__m01__NH0_90__grid_1p0.grib,/mnt/e/last-aticol/data/raw/era5/single-levels/2m_temperature/monthly/cds__era5_sl_monthly__ERA5__reanalysis__t2m__surface__monthly__2016-2016__m01__NH0_90__grid_1p0.grib,65628,1776182991
2026-04-15T12:26:21Z,/mnt/e/last-aticol/data/raw/era5/single-levels/2m_temperature/monthly,cds__era5_sl_monthly__ERA5__reanalysis__t2m__surface__monthly__2016-2016__m02__NH0_90__grid_1p0.grib,/mnt/e/last-aticol/data/raw/era5/single-levels/2m_temperature/monthly/cds__era5_sl_monthly__ERA5__reanalysis__t2m__surface__monthly__2016-2016__m02__NH0_90__grid_1p0.grib,65628,1776183006
2026-04-15T12:26:21Z,/mnt/e/last-aticol/data/raw/era5/single-levels/2m_temperature/monthly,cds__era5_sl_monthly__ERA5__reanalysis__t2m__surface__monthly__2016-2016__m03__NH0_90__grid_1p0.grib,/mnt/e/last-aticol/data/raw/era5/single-levels/2m_temperature/monthly/cds__era5_sl_monthly__ERA5__reanalysis__t2m__surface__monthly__2016-2016__m03__NH0_90__grid_1p0.grib,65628,1776183028
2026-04-15T12:26:21Z,/mnt/e/last-aticol/data/raw/era5/single-levels/2m_temperature/monthly,cds__era5_sl_monthly__ERA5__reanalysis__t2m__surface__monthly__2016-2016__m04__NH0_90__grid_1p0.grib,/mnt/e/last-aticol/data/raw/era5/single-levels/2m_temperature/monthly/cds__era5_sl_monthly__ERA5__reanalysis__t2m__surface__monthly__2016-2016__m04__NH0_90__grid_1p0.grib,65628,1776183052
2026-04-15T12:26:21Z,/mnt/e/last-aticol/data/raw/era5/single-levels/2m_temperature/monthly,cds__era5_sl_monthly__ERA5__reanalysis__t2m__surface__monthly__2016-2016__m05__NH0_90__grid_1p0.grib,/mnt/e/last-aticol/data/raw/era5/single-levels/2m_temperature/monthly/cds__era5_sl_monthly__ERA5__reanalysis__t2m__surface__monthly__2016-2016__m05__NH0_90__grid_1p0.grib,65628,1776183067
2026-04-15T12:26:21Z,/mnt/e/last-aticol/data/raw/era5/single-levels/2m_temperature/monthly,cds__era5_sl_monthly__ERA5__reanalysis__t2m__surface__monthly__2016-2016__m06__NH0_90__grid_1p0.grib,/mnt/e/last-aticol/data/raw/era5/single-levels/2m_temperature/monthly/cds__era5_sl_monthly__ERA5__reanalysis__t2m__surface__monthly__2016-2016__m06__NH0_90__grid_1p0.grib,65628,1776183082
2026-04-15T12:26:21Z,/mnt/e/last-aticol/data/raw/era5/single-levels/2m_temperature/monthly,cds__era5_sl_monthly__ERA5__reanalysis__t2m__surface__monthly__2016-2016__m07__NH0_90__grid_1p0.grib,/mnt/e/last-aticol/data/raw/era5/single-levels/2m_temperature/monthly/cds__era5_sl_monthly__ERA5__reanalysis__t2m__surface__monthly__2016-2016__m07__NH0_90__grid_1p0.grib,65628,1776183171
2026-04-15T12:26:21Z,/mnt/e/last-aticol/data/raw/era5/single-levels/2m_temperature/monthly,cds__era5_sl_monthly__ERA5__reanalysis__t2m__surface__monthly__2016-2016__m08__NH0_90__grid_1p0.grib,/mnt/e/last-aticol/data/raw/era5/single-levels/2m_temperature/monthly/cds__era5_sl_monthly__ERA5__reanalysis__t2m__surface__monthly__2016-2016__m08__NH0_90__grid_1p0.grib,65628,1776183195
2026-04-15T12:26:21Z,/mnt/e/last-aticol/data/raw/era5/single-levels/2m_temperature/monthly,cds__era5_sl_monthly__ERA5__reanalysis__t2m__surface__monthly__2016-2016__m09__NH0_90__grid_1p0.grib,/mnt/e/last-aticol/data/raw/era5/single-levels/2m_temperature/monthly/cds__era5_sl_monthly__ERA5__reanalysis__t2m__surface__monthly__2016-2016__m09__NH0_90__grid_1p0.grib,65628,1776183210
2026-04-15T12:26:21Z,/mnt/e/last-aticol/data/raw/era5/single-levels/2m_temperature/monthly,cds__era5_sl_monthly__ERA5__reanalysis__t2m__surface__monthly__2016-2016__m10__NH0_90__grid_1p0.grib,/mnt/e/last-aticol/data/raw/era5/single-levels/2m_temperature/monthly/cds__era5_sl_monthly__ERA5__reanalysis__t2m__surface__monthly__2016-2016__m10__NH0_90__grid_1p0.grib,65628,1776183233
2026-04-15T12:26:21Z,/mnt/e/last-aticol/data/raw/era5/single-levels/2m_temperature/monthly,cds__era5_sl_monthly__ERA5__reanalysis__t2m__surface__monthly__2016-2016__m11__NH0_90__grid_1p0.grib,/mnt/e/last-aticol/data/raw/era5/single-levels/2m_temperature/monthly/cds__era5_sl_monthly__ERA5__reanalysis__t2m__surface__monthly__2016-2016__m11__NH0_90__grid_1p0.grib,65628,1776183255
2026-04-15T12:26:21Z,/mnt/e/last-aticol/data/raw/era5/single-levels/2m_temperature/monthly,cds__era5_sl_monthly__ERA5__reanalysis__t2m__surface__monthly__2016-2016__m12__NH0_90__grid_1p0.grib,/mnt/e/last-aticol/data/raw/era5/single-levels/2m_temperature/monthly/cds__era5_sl_monthly__ERA5__reanalysis__t2m__surface__monthly__2016-2016__m12__NH0_90__grid_1p0.grib,65628,1776183278
2026-04-15T12:26:21Z,/mnt/e/last-aticol/data/raw/era5/single-levels/2m_temperature/monthly,cds__era5_sl_monthly__ERA5__reanalysis__t2m__surface__monthly__2017-2017__m01__NH0_90__grid_1p0.grib,/mnt/e/last-aticol/data/raw/era5/single-levels/2m_temperature/monthly/cds__era5_sl_monthly__ERA5__reanalysis__t2m__surface__monthly__2017-2017__m01__NH0_90__grid_1p0.grib,65628,1776183293
2026-04-15T12:26:21Z,/mnt/e/last-aticol/data/raw/era5/single-levels/2m_temperature/monthly,cds__era5_sl_monthly__ERA5__reanalysis__t2m__surface__monthly__2017-2017__m02__NH0_90__grid_1p0.grib,/mnt/e/last-aticol/data/raw/era5/single-levels/2m_temperature/monthly/cds__era5_sl_monthly__ERA5__reanalysis__t2m__surface__monthly__2017-2017__m02__NH0_90__grid_1p0.grib,65628,1776183316
2026-04-15T12:26:21Z,/mnt/e/last-aticol/data/raw/era5/single-levels/2m_temperature/monthly,cds__era5_sl_monthly__ERA5__reanalysis__t2m__surface__monthly__2017-2017__m03__NH0_90__grid_1p0.grib,/mnt/e/last-aticol/data/raw/era5/single-levels/2m_temperature/monthly/cds__era5_sl_monthly__ERA5__reanalysis__t2m__surface__monthly__2017-2017__m03__NH0_90__grid_1p0.grib,65628,1776183349
2026-04-15T12:26:21Z,/mnt/e/last-aticol/data/raw/era5/single-levels/2m_temperature/monthly,cds__era5_sl_monthly__ERA5__reanalysis__t2m__surface__monthly__2017-2017__m04__NH0_90__grid_1p0.grib,/mnt/e/last-aticol/data/raw/era5/single-levels/2m_temperature/monthly/cds__era5_sl_monthly__ERA5__reanalysis__t2m__surface__monthly__2017-2017__m04__NH0_90__grid_1p0.grib,65628,1776183371
2026-04-15T12:26:21Z,/mnt/e/last-aticol/data/raw/era5/single-levels/2m_temperature/monthly,cds__era5_sl_monthly__ERA5__reanalysis__t2m__surface__monthly__2017-2017__m05__NH0_90__grid_1p0.grib,/mnt/e/last-aticol/data/raw/era5/single-levels/2m_temperature/monthly/cds__era5_sl_monthly__ERA5__reanalysis__t2m__surface__monthly__2017-2017__m05__NH0_90__grid_1p0.grib,65628,1776183404
2026-04-15T12:26:21Z,/mnt/e/last-aticol/data/raw/era5/single-levels/2m_temperature/monthly,cds__era5_sl_monthly__ERA5__reanalysis__t2m__surface__monthly__2017-2017__m06__NH0_90__grid_1p0.grib,/mnt/e/last-aticol/data/raw/era5/single-levels/2m_temperature/monthly/cds__era5_sl_monthly__ERA5__reanalysis__t2m__surface__monthly__2017-2017__m06__NH0_90__grid_1p0.grib,65628,1776183427
2026-04-15T12:26:21Z,/mnt/e/last-aticol/data/raw/era5/single-levels/2m_temperature/monthly,cds__era5_sl_monthly__ERA5__reanalysis__t2m__surface__monthly__2017-2017__m07__NH0_90__grid_1p0.grib,/mnt/e/last-aticol/data/raw/era5/single-levels/2m_temperature/monthly/cds__era5_sl_monthly__ERA5__reanalysis__t2m__surface__monthly__2017-2017__m07__NH0_90__grid_1p0.grib,65628,1776183449
2026-04-15T12:26:21Z,/mnt/e/last-aticol/data/raw/era5/single-levels/2m_temperature/monthly,cds__era5_sl_monthly__ERA5__reanalysis__t2m__surface__monthly__2017-2017__m08__NH0_90__grid_1p0.grib,/mnt/e/last-aticol/data/raw/era5/single-levels/2m_temperature/monthly/cds__era5_sl_monthly__ERA5__reanalysis__t2m__surface__monthly__2017-2017__m08__NH0_90__grid_1p0.grib,65628,1776183472
2026-04-15T12:26:21Z,/mnt/e/last-aticol/data/raw/era5/single-levels/2m_temperature/monthly,cds__era5_sl_monthly__ERA5__reanalysis__t2m__surface__monthly__2017-2017__m09__NH0_90__grid_1p0.grib,/mnt/e/last-aticol/data/raw/era5/single-levels/2m_temperature/monthly/cds__era5_sl_monthly__ERA5__reanalysis__t2m__surface__monthly__2017-2017__m09__NH0_90__grid_1p0.grib,65628,1776183505
2026-04-15T12:26:21Z,/mnt/e/last-aticol/data/raw/era5/single-levels/2m_temperature/monthly,cds__era5_sl_monthly__ERA5__reanalysis__t2m__surface__monthly__2017-2017__m10__NH0_90__grid_1p0.grib,/mnt/e/last-aticol/data/raw/era5/single-levels/2m_temperature/monthly/cds__era5_sl_monthly__ERA5__reanalysis__t2m__surface__monthly__2017-2017__m10__NH0_90__grid_1p0.grib,65628,1776183527
2026-04-15T12:26:21Z,/mnt/e/last-aticol/data/raw/era5/single-levels/2m_temperature/monthly,cds__era5_sl_monthly__ERA5__reanalysis__t2m__surface__monthly__2017-2017__m11__NH0_90__grid_1p0.grib,/mnt/e/last-aticol/data/raw/era5/single-levels/2m_temperature/monthly/cds__era5_sl_monthly__ERA5__reanalysis__t2m__surface__monthly__2017-2017__m11__NH0_90__grid_1p0.grib,65628,1776183549
2026-04-15T12:26:21Z,/mnt/e/last-aticol/data/raw/era5/single-levels/2m_temperature/monthly,cds__era5_sl_monthly__ERA5__reanalysis__t2m__surface__monthly__2017-2017__m12__NH0_90__grid_1p0.grib,/mnt/e/last-aticol/data/raw/era5/single-levels/2m_temperature/monthly/cds__era5_sl_monthly__ERA5__reanalysis__t2m__surface__monthly__2017-2017__m12__NH0_90__grid_1p0.grib,65628,1776183582
2026-04-15T12:26:21Z,/mnt/e/last-aticol/data/raw/era5/single-levels/2m_temperature/monthly,cds__era5_sl_monthly__ERA5__reanalysis__t2m__surface__monthly__2018-2018__m01__NH0_90__grid_1p0.grib,/mnt/e/last-aticol/data/raw/era5/single-levels/2m_temperature/monthly/cds__era5_sl_monthly__ERA5__reanalysis__t2m__surface__monthly__2018-2018__m01__NH0_90__grid_1p0.grib,65628,1776183605
2026-04-15T12:26:21Z,/mnt/e/last-aticol/data/raw/era5/single-levels/2m_temperature/monthly,cds__era5_sl_monthly__ERA5__reanalysis__t2m__surface__monthly__2018-2018__m02__NH0_90__grid_1p0.grib,/mnt/e/last-aticol/data/raw/era5/single-levels/2m_temperature/monthly/cds__era5_sl_monthly__ERA5__reanalysis__t2m__surface__monthly__2018-2018__m02__NH0_90__grid_1p0.grib,65628,1776183638
2026-04-15T12:26:21Z,/mnt/e/last-aticol/data/raw/era5/single-levels/2m_temperature/monthly,cds__era5_sl_monthly__ERA5__reanalysis__t2m__surface__monthly__2018-2018__m03__NH0_90__grid_1p0.grib,/mnt/e/last-aticol/data/raw/era5/single-levels/2m_temperature/monthly/cds__era5_sl_monthly__ERA5__reanalysis__t2m__surface__monthly__2018-2018__m03__NH0_90__grid_1p0.grib,65628,1776183661
2026-04-15T12:26:21Z,/mnt/e/last-aticol/data/raw/era5/single-levels/2m_temperature/monthly,cds__era5_sl_monthly__ERA5__reanalysis__t2m__surface__monthly__2018-2018__m04__NH0_90__grid_1p0.grib,/mnt/e/last-aticol/data/raw/era5/single-levels/2m_temperature/monthly/cds__era5_sl_monthly__ERA5__reanalysis__t2m__surface__monthly__2018-2018__m04__NH0_90__grid_1p0.grib,65628,1776183683
2026-04-15T12:26:21Z,/mnt/e/last-aticol/data/raw/era5/single-levels/2m_temperature/monthly,cds__era5_sl_monthly__ERA5__reanalysis__t2m__surface__monthly__2018-2018__m05__NH0_90__grid_1p0.grib,/mnt/e/last-aticol/data/raw/era5/single-levels/2m_temperature/monthly/cds__era5_sl_monthly__ERA5__reanalysis__t2m__surface__monthly__2018-2018__m05__NH0_90__grid_1p0.grib,65628,1776183716
2026-04-15T12:26:21Z,/mnt/e/last-aticol/data/raw/era5/single-levels/2m_temperature/monthly,cds__era5_sl_monthly__ERA5__reanalysis__t2m__surface__monthly__2018-2018__m06__NH0_90__grid_1p0.grib,/mnt/e/last-aticol/data/raw/era5/single-levels/2m_temperature/monthly/cds__era5_sl_monthly__ERA5__reanalysis__t2m__surface__monthly__2018-2018__m06__NH0_90__grid_1p0.grib,65628,1776183738
2026-04-15T12:26:21Z,/mnt/e/last-aticol/data/raw/era5/single-levels/2m_temperature/monthly,cds__era5_sl_monthly__ERA5__reanalysis__t2m__surface__monthly__2018-2018__m07__NH0_90__grid_1p0.grib,/mnt/e/last-aticol/data/raw/era5/single-levels/2m_temperature/monthly/cds__era5_sl_monthly__ERA5__reanalysis__t2m__surface__monthly__2018-2018__m07__NH0_90__grid_1p0.grib,65628,1776183761
2026-04-15T12:26:21Z,/mnt/e/last-aticol/data/raw/era5/single-levels/2m_temperature/monthly,cds__era5_sl_monthly__ERA5__reanalysis__t2m__surface__monthly__2018-2018__m08__NH0_90__grid_1p0.grib,/mnt/e/last-aticol/data/raw/era5/single-levels/2m_temperature/monthly/cds__era5_sl_monthly__ERA5__reanalysis__t2m__surface__monthly__2018-2018__m08__NH0_90__grid_1p0.grib,65628,1776183793
2026-04-15T12:26:21Z,/mnt/e/last-aticol/data/raw/era5/single-levels/2m_temperature/monthly,cds__era5_sl_monthly__ERA5__reanalysis__t2m__surface__monthly__2018-2018__m09__NH0_90__grid_1p0.grib,/mnt/e/last-aticol/data/raw/era5/single-levels/2m_temperature/monthly/cds__era5_sl_monthly__ERA5__reanalysis__t2m__surface__monthly__2018-2018__m09__NH0_90__grid_1p0.grib,65628,1776183816
2026-04-15T12:26:21Z,/mnt/e/last-aticol/data/raw/era5/single-levels/2m_temperature/monthly,cds__era5_sl_monthly__ERA5__reanalysis__t2m__surface__monthly__2018-2018__m10__NH0_90__grid_1p0.grib,/mnt/e/last-aticol/data/raw/era5/single-levels/2m_temperature/monthly/cds__era5_sl_monthly__ERA5__reanalysis__t2m__surface__monthly__2018-2018__m10__NH0_90__grid_1p0.grib,65628,1776183838
2026-04-15T12:26:21Z,/mnt/e/last-aticol/data/raw/era5/single-levels/2m_temperature/monthly,cds__era5_sl_monthly__ERA5__reanalysis__t2m__surface__monthly__2018-2018__m11__NH0_90__grid_1p0.grib,/mnt/e/last-aticol/data/raw/era5/single-levels/2m_temperature/monthly/cds__era5_sl_monthly__ERA5__reanalysis__t2m__surface__monthly__2018-2018__m11__NH0_90__grid_1p0.grib,65628,1776183861
2026-04-15T12:26:21Z,/mnt/e/last-aticol/data/raw/era5/single-levels/2m_temperature/monthly,cds__era5_sl_monthly__ERA5__reanalysis__t2m__surface__monthly__2018-2018__m12__NH0_90__grid_1p0.grib,/mnt/e/last-aticol/data/raw/era5/single-levels/2m_temperature/monthly/cds__era5_sl_monthly__ERA5__reanalysis__t2m__surface__monthly__2018-2018__m12__NH0_90__grid_1p0.grib,65628,1776183893
2026-04-15T12:26:21Z,/mnt/e/last-aticol/data/raw/era5/single-levels/2m_temperature/monthly,cds__era5_sl_monthly__ERA5__reanalysis__t2m__surface__monthly__2019-2019__m01__NH0_90__grid_1p0.grib,/mnt/e/last-aticol/data/raw/era5/single-levels/2m_temperature/monthly/cds__era5_sl_monthly__ERA5__reanalysis__t2m__surface__monthly__2019-2019__m01__NH0_90__grid_1p0.grib,65628,1776183927
2026-04-15T12:26:21Z,/mnt/e/last-aticol/data/raw/era5/single-levels/2m_temperature/monthly,cds__era5_sl_monthly__ERA5__reanalysis__t2m__surface__monthly__2019-2019__m02__NH0_90__grid_1p0.grib,/mnt/e/last-aticol/data/raw/era5/single-levels/2m_temperature/monthly/cds__era5_sl_monthly__ERA5__reanalysis__t2m__surface__monthly__2019-2019__m02__NH0_90__grid_1p0.grib,65628,1776183949
2026-04-15T12:26:21Z,/mnt/e/last-aticol/data/raw/era5/single-levels/2m_temperature/monthly,cds__era5_sl_monthly__ERA5__reanalysis__t2m__surface__monthly__2019-2019__m03__NH0_90__grid_1p0.grib,/mnt/e/last-aticol/data/raw/era5/single-levels/2m_temperature/monthly/cds__era5_sl_monthly__ERA5__reanalysis__t2m__surface__monthly__2019-2019__m03__NH0_90__grid_1p0.grib,65628,1776183972
2026-04-15T12:26:21Z,/mnt/e/last-aticol/data/raw/era5/single-levels/2m_temperature/monthly,cds__era5_sl_monthly__ERA5__reanalysis__t2m__surface__monthly__2019-2019__m04__NH0_90__grid_1p0.grib,/mnt/e/last-aticol/data/raw/era5/single-levels/2m_temperature/monthly/cds__era5_sl_monthly__ERA5__reanalysis__t2m__surface__monthly__2019-2019__m04__NH0_90__grid_1p0.grib,65628,1776183994
2026-04-15T12:26:21Z,/mnt/e/last-aticol/data/raw/era5/single-levels/2m_temperature/monthly,cds__era5_sl_monthly__ERA5__reanalysis__t2m__surface__monthly__2019-2019__m05__NH0_90__grid_1p0.grib,/mnt/e/last-aticol/data/raw/era5/single-levels/2m_temperature/monthly/cds__era5_sl_monthly__ERA5__reanalysis__t2m__surface__monthly__2019-2019__m05__NH0_90__grid_1p0.grib,65628,1776184016
2026-04-15T12:26:21Z,/mnt/e/last-aticol/data/raw/era5/single-levels/2m_temperature/monthly,cds__era5_sl_monthly__ERA5__reanalysis__t2m__surface__monthly__2019-2019__m06__NH0_90__grid_1p0.grib,/mnt/e/last-aticol/data/raw/era5/single-levels/2m_temperature/monthly/cds__era5_sl_monthly__ERA5__reanalysis__t2m__surface__monthly__2019-2019__m06__NH0_90__grid_1p0.grib,65628,1776184039
2026-04-15T12:26:21Z,/mnt/e/last-aticol/data/raw/era5/single-levels/2m_temperature/monthly,cds__era5_sl_monthly__ERA5__reanalysis__t2m__surface__monthly__2019-2019__m07__NH0_90__grid_1p0.grib,/mnt/e/last-aticol/data/raw/era5/single-levels/2m_temperature/monthly/cds__era5_sl_monthly__ERA5__reanalysis__t2m__surface__monthly__2019-2019__m07__NH0_90__grid_1p0.grib,65628,1776184061
2026-04-15T12:26:21Z,/mnt/e/last-aticol/data/raw/era5/single-levels/2m_temperature/monthly,cds__era5_sl_monthly__ERA5__reanalysis__t2m__surface__monthly__2019-2019__m08__NH0_90__grid_1p0.grib,/mnt/e/last-aticol/data/raw/era5/single-levels/2m_temperature/monthly/cds__era5_sl_monthly__ERA5__reanalysis__t2m__surface__monthly__2019-2019__m08__NH0_90__grid_1p0.grib,65628,1776184083
2026-04-15T12:26:21Z,/mnt/e/last-aticol/data/raw/era5/single-levels/2m_temperature/monthly,cds__era5_sl_monthly__ERA5__reanalysis__t2m__surface__monthly__2019-2019__m09__NH0_90__grid_1p0.grib,/mnt/e/last-aticol/data/raw/era5/single-levels/2m_temperature/monthly/cds__era5_sl_monthly__ERA5__reanalysis__t2m__surface__monthly__2019-2019__m09__NH0_90__grid_1p0.grib,65628,1776184247
2026-04-15T12:26:21Z,/mnt/e/last-aticol/data/raw/era5/single-levels/2m_temperature/monthly,cds__era5_sl_monthly__ERA5__reanalysis__t2m__surface__monthly__2019-2019__m10__NH0_90__grid_1p0.grib,/mnt/e/last-aticol/data/raw/era5/single-levels/2m_temperature/monthly/cds__era5_sl_monthly__ERA5__reanalysis__t2m__surface__monthly__2019-2019__m10__NH0_90__grid_1p0.grib,65628,1776184270
2026-04-15T12:26:21Z,/mnt/e/last-aticol/data/raw/era5/single-levels/2m_temperature/monthly,cds__era5_sl_monthly__ERA5__reanalysis__t2m__surface__monthly__2019-2019__m11__NH0_90__grid_1p0.grib,/mnt/e/last-aticol/data/raw/era5/single-levels/2m_temperature/monthly/cds__era5_sl_monthly__ERA5__reanalysis__t2m__surface__monthly__2019-2019__m11__NH0_90__grid_1p0.grib,65628,1776184292
2026-04-15T12:26:21Z,/mnt/e/last-aticol/data/raw/era5/single-levels/2m_temperature/monthly,cds__era5_sl_monthly__ERA5__reanalysis__t2m__surface__monthly__2019-2019__m12__NH0_90__grid_1p0.grib,/mnt/e/last-aticol/data/raw/era5/single-levels/2m_temperature/monthly/cds__era5_sl_monthly__ERA5__reanalysis__t2m__surface__monthly__2019-2019__m12__NH0_90__grid_1p0.grib,65628,1776184314
2026-04-15T12:26:21Z,/mnt/e/last-aticol/data/raw/era5/single-levels/2m_temperature/monthly,cds__era5_sl_monthly__ERA5__reanalysis__t2m__surface__monthly__2020-2020__m01__NH0_90__grid_1p0.grib,/mnt/e/last-aticol/data/raw/era5/single-levels/2m_temperature/monthly/cds__era5_sl_monthly__ERA5__reanalysis__t2m__surface__monthly__2020-2020__m01__NH0_90__grid_1p0.grib,65628,1776184348
2026-04-15T12:26:22Z,/mnt/e/last-aticol/data/raw/era5/single-levels/2m_temperature/monthly,cds__era5_sl_monthly__ERA5__reanalysis__t2m__surface__monthly__2020-2020__m02__NH0_90__grid_1p0.grib,/mnt/e/last-aticol/data/raw/era5/single-levels/2m_temperature/monthly/cds__era5_sl_monthly__ERA5__reanalysis__t2m__surface__monthly__2020-2020__m02__NH0_90__grid_1p0.grib,65628,1776184370
2026-04-15T12:26:22Z,/mnt/e/last-aticol/data/raw/era5/single-levels/2m_temperature/monthly,cds__era5_sl_monthly__ERA5__reanalysis__t2m__surface__monthly__2020-2020__m03__NH0_90__grid_1p0.grib,/mnt/e/last-aticol/data/raw/era5/single-levels/2m_temperature/monthly/cds__era5_sl_monthly__ERA5__reanalysis__t2m__surface__monthly__2020-2020__m03__NH0_90__grid_1p0.grib,65628,1776184392
2026-04-15T12:26:22Z,/mnt/e/last-aticol/data/raw/era5/single-levels/2m_temperature/monthly,cds__era5_sl_monthly__ERA5__reanalysis__t2m__surface__monthly__2020-2020__m04__NH0_90__grid_1p0.grib,/mnt/e/last-aticol/data/raw/era5/single-levels/2m_temperature/monthly/cds__era5_sl_monthly__ERA5__reanalysis__t2m__surface__monthly__2020-2020__m04__NH0_90__grid_1p0.grib,65628,1776184425
2026-04-15T12:26:22Z,/mnt/e/last-aticol/data/raw/era5/single-levels/2m_temperature/monthly,cds__era5_sl_monthly__ERA5__reanalysis__t2m__surface__monthly__2020-2020__m05__NH0_90__grid_1p0.grib,/mnt/e/last-aticol/data/raw/era5/single-levels/2m_temperature/monthly/cds__era5_sl_monthly__ERA5__reanalysis__t2m__surface__monthly__2020-2020__m05__NH0_90__grid_1p0.grib,65628,1776184458
2026-04-15T12:26:22Z,/mnt/e/last-aticol/data/raw/era5/single-levels/2m_temperature/monthly,cds__era5_sl_monthly__ERA5__reanalysis__t2m__surface__monthly__2020-2020__m06__NH0_90__grid_1p0.grib,/mnt/e/last-aticol/data/raw/era5/single-levels/2m_temperature/monthly/cds__era5_sl_monthly__ERA5__reanalysis__t2m__surface__monthly__2020-2020__m06__NH0_90__grid_1p0.grib,65628,1776184491
2026-04-15T12:26:22Z,/mnt/e/last-aticol/data/raw/era5/single-levels/2m_temperature/monthly,cds__era5_sl_monthly__ERA5__reanalysis__t2m__surface__monthly__2020-2020__m07__NH0_90__grid_1p0.grib,/mnt/e/last-aticol/data/raw/era5/single-levels/2m_temperature/monthly/cds__era5_sl_monthly__ERA5__reanalysis__t2m__surface__monthly__2020-2020__m07__NH0_90__grid_1p0.grib,65628,1776184513
2026-04-15T12:26:22Z,/mnt/e/last-aticol/data/raw/era5/single-levels/2m_temperature/monthly,cds__era5_sl_monthly__ERA5__reanalysis__t2m__surface__monthly__2020-2020__m08__NH0_90__grid_1p0.grib,/mnt/e/last-aticol/data/raw/era5/single-levels/2m_temperature/monthly/cds__era5_sl_monthly__ERA5__reanalysis__t2m__surface__monthly__2020-2020__m08__NH0_90__grid_1p0.grib,65628,1776184573
2026-04-15T12:26:22Z,/mnt/e/last-aticol/data/raw/era5/single-levels/2m_temperature/monthly,cds__era5_sl_monthly__ERA5__reanalysis__t2m__surface__monthly__2020-2020__m09__NH0_90__grid_1p0.grib,/mnt/e/last-aticol/data/raw/era5/single-levels/2m_temperature/monthly/cds__era5_sl_monthly__ERA5__reanalysis__t2m__surface__monthly__2020-2020__m09__NH0_90__grid_1p0.grib,65628,1776184606
2026-04-15T12:26:22Z,/mnt/e/last-aticol/data/raw/era5/single-levels/2m_temperature/monthly,cds__era5_sl_monthly__ERA5__reanalysis__t2m__surface__monthly__2020-2020__m10__NH0_90__grid_1p0.grib,/mnt/e/last-aticol/data/raw/era5/single-levels/2m_temperature/monthly/cds__era5_sl_monthly__ERA5__reanalysis__t2m__surface__monthly__2020-2020__m10__NH0_90__grid_1p0.grib,65628,1776184679
2026-04-15T12:26:22Z,/mnt/e/last-aticol/data/raw/era5/single-levels/2m_temperature/monthly,cds__era5_sl_monthly__ERA5__reanalysis__t2m__surface__monthly__2020-2020__m11__NH0_90__grid_1p0.grib,/mnt/e/last-aticol/data/raw/era5/single-levels/2m_temperature/monthly/cds__era5_sl_monthly__ERA5__reanalysis__t2m__surface__monthly__2020-2020__m11__NH0_90__grid_1p0.grib,65628,1776184701
2026-04-15T12:26:22Z,/mnt/e/last-aticol/data/raw/era5/single-levels/2m_temperature/monthly,cds__era5_sl_monthly__ERA5__reanalysis__t2m__surface__monthly__2020-2020__m12__NH0_90__grid_1p0.grib,/mnt/e/last-aticol/data/raw/era5/single-levels/2m_temperature/monthly/cds__era5_sl_monthly__ERA5__reanalysis__t2m__surface__monthly__2020-2020__m12__NH0_90__grid_1p0.grib,65628,1776184734
2026-04-15T12:26:22Z,/mnt/e/last-aticol/data/raw/era5/single-levels/2m_temperature/monthly,cds__era5_sl_monthly__ERA5__reanalysis__t2m__surface__monthly__2021-2021__m01__NH0_90__grid_1p0.grib,/mnt/e/last-aticol/data/raw/era5/single-levels/2m_temperature/monthly/cds__era5_sl_monthly__ERA5__reanalysis__t2m__surface__monthly__2021-2021__m01__NH0_90__grid_1p0.grib,65628,1776184756
2026-04-15T12:26:22Z,/mnt/e/last-aticol/data/raw/era5/single-levels/2m_temperature/monthly,cds__era5_sl_monthly__ERA5__reanalysis__t2m__surface__monthly__2021-2021__m02__NH0_90__grid_1p0.grib,/mnt/e/last-aticol/data/raw/era5/single-levels/2m_temperature/monthly/cds__era5_sl_monthly__ERA5__reanalysis__t2m__surface__monthly__2021-2021__m02__NH0_90__grid_1p0.grib,65628,1776184790
2026-04-15T12:26:22Z,/mnt/e/last-aticol/data/raw/era5/single-levels/2m_temperature/monthly,cds__era5_sl_monthly__ERA5__reanalysis__t2m__surface__monthly__2021-2021__m03__NH0_90__grid_1p0.grib,/mnt/e/last-aticol/data/raw/era5/single-levels/2m_temperature/monthly/cds__era5_sl_monthly__ERA5__reanalysis__t2m__surface__monthly__2021-2021__m03__NH0_90__grid_1p0.grib,65628,1776184812
2026-04-15T12:26:22Z,/mnt/e/last-aticol/data/raw/era5/single-levels/2m_temperature/monthly,cds__era5_sl_monthly__ERA5__reanalysis__t2m__surface__monthly__2021-2021__m04__NH0_90__grid_1p0.grib,/mnt/e/last-aticol/data/raw/era5/single-levels/2m_temperature/monthly/cds__era5_sl_monthly__ERA5__reanalysis__t2m__surface__monthly__2021-2021__m04__NH0_90__grid_1p0.grib,65628,1776184834
2026-04-15T12:26:22Z,/mnt/e/last-aticol/data/raw/era5/single-levels/2m_temperature/monthly,cds__era5_sl_monthly__ERA5__reanalysis__t2m__surface__monthly__2021-2021__m05__NH0_90__grid_1p0.grib,/mnt/e/last-aticol/data/raw/era5/single-levels/2m_temperature/monthly/cds__era5_sl_monthly__ERA5__reanalysis__t2m__surface__monthly__2021-2021__m05__NH0_90__grid_1p0.grib,65628,1776184857
2026-04-15T12:26:22Z,/mnt/e/last-aticol/data/raw/era5/single-levels/2m_temperature/monthly,cds__era5_sl_monthly__ERA5__reanalysis__t2m__surface__monthly__2021-2021__m06__NH0_90__grid_1p0.grib,/mnt/e/last-aticol/data/raw/era5/single-levels/2m_temperature/monthly/cds__era5_sl_monthly__ERA5__reanalysis__t2m__surface__monthly__2021-2021__m06__NH0_90__grid_1p0.grib,65628,1776184890
2026-04-15T12:26:22Z,/mnt/e/last-aticol/data/raw/era5/single-levels/2m_temperature/monthly,cds__era5_sl_monthly__ERA5__reanalysis__t2m__surface__monthly__2021-2021__m07__NH0_90__grid_1p0.grib,/mnt/e/last-aticol/data/raw/era5/single-levels/2m_temperature/monthly/cds__era5_sl_monthly__ERA5__reanalysis__t2m__surface__monthly__2021-2021__m07__NH0_90__grid_1p0.grib,65628,1776185101
2026-04-15T12:26:22Z,/mnt/e/last-aticol/data/raw/era5/single-levels/2m_temperature/monthly,cds__era5_sl_monthly__ERA5__reanalysis__t2m__surface__monthly__2021-2021__m08__NH0_90__grid_1p0.grib,/mnt/e/last-aticol/data/raw/era5/single-levels/2m_temperature/monthly/cds__era5_sl_monthly__ERA5__reanalysis__t2m__surface__monthly__2021-2021__m08__NH0_90__grid_1p0.grib,65628,1776185135
2026-04-15T12:26:22Z,/mnt/e/last-aticol/data/raw/era5/single-levels/2m_temperature/monthly,cds__era5_sl_monthly__ERA5__reanalysis__t2m__surface__monthly__2021-2021__m09__NH0_90__grid_1p0.grib,/mnt/e/last-aticol/data/raw/era5/single-levels/2m_temperature/monthly/cds__era5_sl_monthly__ERA5__reanalysis__t2m__surface__monthly__2021-2021__m09__NH0_90__grid_1p0.grib,65628,1776185168
2026-04-15T12:26:22Z,/mnt/e/last-aticol/data/raw/era5/single-levels/2m_temperature/monthly,cds__era5_sl_monthly__ERA5__reanalysis__t2m__surface__monthly__2021-2021__m10__NH0_90__grid_1p0.grib,/mnt/e/last-aticol/data/raw/era5/single-levels/2m_temperature/monthly/cds__era5_sl_monthly__ERA5__reanalysis__t2m__surface__monthly__2021-2021__m10__NH0_90__grid_1p0.grib,65628,1776185190
2026-04-15T12:26:22Z,/mnt/e/last-aticol/data/raw/era5/single-levels/2m_temperature/monthly,cds__era5_sl_monthly__ERA5__reanalysis__t2m__surface__monthly__2021-2021__m11__NH0_90__grid_1p0.grib,/mnt/e/last-aticol/data/raw/era5/single-levels/2m_temperature/monthly/cds__era5_sl_monthly__ERA5__reanalysis__t2m__surface__monthly__2021-2021__m11__NH0_90__grid_1p0.grib,65628,1776185212
2026-04-15T12:26:22Z,/mnt/e/last-aticol/data/raw/era5/single-levels/2m_temperature/monthly,cds__era5_sl_monthly__ERA5__reanalysis__t2m__surface__monthly__2021-2021__m12__NH0_90__grid_1p0.grib,/mnt/e/last-aticol/data/raw/era5/single-levels/2m_temperature/monthly/cds__era5_sl_monthly__ERA5__reanalysis__t2m__surface__monthly__2021-2021__m12__NH0_90__grid_1p0.grib,65628,1776185245
2026-04-15T12:26:22Z,/mnt/e/last-aticol/data/raw/era5/single-levels/2m_temperature/monthly,cds__era5_sl_monthly__ERA5__reanalysis__t2m__surface__monthly__2022-2022__m01__NH0_90__grid_1p0.grib,/mnt/e/last-aticol/data/raw/era5/single-levels/2m_temperature/monthly/cds__era5_sl_monthly__ERA5__reanalysis__t2m__surface__monthly__2022-2022__m01__NH0_90__grid_1p0.grib,65628,1776185279
2026-04-15T12:26:22Z,/mnt/e/last-aticol/data/raw/era5/single-levels/2m_temperature/monthly,cds__era5_sl_monthly__ERA5__reanalysis__t2m__surface__monthly__2022-2022__m02__NH0_90__grid_1p0.grib,/mnt/e/last-aticol/data/raw/era5/single-levels/2m_temperature/monthly/cds__era5_sl_monthly__ERA5__reanalysis__t2m__surface__monthly__2022-2022__m02__NH0_90__grid_1p0.grib,65628,1776185312
2026-04-15T12:26:22Z,/mnt/e/last-aticol/data/raw/era5/single-levels/2m_temperature/monthly,cds__era5_sl_monthly__ERA5__reanalysis__t2m__surface__monthly__2022-2022__m03__NH0_90__grid_1p0.grib,/mnt/e/last-aticol/data/raw/era5/single-levels/2m_temperature/monthly/cds__era5_sl_monthly__ERA5__reanalysis__t2m__surface__monthly__2022-2022__m03__NH0_90__grid_1p0.grib,65628,1776185345
2026-04-15T12:26:22Z,/mnt/e/last-aticol/data/raw/era5/single-levels/2m_temperature/monthly,cds__era5_sl_monthly__ERA5__reanalysis__t2m__surface__monthly__2022-2022__m04__NH0_90__grid_1p0.grib,/mnt/e/last-aticol/data/raw/era5/single-levels/2m_temperature/monthly/cds__era5_sl_monthly__ERA5__reanalysis__t2m__surface__monthly__2022-2022__m04__NH0_90__grid_1p0.grib,65628,1776185378
2026-04-15T12:26:22Z,/mnt/e/last-aticol/data/raw/era5/single-levels/2m_temperature/monthly,cds__era5_sl_monthly__ERA5__reanalysis__t2m__surface__monthly__2022-2022__m05__NH0_90__grid_1p0.grib,/mnt/e/last-aticol/data/raw/era5/single-levels/2m_temperature/monthly/cds__era5_sl_monthly__ERA5__reanalysis__t2m__surface__monthly__2022-2022__m05__NH0_90__grid_1p0.grib,65628,1776185414
2026-04-15T12:26:22Z,/mnt/e/last-aticol/data/raw/era5/single-levels/2m_temperature/monthly,cds__era5_sl_monthly__ERA5__reanalysis__t2m__surface__monthly__2022-2022__m06__NH0_90__grid_1p0.grib,/mnt/e/last-aticol/data/raw/era5/single-levels/2m_temperature/monthly/cds__era5_sl_monthly__ERA5__reanalysis__t2m__surface__monthly__2022-2022__m06__NH0_90__grid_1p0.grib,65628,1776185436
2026-04-15T12:26:22Z,/mnt/e/last-aticol/data/raw/era5/single-levels/2m_temperature/monthly,cds__era5_sl_monthly__ERA5__reanalysis__t2m__surface__monthly__2022-2022__m07__NH0_90__grid_1p0.grib,/mnt/e/last-aticol/data/raw/era5/single-levels/2m_temperature/monthly/cds__era5_sl_monthly__ERA5__reanalysis__t2m__surface__monthly__2022-2022__m07__NH0_90__grid_1p0.grib,65628,1776185458
2026-04-15T12:26:22Z,/mnt/e/last-aticol/data/raw/era5/single-levels/2m_temperature/monthly,cds__era5_sl_monthly__ERA5__reanalysis__t2m__surface__monthly__2022-2022__m08__NH0_90__grid_1p0.grib,/mnt/e/last-aticol/data/raw/era5/single-levels/2m_temperature/monthly/cds__era5_sl_monthly__ERA5__reanalysis__t2m__surface__monthly__2022-2022__m08__NH0_90__grid_1p0.grib,65628,1776185491
2026-04-15T12:26:22Z,/mnt/e/last-aticol/data/raw/era5/single-levels/2m_temperature/monthly,cds__era5_sl_monthly__ERA5__reanalysis__t2m__surface__monthly__2022-2022__m09__NH0_90__grid_1p0.grib,/mnt/e/last-aticol/data/raw/era5/single-levels/2m_temperature/monthly/cds__era5_sl_monthly__ERA5__reanalysis__t2m__surface__monthly__2022-2022__m09__NH0_90__grid_1p0.grib,65628,1776185524
2026-04-15T12:26:22Z,/mnt/e/last-aticol/data/raw/era5/single-levels/2m_temperature/monthly,cds__era5_sl_monthly__ERA5__reanalysis__t2m__surface__monthly__2022-2022__m10__NH0_90__grid_1p0.grib,/mnt/e/last-aticol/data/raw/era5/single-levels/2m_temperature/monthly/cds__era5_sl_monthly__ERA5__reanalysis__t2m__surface__monthly__2022-2022__m10__NH0_90__grid_1p0.grib,65628,1776185557
2026-04-15T12:26:22Z,/mnt/e/last-aticol/data/raw/era5/single-levels/2m_temperature/monthly,cds__era5_sl_monthly__ERA5__reanalysis__t2m__surface__monthly__2022-2022__m11__NH0_90__grid_1p0.grib,/mnt/e/last-aticol/data/raw/era5/single-levels/2m_temperature/monthly/cds__era5_sl_monthly__ERA5__reanalysis__t2m__surface__monthly__2022-2022__m11__NH0_90__grid_1p0.grib,65628,1776185580
2026-04-15T12:26:22Z,/mnt/e/last-aticol/data/raw/era5/single-levels/2m_temperature/monthly,cds__era5_sl_monthly__ERA5__reanalysis__t2m__surface__monthly__2022-2022__m12__NH0_90__grid_1p0.grib,/mnt/e/last-aticol/data/raw/era5/single-levels/2m_temperature/monthly/cds__era5_sl_monthly__ERA5__reanalysis__t2m__surface__monthly__2022-2022__m12__NH0_90__grid_1p0.grib,65628,1776185602
2026-04-15T12:26:22Z,/mnt/e/last-aticol/data/raw/era5/single-levels/2m_temperature/monthly,cds__era5_sl_monthly__ERA5__reanalysis__t2m__surface__monthly__2023-2023__m01__NH0_90__grid_1p0.grib,/mnt/e/last-aticol/data/raw/era5/single-levels/2m_temperature/monthly/cds__era5_sl_monthly__ERA5__reanalysis__t2m__surface__monthly__2023-2023__m01__NH0_90__grid_1p0.grib,65628,1776185635
2026-04-15T12:26:22Z,/mnt/e/last-aticol/data/raw/era5/single-levels/2m_temperature/monthly,cds__era5_sl_monthly__ERA5__reanalysis__t2m__surface__monthly__2023-2023__m02__NH0_90__grid_1p0.grib,/mnt/e/last-aticol/data/raw/era5/single-levels/2m_temperature/monthly/cds__era5_sl_monthly__ERA5__reanalysis__t2m__surface__monthly__2023-2023__m02__NH0_90__grid_1p0.grib,65628,1776185657
2026-04-15T12:26:22Z,/mnt/e/last-aticol/data/raw/era5/single-levels/2m_temperature/monthly,cds__era5_sl_monthly__ERA5__reanalysis__t2m__surface__monthly__2023-2023__m03__NH0_90__grid_1p0.grib,/mnt/e/last-aticol/data/raw/era5/single-levels/2m_temperature/monthly/cds__era5_sl_monthly__ERA5__reanalysis__t2m__surface__monthly__2023-2023__m03__NH0_90__grid_1p0.grib,65628,1776185690
2026-04-15T12:26:22Z,/mnt/e/last-aticol/data/raw/era5/single-levels/2m_temperature/monthly,cds__era5_sl_monthly__ERA5__reanalysis__t2m__surface__monthly__2023-2023__m04__NH0_90__grid_1p0.grib,/mnt/e/last-aticol/data/raw/era5/single-levels/2m_temperature/monthly/cds__era5_sl_monthly__ERA5__reanalysis__t2m__surface__monthly__2023-2023__m04__NH0_90__grid_1p0.grib,65628,1776185723
2026-04-15T12:26:22Z,/mnt/e/last-aticol/data/raw/era5/single-levels/2m_temperature/monthly,cds__era5_sl_monthly__ERA5__reanalysis__t2m__surface__monthly__2023-2023__m05__NH0_90__grid_1p0.grib,/mnt/e/last-aticol/data/raw/era5/single-levels/2m_temperature/monthly/cds__era5_sl_monthly__ERA5__reanalysis__t2m__surface__monthly__2023-2023__m05__NH0_90__grid_1p0.grib,65628,1776185756
2026-04-15T12:26:22Z,/mnt/e/last-aticol/data/raw/era5/single-levels/2m_temperature/monthly,cds__era5_sl_monthly__ERA5__reanalysis__t2m__surface__monthly__2023-2023__m06__NH0_90__grid_1p0.grib,/mnt/e/last-aticol/data/raw/era5/single-levels/2m_temperature/monthly/cds__era5_sl_monthly__ERA5__reanalysis__t2m__surface__monthly__2023-2023__m06__NH0_90__grid_1p0.grib,65628,1776185778
2026-04-15T12:26:22Z,/mnt/e/last-aticol/data/raw/era5/single-levels/2m_temperature/monthly,cds__era5_sl_monthly__ERA5__reanalysis__t2m__surface__monthly__2023-2023__m07__NH0_90__grid_1p0.grib,/mnt/e/last-aticol/data/raw/era5/single-levels/2m_temperature/monthly/cds__era5_sl_monthly__ERA5__reanalysis__t2m__surface__monthly__2023-2023__m07__NH0_90__grid_1p0.grib,65628,1776185801
2026-04-15T12:26:22Z,/mnt/e/last-aticol/data/raw/era5/single-levels/2m_temperature/monthly,cds__era5_sl_monthly__ERA5__reanalysis__t2m__surface__monthly__2023-2023__m08__NH0_90__grid_1p0.grib,/mnt/e/last-aticol/data/raw/era5/single-levels/2m_temperature/monthly/cds__era5_sl_monthly__ERA5__reanalysis__t2m__surface__monthly__2023-2023__m08__NH0_90__grid_1p0.grib,65628,1776185998
2026-04-15T12:26:22Z,/mnt/e/last-aticol/data/raw/era5/single-levels/2m_temperature/monthly,cds__era5_sl_monthly__ERA5__reanalysis__t2m__surface__monthly__2023-2023__m09__NH0_90__grid_1p0.grib,/mnt/e/last-aticol/data/raw/era5/single-levels/2m_temperature/monthly/cds__era5_sl_monthly__ERA5__reanalysis__t2m__surface__monthly__2023-2023__m09__NH0_90__grid_1p0.grib,65628,1776186020
2026-04-15T12:26:22Z,/mnt/e/last-aticol/data/raw/era5/single-levels/2m_temperature/monthly,cds__era5_sl_monthly__ERA5__reanalysis__t2m__surface__monthly__2023-2023__m10__NH0_90__grid_1p0.grib,/mnt/e/last-aticol/data/raw/era5/single-levels/2m_temperature/monthly/cds__era5_sl_monthly__ERA5__reanalysis__t2m__surface__monthly__2023-2023__m10__NH0_90__grid_1p0.grib,65628,1776186053
2026-04-15T12:26:22Z,/mnt/e/last-aticol/data/raw/era5/single-levels/2m_temperature/monthly,cds__era5_sl_monthly__ERA5__reanalysis__t2m__surface__monthly__2023-2023__m11__NH0_90__grid_1p0.grib,/mnt/e/last-aticol/data/raw/era5/single-levels/2m_temperature/monthly/cds__era5_sl_monthly__ERA5__reanalysis__t2m__surface__monthly__2023-2023__m11__NH0_90__grid_1p0.grib,65628,1776186086
2026-04-15T12:26:22Z,/mnt/e/last-aticol/data/raw/era5/single-levels/2m_temperature/monthly,cds__era5_sl_monthly__ERA5__reanalysis__t2m__surface__monthly__2023-2023__m12__NH0_90__grid_1p0.grib,/mnt/e/last-aticol/data/raw/era5/single-levels/2m_temperature/monthly/cds__era5_sl_monthly__ERA5__reanalysis__t2m__surface__monthly__2023-2023__m12__NH0_90__grid_1p0.grib,65628,1776186119
2026-04-15T12:26:22Z,/mnt/e/last-aticol/data/raw/era5/single-levels/2m_temperature/monthly,cds__era5_sl_monthly__ERA5__reanalysis__t2m__surface__monthly__2024-2024__m01__NH0_90__grid_1p0.grib,/mnt/e/last-aticol/data/raw/era5/single-levels/2m_temperature/monthly/cds__era5_sl_monthly__ERA5__reanalysis__t2m__surface__monthly__2024-2024__m01__NH0_90__grid_1p0.grib,65628,1776186142
2026-04-15T12:26:22Z,/mnt/e/last-aticol/data/raw/era5/single-levels/2m_temperature/monthly,cds__era5_sl_monthly__ERA5__reanalysis__t2m__surface__monthly__2024-2024__m02__NH0_90__grid_1p0.grib,/mnt/e/last-aticol/data/raw/era5/single-levels/2m_temperature/monthly/cds__era5_sl_monthly__ERA5__reanalysis__t2m__surface__monthly__2024-2024__m02__NH0_90__grid_1p0.grib,65628,1776186164
2026-04-15T12:26:22Z,/mnt/e/last-aticol/data/raw/era5/single-levels/2m_temperature/monthly,cds__era5_sl_monthly__ERA5__reanalysis__t2m__surface__monthly__2024-2024__m03__NH0_90__grid_1p0.grib,/mnt/e/last-aticol/data/raw/era5/single-levels/2m_temperature/monthly/cds__era5_sl_monthly__ERA5__reanalysis__t2m__surface__monthly__2024-2024__m03__NH0_90__grid_1p0.grib,65628,1776186186
2026-04-15T12:26:22Z,/mnt/e/last-aticol/data/raw/era5/single-levels/2m_temperature/monthly,cds__era5_sl_monthly__ERA5__reanalysis__t2m__surface__monthly__2024-2024__m04__NH0_90__grid_1p0.grib,/mnt/e/last-aticol/data/raw/era5/single-levels/2m_temperature/monthly/cds__era5_sl_monthly__ERA5__reanalysis__t2m__surface__monthly__2024-2024__m04__NH0_90__grid_1p0.grib,65628,1776186235
2026-04-15T12:26:22Z,/mnt/e/last-aticol/data/raw/era5/single-levels/2m_temperature/monthly,cds__era5_sl_monthly__ERA5__reanalysis__t2m__surface__monthly__2024-2024__m05__NH0_90__grid_1p0.grib,/mnt/e/last-aticol/data/raw/era5/single-levels/2m_temperature/monthly/cds__era5_sl_monthly__ERA5__reanalysis__t2m__surface__monthly__2024-2024__m05__NH0_90__grid_1p0.grib,65628,1776186268
2026-04-15T12:26:22Z,/mnt/e/last-aticol/data/raw/era5/single-levels/2m_temperature/monthly,cds__era5_sl_monthly__ERA5__reanalysis__t2m__surface__monthly__2024-2024__m06__NH0_90__grid_1p0.grib,/mnt/e/last-aticol/data/raw/era5/single-levels/2m_temperature/monthly/cds__era5_sl_monthly__ERA5__reanalysis__t2m__surface__monthly__2024-2024__m06__NH0_90__grid_1p0.grib,65628,1776186291
2026-04-15T12:26:22Z,/mnt/e/last-aticol/data/raw/era5/single-levels/2m_temperature/monthly,cds__era5_sl_monthly__ERA5__reanalysis__t2m__surface__monthly__2024-2024__m07__NH0_90__grid_1p0.grib,/mnt/e/last-aticol/data/raw/era5/single-levels/2m_temperature/monthly/cds__era5_sl_monthly__ERA5__reanalysis__t2m__surface__monthly__2024-2024__m07__NH0_90__grid_1p0.grib,65628,1776186313
2026-04-15T12:26:22Z,/mnt/e/last-aticol/data/raw/era5/single-levels/2m_temperature/monthly,cds__era5_sl_monthly__ERA5__reanalysis__t2m__surface__monthly__2024-2024__m08__NH0_90__grid_1p0.grib,/mnt/e/last-aticol/data/raw/era5/single-levels/2m_temperature/monthly/cds__era5_sl_monthly__ERA5__reanalysis__t2m__surface__monthly__2024-2024__m08__NH0_90__grid_1p0.grib,65628,1776186362
2026-04-15T12:26:22Z,/mnt/e/last-aticol/data/raw/era5/single-levels/2m_temperature/monthly,cds__era5_sl_monthly__ERA5__reanalysis__t2m__surface__monthly__2024-2024__m09__NH0_90__grid_1p0.grib,/mnt/e/last-aticol/data/raw/era5/single-levels/2m_temperature/monthly/cds__era5_sl_monthly__ERA5__reanalysis__t2m__surface__monthly__2024-2024__m09__NH0_90__grid_1p0.grib,65628,1776186385
2026-04-15T12:26:22Z,/mnt/e/last-aticol/data/raw/era5/single-levels/2m_temperature/monthly,cds__era5_sl_monthly__ERA5__reanalysis__t2m__surface__monthly__2024-2024__m10__NH0_90__grid_1p0.grib,/mnt/e/last-aticol/data/raw/era5/single-levels/2m_temperature/monthly/cds__era5_sl_monthly__ERA5__reanalysis__t2m__surface__monthly__2024-2024__m10__NH0_90__grid_1p0.grib,65628,1776186418
2026-04-15T12:26:22Z,/mnt/e/last-aticol/data/raw/era5/single-levels/2m_temperature/monthly,cds__era5_sl_monthly__ERA5__reanalysis__t2m__surface__monthly__2024-2024__m11__NH0_90__grid_1p0.grib,/mnt/e/last-aticol/data/raw/era5/single-levels/2m_temperature/monthly/cds__era5_sl_monthly__ERA5__reanalysis__t2m__surface__monthly__2024-2024__m11__NH0_90__grid_1p0.grib,65628,1776186453
2026-04-15T12:26:22Z,/mnt/e/last-aticol/data/raw/era5/single-levels/2m_temperature/monthly,cds__era5_sl_monthly__ERA5__reanalysis__t2m__surface__monthly__2024-2024__m12__NH0_90__grid_1p0.grib,/mnt/e/last-aticol/data/raw/era5/single-levels/2m_temperature/monthly/cds__era5_sl_monthly__ERA5__reanalysis__t2m__surface__monthly__2024-2024__m12__NH0_90__grid_1p0.grib,65628,1776186475
2026-04-15T12:26:22Z,/mnt/e/last-aticol/data/raw/era5/single-levels/2m_temperature/monthly,cds__era5_sl_monthly__ERA5__reanalysis__t2m__surface__monthly__2025-2025__m01__NH0_90__grid_1p0.grib,/mnt/e/last-aticol/data/raw/era5/single-levels/2m_temperature/monthly/cds__era5_sl_monthly__ERA5__reanalysis__t2m__surface__monthly__2025-2025__m01__NH0_90__grid_1p0.grib,65628,1776186498
2026-04-15T12:26:22Z,/mnt/e/last-aticol/data/raw/era5/single-levels/2m_temperature/monthly,cds__era5_sl_monthly__ERA5__reanalysis__t2m__surface__monthly__2025-2025__m02__NH0_90__grid_1p0.grib,/mnt/e/last-aticol/data/raw/era5/single-levels/2m_temperature/monthly/cds__era5_sl_monthly__ERA5__reanalysis__t2m__surface__monthly__2025-2025__m02__NH0_90__grid_1p0.grib,65628,1776186520
2026-04-15T12:26:22Z,/mnt/e/last-aticol/data/raw/era5/single-levels/2m_temperature/monthly,cds__era5_sl_monthly__ERA5__reanalysis__t2m__surface__monthly__2025-2025__m03__NH0_90__grid_1p0.grib,/mnt/e/last-aticol/data/raw/era5/single-levels/2m_temperature/monthly/cds__era5_sl_monthly__ERA5__reanalysis__t2m__surface__monthly__2025-2025__m03__NH0_90__grid_1p0.grib,65628,1776186553
2026-04-15T12:26:22Z,/mnt/e/last-aticol/data/raw/era5/single-levels/2m_temperature/monthly,cds__era5_sl_monthly__ERA5__reanalysis__t2m__surface__monthly__2025-2025__m04__NH0_90__grid_1p0.grib,/mnt/e/last-aticol/data/raw/era5/single-levels/2m_temperature/monthly/cds__era5_sl_monthly__ERA5__reanalysis__t2m__surface__monthly__2025-2025__m04__NH0_90__grid_1p0.grib,65628,1776186586
2026-04-15T12:26:22Z,/mnt/e/last-aticol/data/raw/era5/single-levels/2m_temperature/monthly,cds__era5_sl_monthly__ERA5__reanalysis__t2m__surface__monthly__2025-2025__m05__NH0_90__grid_1p0.grib,/mnt/e/last-aticol/data/raw/era5/single-levels/2m_temperature/monthly/cds__era5_sl_monthly__ERA5__reanalysis__t2m__surface__monthly__2025-2025__m05__NH0_90__grid_1p0.grib,65628,1776186619
2026-04-15T12:26:22Z,/mnt/e/last-aticol/data/raw/era5/single-levels/2m_temperature/monthly,cds__era5_sl_monthly__ERA5__reanalysis__t2m__surface__monthly__2025-2025__m06__NH0_90__grid_1p0.grib,/mnt/e/last-aticol/data/raw/era5/single-levels/2m_temperature/monthly/cds__era5_sl_monthly__ERA5__reanalysis__t2m__surface__monthly__2025-2025__m06__NH0_90__grid_1p0.grib,65628,1776186653
2026-04-15T12:26:22Z,/mnt/e/last-aticol/data/raw/era5/single-levels/2m_temperature/monthly,cds__era5_sl_monthly__ERA5__reanalysis__t2m__surface__monthly__2025-2025__m07__NH0_90__grid_1p0.grib,/mnt/e/last-aticol/data/raw/era5/single-levels/2m_temperature/monthly/cds__era5_sl_monthly__ERA5__reanalysis__t2m__surface__monthly__2025-2025__m07__NH0_90__grid_1p0.grib,65628,1776186675
2026-04-15T12:26:22Z,/mnt/e/last-aticol/data/raw/era5/single-levels/2m_temperature/monthly,cds__era5_sl_monthly__ERA5__reanalysis__t2m__surface__monthly__2025-2025__m08__NH0_90__grid_1p0.grib,/mnt/e/last-aticol/data/raw/era5/single-levels/2m_temperature/monthly/cds__era5_sl_monthly__ERA5__reanalysis__t2m__surface__monthly__2025-2025__m08__NH0_90__grid_1p0.grib,65628,1776186698
2026-04-15T12:26:22Z,/mnt/e/last-aticol/data/raw/era5/single-levels/2m_temperature/monthly,cds__era5_sl_monthly__ERA5__reanalysis__t2m__surface__monthly__2025-2025__m09__NH0_90__grid_1p0.grib,/mnt/e/last-aticol/data/raw/era5/single-levels/2m_temperature/monthly/cds__era5_sl_monthly__ERA5__reanalysis__t2m__surface__monthly__2025-2025__m09__NH0_90__grid_1p0.grib,65628,1776186720
2026-04-15T12:26:22Z,/mnt/e/last-aticol/data/raw/era5/single-levels/2m_temperature/monthly,cds__era5_sl_monthly__ERA5__reanalysis__t2m__surface__monthly__2025-2025__m10__NH0_90__grid_1p0.grib,/mnt/e/last-aticol/data/raw/era5/single-levels/2m_temperature/monthly/cds__era5_sl_monthly__ERA5__reanalysis__t2m__surface__monthly__2025-2025__m10__NH0_90__grid_1p0.grib,65628,1776186753
2026-04-15T12:26:22Z,/mnt/e/last-aticol/data/raw/era5/single-levels/2m_temperature/monthly,cds__era5_sl_monthly__ERA5__reanalysis__t2m__surface__monthly__2025-2025__m11__NH0_90__grid_1p0.grib,/mnt/e/last-aticol/data/raw/era5/single-levels/2m_temperature/monthly/cds__era5_sl_monthly__ERA5__reanalysis__t2m__surface__monthly__2025-2025__m11__NH0_90__grid_1p0.grib,65628,1776186786
2026-04-15T12:26:22Z,/mnt/e/last-aticol/data/raw/era5/single-levels/2m_temperature/monthly,cds__era5_sl_monthly__ERA5__reanalysis__t2m__surface__monthly__2025-2025__m12__NH0_90__grid_1p0.grib,/mnt/e/last-aticol/data/raw/era5/single-levels/2m_temperature/monthly/cds__era5_sl_monthly__ERA5__reanalysis__t2m__surface__monthly__2025-2025__m12__NH0_90__grid_1p0.grib,65628,1776186808
