scanned_at_utc,root,filename,absolute_path,size_bytes,mtime_epoch
2026-04-16T12:36:30Z,/mnt/e/last-aticol/data/raw/era5/pressure-levels/geopotential/500hPa/monthly,cds__era5_pl_monthly__ERA5__reanalysis__z500__500hPa__monthly__2000-2000__m01__NH0_90__grid_1p0.grib,/mnt/e/last-aticol/data/raw/era5/pressure-levels/geopotential/500hPa/monthly/cds__era5_pl_monthly__ERA5__reanalysis__z500__500hPa__monthly__2000-2000__m01__NH0_90__grid_1p0.grib,65628,1776272251
2026-04-16T12:36:30Z,/mnt/e/last-aticol/data/raw/era5/pressure-levels/geopotential/500hPa/monthly,cds__era5_pl_monthly__ERA5__reanalysis__z500__500hPa__monthly__2000-2000__m02__NH0_90__grid_1p0.grib,/mnt/e/last-aticol/data/raw/era5/pressure-levels/geopotential/500hPa/monthly/cds__era5_pl_monthly__ERA5__reanalysis__z500__500hPa__monthly__2000-2000__m02__NH0_90__grid_1p0.grib,65628,1776272274
2026-04-16T12:36:30Z,/mnt/e/last-aticol/data/raw/era5/pressure-levels/geopotential/500hPa/monthly,cds__era5_pl_monthly__ERA5__reanalysis__z500__500hPa__monthly__2000-2000__m03__NH0_90__grid_1p0.grib,/mnt/e/last-aticol/data/raw/era5/pressure-levels/geopotential/500hPa/monthly/cds__era5_pl_monthly__ERA5__reanalysis__z500__500hPa__monthly__2000-2000__m03__NH0_90__grid_1p0.grib,65628,1776272296
2026-04-16T12:36:30Z,/mnt/e/last-aticol/data/raw/era5/pressure-levels/geopotential/500hPa/monthly,cds__era5_pl_monthly__ERA5__reanalysis__z500__500hPa__monthly__2000-2000__m04__NH0_90__grid_1p0.grib,/mnt/e/last-aticol/data/raw/era5/pressure-levels/geopotential/500hPa/monthly/cds__era5_pl_monthly__ERA5__reanalysis__z500__500hPa__monthly__2000-2000__m04__NH0_90__grid_1p0.grib,65628,1776272318
2026-04-16T12:36:30Z,/mnt/e/last-aticol/data/raw/era5/pressure-levels/geopotential/500hPa/monthly,cds__era5_pl_monthly__ERA5__reanalysis__z500__500hPa__monthly__2000-2000__m05__NH0_90__grid_1p0.grib,/mnt/e/last-aticol/data/raw/era5/pressure-levels/geopotential/500hPa/monthly/cds__era5_pl_monthly__ERA5__reanalysis__z500__500hPa__monthly__2000-2000__m05__NH0_90__grid_1p0.grib,65628,1776272341
2026-04-16T12:36:30Z,/mnt/e/last-aticol/data/raw/era5/pressure-levels/geopotential/500hPa/monthly,cds__era5_pl_monthly__ERA5__reanalysis__z500__500hPa__monthly__2000-2000__m06__NH0_90__grid_1p0.grib,/mnt/e/last-aticol/data/raw/era5/pressure-levels/geopotential/500hPa/monthly/cds__era5_pl_monthly__ERA5__reanalysis__z500__500hPa__monthly__2000-2000__m06__NH0_90__grid_1p0.grib,65628,1776272363
2026-04-16T12:36:30Z,/mnt/e/last-aticol/data/raw/era5/pressure-levels/geopotential/500hPa/monthly,cds__era5_pl_monthly__ERA5__reanalysis__z500__500hPa__monthly__2000-2000__m07__NH0_90__grid_1p0.grib,/mnt/e/last-aticol/data/raw/era5/pressure-levels/geopotential/500hPa/monthly/cds__era5_pl_monthly__ERA5__reanalysis__z500__500hPa__monthly__2000-2000__m07__NH0_90__grid_1p0.grib,65628,1776272385
2026-04-16T12:36:30Z,/mnt/e/last-aticol/data/raw/era5/pressure-levels/geopotential/500hPa/monthly,cds__era5_pl_monthly__ERA5__reanalysis__z500__500hPa__monthly__2000-2000__m08__NH0_90__grid_1p0.grib,/mnt/e/last-aticol/data/raw/era5/pressure-levels/geopotential/500hPa/monthly/cds__era5_pl_monthly__ERA5__reanalysis__z500__500hPa__monthly__2000-2000__m08__NH0_90__grid_1p0.grib,65628,1776272400
2026-04-16T12:36:30Z,/mnt/e/last-aticol/data/raw/era5/pressure-levels/geopotential/500hPa/monthly,cds__era5_pl_monthly__ERA5__reanalysis__z500__500hPa__monthly__2000-2000__m09__NH0_90__grid_1p0.grib,/mnt/e/last-aticol/data/raw/era5/pressure-levels/geopotential/500hPa/monthly/cds__era5_pl_monthly__ERA5__reanalysis__z500__500hPa__monthly__2000-2000__m09__NH0_90__grid_1p0.grib,65628,1776272433
2026-04-16T12:36:31Z,/mnt/e/last-aticol/data/raw/era5/pressure-levels/geopotential/500hPa/monthly,cds__era5_pl_monthly__ERA5__reanalysis__z500__500hPa__monthly__2000-2000__m10__NH0_90__grid_1p0.grib,/mnt/e/last-aticol/data/raw/era5/pressure-levels/geopotential/500hPa/monthly/cds__era5_pl_monthly__ERA5__reanalysis__z500__500hPa__monthly__2000-2000__m10__NH0_90__grid_1p0.grib,65628,1776272632
2026-04-16T12:36:31Z,/mnt/e/last-aticol/data/raw/era5/pressure-levels/geopotential/500hPa/monthly,cds__era5_pl_monthly__ERA5__reanalysis__z500__500hPa__monthly__2000-2000__m11__NH0_90__grid_1p0.grib,/mnt/e/last-aticol/data/raw/era5/pressure-levels/geopotential/500hPa/monthly/cds__era5_pl_monthly__ERA5__reanalysis__z500__500hPa__monthly__2000-2000__m11__NH0_90__grid_1p0.grib,65628,1776272647
2026-04-16T12:36:31Z,/mnt/e/last-aticol/data/raw/era5/pressure-levels/geopotential/500hPa/monthly,cds__era5_pl_monthly__ERA5__reanalysis__z500__500hPa__monthly__2000-2000__m12__NH0_90__grid_1p0.grib,/mnt/e/last-aticol/data/raw/era5/pressure-levels/geopotential/500hPa/monthly/cds__era5_pl_monthly__ERA5__reanalysis__z500__500hPa__monthly__2000-2000__m12__NH0_90__grid_1p0.grib,65628,1776272679
2026-04-16T12:36:31Z,/mnt/e/last-aticol/data/raw/era5/pressure-levels/geopotential/500hPa/monthly,cds__era5_pl_monthly__ERA5__reanalysis__z500__500hPa__monthly__2001-2001__m01__NH0_90__grid_1p0.grib,/mnt/e/last-aticol/data/raw/era5/pressure-levels/geopotential/500hPa/monthly/cds__era5_pl_monthly__ERA5__reanalysis__z500__500hPa__monthly__2001-2001__m01__NH0_90__grid_1p0.grib,65628,1776272702
2026-04-16T12:36:31Z,/mnt/e/last-aticol/data/raw/era5/pressure-levels/geopotential/500hPa/monthly,cds__era5_pl_monthly__ERA5__reanalysis__z500__500hPa__monthly__2001-2001__m02__NH0_90__grid_1p0.grib,/mnt/e/last-aticol/data/raw/era5/pressure-levels/geopotential/500hPa/monthly/cds__era5_pl_monthly__ERA5__reanalysis__z500__500hPa__monthly__2001-2001__m02__NH0_90__grid_1p0.grib,65628,1776272717
2026-04-16T12:36:31Z,/mnt/e/last-aticol/data/raw/era5/pressure-levels/geopotential/500hPa/monthly,cds__era5_pl_monthly__ERA5__reanalysis__z500__500hPa__monthly__2001-2001__m03__NH0_90__grid_1p0.grib,/mnt/e/last-aticol/data/raw/era5/pressure-levels/geopotential/500hPa/monthly/cds__era5_pl_monthly__ERA5__reanalysis__z500__500hPa__monthly__2001-2001__m03__NH0_90__grid_1p0.grib,65628,1776272740
2026-04-16T12:36:31Z,/mnt/e/last-aticol/data/raw/era5/pressure-levels/geopotential/500hPa/monthly,cds__era5_pl_monthly__ERA5__reanalysis__z500__500hPa__monthly__2001-2001__m04__NH0_90__grid_1p0.grib,/mnt/e/last-aticol/data/raw/era5/pressure-levels/geopotential/500hPa/monthly/cds__era5_pl_monthly__ERA5__reanalysis__z500__500hPa__monthly__2001-2001__m04__NH0_90__grid_1p0.grib,65628,1776272774
2026-04-16T12:36:31Z,/mnt/e/last-aticol/data/raw/era5/pressure-levels/geopotential/500hPa/monthly,cds__era5_pl_monthly__ERA5__reanalysis__z500__500hPa__monthly__2001-2001__m05__NH0_90__grid_1p0.grib,/mnt/e/last-aticol/data/raw/era5/pressure-levels/geopotential/500hPa/monthly/cds__era5_pl_monthly__ERA5__reanalysis__z500__500hPa__monthly__2001-2001__m05__NH0_90__grid_1p0.grib,65628,1776272796
2026-04-16T12:36:31Z,/mnt/e/last-aticol/data/raw/era5/pressure-levels/geopotential/500hPa/monthly,cds__era5_pl_monthly__ERA5__reanalysis__z500__500hPa__monthly__2001-2001__m06__NH0_90__grid_1p0.grib,/mnt/e/last-aticol/data/raw/era5/pressure-levels/geopotential/500hPa/monthly/cds__era5_pl_monthly__ERA5__reanalysis__z500__500hPa__monthly__2001-2001__m06__NH0_90__grid_1p0.grib,65628,1776272818
2026-04-16T12:36:31Z,/mnt/e/last-aticol/data/raw/era5/pressure-levels/geopotential/500hPa/monthly,cds__era5_pl_monthly__ERA5__reanalysis__z500__500hPa__monthly__2001-2001__m07__NH0_90__grid_1p0.grib,/mnt/e/last-aticol/data/raw/era5/pressure-levels/geopotential/500hPa/monthly/cds__era5_pl_monthly__ERA5__reanalysis__z500__500hPa__monthly__2001-2001__m07__NH0_90__grid_1p0.grib,65628,1776272852
2026-04-16T12:36:31Z,/mnt/e/last-aticol/data/raw/era5/pressure-levels/geopotential/500hPa/monthly,cds__era5_pl_monthly__ERA5__reanalysis__z500__500hPa__monthly__2001-2001__m08__NH0_90__grid_1p0.grib,/mnt/e/last-aticol/data/raw/era5/pressure-levels/geopotential/500hPa/monthly/cds__era5_pl_monthly__ERA5__reanalysis__z500__500hPa__monthly__2001-2001__m08__NH0_90__grid_1p0.grib,65628,1776272874
2026-04-16T12:36:31Z,/mnt/e/last-aticol/data/raw/era5/pressure-levels/geopotential/500hPa/monthly,cds__era5_pl_monthly__ERA5__reanalysis__z500__500hPa__monthly__2001-2001__m09__NH0_90__grid_1p0.grib,/mnt/e/last-aticol/data/raw/era5/pressure-levels/geopotential/500hPa/monthly/cds__era5_pl_monthly__ERA5__reanalysis__z500__500hPa__monthly__2001-2001__m09__NH0_90__grid_1p0.grib,65628,1776272896
2026-04-16T12:36:31Z,/mnt/e/last-aticol/data/raw/era5/pressure-levels/geopotential/500hPa/monthly,cds__era5_pl_monthly__ERA5__reanalysis__z500__500hPa__monthly__2001-2001__m10__NH0_90__grid_1p0.grib,/mnt/e/last-aticol/data/raw/era5/pressure-levels/geopotential/500hPa/monthly/cds__era5_pl_monthly__ERA5__reanalysis__z500__500hPa__monthly__2001-2001__m10__NH0_90__grid_1p0.grib,65628,1776272929
2026-04-16T12:36:31Z,/mnt/e/last-aticol/data/raw/era5/pressure-levels/geopotential/500hPa/monthly,cds__era5_pl_monthly__ERA5__reanalysis__z500__500hPa__monthly__2001-2001__m11__NH0_90__grid_1p0.grib,/mnt/e/last-aticol/data/raw/era5/pressure-levels/geopotential/500hPa/monthly/cds__era5_pl_monthly__ERA5__reanalysis__z500__500hPa__monthly__2001-2001__m11__NH0_90__grid_1p0.grib,65628,1776272951
2026-04-16T12:36:31Z,/mnt/e/last-aticol/data/raw/era5/pressure-levels/geopotential/500hPa/monthly,cds__era5_pl_monthly__ERA5__reanalysis__z500__500hPa__monthly__2001-2001__m12__NH0_90__grid_1p0.grib,/mnt/e/last-aticol/data/raw/era5/pressure-levels/geopotential/500hPa/monthly/cds__era5_pl_monthly__ERA5__reanalysis__z500__500hPa__monthly__2001-2001__m12__NH0_90__grid_1p0.grib,65628,1776272973
2026-04-16T12:36:31Z,/mnt/e/last-aticol/data/raw/era5/pressure-levels/geopotential/500hPa/monthly,cds__era5_pl_monthly__ERA5__reanalysis__z500__500hPa__monthly__2002-2002__m01__NH0_90__grid_1p0.grib,/mnt/e/last-aticol/data/raw/era5/pressure-levels/geopotential/500hPa/monthly/cds__era5_pl_monthly__ERA5__reanalysis__z500__500hPa__monthly__2002-2002__m01__NH0_90__grid_1p0.grib,65628,1776273007
2026-04-16T12:36:31Z,/mnt/e/last-aticol/data/raw/era5/pressure-levels/geopotential/500hPa/monthly,cds__era5_pl_monthly__ERA5__reanalysis__z500__500hPa__monthly__2002-2002__m02__NH0_90__grid_1p0.grib,/mnt/e/last-aticol/data/raw/era5/pressure-levels/geopotential/500hPa/monthly/cds__era5_pl_monthly__ERA5__reanalysis__z500__500hPa__monthly__2002-2002__m02__NH0_90__grid_1p0.grib,65628,1776273030
2026-04-16T12:36:31Z,/mnt/e/last-aticol/data/raw/era5/pressure-levels/geopotential/500hPa/monthly,cds__era5_pl_monthly__ERA5__reanalysis__z500__500hPa__monthly__2002-2002__m03__NH0_90__grid_1p0.grib,/mnt/e/last-aticol/data/raw/era5/pressure-levels/geopotential/500hPa/monthly/cds__era5_pl_monthly__ERA5__reanalysis__z500__500hPa__monthly__2002-2002__m03__NH0_90__grid_1p0.grib,65628,1776273052
2026-04-16T12:36:31Z,/mnt/e/last-aticol/data/raw/era5/pressure-levels/geopotential/500hPa/monthly,cds__era5_pl_monthly__ERA5__reanalysis__z500__500hPa__monthly__2002-2002__m04__NH0_90__grid_1p0.grib,/mnt/e/last-aticol/data/raw/era5/pressure-levels/geopotential/500hPa/monthly/cds__era5_pl_monthly__ERA5__reanalysis__z500__500hPa__monthly__2002-2002__m04__NH0_90__grid_1p0.grib,65628,1776273074
2026-04-16T12:36:31Z,/mnt/e/last-aticol/data/raw/era5/pressure-levels/geopotential/500hPa/monthly,cds__era5_pl_monthly__ERA5__reanalysis__z500__500hPa__monthly__2002-2002__m05__NH0_90__grid_1p0.grib,/mnt/e/last-aticol/data/raw/era5/pressure-levels/geopotential/500hPa/monthly/cds__era5_pl_monthly__ERA5__reanalysis__z500__500hPa__monthly__2002-2002__m05__NH0_90__grid_1p0.grib,65628,1776273108
2026-04-16T12:36:31Z,/mnt/e/last-aticol/data/raw/era5/pressure-levels/geopotential/500hPa/monthly,cds__era5_pl_monthly__ERA5__reanalysis__z500__500hPa__monthly__2002-2002__m06__NH0_90__grid_1p0.grib,/mnt/e/last-aticol/data/raw/era5/pressure-levels/geopotential/500hPa/monthly/cds__era5_pl_monthly__ERA5__reanalysis__z500__500hPa__monthly__2002-2002__m06__NH0_90__grid_1p0.grib,65628,1776273123
2026-04-16T12:36:31Z,/mnt/e/last-aticol/data/raw/era5/pressure-levels/geopotential/500hPa/monthly,cds__era5_pl_monthly__ERA5__reanalysis__z500__500hPa__monthly__2002-2002__m07__NH0_90__grid_1p0.grib,/mnt/e/last-aticol/data/raw/era5/pressure-levels/geopotential/500hPa/monthly/cds__era5_pl_monthly__ERA5__reanalysis__z500__500hPa__monthly__2002-2002__m07__NH0_90__grid_1p0.grib,65628,1776273145
2026-04-16T12:36:31Z,/mnt/e/last-aticol/data/raw/era5/pressure-levels/geopotential/500hPa/monthly,cds__era5_pl_monthly__ERA5__reanalysis__z500__500hPa__monthly__2002-2002__m08__NH0_90__grid_1p0.grib,/mnt/e/last-aticol/data/raw/era5/pressure-levels/geopotential/500hPa/monthly/cds__era5_pl_monthly__ERA5__reanalysis__z500__500hPa__monthly__2002-2002__m08__NH0_90__grid_1p0.grib,65628,1776273178
2026-04-16T12:36:31Z,/mnt/e/last-aticol/data/raw/era5/pressure-levels/geopotential/500hPa/monthly,cds__era5_pl_monthly__ERA5__reanalysis__z500__500hPa__monthly__2002-2002__m09__NH0_90__grid_1p0.grib,/mnt/e/last-aticol/data/raw/era5/pressure-levels/geopotential/500hPa/monthly/cds__era5_pl_monthly__ERA5__reanalysis__z500__500hPa__monthly__2002-2002__m09__NH0_90__grid_1p0.grib,65628,1776273200
2026-04-16T12:36:31Z,/mnt/e/last-aticol/data/raw/era5/pressure-levels/geopotential/500hPa/monthly,cds__era5_pl_monthly__ERA5__reanalysis__z500__500hPa__monthly__2002-2002__m10__NH0_90__grid_1p0.grib,/mnt/e/last-aticol/data/raw/era5/pressure-levels/geopotential/500hPa/monthly/cds__era5_pl_monthly__ERA5__reanalysis__z500__500hPa__monthly__2002-2002__m10__NH0_90__grid_1p0.grib,65628,1776273233
2026-04-16T12:36:31Z,/mnt/e/last-aticol/data/raw/era5/pressure-levels/geopotential/500hPa/monthly,cds__era5_pl_monthly__ERA5__reanalysis__z500__500hPa__monthly__2002-2002__m11__NH0_90__grid_1p0.grib,/mnt/e/last-aticol/data/raw/era5/pressure-levels/geopotential/500hPa/monthly/cds__era5_pl_monthly__ERA5__reanalysis__z500__500hPa__monthly__2002-2002__m11__NH0_90__grid_1p0.grib,65628,1776273255
2026-04-16T12:36:31Z,/mnt/e/last-aticol/data/raw/era5/pressure-levels/geopotential/500hPa/monthly,cds__era5_pl_monthly__ERA5__reanalysis__z500__500hPa__monthly__2002-2002__m12__NH0_90__grid_1p0.grib,/mnt/e/last-aticol/data/raw/era5/pressure-levels/geopotential/500hPa/monthly/cds__era5_pl_monthly__ERA5__reanalysis__z500__500hPa__monthly__2002-2002__m12__NH0_90__grid_1p0.grib,65628,1776273277
2026-04-16T12:36:31Z,/mnt/e/last-aticol/data/raw/era5/pressure-levels/geopotential/500hPa/monthly,cds__era5_pl_monthly__ERA5__reanalysis__z500__500hPa__monthly__2003-2003__m01__NH0_90__grid_1p0.grib,/mnt/e/last-aticol/data/raw/era5/pressure-levels/geopotential/500hPa/monthly/cds__era5_pl_monthly__ERA5__reanalysis__z500__500hPa__monthly__2003-2003__m01__NH0_90__grid_1p0.grib,65628,1776273300
2026-04-16T12:36:31Z,/mnt/e/last-aticol/data/raw/era5/pressure-levels/geopotential/500hPa/monthly,cds__era5_pl_monthly__ERA5__reanalysis__z500__500hPa__monthly__2003-2003__m02__NH0_90__grid_1p0.grib,/mnt/e/last-aticol/data/raw/era5/pressure-levels/geopotential/500hPa/monthly/cds__era5_pl_monthly__ERA5__reanalysis__z500__500hPa__monthly__2003-2003__m02__NH0_90__grid_1p0.grib,65628,1776273349
2026-04-16T12:36:31Z,/mnt/e/last-aticol/data/raw/era5/pressure-levels/geopotential/500hPa/monthly,cds__era5_pl_monthly__ERA5__reanalysis__z500__500hPa__monthly__2003-2003__m03__NH0_90__grid_1p0.grib,/mnt/e/last-aticol/data/raw/era5/pressure-levels/geopotential/500hPa/monthly/cds__era5_pl_monthly__ERA5__reanalysis__z500__500hPa__monthly__2003-2003__m03__NH0_90__grid_1p0.grib,65628,1776273371
2026-04-16T12:36:31Z,/mnt/e/last-aticol/data/raw/era5/pressure-levels/geopotential/500hPa/monthly,cds__era5_pl_monthly__ERA5__reanalysis__z500__500hPa__monthly__2003-2003__m04__NH0_90__grid_1p0.grib,/mnt/e/last-aticol/data/raw/era5/pressure-levels/geopotential/500hPa/monthly/cds__era5_pl_monthly__ERA5__reanalysis__z500__500hPa__monthly__2003-2003__m04__NH0_90__grid_1p0.grib,65628,1776273404
2026-04-16T12:36:31Z,/mnt/e/last-aticol/data/raw/era5/pressure-levels/geopotential/500hPa/monthly,cds__era5_pl_monthly__ERA5__reanalysis__z500__500hPa__monthly__2003-2003__m05__NH0_90__grid_1p0.grib,/mnt/e/last-aticol/data/raw/era5/pressure-levels/geopotential/500hPa/monthly/cds__era5_pl_monthly__ERA5__reanalysis__z500__500hPa__monthly__2003-2003__m05__NH0_90__grid_1p0.grib,65628,1776273437
2026-04-16T12:36:31Z,/mnt/e/last-aticol/data/raw/era5/pressure-levels/geopotential/500hPa/monthly,cds__era5_pl_monthly__ERA5__reanalysis__z500__500hPa__monthly__2003-2003__m06__NH0_90__grid_1p0.grib,/mnt/e/last-aticol/data/raw/era5/pressure-levels/geopotential/500hPa/monthly/cds__era5_pl_monthly__ERA5__reanalysis__z500__500hPa__monthly__2003-2003__m06__NH0_90__grid_1p0.grib,65628,1776273459
2026-04-16T12:36:31Z,/mnt/e/last-aticol/data/raw/era5/pressure-levels/geopotential/500hPa/monthly,cds__era5_pl_monthly__ERA5__reanalysis__z500__500hPa__monthly__2003-2003__m07__NH0_90__grid_1p0.grib,/mnt/e/last-aticol/data/raw/era5/pressure-levels/geopotential/500hPa/monthly/cds__era5_pl_monthly__ERA5__reanalysis__z500__500hPa__monthly__2003-2003__m07__NH0_90__grid_1p0.grib,65628,1776273492
2026-04-16T12:36:31Z,/mnt/e/last-aticol/data/raw/era5/pressure-levels/geopotential/500hPa/monthly,cds__era5_pl_monthly__ERA5__reanalysis__z500__500hPa__monthly__2003-2003__m08__NH0_90__grid_1p0.grib,/mnt/e/last-aticol/data/raw/era5/pressure-levels/geopotential/500hPa/monthly/cds__era5_pl_monthly__ERA5__reanalysis__z500__500hPa__monthly__2003-2003__m08__NH0_90__grid_1p0.grib,65628,1776273514
2026-04-16T12:36:31Z,/mnt/e/last-aticol/data/raw/era5/pressure-levels/geopotential/500hPa/monthly,cds__era5_pl_monthly__ERA5__reanalysis__z500__500hPa__monthly__2003-2003__m09__NH0_90__grid_1p0.grib,/mnt/e/last-aticol/data/raw/era5/pressure-levels/geopotential/500hPa/monthly/cds__era5_pl_monthly__ERA5__reanalysis__z500__500hPa__monthly__2003-2003__m09__NH0_90__grid_1p0.grib,65628,1776273536
2026-04-16T12:36:31Z,/mnt/e/last-aticol/data/raw/era5/pressure-levels/geopotential/500hPa/monthly,cds__era5_pl_monthly__ERA5__reanalysis__z500__500hPa__monthly__2003-2003__m10__NH0_90__grid_1p0.grib,/mnt/e/last-aticol/data/raw/era5/pressure-levels/geopotential/500hPa/monthly/cds__era5_pl_monthly__ERA5__reanalysis__z500__500hPa__monthly__2003-2003__m10__NH0_90__grid_1p0.grib,65628,1776273559
2026-04-16T12:36:31Z,/mnt/e/last-aticol/data/raw/era5/pressure-levels/geopotential/500hPa/monthly,cds__era5_pl_monthly__ERA5__reanalysis__z500__500hPa__monthly__2003-2003__m11__NH0_90__grid_1p0.grib,/mnt/e/last-aticol/data/raw/era5/pressure-levels/geopotential/500hPa/monthly/cds__era5_pl_monthly__ERA5__reanalysis__z500__500hPa__monthly__2003-2003__m11__NH0_90__grid_1p0.grib,65628,1776273581
2026-04-16T12:36:31Z,/mnt/e/last-aticol/data/raw/era5/pressure-levels/geopotential/500hPa/monthly,cds__era5_pl_monthly__ERA5__reanalysis__z500__500hPa__monthly__2003-2003__m12__NH0_90__grid_1p0.grib,/mnt/e/last-aticol/data/raw/era5/pressure-levels/geopotential/500hPa/monthly/cds__era5_pl_monthly__ERA5__reanalysis__z500__500hPa__monthly__2003-2003__m12__NH0_90__grid_1p0.grib,65628,1776273603
2026-04-16T12:36:31Z,/mnt/e/last-aticol/data/raw/era5/pressure-levels/geopotential/500hPa/monthly,cds__era5_pl_monthly__ERA5__reanalysis__z500__500hPa__monthly__2004-2004__m01__NH0_90__grid_1p0.grib,/mnt/e/last-aticol/data/raw/era5/pressure-levels/geopotential/500hPa/monthly/cds__era5_pl_monthly__ERA5__reanalysis__z500__500hPa__monthly__2004-2004__m01__NH0_90__grid_1p0.grib,65628,1776273636
2026-04-16T12:36:31Z,/mnt/e/last-aticol/data/raw/era5/pressure-levels/geopotential/500hPa/monthly,cds__era5_pl_monthly__ERA5__reanalysis__z500__500hPa__monthly__2004-2004__m02__NH0_90__grid_1p0.grib,/mnt/e/last-aticol/data/raw/era5/pressure-levels/geopotential/500hPa/monthly/cds__era5_pl_monthly__ERA5__reanalysis__z500__500hPa__monthly__2004-2004__m02__NH0_90__grid_1p0.grib,65628,1776273669
2026-04-16T12:36:31Z,/mnt/e/last-aticol/data/raw/era5/pressure-levels/geopotential/500hPa/monthly,cds__era5_pl_monthly__ERA5__reanalysis__z500__500hPa__monthly__2004-2004__m03__NH0_90__grid_1p0.grib,/mnt/e/last-aticol/data/raw/era5/pressure-levels/geopotential/500hPa/monthly/cds__era5_pl_monthly__ERA5__reanalysis__z500__500hPa__monthly__2004-2004__m03__NH0_90__grid_1p0.grib,65628,1776273691
2026-04-16T12:36:31Z,/mnt/e/last-aticol/data/raw/era5/pressure-levels/geopotential/500hPa/monthly,cds__era5_pl_monthly__ERA5__reanalysis__z500__500hPa__monthly__2004-2004__m04__NH0_90__grid_1p0.grib,/mnt/e/last-aticol/data/raw/era5/pressure-levels/geopotential/500hPa/monthly/cds__era5_pl_monthly__ERA5__reanalysis__z500__500hPa__monthly__2004-2004__m04__NH0_90__grid_1p0.grib,65628,1776273706
2026-04-16T12:36:31Z,/mnt/e/last-aticol/data/raw/era5/pressure-levels/geopotential/500hPa/monthly,cds__era5_pl_monthly__ERA5__reanalysis__z500__500hPa__monthly__2004-2004__m05__NH0_90__grid_1p0.grib,/mnt/e/last-aticol/data/raw/era5/pressure-levels/geopotential/500hPa/monthly/cds__era5_pl_monthly__ERA5__reanalysis__z500__500hPa__monthly__2004-2004__m05__NH0_90__grid_1p0.grib,65628,1776273728
2026-04-16T12:36:31Z,/mnt/e/last-aticol/data/raw/era5/pressure-levels/geopotential/500hPa/monthly,cds__era5_pl_monthly__ERA5__reanalysis__z500__500hPa__monthly__2004-2004__m06__NH0_90__grid_1p0.grib,/mnt/e/last-aticol/data/raw/era5/pressure-levels/geopotential/500hPa/monthly/cds__era5_pl_monthly__ERA5__reanalysis__z500__500hPa__monthly__2004-2004__m06__NH0_90__grid_1p0.grib,65628,1776273762
2026-04-16T12:36:31Z,/mnt/e/last-aticol/data/raw/era5/pressure-levels/geopotential/500hPa/monthly,cds__era5_pl_monthly__ERA5__reanalysis__z500__500hPa__monthly__2004-2004__m07__NH0_90__grid_1p0.grib,/mnt/e/last-aticol/data/raw/era5/pressure-levels/geopotential/500hPa/monthly/cds__era5_pl_monthly__ERA5__reanalysis__z500__500hPa__monthly__2004-2004__m07__NH0_90__grid_1p0.grib,65628,1776273784
2026-04-16T12:36:31Z,/mnt/e/last-aticol/data/raw/era5/pressure-levels/geopotential/500hPa/monthly,cds__era5_pl_monthly__ERA5__reanalysis__z500__500hPa__monthly__2004-2004__m08__NH0_90__grid_1p0.grib,/mnt/e/last-aticol/data/raw/era5/pressure-levels/geopotential/500hPa/monthly/cds__era5_pl_monthly__ERA5__reanalysis__z500__500hPa__monthly__2004-2004__m08__NH0_90__grid_1p0.grib,65628,1776273806
2026-04-16T12:36:31Z,/mnt/e/last-aticol/data/raw/era5/pressure-levels/geopotential/500hPa/monthly,cds__era5_pl_monthly__ERA5__reanalysis__z500__500hPa__monthly__2004-2004__m09__NH0_90__grid_1p0.grib,/mnt/e/last-aticol/data/raw/era5/pressure-levels/geopotential/500hPa/monthly/cds__era5_pl_monthly__ERA5__reanalysis__z500__500hPa__monthly__2004-2004__m09__NH0_90__grid_1p0.grib,65628,1776273828
2026-04-16T12:36:31Z,/mnt/e/last-aticol/data/raw/era5/pressure-levels/geopotential/500hPa/monthly,cds__era5_pl_monthly__ERA5__reanalysis__z500__500hPa__monthly__2004-2004__m10__NH0_90__grid_1p0.grib,/mnt/e/last-aticol/data/raw/era5/pressure-levels/geopotential/500hPa/monthly/cds__era5_pl_monthly__ERA5__reanalysis__z500__500hPa__monthly__2004-2004__m10__NH0_90__grid_1p0.grib,65628,1776273850
2026-04-16T12:36:31Z,/mnt/e/last-aticol/data/raw/era5/pressure-levels/geopotential/500hPa/monthly,cds__era5_pl_monthly__ERA5__reanalysis__z500__500hPa__monthly__2004-2004__m11__NH0_90__grid_1p0.grib,/mnt/e/last-aticol/data/raw/era5/pressure-levels/geopotential/500hPa/monthly/cds__era5_pl_monthly__ERA5__reanalysis__z500__500hPa__monthly__2004-2004__m11__NH0_90__grid_1p0.grib,65628,1776273872
2026-04-16T12:36:31Z,/mnt/e/last-aticol/data/raw/era5/pressure-levels/geopotential/500hPa/monthly,cds__era5_pl_monthly__ERA5__reanalysis__z500__500hPa__monthly__2004-2004__m12__NH0_90__grid_1p0.grib,/mnt/e/last-aticol/data/raw/era5/pressure-levels/geopotential/500hPa/monthly/cds__era5_pl_monthly__ERA5__reanalysis__z500__500hPa__monthly__2004-2004__m12__NH0_90__grid_1p0.grib,65628,1776273905
2026-04-16T12:36:31Z,/mnt/e/last-aticol/data/raw/era5/pressure-levels/geopotential/500hPa/monthly,cds__era5_pl_monthly__ERA5__reanalysis__z500__500hPa__monthly__2005-2005__m01__NH0_90__grid_1p0.grib,/mnt/e/last-aticol/data/raw/era5/pressure-levels/geopotential/500hPa/monthly/cds__era5_pl_monthly__ERA5__reanalysis__z500__500hPa__monthly__2005-2005__m01__NH0_90__grid_1p0.grib,65628,1776273939
2026-04-16T12:36:31Z,/mnt/e/last-aticol/data/raw/era5/pressure-levels/geopotential/500hPa/monthly,cds__era5_pl_monthly__ERA5__reanalysis__z500__500hPa__monthly__2005-2005__m02__NH0_90__grid_1p0.grib,/mnt/e/last-aticol/data/raw/era5/pressure-levels/geopotential/500hPa/monthly/cds__era5_pl_monthly__ERA5__reanalysis__z500__500hPa__monthly__2005-2005__m02__NH0_90__grid_1p0.grib,65628,1776273960
2026-04-16T12:36:31Z,/mnt/e/last-aticol/data/raw/era5/pressure-levels/geopotential/500hPa/monthly,cds__era5_pl_monthly__ERA5__reanalysis__z500__500hPa__monthly__2005-2005__m03__NH0_90__grid_1p0.grib,/mnt/e/last-aticol/data/raw/era5/pressure-levels/geopotential/500hPa/monthly/cds__era5_pl_monthly__ERA5__reanalysis__z500__500hPa__monthly__2005-2005__m03__NH0_90__grid_1p0.grib,65628,1776273994
2026-04-16T12:36:31Z,/mnt/e/last-aticol/data/raw/era5/pressure-levels/geopotential/500hPa/monthly,cds__era5_pl_monthly__ERA5__reanalysis__z500__500hPa__monthly__2005-2005__m04__NH0_90__grid_1p0.grib,/mnt/e/last-aticol/data/raw/era5/pressure-levels/geopotential/500hPa/monthly/cds__era5_pl_monthly__ERA5__reanalysis__z500__500hPa__monthly__2005-2005__m04__NH0_90__grid_1p0.grib,65628,1776274016
2026-04-16T12:36:31Z,/mnt/e/last-aticol/data/raw/era5/pressure-levels/geopotential/500hPa/monthly,cds__era5_pl_monthly__ERA5__reanalysis__z500__500hPa__monthly__2005-2005__m05__NH0_90__grid_1p0.grib,/mnt/e/last-aticol/data/raw/era5/pressure-levels/geopotential/500hPa/monthly/cds__era5_pl_monthly__ERA5__reanalysis__z500__500hPa__monthly__2005-2005__m05__NH0_90__grid_1p0.grib,65628,1776274038
2026-04-16T12:36:31Z,/mnt/e/last-aticol/data/raw/era5/pressure-levels/geopotential/500hPa/monthly,cds__era5_pl_monthly__ERA5__reanalysis__z500__500hPa__monthly__2005-2005__m06__NH0_90__grid_1p0.grib,/mnt/e/last-aticol/data/raw/era5/pressure-levels/geopotential/500hPa/monthly/cds__era5_pl_monthly__ERA5__reanalysis__z500__500hPa__monthly__2005-2005__m06__NH0_90__grid_1p0.grib,65628,1776274060
2026-04-16T12:36:31Z,/mnt/e/last-aticol/data/raw/era5/pressure-levels/geopotential/500hPa/monthly,cds__era5_pl_monthly__ERA5__reanalysis__z500__500hPa__monthly__2005-2005__m07__NH0_90__grid_1p0.grib,/mnt/e/last-aticol/data/raw/era5/pressure-levels/geopotential/500hPa/monthly/cds__era5_pl_monthly__ERA5__reanalysis__z500__500hPa__monthly__2005-2005__m07__NH0_90__grid_1p0.grib,65628,1776274075
2026-04-16T12:36:31Z,/mnt/e/last-aticol/data/raw/era5/pressure-levels/geopotential/500hPa/monthly,cds__era5_pl_monthly__ERA5__reanalysis__z500__500hPa__monthly__2005-2005__m08__NH0_90__grid_1p0.grib,/mnt/e/last-aticol/data/raw/era5/pressure-levels/geopotential/500hPa/monthly/cds__era5_pl_monthly__ERA5__reanalysis__z500__500hPa__monthly__2005-2005__m08__NH0_90__grid_1p0.grib,65628,1776274097
2026-04-16T12:36:31Z,/mnt/e/last-aticol/data/raw/era5/pressure-levels/geopotential/500hPa/monthly,cds__era5_pl_monthly__ERA5__reanalysis__z500__500hPa__monthly__2005-2005__m09__NH0_90__grid_1p0.grib,/mnt/e/last-aticol/data/raw/era5/pressure-levels/geopotential/500hPa/monthly/cds__era5_pl_monthly__ERA5__reanalysis__z500__500hPa__monthly__2005-2005__m09__NH0_90__grid_1p0.grib,65628,1776274119
2026-04-16T12:36:31Z,/mnt/e/last-aticol/data/raw/era5/pressure-levels/geopotential/500hPa/monthly,cds__era5_pl_monthly__ERA5__reanalysis__z500__500hPa__monthly__2005-2005__m10__NH0_90__grid_1p0.grib,/mnt/e/last-aticol/data/raw/era5/pressure-levels/geopotential/500hPa/monthly/cds__era5_pl_monthly__ERA5__reanalysis__z500__500hPa__monthly__2005-2005__m10__NH0_90__grid_1p0.grib,65628,1776274141
2026-04-16T12:36:31Z,/mnt/e/last-aticol/data/raw/era5/pressure-levels/geopotential/500hPa/monthly,cds__era5_pl_monthly__ERA5__reanalysis__z500__500hPa__monthly__2005-2005__m11__NH0_90__grid_1p0.grib,/mnt/e/last-aticol/data/raw/era5/pressure-levels/geopotential/500hPa/monthly/cds__era5_pl_monthly__ERA5__reanalysis__z500__500hPa__monthly__2005-2005__m11__NH0_90__grid_1p0.grib,65628,1776274163
2026-04-16T12:36:31Z,/mnt/e/last-aticol/data/raw/era5/pressure-levels/geopotential/500hPa/monthly,cds__era5_pl_monthly__ERA5__reanalysis__z500__500hPa__monthly__2005-2005__m12__NH0_90__grid_1p0.grib,/mnt/e/last-aticol/data/raw/era5/pressure-levels/geopotential/500hPa/monthly/cds__era5_pl_monthly__ERA5__reanalysis__z500__500hPa__monthly__2005-2005__m12__NH0_90__grid_1p0.grib,65628,1776274185
2026-04-16T12:36:31Z,/mnt/e/last-aticol/data/raw/era5/pressure-levels/geopotential/500hPa/monthly,cds__era5_pl_monthly__ERA5__reanalysis__z500__500hPa__monthly__2006-2006__m01__NH0_90__grid_1p0.grib,/mnt/e/last-aticol/data/raw/era5/pressure-levels/geopotential/500hPa/monthly/cds__era5_pl_monthly__ERA5__reanalysis__z500__500hPa__monthly__2006-2006__m01__NH0_90__grid_1p0.grib,65628,1776274259
2026-04-16T12:36:31Z,/mnt/e/last-aticol/data/raw/era5/pressure-levels/geopotential/500hPa/monthly,cds__era5_pl_monthly__ERA5__reanalysis__z500__500hPa__monthly__2006-2006__m02__NH0_90__grid_1p0.grib,/mnt/e/last-aticol/data/raw/era5/pressure-levels/geopotential/500hPa/monthly/cds__era5_pl_monthly__ERA5__reanalysis__z500__500hPa__monthly__2006-2006__m02__NH0_90__grid_1p0.grib,65628,1776274293
2026-04-16T12:36:31Z,/mnt/e/last-aticol/data/raw/era5/pressure-levels/geopotential/500hPa/monthly,cds__era5_pl_monthly__ERA5__reanalysis__z500__500hPa__monthly__2006-2006__m03__NH0_90__grid_1p0.grib,/mnt/e/last-aticol/data/raw/era5/pressure-levels/geopotential/500hPa/monthly/cds__era5_pl_monthly__ERA5__reanalysis__z500__500hPa__monthly__2006-2006__m03__NH0_90__grid_1p0.grib,65628,1776274318
2026-04-16T12:36:31Z,/mnt/e/last-aticol/data/raw/era5/pressure-levels/geopotential/500hPa/monthly,cds__era5_pl_monthly__ERA5__reanalysis__z500__500hPa__monthly__2006-2006__m04__NH0_90__grid_1p0.grib,/mnt/e/last-aticol/data/raw/era5/pressure-levels/geopotential/500hPa/monthly/cds__era5_pl_monthly__ERA5__reanalysis__z500__500hPa__monthly__2006-2006__m04__NH0_90__grid_1p0.grib,65628,1776274351
2026-04-16T12:36:31Z,/mnt/e/last-aticol/data/raw/era5/pressure-levels/geopotential/500hPa/monthly,cds__era5_pl_monthly__ERA5__reanalysis__z500__500hPa__monthly__2006-2006__m05__NH0_90__grid_1p0.grib,/mnt/e/last-aticol/data/raw/era5/pressure-levels/geopotential/500hPa/monthly/cds__era5_pl_monthly__ERA5__reanalysis__z500__500hPa__monthly__2006-2006__m05__NH0_90__grid_1p0.grib,65628,1776274374
2026-04-16T12:36:31Z,/mnt/e/last-aticol/data/raw/era5/pressure-levels/geopotential/500hPa/monthly,cds__era5_pl_monthly__ERA5__reanalysis__z500__500hPa__monthly__2006-2006__m06__NH0_90__grid_1p0.grib,/mnt/e/last-aticol/data/raw/era5/pressure-levels/geopotential/500hPa/monthly/cds__era5_pl_monthly__ERA5__reanalysis__z500__500hPa__monthly__2006-2006__m06__NH0_90__grid_1p0.grib,65628,1776274388
2026-04-16T12:36:31Z,/mnt/e/last-aticol/data/raw/era5/pressure-levels/geopotential/500hPa/monthly,cds__era5_pl_monthly__ERA5__reanalysis__z500__500hPa__monthly__2006-2006__m07__NH0_90__grid_1p0.grib,/mnt/e/last-aticol/data/raw/era5/pressure-levels/geopotential/500hPa/monthly/cds__era5_pl_monthly__ERA5__reanalysis__z500__500hPa__monthly__2006-2006__m07__NH0_90__grid_1p0.grib,65628,1776274410
2026-04-16T12:36:31Z,/mnt/e/last-aticol/data/raw/era5/pressure-levels/geopotential/500hPa/monthly,cds__era5_pl_monthly__ERA5__reanalysis__z500__500hPa__monthly__2006-2006__m08__NH0_90__grid_1p0.grib,/mnt/e/last-aticol/data/raw/era5/pressure-levels/geopotential/500hPa/monthly/cds__era5_pl_monthly__ERA5__reanalysis__z500__500hPa__monthly__2006-2006__m08__NH0_90__grid_1p0.grib,65628,1776274443
2026-04-16T12:36:31Z,/mnt/e/last-aticol/data/raw/era5/pressure-levels/geopotential/500hPa/monthly,cds__era5_pl_monthly__ERA5__reanalysis__z500__500hPa__monthly__2006-2006__m09__NH0_90__grid_1p0.grib,/mnt/e/last-aticol/data/raw/era5/pressure-levels/geopotential/500hPa/monthly/cds__era5_pl_monthly__ERA5__reanalysis__z500__500hPa__monthly__2006-2006__m09__NH0_90__grid_1p0.grib,65628,1776274465
2026-04-16T12:36:31Z,/mnt/e/last-aticol/data/raw/era5/pressure-levels/geopotential/500hPa/monthly,cds__era5_pl_monthly__ERA5__reanalysis__z500__500hPa__monthly__2006-2006__m10__NH0_90__grid_1p0.grib,/mnt/e/last-aticol/data/raw/era5/pressure-levels/geopotential/500hPa/monthly/cds__era5_pl_monthly__ERA5__reanalysis__z500__500hPa__monthly__2006-2006__m10__NH0_90__grid_1p0.grib,65628,1776274498
2026-04-16T12:36:31Z,/mnt/e/last-aticol/data/raw/era5/pressure-levels/geopotential/500hPa/monthly,cds__era5_pl_monthly__ERA5__reanalysis__z500__500hPa__monthly__2006-2006__m11__NH0_90__grid_1p0.grib,/mnt/e/last-aticol/data/raw/era5/pressure-levels/geopotential/500hPa/monthly/cds__era5_pl_monthly__ERA5__reanalysis__z500__500hPa__monthly__2006-2006__m11__NH0_90__grid_1p0.grib,65628,1776274521
2026-04-16T12:36:31Z,/mnt/e/last-aticol/data/raw/era5/pressure-levels/geopotential/500hPa/monthly,cds__era5_pl_monthly__ERA5__reanalysis__z500__500hPa__monthly__2006-2006__m12__NH0_90__grid_1p0.grib,/mnt/e/last-aticol/data/raw/era5/pressure-levels/geopotential/500hPa/monthly/cds__era5_pl_monthly__ERA5__reanalysis__z500__500hPa__monthly__2006-2006__m12__NH0_90__grid_1p0.grib,65628,1776274554
2026-04-16T12:36:31Z,/mnt/e/last-aticol/data/raw/era5/pressure-levels/geopotential/500hPa/monthly,cds__era5_pl_monthly__ERA5__reanalysis__z500__500hPa__monthly__2007-2007__m01__NH0_90__grid_1p0.grib,/mnt/e/last-aticol/data/raw/era5/pressure-levels/geopotential/500hPa/monthly/cds__era5_pl_monthly__ERA5__reanalysis__z500__500hPa__monthly__2007-2007__m01__NH0_90__grid_1p0.grib,65628,1776274589
2026-04-16T12:36:31Z,/mnt/e/last-aticol/data/raw/era5/pressure-levels/geopotential/500hPa/monthly,cds__era5_pl_monthly__ERA5__reanalysis__z500__500hPa__monthly__2007-2007__m02__NH0_90__grid_1p0.grib,/mnt/e/last-aticol/data/raw/era5/pressure-levels/geopotential/500hPa/monthly/cds__era5_pl_monthly__ERA5__reanalysis__z500__500hPa__monthly__2007-2007__m02__NH0_90__grid_1p0.grib,65628,1776274611
2026-04-16T12:36:31Z,/mnt/e/last-aticol/data/raw/era5/pressure-levels/geopotential/500hPa/monthly,cds__era5_pl_monthly__ERA5__reanalysis__z500__500hPa__monthly__2007-2007__m03__NH0_90__grid_1p0.grib,/mnt/e/last-aticol/data/raw/era5/pressure-levels/geopotential/500hPa/monthly/cds__era5_pl_monthly__ERA5__reanalysis__z500__500hPa__monthly__2007-2007__m03__NH0_90__grid_1p0.grib,65628,1776274633
2026-04-16T12:36:31Z,/mnt/e/last-aticol/data/raw/era5/pressure-levels/geopotential/500hPa/monthly,cds__era5_pl_monthly__ERA5__reanalysis__z500__500hPa__monthly__2007-2007__m04__NH0_90__grid_1p0.grib,/mnt/e/last-aticol/data/raw/era5/pressure-levels/geopotential/500hPa/monthly/cds__era5_pl_monthly__ERA5__reanalysis__z500__500hPa__monthly__2007-2007__m04__NH0_90__grid_1p0.grib,65628,1776274656
2026-04-16T12:36:31Z,/mnt/e/last-aticol/data/raw/era5/pressure-levels/geopotential/500hPa/monthly,cds__era5_pl_monthly__ERA5__reanalysis__z500__500hPa__monthly__2007-2007__m05__NH0_90__grid_1p0.grib,/mnt/e/last-aticol/data/raw/era5/pressure-levels/geopotential/500hPa/monthly/cds__era5_pl_monthly__ERA5__reanalysis__z500__500hPa__monthly__2007-2007__m05__NH0_90__grid_1p0.grib,65628,1776274678
2026-04-16T12:36:31Z,/mnt/e/last-aticol/data/raw/era5/pressure-levels/geopotential/500hPa/monthly,cds__era5_pl_monthly__ERA5__reanalysis__z500__500hPa__monthly__2007-2007__m06__NH0_90__grid_1p0.grib,/mnt/e/last-aticol/data/raw/era5/pressure-levels/geopotential/500hPa/monthly/cds__era5_pl_monthly__ERA5__reanalysis__z500__500hPa__monthly__2007-2007__m06__NH0_90__grid_1p0.grib,65628,1776274701
2026-04-16T12:36:31Z,/mnt/e/last-aticol/data/raw/era5/pressure-levels/geopotential/500hPa/monthly,cds__era5_pl_monthly__ERA5__reanalysis__z500__500hPa__monthly__2007-2007__m07__NH0_90__grid_1p0.grib,/mnt/e/last-aticol/data/raw/era5/pressure-levels/geopotential/500hPa/monthly/cds__era5_pl_monthly__ERA5__reanalysis__z500__500hPa__monthly__2007-2007__m07__NH0_90__grid_1p0.grib,65628,1776274723
2026-04-16T12:36:31Z,/mnt/e/last-aticol/data/raw/era5/pressure-levels/geopotential/500hPa/monthly,cds__era5_pl_monthly__ERA5__reanalysis__z500__500hPa__monthly__2007-2007__m08__NH0_90__grid_1p0.grib,/mnt/e/last-aticol/data/raw/era5/pressure-levels/geopotential/500hPa/monthly/cds__era5_pl_monthly__ERA5__reanalysis__z500__500hPa__monthly__2007-2007__m08__NH0_90__grid_1p0.grib,65628,1776274757
2026-04-16T12:36:31Z,/mnt/e/last-aticol/data/raw/era5/pressure-levels/geopotential/500hPa/monthly,cds__era5_pl_monthly__ERA5__reanalysis__z500__500hPa__monthly__2007-2007__m09__NH0_90__grid_1p0.grib,/mnt/e/last-aticol/data/raw/era5/pressure-levels/geopotential/500hPa/monthly/cds__era5_pl_monthly__ERA5__reanalysis__z500__500hPa__monthly__2007-2007__m09__NH0_90__grid_1p0.grib,65628,1776274779
2026-04-16T12:36:31Z,/mnt/e/last-aticol/data/raw/era5/pressure-levels/geopotential/500hPa/monthly,cds__era5_pl_monthly__ERA5__reanalysis__z500__500hPa__monthly__2007-2007__m10__NH0_90__grid_1p0.grib,/mnt/e/last-aticol/data/raw/era5/pressure-levels/geopotential/500hPa/monthly/cds__era5_pl_monthly__ERA5__reanalysis__z500__500hPa__monthly__2007-2007__m10__NH0_90__grid_1p0.grib,65628,1776274794
2026-04-16T12:36:31Z,/mnt/e/last-aticol/data/raw/era5/pressure-levels/geopotential/500hPa/monthly,cds__era5_pl_monthly__ERA5__reanalysis__z500__500hPa__monthly__2007-2007__m11__NH0_90__grid_1p0.grib,/mnt/e/last-aticol/data/raw/era5/pressure-levels/geopotential/500hPa/monthly/cds__era5_pl_monthly__ERA5__reanalysis__z500__500hPa__monthly__2007-2007__m11__NH0_90__grid_1p0.grib,65628,1776274826
2026-04-16T12:36:31Z,/mnt/e/last-aticol/data/raw/era5/pressure-levels/geopotential/500hPa/monthly,cds__era5_pl_monthly__ERA5__reanalysis__z500__500hPa__monthly__2007-2007__m12__NH0_90__grid_1p0.grib,/mnt/e/last-aticol/data/raw/era5/pressure-levels/geopotential/500hPa/monthly/cds__era5_pl_monthly__ERA5__reanalysis__z500__500hPa__monthly__2007-2007__m12__NH0_90__grid_1p0.grib,65628,1776274859
2026-04-16T12:36:32Z,/mnt/e/last-aticol/data/raw/era5/pressure-levels/geopotential/500hPa/monthly,cds__era5_pl_monthly__ERA5__reanalysis__z500__500hPa__monthly__2008-2008__m01__NH0_90__grid_1p0.grib,/mnt/e/last-aticol/data/raw/era5/pressure-levels/geopotential/500hPa/monthly/cds__era5_pl_monthly__ERA5__reanalysis__z500__500hPa__monthly__2008-2008__m01__NH0_90__grid_1p0.grib,65628,1776274881
2026-04-16T12:36:32Z,/mnt/e/last-aticol/data/raw/era5/pressure-levels/geopotential/500hPa/monthly,cds__era5_pl_monthly__ERA5__reanalysis__z500__500hPa__monthly__2008-2008__m02__NH0_90__grid_1p0.grib,/mnt/e/last-aticol/data/raw/era5/pressure-levels/geopotential/500hPa/monthly/cds__era5_pl_monthly__ERA5__reanalysis__z500__500hPa__monthly__2008-2008__m02__NH0_90__grid_1p0.grib,65628,1776274926
2026-04-16T12:36:32Z,/mnt/e/last-aticol/data/raw/era5/pressure-levels/geopotential/500hPa/monthly,cds__era5_pl_monthly__ERA5__reanalysis__z500__500hPa__monthly__2008-2008__m03__NH0_90__grid_1p0.grib,/mnt/e/last-aticol/data/raw/era5/pressure-levels/geopotential/500hPa/monthly/cds__era5_pl_monthly__ERA5__reanalysis__z500__500hPa__monthly__2008-2008__m03__NH0_90__grid_1p0.grib,65628,1776274951
2026-04-16T12:36:32Z,/mnt/e/last-aticol/data/raw/era5/pressure-levels/geopotential/500hPa/monthly,cds__era5_pl_monthly__ERA5__reanalysis__z500__500hPa__monthly__2008-2008__m04__NH0_90__grid_1p0.grib,/mnt/e/last-aticol/data/raw/era5/pressure-levels/geopotential/500hPa/monthly/cds__era5_pl_monthly__ERA5__reanalysis__z500__500hPa__monthly__2008-2008__m04__NH0_90__grid_1p0.grib,65628,1776274973
2026-04-16T12:36:32Z,/mnt/e/last-aticol/data/raw/era5/pressure-levels/geopotential/500hPa/monthly,cds__era5_pl_monthly__ERA5__reanalysis__z500__500hPa__monthly__2008-2008__m05__NH0_90__grid_1p0.grib,/mnt/e/last-aticol/data/raw/era5/pressure-levels/geopotential/500hPa/monthly/cds__era5_pl_monthly__ERA5__reanalysis__z500__500hPa__monthly__2008-2008__m05__NH0_90__grid_1p0.grib,65628,1776275009
2026-04-16T12:36:32Z,/mnt/e/last-aticol/data/raw/era5/pressure-levels/geopotential/500hPa/monthly,cds__era5_pl_monthly__ERA5__reanalysis__z500__500hPa__monthly__2008-2008__m06__NH0_90__grid_1p0.grib,/mnt/e/last-aticol/data/raw/era5/pressure-levels/geopotential/500hPa/monthly/cds__era5_pl_monthly__ERA5__reanalysis__z500__500hPa__monthly__2008-2008__m06__NH0_90__grid_1p0.grib,65628,1776275045
2026-04-16T12:36:32Z,/mnt/e/last-aticol/data/raw/era5/pressure-levels/geopotential/500hPa/monthly,cds__era5_pl_monthly__ERA5__reanalysis__z500__500hPa__monthly__2008-2008__m07__NH0_90__grid_1p0.grib,/mnt/e/last-aticol/data/raw/era5/pressure-levels/geopotential/500hPa/monthly/cds__era5_pl_monthly__ERA5__reanalysis__z500__500hPa__monthly__2008-2008__m07__NH0_90__grid_1p0.grib,65628,1776275082
2026-04-16T12:36:32Z,/mnt/e/last-aticol/data/raw/era5/pressure-levels/geopotential/500hPa/monthly,cds__era5_pl_monthly__ERA5__reanalysis__z500__500hPa__monthly__2008-2008__m08__NH0_90__grid_1p0.grib,/mnt/e/last-aticol/data/raw/era5/pressure-levels/geopotential/500hPa/monthly/cds__era5_pl_monthly__ERA5__reanalysis__z500__500hPa__monthly__2008-2008__m08__NH0_90__grid_1p0.grib,65628,1776275116
2026-04-16T12:36:32Z,/mnt/e/last-aticol/data/raw/era5/pressure-levels/geopotential/500hPa/monthly,cds__era5_pl_monthly__ERA5__reanalysis__z500__500hPa__monthly__2008-2008__m09__NH0_90__grid_1p0.grib,/mnt/e/last-aticol/data/raw/era5/pressure-levels/geopotential/500hPa/monthly/cds__era5_pl_monthly__ERA5__reanalysis__z500__500hPa__monthly__2008-2008__m09__NH0_90__grid_1p0.grib,65628,1776275141
2026-04-16T12:36:32Z,/mnt/e/last-aticol/data/raw/era5/pressure-levels/geopotential/500hPa/monthly,cds__era5_pl_monthly__ERA5__reanalysis__z500__500hPa__monthly__2008-2008__m10__NH0_90__grid_1p0.grib,/mnt/e/last-aticol/data/raw/era5/pressure-levels/geopotential/500hPa/monthly/cds__era5_pl_monthly__ERA5__reanalysis__z500__500hPa__monthly__2008-2008__m10__NH0_90__grid_1p0.grib,65628,1776275457
2026-04-16T12:36:32Z,/mnt/e/last-aticol/data/raw/era5/pressure-levels/geopotential/500hPa/monthly,cds__era5_pl_monthly__ERA5__reanalysis__z500__500hPa__monthly__2008-2008__m11__NH0_90__grid_1p0.grib,/mnt/e/last-aticol/data/raw/era5/pressure-levels/geopotential/500hPa/monthly/cds__era5_pl_monthly__ERA5__reanalysis__z500__500hPa__monthly__2008-2008__m11__NH0_90__grid_1p0.grib,65628,1776275493
2026-04-16T12:36:32Z,/mnt/e/last-aticol/data/raw/era5/pressure-levels/geopotential/500hPa/monthly,cds__era5_pl_monthly__ERA5__reanalysis__z500__500hPa__monthly__2008-2008__m12__NH0_90__grid_1p0.grib,/mnt/e/last-aticol/data/raw/era5/pressure-levels/geopotential/500hPa/monthly/cds__era5_pl_monthly__ERA5__reanalysis__z500__500hPa__monthly__2008-2008__m12__NH0_90__grid_1p0.grib,65628,1776275516
2026-04-16T12:36:32Z,/mnt/e/last-aticol/data/raw/era5/pressure-levels/geopotential/500hPa/monthly,cds__era5_pl_monthly__ERA5__reanalysis__z500__500hPa__monthly__2009-2009__m01__NH0_90__grid_1p0.grib,/mnt/e/last-aticol/data/raw/era5/pressure-levels/geopotential/500hPa/monthly/cds__era5_pl_monthly__ERA5__reanalysis__z500__500hPa__monthly__2009-2009__m01__NH0_90__grid_1p0.grib,65628,1776275551
2026-04-16T12:36:32Z,/mnt/e/last-aticol/data/raw/era5/pressure-levels/geopotential/500hPa/monthly,cds__era5_pl_monthly__ERA5__reanalysis__z500__500hPa__monthly__2009-2009__m02__NH0_90__grid_1p0.grib,/mnt/e/last-aticol/data/raw/era5/pressure-levels/geopotential/500hPa/monthly/cds__era5_pl_monthly__ERA5__reanalysis__z500__500hPa__monthly__2009-2009__m02__NH0_90__grid_1p0.grib,65628,1776275573
2026-04-16T12:36:32Z,/mnt/e/last-aticol/data/raw/era5/pressure-levels/geopotential/500hPa/monthly,cds__era5_pl_monthly__ERA5__reanalysis__z500__500hPa__monthly__2009-2009__m03__NH0_90__grid_1p0.grib,/mnt/e/last-aticol/data/raw/era5/pressure-levels/geopotential/500hPa/monthly/cds__era5_pl_monthly__ERA5__reanalysis__z500__500hPa__monthly__2009-2009__m03__NH0_90__grid_1p0.grib,65628,1776275606
2026-04-16T12:36:32Z,/mnt/e/last-aticol/data/raw/era5/pressure-levels/geopotential/500hPa/monthly,cds__era5_pl_monthly__ERA5__reanalysis__z500__500hPa__monthly__2009-2009__m04__NH0_90__grid_1p0.grib,/mnt/e/last-aticol/data/raw/era5/pressure-levels/geopotential/500hPa/monthly/cds__era5_pl_monthly__ERA5__reanalysis__z500__500hPa__monthly__2009-2009__m04__NH0_90__grid_1p0.grib,65628,1776275628
2026-04-16T12:36:32Z,/mnt/e/last-aticol/data/raw/era5/pressure-levels/geopotential/500hPa/monthly,cds__era5_pl_monthly__ERA5__reanalysis__z500__500hPa__monthly__2009-2009__m05__NH0_90__grid_1p0.grib,/mnt/e/last-aticol/data/raw/era5/pressure-levels/geopotential/500hPa/monthly/cds__era5_pl_monthly__ERA5__reanalysis__z500__500hPa__monthly__2009-2009__m05__NH0_90__grid_1p0.grib,65628,1776275665
2026-04-16T12:36:32Z,/mnt/e/last-aticol/data/raw/era5/pressure-levels/geopotential/500hPa/monthly,cds__era5_pl_monthly__ERA5__reanalysis__z500__500hPa__monthly__2009-2009__m06__NH0_90__grid_1p0.grib,/mnt/e/last-aticol/data/raw/era5/pressure-levels/geopotential/500hPa/monthly/cds__era5_pl_monthly__ERA5__reanalysis__z500__500hPa__monthly__2009-2009__m06__NH0_90__grid_1p0.grib,65628,1776275700
2026-04-16T12:36:32Z,/mnt/e/last-aticol/data/raw/era5/pressure-levels/geopotential/500hPa/monthly,cds__era5_pl_monthly__ERA5__reanalysis__z500__500hPa__monthly__2009-2009__m07__NH0_90__grid_1p0.grib,/mnt/e/last-aticol/data/raw/era5/pressure-levels/geopotential/500hPa/monthly/cds__era5_pl_monthly__ERA5__reanalysis__z500__500hPa__monthly__2009-2009__m07__NH0_90__grid_1p0.grib,65628,1776275734
2026-04-16T12:36:32Z,/mnt/e/last-aticol/data/raw/era5/pressure-levels/geopotential/500hPa/monthly,cds__era5_pl_monthly__ERA5__reanalysis__z500__500hPa__monthly__2009-2009__m08__NH0_90__grid_1p0.grib,/mnt/e/last-aticol/data/raw/era5/pressure-levels/geopotential/500hPa/monthly/cds__era5_pl_monthly__ERA5__reanalysis__z500__500hPa__monthly__2009-2009__m08__NH0_90__grid_1p0.grib,65628,1776275749
2026-04-16T12:36:32Z,/mnt/e/last-aticol/data/raw/era5/pressure-levels/geopotential/500hPa/monthly,cds__era5_pl_monthly__ERA5__reanalysis__z500__500hPa__monthly__2009-2009__m09__NH0_90__grid_1p0.grib,/mnt/e/last-aticol/data/raw/era5/pressure-levels/geopotential/500hPa/monthly/cds__era5_pl_monthly__ERA5__reanalysis__z500__500hPa__monthly__2009-2009__m09__NH0_90__grid_1p0.grib,65628,1776275771
2026-04-16T12:36:32Z,/mnt/e/last-aticol/data/raw/era5/pressure-levels/geopotential/500hPa/monthly,cds__era5_pl_monthly__ERA5__reanalysis__z500__500hPa__monthly__2009-2009__m10__NH0_90__grid_1p0.grib,/mnt/e/last-aticol/data/raw/era5/pressure-levels/geopotential/500hPa/monthly/cds__era5_pl_monthly__ERA5__reanalysis__z500__500hPa__monthly__2009-2009__m10__NH0_90__grid_1p0.grib,65628,1776275793
2026-04-16T12:36:32Z,/mnt/e/last-aticol/data/raw/era5/pressure-levels/geopotential/500hPa/monthly,cds__era5_pl_monthly__ERA5__reanalysis__z500__500hPa__monthly__2009-2009__m11__NH0_90__grid_1p0.grib,/mnt/e/last-aticol/data/raw/era5/pressure-levels/geopotential/500hPa/monthly/cds__era5_pl_monthly__ERA5__reanalysis__z500__500hPa__monthly__2009-2009__m11__NH0_90__grid_1p0.grib,65628,1776275815
2026-04-16T12:36:32Z,/mnt/e/last-aticol/data/raw/era5/pressure-levels/geopotential/500hPa/monthly,cds__era5_pl_monthly__ERA5__reanalysis__z500__500hPa__monthly__2009-2009__m12__NH0_90__grid_1p0.grib,/mnt/e/last-aticol/data/raw/era5/pressure-levels/geopotential/500hPa/monthly/cds__era5_pl_monthly__ERA5__reanalysis__z500__500hPa__monthly__2009-2009__m12__NH0_90__grid_1p0.grib,65628,1776275837
2026-04-16T12:36:32Z,/mnt/e/last-aticol/data/raw/era5/pressure-levels/geopotential/500hPa/monthly,cds__era5_pl_monthly__ERA5__reanalysis__z500__500hPa__monthly__2010-2010__m01__NH0_90__grid_1p0.grib,/mnt/e/last-aticol/data/raw/era5/pressure-levels/geopotential/500hPa/monthly/cds__era5_pl_monthly__ERA5__reanalysis__z500__500hPa__monthly__2010-2010__m01__NH0_90__grid_1p0.grib,65628,1776275860
2026-04-16T12:36:32Z,/mnt/e/last-aticol/data/raw/era5/pressure-levels/geopotential/500hPa/monthly,cds__era5_pl_monthly__ERA5__reanalysis__z500__500hPa__monthly__2010-2010__m02__NH0_90__grid_1p0.grib,/mnt/e/last-aticol/data/raw/era5/pressure-levels/geopotential/500hPa/monthly/cds__era5_pl_monthly__ERA5__reanalysis__z500__500hPa__monthly__2010-2010__m02__NH0_90__grid_1p0.grib,65628,1776275882
2026-04-16T12:36:32Z,/mnt/e/last-aticol/data/raw/era5/pressure-levels/geopotential/500hPa/monthly,cds__era5_pl_monthly__ERA5__reanalysis__z500__500hPa__monthly__2010-2010__m03__NH0_90__grid_1p0.grib,/mnt/e/last-aticol/data/raw/era5/pressure-levels/geopotential/500hPa/monthly/cds__era5_pl_monthly__ERA5__reanalysis__z500__500hPa__monthly__2010-2010__m03__NH0_90__grid_1p0.grib,65628,1776275904
2026-04-16T12:36:32Z,/mnt/e/last-aticol/data/raw/era5/pressure-levels/geopotential/500hPa/monthly,cds__era5_pl_monthly__ERA5__reanalysis__z500__500hPa__monthly__2010-2010__m04__NH0_90__grid_1p0.grib,/mnt/e/last-aticol/data/raw/era5/pressure-levels/geopotential/500hPa/monthly/cds__era5_pl_monthly__ERA5__reanalysis__z500__500hPa__monthly__2010-2010__m04__NH0_90__grid_1p0.grib,65628,1776275926
2026-04-16T12:36:32Z,/mnt/e/last-aticol/data/raw/era5/pressure-levels/geopotential/500hPa/monthly,cds__era5_pl_monthly__ERA5__reanalysis__z500__500hPa__monthly__2010-2010__m05__NH0_90__grid_1p0.grib,/mnt/e/last-aticol/data/raw/era5/pressure-levels/geopotential/500hPa/monthly/cds__era5_pl_monthly__ERA5__reanalysis__z500__500hPa__monthly__2010-2010__m05__NH0_90__grid_1p0.grib,65628,1776275959
2026-04-16T12:36:32Z,/mnt/e/last-aticol/data/raw/era5/pressure-levels/geopotential/500hPa/monthly,cds__era5_pl_monthly__ERA5__reanalysis__z500__500hPa__monthly__2010-2010__m06__NH0_90__grid_1p0.grib,/mnt/e/last-aticol/data/raw/era5/pressure-levels/geopotential/500hPa/monthly/cds__era5_pl_monthly__ERA5__reanalysis__z500__500hPa__monthly__2010-2010__m06__NH0_90__grid_1p0.grib,65628,1776275981
2026-04-16T12:36:32Z,/mnt/e/last-aticol/data/raw/era5/pressure-levels/geopotential/500hPa/monthly,cds__era5_pl_monthly__ERA5__reanalysis__z500__500hPa__monthly__2010-2010__m07__NH0_90__grid_1p0.grib,/mnt/e/last-aticol/data/raw/era5/pressure-levels/geopotential/500hPa/monthly/cds__era5_pl_monthly__ERA5__reanalysis__z500__500hPa__monthly__2010-2010__m07__NH0_90__grid_1p0.grib,65628,1776276003
2026-04-16T12:36:32Z,/mnt/e/last-aticol/data/raw/era5/pressure-levels/geopotential/500hPa/monthly,cds__era5_pl_monthly__ERA5__reanalysis__z500__500hPa__monthly__2010-2010__m08__NH0_90__grid_1p0.grib,/mnt/e/last-aticol/data/raw/era5/pressure-levels/geopotential/500hPa/monthly/cds__era5_pl_monthly__ERA5__reanalysis__z500__500hPa__monthly__2010-2010__m08__NH0_90__grid_1p0.grib,65628,1776276037
2026-04-16T12:36:32Z,/mnt/e/last-aticol/data/raw/era5/pressure-levels/geopotential/500hPa/monthly,cds__era5_pl_monthly__ERA5__reanalysis__z500__500hPa__monthly__2010-2010__m09__NH0_90__grid_1p0.grib,/mnt/e/last-aticol/data/raw/era5/pressure-levels/geopotential/500hPa/monthly/cds__era5_pl_monthly__ERA5__reanalysis__z500__500hPa__monthly__2010-2010__m09__NH0_90__grid_1p0.grib,65628,1776276070
2026-04-16T12:36:32Z,/mnt/e/last-aticol/data/raw/era5/pressure-levels/geopotential/500hPa/monthly,cds__era5_pl_monthly__ERA5__reanalysis__z500__500hPa__monthly__2010-2010__m10__NH0_90__grid_1p0.grib,/mnt/e/last-aticol/data/raw/era5/pressure-levels/geopotential/500hPa/monthly/cds__era5_pl_monthly__ERA5__reanalysis__z500__500hPa__monthly__2010-2010__m10__NH0_90__grid_1p0.grib,65628,1776276102
2026-04-16T12:36:32Z,/mnt/e/last-aticol/data/raw/era5/pressure-levels/geopotential/500hPa/monthly,cds__era5_pl_monthly__ERA5__reanalysis__z500__500hPa__monthly__2010-2010__m11__NH0_90__grid_1p0.grib,/mnt/e/last-aticol/data/raw/era5/pressure-levels/geopotential/500hPa/monthly/cds__era5_pl_monthly__ERA5__reanalysis__z500__500hPa__monthly__2010-2010__m11__NH0_90__grid_1p0.grib,65628,1776276135
2026-04-16T12:36:32Z,/mnt/e/last-aticol/data/raw/era5/pressure-levels/geopotential/500hPa/monthly,cds__era5_pl_monthly__ERA5__reanalysis__z500__500hPa__monthly__2010-2010__m12__NH0_90__grid_1p0.grib,/mnt/e/last-aticol/data/raw/era5/pressure-levels/geopotential/500hPa/monthly/cds__era5_pl_monthly__ERA5__reanalysis__z500__500hPa__monthly__2010-2010__m12__NH0_90__grid_1p0.grib,65628,1776276157
2026-04-16T12:36:32Z,/mnt/e/last-aticol/data/raw/era5/pressure-levels/geopotential/500hPa/monthly,cds__era5_pl_monthly__ERA5__reanalysis__z500__500hPa__monthly__2011-2011__m01__NH0_90__grid_1p0.grib,/mnt/e/last-aticol/data/raw/era5/pressure-levels/geopotential/500hPa/monthly/cds__era5_pl_monthly__ERA5__reanalysis__z500__500hPa__monthly__2011-2011__m01__NH0_90__grid_1p0.grib,65628,1776276180
2026-04-16T12:36:32Z,/mnt/e/last-aticol/data/raw/era5/pressure-levels/geopotential/500hPa/monthly,cds__era5_pl_monthly__ERA5__reanalysis__z500__500hPa__monthly__2011-2011__m02__NH0_90__grid_1p0.grib,/mnt/e/last-aticol/data/raw/era5/pressure-levels/geopotential/500hPa/monthly/cds__era5_pl_monthly__ERA5__reanalysis__z500__500hPa__monthly__2011-2011__m02__NH0_90__grid_1p0.grib,65628,1776276203
2026-04-16T12:36:32Z,/mnt/e/last-aticol/data/raw/era5/pressure-levels/geopotential/500hPa/monthly,cds__era5_pl_monthly__ERA5__reanalysis__z500__500hPa__monthly__2011-2011__m03__NH0_90__grid_1p0.grib,/mnt/e/last-aticol/data/raw/era5/pressure-levels/geopotential/500hPa/monthly/cds__era5_pl_monthly__ERA5__reanalysis__z500__500hPa__monthly__2011-2011__m03__NH0_90__grid_1p0.grib,65628,1776276226
2026-04-16T12:36:32Z,/mnt/e/last-aticol/data/raw/era5/pressure-levels/geopotential/500hPa/monthly,cds__era5_pl_monthly__ERA5__reanalysis__z500__500hPa__monthly__2011-2011__m04__NH0_90__grid_1p0.grib,/mnt/e/last-aticol/data/raw/era5/pressure-levels/geopotential/500hPa/monthly/cds__era5_pl_monthly__ERA5__reanalysis__z500__500hPa__monthly__2011-2011__m04__NH0_90__grid_1p0.grib,65628,1776276259
2026-04-16T12:36:32Z,/mnt/e/last-aticol/data/raw/era5/pressure-levels/geopotential/500hPa/monthly,cds__era5_pl_monthly__ERA5__reanalysis__z500__500hPa__monthly__2011-2011__m05__NH0_90__grid_1p0.grib,/mnt/e/last-aticol/data/raw/era5/pressure-levels/geopotential/500hPa/monthly/cds__era5_pl_monthly__ERA5__reanalysis__z500__500hPa__monthly__2011-2011__m05__NH0_90__grid_1p0.grib,65628,1776276281
2026-04-16T12:36:32Z,/mnt/e/last-aticol/data/raw/era5/pressure-levels/geopotential/500hPa/monthly,cds__era5_pl_monthly__ERA5__reanalysis__z500__500hPa__monthly__2011-2011__m06__NH0_90__grid_1p0.grib,/mnt/e/last-aticol/data/raw/era5/pressure-levels/geopotential/500hPa/monthly/cds__era5_pl_monthly__ERA5__reanalysis__z500__500hPa__monthly__2011-2011__m06__NH0_90__grid_1p0.grib,65628,1776276304
2026-04-16T12:36:32Z,/mnt/e/last-aticol/data/raw/era5/pressure-levels/geopotential/500hPa/monthly,cds__era5_pl_monthly__ERA5__reanalysis__z500__500hPa__monthly__2011-2011__m07__NH0_90__grid_1p0.grib,/mnt/e/last-aticol/data/raw/era5/pressure-levels/geopotential/500hPa/monthly/cds__era5_pl_monthly__ERA5__reanalysis__z500__500hPa__monthly__2011-2011__m07__NH0_90__grid_1p0.grib,65628,1776276326
2026-04-16T12:36:32Z,/mnt/e/last-aticol/data/raw/era5/pressure-levels/geopotential/500hPa/monthly,cds__era5_pl_monthly__ERA5__reanalysis__z500__500hPa__monthly__2011-2011__m08__NH0_90__grid_1p0.grib,/mnt/e/last-aticol/data/raw/era5/pressure-levels/geopotential/500hPa/monthly/cds__era5_pl_monthly__ERA5__reanalysis__z500__500hPa__monthly__2011-2011__m08__NH0_90__grid_1p0.grib,65628,1776276360
2026-04-16T12:36:32Z,/mnt/e/last-aticol/data/raw/era5/pressure-levels/geopotential/500hPa/monthly,cds__era5_pl_monthly__ERA5__reanalysis__z500__500hPa__monthly__2011-2011__m09__NH0_90__grid_1p0.grib,/mnt/e/last-aticol/data/raw/era5/pressure-levels/geopotential/500hPa/monthly/cds__era5_pl_monthly__ERA5__reanalysis__z500__500hPa__monthly__2011-2011__m09__NH0_90__grid_1p0.grib,65628,1776276393
2026-04-16T12:36:32Z,/mnt/e/last-aticol/data/raw/era5/pressure-levels/geopotential/500hPa/monthly,cds__era5_pl_monthly__ERA5__reanalysis__z500__500hPa__monthly__2011-2011__m10__NH0_90__grid_1p0.grib,/mnt/e/last-aticol/data/raw/era5/pressure-levels/geopotential/500hPa/monthly/cds__era5_pl_monthly__ERA5__reanalysis__z500__500hPa__monthly__2011-2011__m10__NH0_90__grid_1p0.grib,65628,1776276415
2026-04-16T12:36:32Z,/mnt/e/last-aticol/data/raw/era5/pressure-levels/geopotential/500hPa/monthly,cds__era5_pl_monthly__ERA5__reanalysis__z500__500hPa__monthly__2011-2011__m11__NH0_90__grid_1p0.grib,/mnt/e/last-aticol/data/raw/era5/pressure-levels/geopotential/500hPa/monthly/cds__era5_pl_monthly__ERA5__reanalysis__z500__500hPa__monthly__2011-2011__m11__NH0_90__grid_1p0.grib,65628,1776276437
2026-04-16T12:36:32Z,/mnt/e/last-aticol/data/raw/era5/pressure-levels/geopotential/500hPa/monthly,cds__era5_pl_monthly__ERA5__reanalysis__z500__500hPa__monthly__2011-2011__m12__NH0_90__grid_1p0.grib,/mnt/e/last-aticol/data/raw/era5/pressure-levels/geopotential/500hPa/monthly/cds__era5_pl_monthly__ERA5__reanalysis__z500__500hPa__monthly__2011-2011__m12__NH0_90__grid_1p0.grib,65628,1776276460
2026-04-16T12:36:32Z,/mnt/e/last-aticol/data/raw/era5/pressure-levels/geopotential/500hPa/monthly,cds__era5_pl_monthly__ERA5__reanalysis__z500__500hPa__monthly__2012-2012__m01__NH0_90__grid_1p0.grib,/mnt/e/last-aticol/data/raw/era5/pressure-levels/geopotential/500hPa/monthly/cds__era5_pl_monthly__ERA5__reanalysis__z500__500hPa__monthly__2012-2012__m01__NH0_90__grid_1p0.grib,65628,1776276482
2026-04-16T12:36:32Z,/mnt/e/last-aticol/data/raw/era5/pressure-levels/geopotential/500hPa/monthly,cds__era5_pl_monthly__ERA5__reanalysis__z500__500hPa__monthly__2012-2012__m02__NH0_90__grid_1p0.grib,/mnt/e/last-aticol/data/raw/era5/pressure-levels/geopotential/500hPa/monthly/cds__era5_pl_monthly__ERA5__reanalysis__z500__500hPa__monthly__2012-2012__m02__NH0_90__grid_1p0.grib,65628,1776276504
2026-04-16T12:36:32Z,/mnt/e/last-aticol/data/raw/era5/pressure-levels/geopotential/500hPa/monthly,cds__era5_pl_monthly__ERA5__reanalysis__z500__500hPa__monthly__2012-2012__m03__NH0_90__grid_1p0.grib,/mnt/e/last-aticol/data/raw/era5/pressure-levels/geopotential/500hPa/monthly/cds__era5_pl_monthly__ERA5__reanalysis__z500__500hPa__monthly__2012-2012__m03__NH0_90__grid_1p0.grib,65628,1776276537
2026-04-16T12:36:32Z,/mnt/e/last-aticol/data/raw/era5/pressure-levels/geopotential/500hPa/monthly,cds__era5_pl_monthly__ERA5__reanalysis__z500__500hPa__monthly__2012-2012__m04__NH0_90__grid_1p0.grib,/mnt/e/last-aticol/data/raw/era5/pressure-levels/geopotential/500hPa/monthly/cds__era5_pl_monthly__ERA5__reanalysis__z500__500hPa__monthly__2012-2012__m04__NH0_90__grid_1p0.grib,65628,1776276570
2026-04-16T12:36:32Z,/mnt/e/last-aticol/data/raw/era5/pressure-levels/geopotential/500hPa/monthly,cds__era5_pl_monthly__ERA5__reanalysis__z500__500hPa__monthly__2012-2012__m05__NH0_90__grid_1p0.grib,/mnt/e/last-aticol/data/raw/era5/pressure-levels/geopotential/500hPa/monthly/cds__era5_pl_monthly__ERA5__reanalysis__z500__500hPa__monthly__2012-2012__m05__NH0_90__grid_1p0.grib,65628,1776276603
2026-04-16T12:36:32Z,/mnt/e/last-aticol/data/raw/era5/pressure-levels/geopotential/500hPa/monthly,cds__era5_pl_monthly__ERA5__reanalysis__z500__500hPa__monthly__2012-2012__m06__NH0_90__grid_1p0.grib,/mnt/e/last-aticol/data/raw/era5/pressure-levels/geopotential/500hPa/monthly/cds__era5_pl_monthly__ERA5__reanalysis__z500__500hPa__monthly__2012-2012__m06__NH0_90__grid_1p0.grib,65628,1776276625
2026-04-16T12:36:32Z,/mnt/e/last-aticol/data/raw/era5/pressure-levels/geopotential/500hPa/monthly,cds__era5_pl_monthly__ERA5__reanalysis__z500__500hPa__monthly__2012-2012__m07__NH0_90__grid_1p0.grib,/mnt/e/last-aticol/data/raw/era5/pressure-levels/geopotential/500hPa/monthly/cds__era5_pl_monthly__ERA5__reanalysis__z500__500hPa__monthly__2012-2012__m07__NH0_90__grid_1p0.grib,65628,1776276647
2026-04-16T12:36:32Z,/mnt/e/last-aticol/data/raw/era5/pressure-levels/geopotential/500hPa/monthly,cds__era5_pl_monthly__ERA5__reanalysis__z500__500hPa__monthly__2012-2012__m08__NH0_90__grid_1p0.grib,/mnt/e/last-aticol/data/raw/era5/pressure-levels/geopotential/500hPa/monthly/cds__era5_pl_monthly__ERA5__reanalysis__z500__500hPa__monthly__2012-2012__m08__NH0_90__grid_1p0.grib,65628,1776276669
2026-04-16T12:36:32Z,/mnt/e/last-aticol/data/raw/era5/pressure-levels/geopotential/500hPa/monthly,cds__era5_pl_monthly__ERA5__reanalysis__z500__500hPa__monthly__2012-2012__m09__NH0_90__grid_1p0.grib,/mnt/e/last-aticol/data/raw/era5/pressure-levels/geopotential/500hPa/monthly/cds__era5_pl_monthly__ERA5__reanalysis__z500__500hPa__monthly__2012-2012__m09__NH0_90__grid_1p0.grib,65628,1776276691
2026-04-16T12:36:32Z,/mnt/e/last-aticol/data/raw/era5/pressure-levels/geopotential/500hPa/monthly,cds__era5_pl_monthly__ERA5__reanalysis__z500__500hPa__monthly__2012-2012__m10__NH0_90__grid_1p0.grib,/mnt/e/last-aticol/data/raw/era5/pressure-levels/geopotential/500hPa/monthly/cds__era5_pl_monthly__ERA5__reanalysis__z500__500hPa__monthly__2012-2012__m10__NH0_90__grid_1p0.grib,65628,1776276713
2026-04-16T12:36:32Z,/mnt/e/last-aticol/data/raw/era5/pressure-levels/geopotential/500hPa/monthly,cds__era5_pl_monthly__ERA5__reanalysis__z500__500hPa__monthly__2012-2012__m11__NH0_90__grid_1p0.grib,/mnt/e/last-aticol/data/raw/era5/pressure-levels/geopotential/500hPa/monthly/cds__era5_pl_monthly__ERA5__reanalysis__z500__500hPa__monthly__2012-2012__m11__NH0_90__grid_1p0.grib,65628,1776276746
2026-04-16T12:36:32Z,/mnt/e/last-aticol/data/raw/era5/pressure-levels/geopotential/500hPa/monthly,cds__era5_pl_monthly__ERA5__reanalysis__z500__500hPa__monthly__2012-2012__m12__NH0_90__grid_1p0.grib,/mnt/e/last-aticol/data/raw/era5/pressure-levels/geopotential/500hPa/monthly/cds__era5_pl_monthly__ERA5__reanalysis__z500__500hPa__monthly__2012-2012__m12__NH0_90__grid_1p0.grib,65628,1776276768
2026-04-16T12:36:32Z,/mnt/e/last-aticol/data/raw/era5/pressure-levels/geopotential/500hPa/monthly,cds__era5_pl_monthly__ERA5__reanalysis__z500__500hPa__monthly__2013-2013__m01__NH0_90__grid_1p0.grib,/mnt/e/last-aticol/data/raw/era5/pressure-levels/geopotential/500hPa/monthly/cds__era5_pl_monthly__ERA5__reanalysis__z500__500hPa__monthly__2013-2013__m01__NH0_90__grid_1p0.grib,65628,1776276783
2026-04-16T12:36:32Z,/mnt/e/last-aticol/data/raw/era5/pressure-levels/geopotential/500hPa/monthly,cds__era5_pl_monthly__ERA5__reanalysis__z500__500hPa__monthly__2013-2013__m02__NH0_90__grid_1p0.grib,/mnt/e/last-aticol/data/raw/era5/pressure-levels/geopotential/500hPa/monthly/cds__era5_pl_monthly__ERA5__reanalysis__z500__500hPa__monthly__2013-2013__m02__NH0_90__grid_1p0.grib,65628,1776276805
2026-04-16T12:36:32Z,/mnt/e/last-aticol/data/raw/era5/pressure-levels/geopotential/500hPa/monthly,cds__era5_pl_monthly__ERA5__reanalysis__z500__500hPa__monthly__2013-2013__m03__NH0_90__grid_1p0.grib,/mnt/e/last-aticol/data/raw/era5/pressure-levels/geopotential/500hPa/monthly/cds__era5_pl_monthly__ERA5__reanalysis__z500__500hPa__monthly__2013-2013__m03__NH0_90__grid_1p0.grib,65628,1776276837
2026-04-16T12:36:32Z,/mnt/e/last-aticol/data/raw/era5/pressure-levels/geopotential/500hPa/monthly,cds__era5_pl_monthly__ERA5__reanalysis__z500__500hPa__monthly__2013-2013__m04__NH0_90__grid_1p0.grib,/mnt/e/last-aticol/data/raw/era5/pressure-levels/geopotential/500hPa/monthly/cds__era5_pl_monthly__ERA5__reanalysis__z500__500hPa__monthly__2013-2013__m04__NH0_90__grid_1p0.grib,65628,1776276871
2026-04-16T12:36:32Z,/mnt/e/last-aticol/data/raw/era5/pressure-levels/geopotential/500hPa/monthly,cds__era5_pl_monthly__ERA5__reanalysis__z500__500hPa__monthly__2013-2013__m05__NH0_90__grid_1p0.grib,/mnt/e/last-aticol/data/raw/era5/pressure-levels/geopotential/500hPa/monthly/cds__era5_pl_monthly__ERA5__reanalysis__z500__500hPa__monthly__2013-2013__m05__NH0_90__grid_1p0.grib,65628,1776276903
2026-04-16T12:36:32Z,/mnt/e/last-aticol/data/raw/era5/pressure-levels/geopotential/500hPa/monthly,cds__era5_pl_monthly__ERA5__reanalysis__z500__500hPa__monthly__2013-2013__m06__NH0_90__grid_1p0.grib,/mnt/e/last-aticol/data/raw/era5/pressure-levels/geopotential/500hPa/monthly/cds__era5_pl_monthly__ERA5__reanalysis__z500__500hPa__monthly__2013-2013__m06__NH0_90__grid_1p0.grib,65628,1776276927
2026-04-16T12:36:32Z,/mnt/e/last-aticol/data/raw/era5/pressure-levels/geopotential/500hPa/monthly,cds__era5_pl_monthly__ERA5__reanalysis__z500__500hPa__monthly__2013-2013__m07__NH0_90__grid_1p0.grib,/mnt/e/last-aticol/data/raw/era5/pressure-levels/geopotential/500hPa/monthly/cds__era5_pl_monthly__ERA5__reanalysis__z500__500hPa__monthly__2013-2013__m07__NH0_90__grid_1p0.grib,65628,1776276942
2026-04-16T12:36:32Z,/mnt/e/last-aticol/data/raw/era5/pressure-levels/geopotential/500hPa/monthly,cds__era5_pl_monthly__ERA5__reanalysis__z500__500hPa__monthly__2013-2013__m08__NH0_90__grid_1p0.grib,/mnt/e/last-aticol/data/raw/era5/pressure-levels/geopotential/500hPa/monthly/cds__era5_pl_monthly__ERA5__reanalysis__z500__500hPa__monthly__2013-2013__m08__NH0_90__grid_1p0.grib,65628,1776277139
2026-04-16T12:36:32Z,/mnt/e/last-aticol/data/raw/era5/pressure-levels/geopotential/500hPa/monthly,cds__era5_pl_monthly__ERA5__reanalysis__z500__500hPa__monthly__2013-2013__m09__NH0_90__grid_1p0.grib,/mnt/e/last-aticol/data/raw/era5/pressure-levels/geopotential/500hPa/monthly/cds__era5_pl_monthly__ERA5__reanalysis__z500__500hPa__monthly__2013-2013__m09__NH0_90__grid_1p0.grib,65628,1776277162
2026-04-16T12:36:32Z,/mnt/e/last-aticol/data/raw/era5/pressure-levels/geopotential/500hPa/monthly,cds__era5_pl_monthly__ERA5__reanalysis__z500__500hPa__monthly__2013-2013__m10__NH0_90__grid_1p0.grib,/mnt/e/last-aticol/data/raw/era5/pressure-levels/geopotential/500hPa/monthly/cds__era5_pl_monthly__ERA5__reanalysis__z500__500hPa__monthly__2013-2013__m10__NH0_90__grid_1p0.grib,65628,1776277183
2026-04-16T12:36:32Z,/mnt/e/last-aticol/data/raw/era5/pressure-levels/geopotential/500hPa/monthly,cds__era5_pl_monthly__ERA5__reanalysis__z500__500hPa__monthly__2013-2013__m11__NH0_90__grid_1p0.grib,/mnt/e/last-aticol/data/raw/era5/pressure-levels/geopotential/500hPa/monthly/cds__era5_pl_monthly__ERA5__reanalysis__z500__500hPa__monthly__2013-2013__m11__NH0_90__grid_1p0.grib,65628,1776277216
2026-04-16T12:36:32Z,/mnt/e/last-aticol/data/raw/era5/pressure-levels/geopotential/500hPa/monthly,cds__era5_pl_monthly__ERA5__reanalysis__z500__500hPa__monthly__2013-2013__m12__NH0_90__grid_1p0.grib,/mnt/e/last-aticol/data/raw/era5/pressure-levels/geopotential/500hPa/monthly/cds__era5_pl_monthly__ERA5__reanalysis__z500__500hPa__monthly__2013-2013__m12__NH0_90__grid_1p0.grib,65628,1776277238
2026-04-16T12:36:32Z,/mnt/e/last-aticol/data/raw/era5/pressure-levels/geopotential/500hPa/monthly,cds__era5_pl_monthly__ERA5__reanalysis__z500__500hPa__monthly__2014-2014__m01__NH0_90__grid_1p0.grib,/mnt/e/last-aticol/data/raw/era5/pressure-levels/geopotential/500hPa/monthly/cds__era5_pl_monthly__ERA5__reanalysis__z500__500hPa__monthly__2014-2014__m01__NH0_90__grid_1p0.grib,65628,1776277261
2026-04-16T12:36:32Z,/mnt/e/last-aticol/data/raw/era5/pressure-levels/geopotential/500hPa/monthly,cds__era5_pl_monthly__ERA5__reanalysis__z500__500hPa__monthly__2014-2014__m02__NH0_90__grid_1p0.grib,/mnt/e/last-aticol/data/raw/era5/pressure-levels/geopotential/500hPa/monthly/cds__era5_pl_monthly__ERA5__reanalysis__z500__500hPa__monthly__2014-2014__m02__NH0_90__grid_1p0.grib,65628,1776277276
2026-04-16T12:36:32Z,/mnt/e/last-aticol/data/raw/era5/pressure-levels/geopotential/500hPa/monthly,cds__era5_pl_monthly__ERA5__reanalysis__z500__500hPa__monthly__2014-2014__m03__NH0_90__grid_1p0.grib,/mnt/e/last-aticol/data/raw/era5/pressure-levels/geopotential/500hPa/monthly/cds__era5_pl_monthly__ERA5__reanalysis__z500__500hPa__monthly__2014-2014__m03__NH0_90__grid_1p0.grib,65628,1776277309
2026-04-16T12:36:32Z,/mnt/e/last-aticol/data/raw/era5/pressure-levels/geopotential/500hPa/monthly,cds__era5_pl_monthly__ERA5__reanalysis__z500__500hPa__monthly__2014-2014__m04__NH0_90__grid_1p0.grib,/mnt/e/last-aticol/data/raw/era5/pressure-levels/geopotential/500hPa/monthly/cds__era5_pl_monthly__ERA5__reanalysis__z500__500hPa__monthly__2014-2014__m04__NH0_90__grid_1p0.grib,65628,1776277341
2026-04-16T12:36:32Z,/mnt/e/last-aticol/data/raw/era5/pressure-levels/geopotential/500hPa/monthly,cds__era5_pl_monthly__ERA5__reanalysis__z500__500hPa__monthly__2014-2014__m05__NH0_90__grid_1p0.grib,/mnt/e/last-aticol/data/raw/era5/pressure-levels/geopotential/500hPa/monthly/cds__era5_pl_monthly__ERA5__reanalysis__z500__500hPa__monthly__2014-2014__m05__NH0_90__grid_1p0.grib,65628,1776277364
2026-04-16T12:36:32Z,/mnt/e/last-aticol/data/raw/era5/pressure-levels/geopotential/500hPa/monthly,cds__era5_pl_monthly__ERA5__reanalysis__z500__500hPa__monthly__2014-2014__m06__NH0_90__grid_1p0.grib,/mnt/e/last-aticol/data/raw/era5/pressure-levels/geopotential/500hPa/monthly/cds__era5_pl_monthly__ERA5__reanalysis__z500__500hPa__monthly__2014-2014__m06__NH0_90__grid_1p0.grib,65628,1776277386
2026-04-16T12:36:32Z,/mnt/e/last-aticol/data/raw/era5/pressure-levels/geopotential/500hPa/monthly,cds__era5_pl_monthly__ERA5__reanalysis__z500__500hPa__monthly__2014-2014__m07__NH0_90__grid_1p0.grib,/mnt/e/last-aticol/data/raw/era5/pressure-levels/geopotential/500hPa/monthly/cds__era5_pl_monthly__ERA5__reanalysis__z500__500hPa__monthly__2014-2014__m07__NH0_90__grid_1p0.grib,65628,1776277419
2026-04-16T12:36:32Z,/mnt/e/last-aticol/data/raw/era5/pressure-levels/geopotential/500hPa/monthly,cds__era5_pl_monthly__ERA5__reanalysis__z500__500hPa__monthly__2014-2014__m08__NH0_90__grid_1p0.grib,/mnt/e/last-aticol/data/raw/era5/pressure-levels/geopotential/500hPa/monthly/cds__era5_pl_monthly__ERA5__reanalysis__z500__500hPa__monthly__2014-2014__m08__NH0_90__grid_1p0.grib,65628,1776277441
2026-04-16T12:36:32Z,/mnt/e/last-aticol/data/raw/era5/pressure-levels/geopotential/500hPa/monthly,cds__era5_pl_monthly__ERA5__reanalysis__z500__500hPa__monthly__2014-2014__m09__NH0_90__grid_1p0.grib,/mnt/e/last-aticol/data/raw/era5/pressure-levels/geopotential/500hPa/monthly/cds__era5_pl_monthly__ERA5__reanalysis__z500__500hPa__monthly__2014-2014__m09__NH0_90__grid_1p0.grib,65628,1776277463
2026-04-16T12:36:32Z,/mnt/e/last-aticol/data/raw/era5/pressure-levels/geopotential/500hPa/monthly,cds__era5_pl_monthly__ERA5__reanalysis__z500__500hPa__monthly__2014-2014__m10__NH0_90__grid_1p0.grib,/mnt/e/last-aticol/data/raw/era5/pressure-levels/geopotential/500hPa/monthly/cds__era5_pl_monthly__ERA5__reanalysis__z500__500hPa__monthly__2014-2014__m10__NH0_90__grid_1p0.grib,65628,1776277496
2026-04-16T12:36:32Z,/mnt/e/last-aticol/data/raw/era5/pressure-levels/geopotential/500hPa/monthly,cds__era5_pl_monthly__ERA5__reanalysis__z500__500hPa__monthly__2014-2014__m11__NH0_90__grid_1p0.grib,/mnt/e/last-aticol/data/raw/era5/pressure-levels/geopotential/500hPa/monthly/cds__era5_pl_monthly__ERA5__reanalysis__z500__500hPa__monthly__2014-2014__m11__NH0_90__grid_1p0.grib,65628,1776277519
2026-04-16T12:36:32Z,/mnt/e/last-aticol/data/raw/era5/pressure-levels/geopotential/500hPa/monthly,cds__era5_pl_monthly__ERA5__reanalysis__z500__500hPa__monthly__2014-2014__m12__NH0_90__grid_1p0.grib,/mnt/e/last-aticol/data/raw/era5/pressure-levels/geopotential/500hPa/monthly/cds__era5_pl_monthly__ERA5__reanalysis__z500__500hPa__monthly__2014-2014__m12__NH0_90__grid_1p0.grib,65628,1776277552
2026-04-16T12:36:32Z,/mnt/e/last-aticol/data/raw/era5/pressure-levels/geopotential/500hPa/monthly,cds__era5_pl_monthly__ERA5__reanalysis__z500__500hPa__monthly__2015-2015__m01__NH0_90__grid_1p0.grib,/mnt/e/last-aticol/data/raw/era5/pressure-levels/geopotential/500hPa/monthly/cds__era5_pl_monthly__ERA5__reanalysis__z500__500hPa__monthly__2015-2015__m01__NH0_90__grid_1p0.grib,65628,1776277586
2026-04-16T12:36:32Z,/mnt/e/last-aticol/data/raw/era5/pressure-levels/geopotential/500hPa/monthly,cds__era5_pl_monthly__ERA5__reanalysis__z500__500hPa__monthly__2015-2015__m02__NH0_90__grid_1p0.grib,/mnt/e/last-aticol/data/raw/era5/pressure-levels/geopotential/500hPa/monthly/cds__era5_pl_monthly__ERA5__reanalysis__z500__500hPa__monthly__2015-2015__m02__NH0_90__grid_1p0.grib,65628,1776277608
2026-04-16T12:36:32Z,/mnt/e/last-aticol/data/raw/era5/pressure-levels/geopotential/500hPa/monthly,cds__era5_pl_monthly__ERA5__reanalysis__z500__500hPa__monthly__2015-2015__m03__NH0_90__grid_1p0.grib,/mnt/e/last-aticol/data/raw/era5/pressure-levels/geopotential/500hPa/monthly/cds__era5_pl_monthly__ERA5__reanalysis__z500__500hPa__monthly__2015-2015__m03__NH0_90__grid_1p0.grib,65628,1776277630
2026-04-16T12:36:33Z,/mnt/e/last-aticol/data/raw/era5/pressure-levels/geopotential/500hPa/monthly,cds__era5_pl_monthly__ERA5__reanalysis__z500__500hPa__monthly__2015-2015__m04__NH0_90__grid_1p0.grib,/mnt/e/last-aticol/data/raw/era5/pressure-levels/geopotential/500hPa/monthly/cds__era5_pl_monthly__ERA5__reanalysis__z500__500hPa__monthly__2015-2015__m04__NH0_90__grid_1p0.grib,65628,1776277702
2026-04-16T12:36:33Z,/mnt/e/last-aticol/data/raw/era5/pressure-levels/geopotential/500hPa/monthly,cds__era5_pl_monthly__ERA5__reanalysis__z500__500hPa__monthly__2015-2015__m05__NH0_90__grid_1p0.grib,/mnt/e/last-aticol/data/raw/era5/pressure-levels/geopotential/500hPa/monthly/cds__era5_pl_monthly__ERA5__reanalysis__z500__500hPa__monthly__2015-2015__m05__NH0_90__grid_1p0.grib,65628,1776277735
2026-04-16T12:36:33Z,/mnt/e/last-aticol/data/raw/era5/pressure-levels/geopotential/500hPa/monthly,cds__era5_pl_monthly__ERA5__reanalysis__z500__500hPa__monthly__2015-2015__m06__NH0_90__grid_1p0.grib,/mnt/e/last-aticol/data/raw/era5/pressure-levels/geopotential/500hPa/monthly/cds__era5_pl_monthly__ERA5__reanalysis__z500__500hPa__monthly__2015-2015__m06__NH0_90__grid_1p0.grib,65628,1776277757
2026-04-16T12:36:33Z,/mnt/e/last-aticol/data/raw/era5/pressure-levels/geopotential/500hPa/monthly,cds__era5_pl_monthly__ERA5__reanalysis__z500__500hPa__monthly__2015-2015__m07__NH0_90__grid_1p0.grib,/mnt/e/last-aticol/data/raw/era5/pressure-levels/geopotential/500hPa/monthly/cds__era5_pl_monthly__ERA5__reanalysis__z500__500hPa__monthly__2015-2015__m07__NH0_90__grid_1p0.grib,65628,1776277790
2026-04-16T12:36:33Z,/mnt/e/last-aticol/data/raw/era5/pressure-levels/geopotential/500hPa/monthly,cds__era5_pl_monthly__ERA5__reanalysis__z500__500hPa__monthly__2015-2015__m08__NH0_90__grid_1p0.grib,/mnt/e/last-aticol/data/raw/era5/pressure-levels/geopotential/500hPa/monthly/cds__era5_pl_monthly__ERA5__reanalysis__z500__500hPa__monthly__2015-2015__m08__NH0_90__grid_1p0.grib,65628,1776277813
2026-04-16T12:36:33Z,/mnt/e/last-aticol/data/raw/era5/pressure-levels/geopotential/500hPa/monthly,cds__era5_pl_monthly__ERA5__reanalysis__z500__500hPa__monthly__2015-2015__m09__NH0_90__grid_1p0.grib,/mnt/e/last-aticol/data/raw/era5/pressure-levels/geopotential/500hPa/monthly/cds__era5_pl_monthly__ERA5__reanalysis__z500__500hPa__monthly__2015-2015__m09__NH0_90__grid_1p0.grib,65628,1776277848
2026-04-16T12:36:33Z,/mnt/e/last-aticol/data/raw/era5/pressure-levels/geopotential/500hPa/monthly,cds__era5_pl_monthly__ERA5__reanalysis__z500__500hPa__monthly__2015-2015__m10__NH0_90__grid_1p0.grib,/mnt/e/last-aticol/data/raw/era5/pressure-levels/geopotential/500hPa/monthly/cds__era5_pl_monthly__ERA5__reanalysis__z500__500hPa__monthly__2015-2015__m10__NH0_90__grid_1p0.grib,65628,1776278048
2026-04-16T12:36:33Z,/mnt/e/last-aticol/data/raw/era5/pressure-levels/geopotential/500hPa/monthly,cds__era5_pl_monthly__ERA5__reanalysis__z500__500hPa__monthly__2015-2015__m11__NH0_90__grid_1p0.grib,/mnt/e/last-aticol/data/raw/era5/pressure-levels/geopotential/500hPa/monthly/cds__era5_pl_monthly__ERA5__reanalysis__z500__500hPa__monthly__2015-2015__m11__NH0_90__grid_1p0.grib,65628,1776278064
2026-04-16T12:36:33Z,/mnt/e/last-aticol/data/raw/era5/pressure-levels/geopotential/500hPa/monthly,cds__era5_pl_monthly__ERA5__reanalysis__z500__500hPa__monthly__2015-2015__m12__NH0_90__grid_1p0.grib,/mnt/e/last-aticol/data/raw/era5/pressure-levels/geopotential/500hPa/monthly/cds__era5_pl_monthly__ERA5__reanalysis__z500__500hPa__monthly__2015-2015__m12__NH0_90__grid_1p0.grib,65628,1776278087
2026-04-16T12:36:33Z,/mnt/e/last-aticol/data/raw/era5/pressure-levels/geopotential/500hPa/monthly,cds__era5_pl_monthly__ERA5__reanalysis__z500__500hPa__monthly__2016-2016__m01__NH0_90__grid_1p0.grib,/mnt/e/last-aticol/data/raw/era5/pressure-levels/geopotential/500hPa/monthly/cds__era5_pl_monthly__ERA5__reanalysis__z500__500hPa__monthly__2016-2016__m01__NH0_90__grid_1p0.grib,65628,1776278110
2026-04-16T12:36:33Z,/mnt/e/last-aticol/data/raw/era5/pressure-levels/geopotential/500hPa/monthly,cds__era5_pl_monthly__ERA5__reanalysis__z500__500hPa__monthly__2016-2016__m02__NH0_90__grid_1p0.grib,/mnt/e/last-aticol/data/raw/era5/pressure-levels/geopotential/500hPa/monthly/cds__era5_pl_monthly__ERA5__reanalysis__z500__500hPa__monthly__2016-2016__m02__NH0_90__grid_1p0.grib,65628,1776278133
2026-04-16T12:36:33Z,/mnt/e/last-aticol/data/raw/era5/pressure-levels/geopotential/500hPa/monthly,cds__era5_pl_monthly__ERA5__reanalysis__z500__500hPa__monthly__2016-2016__m03__NH0_90__grid_1p0.grib,/mnt/e/last-aticol/data/raw/era5/pressure-levels/geopotential/500hPa/monthly/cds__era5_pl_monthly__ERA5__reanalysis__z500__500hPa__monthly__2016-2016__m03__NH0_90__grid_1p0.grib,65628,1776278155
2026-04-16T12:36:33Z,/mnt/e/last-aticol/data/raw/era5/pressure-levels/geopotential/500hPa/monthly,cds__era5_pl_monthly__ERA5__reanalysis__z500__500hPa__monthly__2016-2016__m04__NH0_90__grid_1p0.grib,/mnt/e/last-aticol/data/raw/era5/pressure-levels/geopotential/500hPa/monthly/cds__era5_pl_monthly__ERA5__reanalysis__z500__500hPa__monthly__2016-2016__m04__NH0_90__grid_1p0.grib,65628,1776278188
2026-04-16T12:36:33Z,/mnt/e/last-aticol/data/raw/era5/pressure-levels/geopotential/500hPa/monthly,cds__era5_pl_monthly__ERA5__reanalysis__z500__500hPa__monthly__2016-2016__m05__NH0_90__grid_1p0.grib,/mnt/e/last-aticol/data/raw/era5/pressure-levels/geopotential/500hPa/monthly/cds__era5_pl_monthly__ERA5__reanalysis__z500__500hPa__monthly__2016-2016__m05__NH0_90__grid_1p0.grib,65628,1776278221
2026-04-16T12:36:33Z,/mnt/e/last-aticol/data/raw/era5/pressure-levels/geopotential/500hPa/monthly,cds__era5_pl_monthly__ERA5__reanalysis__z500__500hPa__monthly__2016-2016__m06__NH0_90__grid_1p0.grib,/mnt/e/last-aticol/data/raw/era5/pressure-levels/geopotential/500hPa/monthly/cds__era5_pl_monthly__ERA5__reanalysis__z500__500hPa__monthly__2016-2016__m06__NH0_90__grid_1p0.grib,65628,1776278244
2026-04-16T12:36:33Z,/mnt/e/last-aticol/data/raw/era5/pressure-levels/geopotential/500hPa/monthly,cds__era5_pl_monthly__ERA5__reanalysis__z500__500hPa__monthly__2016-2016__m07__NH0_90__grid_1p0.grib,/mnt/e/last-aticol/data/raw/era5/pressure-levels/geopotential/500hPa/monthly/cds__era5_pl_monthly__ERA5__reanalysis__z500__500hPa__monthly__2016-2016__m07__NH0_90__grid_1p0.grib,65628,1776278266
2026-04-16T12:36:33Z,/mnt/e/last-aticol/data/raw/era5/pressure-levels/geopotential/500hPa/monthly,cds__era5_pl_monthly__ERA5__reanalysis__z500__500hPa__monthly__2016-2016__m08__NH0_90__grid_1p0.grib,/mnt/e/last-aticol/data/raw/era5/pressure-levels/geopotential/500hPa/monthly/cds__era5_pl_monthly__ERA5__reanalysis__z500__500hPa__monthly__2016-2016__m08__NH0_90__grid_1p0.grib,65628,1776278288
2026-04-16T12:36:33Z,/mnt/e/last-aticol/data/raw/era5/pressure-levels/geopotential/500hPa/monthly,cds__era5_pl_monthly__ERA5__reanalysis__z500__500hPa__monthly__2016-2016__m09__NH0_90__grid_1p0.grib,/mnt/e/last-aticol/data/raw/era5/pressure-levels/geopotential/500hPa/monthly/cds__era5_pl_monthly__ERA5__reanalysis__z500__500hPa__monthly__2016-2016__m09__NH0_90__grid_1p0.grib,65628,1776278321
2026-04-16T12:36:33Z,/mnt/e/last-aticol/data/raw/era5/pressure-levels/geopotential/500hPa/monthly,cds__era5_pl_monthly__ERA5__reanalysis__z500__500hPa__monthly__2016-2016__m10__NH0_90__grid_1p0.grib,/mnt/e/last-aticol/data/raw/era5/pressure-levels/geopotential/500hPa/monthly/cds__era5_pl_monthly__ERA5__reanalysis__z500__500hPa__monthly__2016-2016__m10__NH0_90__grid_1p0.grib,65628,1776278343
2026-04-16T12:36:33Z,/mnt/e/last-aticol/data/raw/era5/pressure-levels/geopotential/500hPa/monthly,cds__era5_pl_monthly__ERA5__reanalysis__z500__500hPa__monthly__2016-2016__m11__NH0_90__grid_1p0.grib,/mnt/e/last-aticol/data/raw/era5/pressure-levels/geopotential/500hPa/monthly/cds__era5_pl_monthly__ERA5__reanalysis__z500__500hPa__monthly__2016-2016__m11__NH0_90__grid_1p0.grib,65628,1776278365
2026-04-16T12:36:33Z,/mnt/e/last-aticol/data/raw/era5/pressure-levels/geopotential/500hPa/monthly,cds__era5_pl_monthly__ERA5__reanalysis__z500__500hPa__monthly__2016-2016__m12__NH0_90__grid_1p0.grib,/mnt/e/last-aticol/data/raw/era5/pressure-levels/geopotential/500hPa/monthly/cds__era5_pl_monthly__ERA5__reanalysis__z500__500hPa__monthly__2016-2016__m12__NH0_90__grid_1p0.grib,65628,1776278387
2026-04-16T12:36:33Z,/mnt/e/last-aticol/data/raw/era5/pressure-levels/geopotential/500hPa/monthly,cds__era5_pl_monthly__ERA5__reanalysis__z500__500hPa__monthly__2017-2017__m01__NH0_90__grid_1p0.grib,/mnt/e/last-aticol/data/raw/era5/pressure-levels/geopotential/500hPa/monthly/cds__era5_pl_monthly__ERA5__reanalysis__z500__500hPa__monthly__2017-2017__m01__NH0_90__grid_1p0.grib,65628,1776278421
2026-04-16T12:36:33Z,/mnt/e/last-aticol/data/raw/era5/pressure-levels/geopotential/500hPa/monthly,cds__era5_pl_monthly__ERA5__reanalysis__z500__500hPa__monthly__2017-2017__m02__NH0_90__grid_1p0.grib,/mnt/e/last-aticol/data/raw/era5/pressure-levels/geopotential/500hPa/monthly/cds__era5_pl_monthly__ERA5__reanalysis__z500__500hPa__monthly__2017-2017__m02__NH0_90__grid_1p0.grib,65628,1776278453
2026-04-16T12:36:33Z,/mnt/e/last-aticol/data/raw/era5/pressure-levels/geopotential/500hPa/monthly,cds__era5_pl_monthly__ERA5__reanalysis__z500__500hPa__monthly__2017-2017__m03__NH0_90__grid_1p0.grib,/mnt/e/last-aticol/data/raw/era5/pressure-levels/geopotential/500hPa/monthly/cds__era5_pl_monthly__ERA5__reanalysis__z500__500hPa__monthly__2017-2017__m03__NH0_90__grid_1p0.grib,65628,1776278476
2026-04-16T12:36:33Z,/mnt/e/last-aticol/data/raw/era5/pressure-levels/geopotential/500hPa/monthly,cds__era5_pl_monthly__ERA5__reanalysis__z500__500hPa__monthly__2017-2017__m04__NH0_90__grid_1p0.grib,/mnt/e/last-aticol/data/raw/era5/pressure-levels/geopotential/500hPa/monthly/cds__era5_pl_monthly__ERA5__reanalysis__z500__500hPa__monthly__2017-2017__m04__NH0_90__grid_1p0.grib,65628,1776278497
2026-04-16T12:36:33Z,/mnt/e/last-aticol/data/raw/era5/pressure-levels/geopotential/500hPa/monthly,cds__era5_pl_monthly__ERA5__reanalysis__z500__500hPa__monthly__2017-2017__m05__NH0_90__grid_1p0.grib,/mnt/e/last-aticol/data/raw/era5/pressure-levels/geopotential/500hPa/monthly/cds__era5_pl_monthly__ERA5__reanalysis__z500__500hPa__monthly__2017-2017__m05__NH0_90__grid_1p0.grib,65628,1776278530
2026-04-16T12:36:33Z,/mnt/e/last-aticol/data/raw/era5/pressure-levels/geopotential/500hPa/monthly,cds__era5_pl_monthly__ERA5__reanalysis__z500__500hPa__monthly__2017-2017__m06__NH0_90__grid_1p0.grib,/mnt/e/last-aticol/data/raw/era5/pressure-levels/geopotential/500hPa/monthly/cds__era5_pl_monthly__ERA5__reanalysis__z500__500hPa__monthly__2017-2017__m06__NH0_90__grid_1p0.grib,65628,1776278552
2026-04-16T12:36:33Z,/mnt/e/last-aticol/data/raw/era5/pressure-levels/geopotential/500hPa/monthly,cds__era5_pl_monthly__ERA5__reanalysis__z500__500hPa__monthly__2017-2017__m07__NH0_90__grid_1p0.grib,/mnt/e/last-aticol/data/raw/era5/pressure-levels/geopotential/500hPa/monthly/cds__era5_pl_monthly__ERA5__reanalysis__z500__500hPa__monthly__2017-2017__m07__NH0_90__grid_1p0.grib,65628,1776278574
2026-04-16T12:36:33Z,/mnt/e/last-aticol/data/raw/era5/pressure-levels/geopotential/500hPa/monthly,cds__era5_pl_monthly__ERA5__reanalysis__z500__500hPa__monthly__2017-2017__m08__NH0_90__grid_1p0.grib,/mnt/e/last-aticol/data/raw/era5/pressure-levels/geopotential/500hPa/monthly/cds__era5_pl_monthly__ERA5__reanalysis__z500__500hPa__monthly__2017-2017__m08__NH0_90__grid_1p0.grib,65628,1776278596
2026-04-16T12:36:33Z,/mnt/e/last-aticol/data/raw/era5/pressure-levels/geopotential/500hPa/monthly,cds__era5_pl_monthly__ERA5__reanalysis__z500__500hPa__monthly__2017-2017__m09__NH0_90__grid_1p0.grib,/mnt/e/last-aticol/data/raw/era5/pressure-levels/geopotential/500hPa/monthly/cds__era5_pl_monthly__ERA5__reanalysis__z500__500hPa__monthly__2017-2017__m09__NH0_90__grid_1p0.grib,65628,1776278619
2026-04-16T12:36:33Z,/mnt/e/last-aticol/data/raw/era5/pressure-levels/geopotential/500hPa/monthly,cds__era5_pl_monthly__ERA5__reanalysis__z500__500hPa__monthly__2017-2017__m10__NH0_90__grid_1p0.grib,/mnt/e/last-aticol/data/raw/era5/pressure-levels/geopotential/500hPa/monthly/cds__era5_pl_monthly__ERA5__reanalysis__z500__500hPa__monthly__2017-2017__m10__NH0_90__grid_1p0.grib,65628,1776278651
2026-04-16T12:36:33Z,/mnt/e/last-aticol/data/raw/era5/pressure-levels/geopotential/500hPa/monthly,cds__era5_pl_monthly__ERA5__reanalysis__z500__500hPa__monthly__2017-2017__m11__NH0_90__grid_1p0.grib,/mnt/e/last-aticol/data/raw/era5/pressure-levels/geopotential/500hPa/monthly/cds__era5_pl_monthly__ERA5__reanalysis__z500__500hPa__monthly__2017-2017__m11__NH0_90__grid_1p0.grib,65628,1776278674
2026-04-16T12:36:33Z,/mnt/e/last-aticol/data/raw/era5/pressure-levels/geopotential/500hPa/monthly,cds__era5_pl_monthly__ERA5__reanalysis__z500__500hPa__monthly__2017-2017__m12__NH0_90__grid_1p0.grib,/mnt/e/last-aticol/data/raw/era5/pressure-levels/geopotential/500hPa/monthly/cds__era5_pl_monthly__ERA5__reanalysis__z500__500hPa__monthly__2017-2017__m12__NH0_90__grid_1p0.grib,65628,1776278706
2026-04-16T12:36:33Z,/mnt/e/last-aticol/data/raw/era5/pressure-levels/geopotential/500hPa/monthly,cds__era5_pl_monthly__ERA5__reanalysis__z500__500hPa__monthly__2018-2018__m01__NH0_90__grid_1p0.grib,/mnt/e/last-aticol/data/raw/era5/pressure-levels/geopotential/500hPa/monthly/cds__era5_pl_monthly__ERA5__reanalysis__z500__500hPa__monthly__2018-2018__m01__NH0_90__grid_1p0.grib,65628,1776278740
2026-04-16T12:36:33Z,/mnt/e/last-aticol/data/raw/era5/pressure-levels/geopotential/500hPa/monthly,cds__era5_pl_monthly__ERA5__reanalysis__z500__500hPa__monthly__2018-2018__m02__NH0_90__grid_1p0.grib,/mnt/e/last-aticol/data/raw/era5/pressure-levels/geopotential/500hPa/monthly/cds__era5_pl_monthly__ERA5__reanalysis__z500__500hPa__monthly__2018-2018__m02__NH0_90__grid_1p0.grib,65628,1776278762
2026-04-16T12:36:33Z,/mnt/e/last-aticol/data/raw/era5/pressure-levels/geopotential/500hPa/monthly,cds__era5_pl_monthly__ERA5__reanalysis__z500__500hPa__monthly__2018-2018__m03__NH0_90__grid_1p0.grib,/mnt/e/last-aticol/data/raw/era5/pressure-levels/geopotential/500hPa/monthly/cds__era5_pl_monthly__ERA5__reanalysis__z500__500hPa__monthly__2018-2018__m03__NH0_90__grid_1p0.grib,65628,1776278784
2026-04-16T12:36:33Z,/mnt/e/last-aticol/data/raw/era5/pressure-levels/geopotential/500hPa/monthly,cds__era5_pl_monthly__ERA5__reanalysis__z500__500hPa__monthly__2018-2018__m04__NH0_90__grid_1p0.grib,/mnt/e/last-aticol/data/raw/era5/pressure-levels/geopotential/500hPa/monthly/cds__era5_pl_monthly__ERA5__reanalysis__z500__500hPa__monthly__2018-2018__m04__NH0_90__grid_1p0.grib,65628,1776278817
2026-04-16T12:36:33Z,/mnt/e/last-aticol/data/raw/era5/pressure-levels/geopotential/500hPa/monthly,cds__era5_pl_monthly__ERA5__reanalysis__z500__500hPa__monthly__2018-2018__m05__NH0_90__grid_1p0.grib,/mnt/e/last-aticol/data/raw/era5/pressure-levels/geopotential/500hPa/monthly/cds__era5_pl_monthly__ERA5__reanalysis__z500__500hPa__monthly__2018-2018__m05__NH0_90__grid_1p0.grib,65628,1776278849
2026-04-16T12:36:33Z,/mnt/e/last-aticol/data/raw/era5/pressure-levels/geopotential/500hPa/monthly,cds__era5_pl_monthly__ERA5__reanalysis__z500__500hPa__monthly__2018-2018__m06__NH0_90__grid_1p0.grib,/mnt/e/last-aticol/data/raw/era5/pressure-levels/geopotential/500hPa/monthly/cds__era5_pl_monthly__ERA5__reanalysis__z500__500hPa__monthly__2018-2018__m06__NH0_90__grid_1p0.grib,65628,1776278872
2026-04-16T12:36:33Z,/mnt/e/last-aticol/data/raw/era5/pressure-levels/geopotential/500hPa/monthly,cds__era5_pl_monthly__ERA5__reanalysis__z500__500hPa__monthly__2018-2018__m07__NH0_90__grid_1p0.grib,/mnt/e/last-aticol/data/raw/era5/pressure-levels/geopotential/500hPa/monthly/cds__era5_pl_monthly__ERA5__reanalysis__z500__500hPa__monthly__2018-2018__m07__NH0_90__grid_1p0.grib,65628,1776278894
2026-04-16T12:36:33Z,/mnt/e/last-aticol/data/raw/era5/pressure-levels/geopotential/500hPa/monthly,cds__era5_pl_monthly__ERA5__reanalysis__z500__500hPa__monthly__2018-2018__m08__NH0_90__grid_1p0.grib,/mnt/e/last-aticol/data/raw/era5/pressure-levels/geopotential/500hPa/monthly/cds__era5_pl_monthly__ERA5__reanalysis__z500__500hPa__monthly__2018-2018__m08__NH0_90__grid_1p0.grib,65628,1776278916
2026-04-16T12:36:33Z,/mnt/e/last-aticol/data/raw/era5/pressure-levels/geopotential/500hPa/monthly,cds__era5_pl_monthly__ERA5__reanalysis__z500__500hPa__monthly__2018-2018__m09__NH0_90__grid_1p0.grib,/mnt/e/last-aticol/data/raw/era5/pressure-levels/geopotential/500hPa/monthly/cds__era5_pl_monthly__ERA5__reanalysis__z500__500hPa__monthly__2018-2018__m09__NH0_90__grid_1p0.grib,65628,1776278938
2026-04-16T12:36:33Z,/mnt/e/last-aticol/data/raw/era5/pressure-levels/geopotential/500hPa/monthly,cds__era5_pl_monthly__ERA5__reanalysis__z500__500hPa__monthly__2018-2018__m10__NH0_90__grid_1p0.grib,/mnt/e/last-aticol/data/raw/era5/pressure-levels/geopotential/500hPa/monthly/cds__era5_pl_monthly__ERA5__reanalysis__z500__500hPa__monthly__2018-2018__m10__NH0_90__grid_1p0.grib,65628,1776278960
2026-04-16T12:36:33Z,/mnt/e/last-aticol/data/raw/era5/pressure-levels/geopotential/500hPa/monthly,cds__era5_pl_monthly__ERA5__reanalysis__z500__500hPa__monthly__2018-2018__m11__NH0_90__grid_1p0.grib,/mnt/e/last-aticol/data/raw/era5/pressure-levels/geopotential/500hPa/monthly/cds__era5_pl_monthly__ERA5__reanalysis__z500__500hPa__monthly__2018-2018__m11__NH0_90__grid_1p0.grib,65628,1776278993
2026-04-16T12:36:33Z,/mnt/e/last-aticol/data/raw/era5/pressure-levels/geopotential/500hPa/monthly,cds__era5_pl_monthly__ERA5__reanalysis__z500__500hPa__monthly__2018-2018__m12__NH0_90__grid_1p0.grib,/mnt/e/last-aticol/data/raw/era5/pressure-levels/geopotential/500hPa/monthly/cds__era5_pl_monthly__ERA5__reanalysis__z500__500hPa__monthly__2018-2018__m12__NH0_90__grid_1p0.grib,65628,1776279015
2026-04-16T12:36:33Z,/mnt/e/last-aticol/data/raw/era5/pressure-levels/geopotential/500hPa/monthly,cds__era5_pl_monthly__ERA5__reanalysis__z500__500hPa__monthly__2019-2019__m01__NH0_90__grid_1p0.grib,/mnt/e/last-aticol/data/raw/era5/pressure-levels/geopotential/500hPa/monthly/cds__era5_pl_monthly__ERA5__reanalysis__z500__500hPa__monthly__2019-2019__m01__NH0_90__grid_1p0.grib,65628,1776279037
2026-04-16T12:36:33Z,/mnt/e/last-aticol/data/raw/era5/pressure-levels/geopotential/500hPa/monthly,cds__era5_pl_monthly__ERA5__reanalysis__z500__500hPa__monthly__2019-2019__m02__NH0_90__grid_1p0.grib,/mnt/e/last-aticol/data/raw/era5/pressure-levels/geopotential/500hPa/monthly/cds__era5_pl_monthly__ERA5__reanalysis__z500__500hPa__monthly__2019-2019__m02__NH0_90__grid_1p0.grib,65628,1776279060
2026-04-16T12:36:33Z,/mnt/e/last-aticol/data/raw/era5/pressure-levels/geopotential/500hPa/monthly,cds__era5_pl_monthly__ERA5__reanalysis__z500__500hPa__monthly__2019-2019__m03__NH0_90__grid_1p0.grib,/mnt/e/last-aticol/data/raw/era5/pressure-levels/geopotential/500hPa/monthly/cds__era5_pl_monthly__ERA5__reanalysis__z500__500hPa__monthly__2019-2019__m03__NH0_90__grid_1p0.grib,65628,1776279082
2026-04-16T12:36:33Z,/mnt/e/last-aticol/data/raw/era5/pressure-levels/geopotential/500hPa/monthly,cds__era5_pl_monthly__ERA5__reanalysis__z500__500hPa__monthly__2019-2019__m04__NH0_90__grid_1p0.grib,/mnt/e/last-aticol/data/raw/era5/pressure-levels/geopotential/500hPa/monthly/cds__era5_pl_monthly__ERA5__reanalysis__z500__500hPa__monthly__2019-2019__m04__NH0_90__grid_1p0.grib,65628,1776279115
2026-04-16T12:36:33Z,/mnt/e/last-aticol/data/raw/era5/pressure-levels/geopotential/500hPa/monthly,cds__era5_pl_monthly__ERA5__reanalysis__z500__500hPa__monthly__2019-2019__m05__NH0_90__grid_1p0.grib,/mnt/e/last-aticol/data/raw/era5/pressure-levels/geopotential/500hPa/monthly/cds__era5_pl_monthly__ERA5__reanalysis__z500__500hPa__monthly__2019-2019__m05__NH0_90__grid_1p0.grib,65628,1776279151
2026-04-16T12:36:33Z,/mnt/e/last-aticol/data/raw/era5/pressure-levels/geopotential/500hPa/monthly,cds__era5_pl_monthly__ERA5__reanalysis__z500__500hPa__monthly__2019-2019__m06__NH0_90__grid_1p0.grib,/mnt/e/last-aticol/data/raw/era5/pressure-levels/geopotential/500hPa/monthly/cds__era5_pl_monthly__ERA5__reanalysis__z500__500hPa__monthly__2019-2019__m06__NH0_90__grid_1p0.grib,65628,1776279174
2026-04-16T12:36:33Z,/mnt/e/last-aticol/data/raw/era5/pressure-levels/geopotential/500hPa/monthly,cds__era5_pl_monthly__ERA5__reanalysis__z500__500hPa__monthly__2019-2019__m07__NH0_90__grid_1p0.grib,/mnt/e/last-aticol/data/raw/era5/pressure-levels/geopotential/500hPa/monthly/cds__era5_pl_monthly__ERA5__reanalysis__z500__500hPa__monthly__2019-2019__m07__NH0_90__grid_1p0.grib,65628,1776279207
2026-04-16T12:36:33Z,/mnt/e/last-aticol/data/raw/era5/pressure-levels/geopotential/500hPa/monthly,cds__era5_pl_monthly__ERA5__reanalysis__z500__500hPa__monthly__2019-2019__m08__NH0_90__grid_1p0.grib,/mnt/e/last-aticol/data/raw/era5/pressure-levels/geopotential/500hPa/monthly/cds__era5_pl_monthly__ERA5__reanalysis__z500__500hPa__monthly__2019-2019__m08__NH0_90__grid_1p0.grib,65628,1776279240
2026-04-16T12:36:33Z,/mnt/e/last-aticol/data/raw/era5/pressure-levels/geopotential/500hPa/monthly,cds__era5_pl_monthly__ERA5__reanalysis__z500__500hPa__monthly__2019-2019__m09__NH0_90__grid_1p0.grib,/mnt/e/last-aticol/data/raw/era5/pressure-levels/geopotential/500hPa/monthly/cds__era5_pl_monthly__ERA5__reanalysis__z500__500hPa__monthly__2019-2019__m09__NH0_90__grid_1p0.grib,65628,1776279262
2026-04-16T12:36:33Z,/mnt/e/last-aticol/data/raw/era5/pressure-levels/geopotential/500hPa/monthly,cds__era5_pl_monthly__ERA5__reanalysis__z500__500hPa__monthly__2019-2019__m10__NH0_90__grid_1p0.grib,/mnt/e/last-aticol/data/raw/era5/pressure-levels/geopotential/500hPa/monthly/cds__era5_pl_monthly__ERA5__reanalysis__z500__500hPa__monthly__2019-2019__m10__NH0_90__grid_1p0.grib,65628,1776279284
2026-04-16T12:36:33Z,/mnt/e/last-aticol/data/raw/era5/pressure-levels/geopotential/500hPa/monthly,cds__era5_pl_monthly__ERA5__reanalysis__z500__500hPa__monthly__2019-2019__m11__NH0_90__grid_1p0.grib,/mnt/e/last-aticol/data/raw/era5/pressure-levels/geopotential/500hPa/monthly/cds__era5_pl_monthly__ERA5__reanalysis__z500__500hPa__monthly__2019-2019__m11__NH0_90__grid_1p0.grib,65628,1776279317
2026-04-16T12:36:33Z,/mnt/e/last-aticol/data/raw/era5/pressure-levels/geopotential/500hPa/monthly,cds__era5_pl_monthly__ERA5__reanalysis__z500__500hPa__monthly__2019-2019__m12__NH0_90__grid_1p0.grib,/mnt/e/last-aticol/data/raw/era5/pressure-levels/geopotential/500hPa/monthly/cds__era5_pl_monthly__ERA5__reanalysis__z500__500hPa__monthly__2019-2019__m12__NH0_90__grid_1p0.grib,65628,1776279339
2026-04-16T12:36:33Z,/mnt/e/last-aticol/data/raw/era5/pressure-levels/geopotential/500hPa/monthly,cds__era5_pl_monthly__ERA5__reanalysis__z500__500hPa__monthly__2020-2020__m01__NH0_90__grid_1p0.grib,/mnt/e/last-aticol/data/raw/era5/pressure-levels/geopotential/500hPa/monthly/cds__era5_pl_monthly__ERA5__reanalysis__z500__500hPa__monthly__2020-2020__m01__NH0_90__grid_1p0.grib,65628,1776279373
2026-04-16T12:36:33Z,/mnt/e/last-aticol/data/raw/era5/pressure-levels/geopotential/500hPa/monthly,cds__era5_pl_monthly__ERA5__reanalysis__z500__500hPa__monthly__2020-2020__m02__NH0_90__grid_1p0.grib,/mnt/e/last-aticol/data/raw/era5/pressure-levels/geopotential/500hPa/monthly/cds__era5_pl_monthly__ERA5__reanalysis__z500__500hPa__monthly__2020-2020__m02__NH0_90__grid_1p0.grib,65628,1776279422
2026-04-16T12:36:33Z,/mnt/e/last-aticol/data/raw/era5/pressure-levels/geopotential/500hPa/monthly,cds__era5_pl_monthly__ERA5__reanalysis__z500__500hPa__monthly__2020-2020__m03__NH0_90__grid_1p0.grib,/mnt/e/last-aticol/data/raw/era5/pressure-levels/geopotential/500hPa/monthly/cds__era5_pl_monthly__ERA5__reanalysis__z500__500hPa__monthly__2020-2020__m03__NH0_90__grid_1p0.grib,65628,1776279444
2026-04-16T12:36:33Z,/mnt/e/last-aticol/data/raw/era5/pressure-levels/geopotential/500hPa/monthly,cds__era5_pl_monthly__ERA5__reanalysis__z500__500hPa__monthly__2020-2020__m04__NH0_90__grid_1p0.grib,/mnt/e/last-aticol/data/raw/era5/pressure-levels/geopotential/500hPa/monthly/cds__era5_pl_monthly__ERA5__reanalysis__z500__500hPa__monthly__2020-2020__m04__NH0_90__grid_1p0.grib,65628,1776279459
2026-04-16T12:36:33Z,/mnt/e/last-aticol/data/raw/era5/pressure-levels/geopotential/500hPa/monthly,cds__era5_pl_monthly__ERA5__reanalysis__z500__500hPa__monthly__2020-2020__m05__NH0_90__grid_1p0.grib,/mnt/e/last-aticol/data/raw/era5/pressure-levels/geopotential/500hPa/monthly/cds__era5_pl_monthly__ERA5__reanalysis__z500__500hPa__monthly__2020-2020__m05__NH0_90__grid_1p0.grib,65628,1776279474
2026-04-16T12:36:33Z,/mnt/e/last-aticol/data/raw/era5/pressure-levels/geopotential/500hPa/monthly,cds__era5_pl_monthly__ERA5__reanalysis__z500__500hPa__monthly__2020-2020__m06__NH0_90__grid_1p0.grib,/mnt/e/last-aticol/data/raw/era5/pressure-levels/geopotential/500hPa/monthly/cds__era5_pl_monthly__ERA5__reanalysis__z500__500hPa__monthly__2020-2020__m06__NH0_90__grid_1p0.grib,65628,1776279507
2026-04-16T12:36:33Z,/mnt/e/last-aticol/data/raw/era5/pressure-levels/geopotential/500hPa/monthly,cds__era5_pl_monthly__ERA5__reanalysis__z500__500hPa__monthly__2020-2020__m07__NH0_90__grid_1p0.grib,/mnt/e/last-aticol/data/raw/era5/pressure-levels/geopotential/500hPa/monthly/cds__era5_pl_monthly__ERA5__reanalysis__z500__500hPa__monthly__2020-2020__m07__NH0_90__grid_1p0.grib,65628,1776279523
2026-04-16T12:36:33Z,/mnt/e/last-aticol/data/raw/era5/pressure-levels/geopotential/500hPa/monthly,cds__era5_pl_monthly__ERA5__reanalysis__z500__500hPa__monthly__2020-2020__m08__NH0_90__grid_1p0.grib,/mnt/e/last-aticol/data/raw/era5/pressure-levels/geopotential/500hPa/monthly/cds__era5_pl_monthly__ERA5__reanalysis__z500__500hPa__monthly__2020-2020__m08__NH0_90__grid_1p0.grib,65628,1776279555
2026-04-16T12:36:33Z,/mnt/e/last-aticol/data/raw/era5/pressure-levels/geopotential/500hPa/monthly,cds__era5_pl_monthly__ERA5__reanalysis__z500__500hPa__monthly__2020-2020__m09__NH0_90__grid_1p0.grib,/mnt/e/last-aticol/data/raw/era5/pressure-levels/geopotential/500hPa/monthly/cds__era5_pl_monthly__ERA5__reanalysis__z500__500hPa__monthly__2020-2020__m09__NH0_90__grid_1p0.grib,65628,1776279578
2026-04-16T12:36:33Z,/mnt/e/last-aticol/data/raw/era5/pressure-levels/geopotential/500hPa/monthly,cds__era5_pl_monthly__ERA5__reanalysis__z500__500hPa__monthly__2020-2020__m10__NH0_90__grid_1p0.grib,/mnt/e/last-aticol/data/raw/era5/pressure-levels/geopotential/500hPa/monthly/cds__era5_pl_monthly__ERA5__reanalysis__z500__500hPa__monthly__2020-2020__m10__NH0_90__grid_1p0.grib,65628,1776279610
2026-04-16T12:36:33Z,/mnt/e/last-aticol/data/raw/era5/pressure-levels/geopotential/500hPa/monthly,cds__era5_pl_monthly__ERA5__reanalysis__z500__500hPa__monthly__2020-2020__m11__NH0_90__grid_1p0.grib,/mnt/e/last-aticol/data/raw/era5/pressure-levels/geopotential/500hPa/monthly/cds__era5_pl_monthly__ERA5__reanalysis__z500__500hPa__monthly__2020-2020__m11__NH0_90__grid_1p0.grib,65628,1776279644
2026-04-16T12:36:33Z,/mnt/e/last-aticol/data/raw/era5/pressure-levels/geopotential/500hPa/monthly,cds__era5_pl_monthly__ERA5__reanalysis__z500__500hPa__monthly__2020-2020__m12__NH0_90__grid_1p0.grib,/mnt/e/last-aticol/data/raw/era5/pressure-levels/geopotential/500hPa/monthly/cds__era5_pl_monthly__ERA5__reanalysis__z500__500hPa__monthly__2020-2020__m12__NH0_90__grid_1p0.grib,65628,1776279846
2026-04-16T12:36:33Z,/mnt/e/last-aticol/data/raw/era5/pressure-levels/geopotential/500hPa/monthly,cds__era5_pl_monthly__ERA5__reanalysis__z500__500hPa__monthly__2021-2021__m01__NH0_90__grid_1p0.grib,/mnt/e/last-aticol/data/raw/era5/pressure-levels/geopotential/500hPa/monthly/cds__era5_pl_monthly__ERA5__reanalysis__z500__500hPa__monthly__2021-2021__m01__NH0_90__grid_1p0.grib,65628,1776279879
2026-04-16T12:36:33Z,/mnt/e/last-aticol/data/raw/era5/pressure-levels/geopotential/500hPa/monthly,cds__era5_pl_monthly__ERA5__reanalysis__z500__500hPa__monthly__2021-2021__m02__NH0_90__grid_1p0.grib,/mnt/e/last-aticol/data/raw/era5/pressure-levels/geopotential/500hPa/monthly/cds__era5_pl_monthly__ERA5__reanalysis__z500__500hPa__monthly__2021-2021__m02__NH0_90__grid_1p0.grib,65628,1776279901
2026-04-16T12:36:33Z,/mnt/e/last-aticol/data/raw/era5/pressure-levels/geopotential/500hPa/monthly,cds__era5_pl_monthly__ERA5__reanalysis__z500__500hPa__monthly__2021-2021__m03__NH0_90__grid_1p0.grib,/mnt/e/last-aticol/data/raw/era5/pressure-levels/geopotential/500hPa/monthly/cds__era5_pl_monthly__ERA5__reanalysis__z500__500hPa__monthly__2021-2021__m03__NH0_90__grid_1p0.grib,65628,1776279923
2026-04-16T12:36:33Z,/mnt/e/last-aticol/data/raw/era5/pressure-levels/geopotential/500hPa/monthly,cds__era5_pl_monthly__ERA5__reanalysis__z500__500hPa__monthly__2021-2021__m04__NH0_90__grid_1p0.grib,/mnt/e/last-aticol/data/raw/era5/pressure-levels/geopotential/500hPa/monthly/cds__era5_pl_monthly__ERA5__reanalysis__z500__500hPa__monthly__2021-2021__m04__NH0_90__grid_1p0.grib,65628,1776279946
2026-04-16T12:36:33Z,/mnt/e/last-aticol/data/raw/era5/pressure-levels/geopotential/500hPa/monthly,cds__era5_pl_monthly__ERA5__reanalysis__z500__500hPa__monthly__2021-2021__m05__NH0_90__grid_1p0.grib,/mnt/e/last-aticol/data/raw/era5/pressure-levels/geopotential/500hPa/monthly/cds__era5_pl_monthly__ERA5__reanalysis__z500__500hPa__monthly__2021-2021__m05__NH0_90__grid_1p0.grib,65628,1776279979
2026-04-16T12:36:33Z,/mnt/e/last-aticol/data/raw/era5/pressure-levels/geopotential/500hPa/monthly,cds__era5_pl_monthly__ERA5__reanalysis__z500__500hPa__monthly__2021-2021__m06__NH0_90__grid_1p0.grib,/mnt/e/last-aticol/data/raw/era5/pressure-levels/geopotential/500hPa/monthly/cds__era5_pl_monthly__ERA5__reanalysis__z500__500hPa__monthly__2021-2021__m06__NH0_90__grid_1p0.grib,65628,1776280029
2026-04-16T12:36:33Z,/mnt/e/last-aticol/data/raw/era5/pressure-levels/geopotential/500hPa/monthly,cds__era5_pl_monthly__ERA5__reanalysis__z500__500hPa__monthly__2021-2021__m07__NH0_90__grid_1p0.grib,/mnt/e/last-aticol/data/raw/era5/pressure-levels/geopotential/500hPa/monthly/cds__era5_pl_monthly__ERA5__reanalysis__z500__500hPa__monthly__2021-2021__m07__NH0_90__grid_1p0.grib,65628,1776280063
2026-04-16T12:36:33Z,/mnt/e/last-aticol/data/raw/era5/pressure-levels/geopotential/500hPa/monthly,cds__era5_pl_monthly__ERA5__reanalysis__z500__500hPa__monthly__2021-2021__m08__NH0_90__grid_1p0.grib,/mnt/e/last-aticol/data/raw/era5/pressure-levels/geopotential/500hPa/monthly/cds__era5_pl_monthly__ERA5__reanalysis__z500__500hPa__monthly__2021-2021__m08__NH0_90__grid_1p0.grib,65628,1776280085
2026-04-16T12:36:33Z,/mnt/e/last-aticol/data/raw/era5/pressure-levels/geopotential/500hPa/monthly,cds__era5_pl_monthly__ERA5__reanalysis__z500__500hPa__monthly__2021-2021__m09__NH0_90__grid_1p0.grib,/mnt/e/last-aticol/data/raw/era5/pressure-levels/geopotential/500hPa/monthly/cds__era5_pl_monthly__ERA5__reanalysis__z500__500hPa__monthly__2021-2021__m09__NH0_90__grid_1p0.grib,65628,1776280107
2026-04-16T12:36:33Z,/mnt/e/last-aticol/data/raw/era5/pressure-levels/geopotential/500hPa/monthly,cds__era5_pl_monthly__ERA5__reanalysis__z500__500hPa__monthly__2021-2021__m10__NH0_90__grid_1p0.grib,/mnt/e/last-aticol/data/raw/era5/pressure-levels/geopotential/500hPa/monthly/cds__era5_pl_monthly__ERA5__reanalysis__z500__500hPa__monthly__2021-2021__m10__NH0_90__grid_1p0.grib,65628,1776280179
2026-04-16T12:36:33Z,/mnt/e/last-aticol/data/raw/era5/pressure-levels/geopotential/500hPa/monthly,cds__era5_pl_monthly__ERA5__reanalysis__z500__500hPa__monthly__2021-2021__m11__NH0_90__grid_1p0.grib,/mnt/e/last-aticol/data/raw/era5/pressure-levels/geopotential/500hPa/monthly/cds__era5_pl_monthly__ERA5__reanalysis__z500__500hPa__monthly__2021-2021__m11__NH0_90__grid_1p0.grib,65628,1776280212
2026-04-16T12:36:33Z,/mnt/e/last-aticol/data/raw/era5/pressure-levels/geopotential/500hPa/monthly,cds__era5_pl_monthly__ERA5__reanalysis__z500__500hPa__monthly__2021-2021__m12__NH0_90__grid_1p0.grib,/mnt/e/last-aticol/data/raw/era5/pressure-levels/geopotential/500hPa/monthly/cds__era5_pl_monthly__ERA5__reanalysis__z500__500hPa__monthly__2021-2021__m12__NH0_90__grid_1p0.grib,65628,1776280245
2026-04-16T12:36:33Z,/mnt/e/last-aticol/data/raw/era5/pressure-levels/geopotential/500hPa/monthly,cds__era5_pl_monthly__ERA5__reanalysis__z500__500hPa__monthly__2022-2022__m01__NH0_90__grid_1p0.grib,/mnt/e/last-aticol/data/raw/era5/pressure-levels/geopotential/500hPa/monthly/cds__era5_pl_monthly__ERA5__reanalysis__z500__500hPa__monthly__2022-2022__m01__NH0_90__grid_1p0.grib,65628,1776280268
2026-04-16T12:36:33Z,/mnt/e/last-aticol/data/raw/era5/pressure-levels/geopotential/500hPa/monthly,cds__era5_pl_monthly__ERA5__reanalysis__z500__500hPa__monthly__2022-2022__m02__NH0_90__grid_1p0.grib,/mnt/e/last-aticol/data/raw/era5/pressure-levels/geopotential/500hPa/monthly/cds__era5_pl_monthly__ERA5__reanalysis__z500__500hPa__monthly__2022-2022__m02__NH0_90__grid_1p0.grib,65628,1776280290
2026-04-16T12:36:33Z,/mnt/e/last-aticol/data/raw/era5/pressure-levels/geopotential/500hPa/monthly,cds__era5_pl_monthly__ERA5__reanalysis__z500__500hPa__monthly__2022-2022__m03__NH0_90__grid_1p0.grib,/mnt/e/last-aticol/data/raw/era5/pressure-levels/geopotential/500hPa/monthly/cds__era5_pl_monthly__ERA5__reanalysis__z500__500hPa__monthly__2022-2022__m03__NH0_90__grid_1p0.grib,65628,1776280312
2026-04-16T12:36:34Z,/mnt/e/last-aticol/data/raw/era5/pressure-levels/geopotential/500hPa/monthly,cds__era5_pl_monthly__ERA5__reanalysis__z500__500hPa__monthly__2022-2022__m04__NH0_90__grid_1p0.grib,/mnt/e/last-aticol/data/raw/era5/pressure-levels/geopotential/500hPa/monthly/cds__era5_pl_monthly__ERA5__reanalysis__z500__500hPa__monthly__2022-2022__m04__NH0_90__grid_1p0.grib,65628,1776280335
2026-04-16T12:36:34Z,/mnt/e/last-aticol/data/raw/era5/pressure-levels/geopotential/500hPa/monthly,cds__era5_pl_monthly__ERA5__reanalysis__z500__500hPa__monthly__2022-2022__m05__NH0_90__grid_1p0.grib,/mnt/e/last-aticol/data/raw/era5/pressure-levels/geopotential/500hPa/monthly/cds__era5_pl_monthly__ERA5__reanalysis__z500__500hPa__monthly__2022-2022__m05__NH0_90__grid_1p0.grib,65628,1776280368
2026-04-16T12:36:34Z,/mnt/e/last-aticol/data/raw/era5/pressure-levels/geopotential/500hPa/monthly,cds__era5_pl_monthly__ERA5__reanalysis__z500__500hPa__monthly__2022-2022__m06__NH0_90__grid_1p0.grib,/mnt/e/last-aticol/data/raw/era5/pressure-levels/geopotential/500hPa/monthly/cds__era5_pl_monthly__ERA5__reanalysis__z500__500hPa__monthly__2022-2022__m06__NH0_90__grid_1p0.grib,65628,1776280400
2026-04-16T12:36:34Z,/mnt/e/last-aticol/data/raw/era5/pressure-levels/geopotential/500hPa/monthly,cds__era5_pl_monthly__ERA5__reanalysis__z500__500hPa__monthly__2022-2022__m07__NH0_90__grid_1p0.grib,/mnt/e/last-aticol/data/raw/era5/pressure-levels/geopotential/500hPa/monthly/cds__era5_pl_monthly__ERA5__reanalysis__z500__500hPa__monthly__2022-2022__m07__NH0_90__grid_1p0.grib,65628,1776280423
2026-04-16T12:36:34Z,/mnt/e/last-aticol/data/raw/era5/pressure-levels/geopotential/500hPa/monthly,cds__era5_pl_monthly__ERA5__reanalysis__z500__500hPa__monthly__2022-2022__m08__NH0_90__grid_1p0.grib,/mnt/e/last-aticol/data/raw/era5/pressure-levels/geopotential/500hPa/monthly/cds__era5_pl_monthly__ERA5__reanalysis__z500__500hPa__monthly__2022-2022__m08__NH0_90__grid_1p0.grib,65628,1776280455
2026-04-16T12:36:34Z,/mnt/e/last-aticol/data/raw/era5/pressure-levels/geopotential/500hPa/monthly,cds__era5_pl_monthly__ERA5__reanalysis__z500__500hPa__monthly__2022-2022__m09__NH0_90__grid_1p0.grib,/mnt/e/last-aticol/data/raw/era5/pressure-levels/geopotential/500hPa/monthly/cds__era5_pl_monthly__ERA5__reanalysis__z500__500hPa__monthly__2022-2022__m09__NH0_90__grid_1p0.grib,65628,1776280488
2026-04-16T12:36:34Z,/mnt/e/last-aticol/data/raw/era5/pressure-levels/geopotential/500hPa/monthly,cds__era5_pl_monthly__ERA5__reanalysis__z500__500hPa__monthly__2022-2022__m10__NH0_90__grid_1p0.grib,/mnt/e/last-aticol/data/raw/era5/pressure-levels/geopotential/500hPa/monthly/cds__era5_pl_monthly__ERA5__reanalysis__z500__500hPa__monthly__2022-2022__m10__NH0_90__grid_1p0.grib,65628,1776280510
2026-04-16T12:36:34Z,/mnt/e/last-aticol/data/raw/era5/pressure-levels/geopotential/500hPa/monthly,cds__era5_pl_monthly__ERA5__reanalysis__z500__500hPa__monthly__2022-2022__m11__NH0_90__grid_1p0.grib,/mnt/e/last-aticol/data/raw/era5/pressure-levels/geopotential/500hPa/monthly/cds__era5_pl_monthly__ERA5__reanalysis__z500__500hPa__monthly__2022-2022__m11__NH0_90__grid_1p0.grib,65628,1776280532
2026-04-16T12:36:34Z,/mnt/e/last-aticol/data/raw/era5/pressure-levels/geopotential/500hPa/monthly,cds__era5_pl_monthly__ERA5__reanalysis__z500__500hPa__monthly__2022-2022__m12__NH0_90__grid_1p0.grib,/mnt/e/last-aticol/data/raw/era5/pressure-levels/geopotential/500hPa/monthly/cds__era5_pl_monthly__ERA5__reanalysis__z500__500hPa__monthly__2022-2022__m12__NH0_90__grid_1p0.grib,65628,1776280554
2026-04-16T12:36:34Z,/mnt/e/last-aticol/data/raw/era5/pressure-levels/geopotential/500hPa/monthly,cds__era5_pl_monthly__ERA5__reanalysis__z500__500hPa__monthly__2023-2023__m01__NH0_90__grid_1p0.grib,/mnt/e/last-aticol/data/raw/era5/pressure-levels/geopotential/500hPa/monthly/cds__era5_pl_monthly__ERA5__reanalysis__z500__500hPa__monthly__2023-2023__m01__NH0_90__grid_1p0.grib,65628,1776280697
2026-04-16T12:36:34Z,/mnt/e/last-aticol/data/raw/era5/pressure-levels/geopotential/500hPa/monthly,cds__era5_pl_monthly__ERA5__reanalysis__z500__500hPa__monthly__2023-2023__m02__NH0_90__grid_1p0.grib,/mnt/e/last-aticol/data/raw/era5/pressure-levels/geopotential/500hPa/monthly/cds__era5_pl_monthly__ERA5__reanalysis__z500__500hPa__monthly__2023-2023__m02__NH0_90__grid_1p0.grib,65628,1776280719
2026-04-16T12:36:34Z,/mnt/e/last-aticol/data/raw/era5/pressure-levels/geopotential/500hPa/monthly,cds__era5_pl_monthly__ERA5__reanalysis__z500__500hPa__monthly__2023-2023__m03__NH0_90__grid_1p0.grib,/mnt/e/last-aticol/data/raw/era5/pressure-levels/geopotential/500hPa/monthly/cds__era5_pl_monthly__ERA5__reanalysis__z500__500hPa__monthly__2023-2023__m03__NH0_90__grid_1p0.grib,65628,1776280752
2026-04-16T12:36:34Z,/mnt/e/last-aticol/data/raw/era5/pressure-levels/geopotential/500hPa/monthly,cds__era5_pl_monthly__ERA5__reanalysis__z500__500hPa__monthly__2023-2023__m04__NH0_90__grid_1p0.grib,/mnt/e/last-aticol/data/raw/era5/pressure-levels/geopotential/500hPa/monthly/cds__era5_pl_monthly__ERA5__reanalysis__z500__500hPa__monthly__2023-2023__m04__NH0_90__grid_1p0.grib,65628,1776280774
2026-04-16T12:36:34Z,/mnt/e/last-aticol/data/raw/era5/pressure-levels/geopotential/500hPa/monthly,cds__era5_pl_monthly__ERA5__reanalysis__z500__500hPa__monthly__2023-2023__m05__NH0_90__grid_1p0.grib,/mnt/e/last-aticol/data/raw/era5/pressure-levels/geopotential/500hPa/monthly/cds__era5_pl_monthly__ERA5__reanalysis__z500__500hPa__monthly__2023-2023__m05__NH0_90__grid_1p0.grib,65628,1776280796
2026-04-16T12:36:34Z,/mnt/e/last-aticol/data/raw/era5/pressure-levels/geopotential/500hPa/monthly,cds__era5_pl_monthly__ERA5__reanalysis__z500__500hPa__monthly__2023-2023__m06__NH0_90__grid_1p0.grib,/mnt/e/last-aticol/data/raw/era5/pressure-levels/geopotential/500hPa/monthly/cds__era5_pl_monthly__ERA5__reanalysis__z500__500hPa__monthly__2023-2023__m06__NH0_90__grid_1p0.grib,65628,1776280818
2026-04-16T12:36:34Z,/mnt/e/last-aticol/data/raw/era5/pressure-levels/geopotential/500hPa/monthly,cds__era5_pl_monthly__ERA5__reanalysis__z500__500hPa__monthly__2023-2023__m07__NH0_90__grid_1p0.grib,/mnt/e/last-aticol/data/raw/era5/pressure-levels/geopotential/500hPa/monthly/cds__era5_pl_monthly__ERA5__reanalysis__z500__500hPa__monthly__2023-2023__m07__NH0_90__grid_1p0.grib,65628,1776280851
2026-04-16T12:36:34Z,/mnt/e/last-aticol/data/raw/era5/pressure-levels/geopotential/500hPa/monthly,cds__era5_pl_monthly__ERA5__reanalysis__z500__500hPa__monthly__2023-2023__m08__NH0_90__grid_1p0.grib,/mnt/e/last-aticol/data/raw/era5/pressure-levels/geopotential/500hPa/monthly/cds__era5_pl_monthly__ERA5__reanalysis__z500__500hPa__monthly__2023-2023__m08__NH0_90__grid_1p0.grib,65628,1776280884
2026-04-16T12:36:34Z,/mnt/e/last-aticol/data/raw/era5/pressure-levels/geopotential/500hPa/monthly,cds__era5_pl_monthly__ERA5__reanalysis__z500__500hPa__monthly__2023-2023__m09__NH0_90__grid_1p0.grib,/mnt/e/last-aticol/data/raw/era5/pressure-levels/geopotential/500hPa/monthly/cds__era5_pl_monthly__ERA5__reanalysis__z500__500hPa__monthly__2023-2023__m09__NH0_90__grid_1p0.grib,65628,1776280906
2026-04-16T12:36:34Z,/mnt/e/last-aticol/data/raw/era5/pressure-levels/geopotential/500hPa/monthly,cds__era5_pl_monthly__ERA5__reanalysis__z500__500hPa__monthly__2023-2023__m10__NH0_90__grid_1p0.grib,/mnt/e/last-aticol/data/raw/era5/pressure-levels/geopotential/500hPa/monthly/cds__era5_pl_monthly__ERA5__reanalysis__z500__500hPa__monthly__2023-2023__m10__NH0_90__grid_1p0.grib,65628,1776280928
2026-04-16T12:36:34Z,/mnt/e/last-aticol/data/raw/era5/pressure-levels/geopotential/500hPa/monthly,cds__era5_pl_monthly__ERA5__reanalysis__z500__500hPa__monthly__2023-2023__m11__NH0_90__grid_1p0.grib,/mnt/e/last-aticol/data/raw/era5/pressure-levels/geopotential/500hPa/monthly/cds__era5_pl_monthly__ERA5__reanalysis__z500__500hPa__monthly__2023-2023__m11__NH0_90__grid_1p0.grib,65628,1776280951
2026-04-16T12:36:34Z,/mnt/e/last-aticol/data/raw/era5/pressure-levels/geopotential/500hPa/monthly,cds__era5_pl_monthly__ERA5__reanalysis__z500__500hPa__monthly__2023-2023__m12__NH0_90__grid_1p0.grib,/mnt/e/last-aticol/data/raw/era5/pressure-levels/geopotential/500hPa/monthly/cds__era5_pl_monthly__ERA5__reanalysis__z500__500hPa__monthly__2023-2023__m12__NH0_90__grid_1p0.grib,65628,1776280973
2026-04-16T12:36:34Z,/mnt/e/last-aticol/data/raw/era5/pressure-levels/geopotential/500hPa/monthly,cds__era5_pl_monthly__ERA5__reanalysis__z500__500hPa__monthly__2024-2024__m01__NH0_90__grid_1p0.grib,/mnt/e/last-aticol/data/raw/era5/pressure-levels/geopotential/500hPa/monthly/cds__era5_pl_monthly__ERA5__reanalysis__z500__500hPa__monthly__2024-2024__m01__NH0_90__grid_1p0.grib,65628,1776281008
2026-04-16T12:36:34Z,/mnt/e/last-aticol/data/raw/era5/pressure-levels/geopotential/500hPa/monthly,cds__era5_pl_monthly__ERA5__reanalysis__z500__500hPa__monthly__2024-2024__m02__NH0_90__grid_1p0.grib,/mnt/e/last-aticol/data/raw/era5/pressure-levels/geopotential/500hPa/monthly/cds__era5_pl_monthly__ERA5__reanalysis__z500__500hPa__monthly__2024-2024__m02__NH0_90__grid_1p0.grib,65628,1776281041
2026-04-16T12:36:34Z,/mnt/e/last-aticol/data/raw/era5/pressure-levels/geopotential/500hPa/monthly,cds__era5_pl_monthly__ERA5__reanalysis__z500__500hPa__monthly__2024-2024__m03__NH0_90__grid_1p0.grib,/mnt/e/last-aticol/data/raw/era5/pressure-levels/geopotential/500hPa/monthly/cds__era5_pl_monthly__ERA5__reanalysis__z500__500hPa__monthly__2024-2024__m03__NH0_90__grid_1p0.grib,65628,1776281063
2026-04-16T12:36:34Z,/mnt/e/last-aticol/data/raw/era5/pressure-levels/geopotential/500hPa/monthly,cds__era5_pl_monthly__ERA5__reanalysis__z500__500hPa__monthly__2024-2024__m04__NH0_90__grid_1p0.grib,/mnt/e/last-aticol/data/raw/era5/pressure-levels/geopotential/500hPa/monthly/cds__era5_pl_monthly__ERA5__reanalysis__z500__500hPa__monthly__2024-2024__m04__NH0_90__grid_1p0.grib,65628,1776281085
2026-04-16T12:36:34Z,/mnt/e/last-aticol/data/raw/era5/pressure-levels/geopotential/500hPa/monthly,cds__era5_pl_monthly__ERA5__reanalysis__z500__500hPa__monthly__2024-2024__m05__NH0_90__grid_1p0.grib,/mnt/e/last-aticol/data/raw/era5/pressure-levels/geopotential/500hPa/monthly/cds__era5_pl_monthly__ERA5__reanalysis__z500__500hPa__monthly__2024-2024__m05__NH0_90__grid_1p0.grib,65628,1776281107
2026-04-16T12:36:34Z,/mnt/e/last-aticol/data/raw/era5/pressure-levels/geopotential/500hPa/monthly,cds__era5_pl_monthly__ERA5__reanalysis__z500__500hPa__monthly__2024-2024__m06__NH0_90__grid_1p0.grib,/mnt/e/last-aticol/data/raw/era5/pressure-levels/geopotential/500hPa/monthly/cds__era5_pl_monthly__ERA5__reanalysis__z500__500hPa__monthly__2024-2024__m06__NH0_90__grid_1p0.grib,65628,1776281129
2026-04-16T12:36:34Z,/mnt/e/last-aticol/data/raw/era5/pressure-levels/geopotential/500hPa/monthly,cds__era5_pl_monthly__ERA5__reanalysis__z500__500hPa__monthly__2024-2024__m07__NH0_90__grid_1p0.grib,/mnt/e/last-aticol/data/raw/era5/pressure-levels/geopotential/500hPa/monthly/cds__era5_pl_monthly__ERA5__reanalysis__z500__500hPa__monthly__2024-2024__m07__NH0_90__grid_1p0.grib,65628,1776281162
2026-04-16T12:36:34Z,/mnt/e/last-aticol/data/raw/era5/pressure-levels/geopotential/500hPa/monthly,cds__era5_pl_monthly__ERA5__reanalysis__z500__500hPa__monthly__2024-2024__m08__NH0_90__grid_1p0.grib,/mnt/e/last-aticol/data/raw/era5/pressure-levels/geopotential/500hPa/monthly/cds__era5_pl_monthly__ERA5__reanalysis__z500__500hPa__monthly__2024-2024__m08__NH0_90__grid_1p0.grib,65628,1776281184
2026-04-16T12:36:34Z,/mnt/e/last-aticol/data/raw/era5/pressure-levels/geopotential/500hPa/monthly,cds__era5_pl_monthly__ERA5__reanalysis__z500__500hPa__monthly__2024-2024__m09__NH0_90__grid_1p0.grib,/mnt/e/last-aticol/data/raw/era5/pressure-levels/geopotential/500hPa/monthly/cds__era5_pl_monthly__ERA5__reanalysis__z500__500hPa__monthly__2024-2024__m09__NH0_90__grid_1p0.grib,65628,1776281217
2026-04-16T12:36:34Z,/mnt/e/last-aticol/data/raw/era5/pressure-levels/geopotential/500hPa/monthly,cds__era5_pl_monthly__ERA5__reanalysis__z500__500hPa__monthly__2024-2024__m10__NH0_90__grid_1p0.grib,/mnt/e/last-aticol/data/raw/era5/pressure-levels/geopotential/500hPa/monthly/cds__era5_pl_monthly__ERA5__reanalysis__z500__500hPa__monthly__2024-2024__m10__NH0_90__grid_1p0.grib,65628,1776281239
2026-04-16T12:36:34Z,/mnt/e/last-aticol/data/raw/era5/pressure-levels/geopotential/500hPa/monthly,cds__era5_pl_monthly__ERA5__reanalysis__z500__500hPa__monthly__2024-2024__m11__NH0_90__grid_1p0.grib,/mnt/e/last-aticol/data/raw/era5/pressure-levels/geopotential/500hPa/monthly/cds__era5_pl_monthly__ERA5__reanalysis__z500__500hPa__monthly__2024-2024__m11__NH0_90__grid_1p0.grib,65628,1776281261
2026-04-16T12:36:34Z,/mnt/e/last-aticol/data/raw/era5/pressure-levels/geopotential/500hPa/monthly,cds__era5_pl_monthly__ERA5__reanalysis__z500__500hPa__monthly__2024-2024__m12__NH0_90__grid_1p0.grib,/mnt/e/last-aticol/data/raw/era5/pressure-levels/geopotential/500hPa/monthly/cds__era5_pl_monthly__ERA5__reanalysis__z500__500hPa__monthly__2024-2024__m12__NH0_90__grid_1p0.grib,65628,1776281294
2026-04-16T12:36:34Z,/mnt/e/last-aticol/data/raw/era5/pressure-levels/geopotential/500hPa/monthly,cds__era5_pl_monthly__ERA5__reanalysis__z500__500hPa__monthly__2025-2025__m01__NH0_90__grid_1p0.grib,/mnt/e/last-aticol/data/raw/era5/pressure-levels/geopotential/500hPa/monthly/cds__era5_pl_monthly__ERA5__reanalysis__z500__500hPa__monthly__2025-2025__m01__NH0_90__grid_1p0.grib,65628,1776281327
2026-04-16T12:36:34Z,/mnt/e/last-aticol/data/raw/era5/pressure-levels/geopotential/500hPa/monthly,cds__era5_pl_monthly__ERA5__reanalysis__z500__500hPa__monthly__2025-2025__m02__NH0_90__grid_1p0.grib,/mnt/e/last-aticol/data/raw/era5/pressure-levels/geopotential/500hPa/monthly/cds__era5_pl_monthly__ERA5__reanalysis__z500__500hPa__monthly__2025-2025__m02__NH0_90__grid_1p0.grib,65628,1776281350
2026-04-16T12:36:34Z,/mnt/e/last-aticol/data/raw/era5/pressure-levels/geopotential/500hPa/monthly,cds__era5_pl_monthly__ERA5__reanalysis__z500__500hPa__monthly__2025-2025__m03__NH0_90__grid_1p0.grib,/mnt/e/last-aticol/data/raw/era5/pressure-levels/geopotential/500hPa/monthly/cds__era5_pl_monthly__ERA5__reanalysis__z500__500hPa__monthly__2025-2025__m03__NH0_90__grid_1p0.grib,65628,1776281372
2026-04-16T12:36:34Z,/mnt/e/last-aticol/data/raw/era5/pressure-levels/geopotential/500hPa/monthly,cds__era5_pl_monthly__ERA5__reanalysis__z500__500hPa__monthly__2025-2025__m04__NH0_90__grid_1p0.grib,/mnt/e/last-aticol/data/raw/era5/pressure-levels/geopotential/500hPa/monthly/cds__era5_pl_monthly__ERA5__reanalysis__z500__500hPa__monthly__2025-2025__m04__NH0_90__grid_1p0.grib,65628,1776281394
2026-04-16T12:36:34Z,/mnt/e/last-aticol/data/raw/era5/pressure-levels/geopotential/500hPa/monthly,cds__era5_pl_monthly__ERA5__reanalysis__z500__500hPa__monthly__2025-2025__m05__NH0_90__grid_1p0.grib,/mnt/e/last-aticol/data/raw/era5/pressure-levels/geopotential/500hPa/monthly/cds__era5_pl_monthly__ERA5__reanalysis__z500__500hPa__monthly__2025-2025__m05__NH0_90__grid_1p0.grib,65628,1776281419
2026-04-16T12:36:34Z,/mnt/e/last-aticol/data/raw/era5/pressure-levels/geopotential/500hPa/monthly,cds__era5_pl_monthly__ERA5__reanalysis__z500__500hPa__monthly__2025-2025__m06__NH0_90__grid_1p0.grib,/mnt/e/last-aticol/data/raw/era5/pressure-levels/geopotential/500hPa/monthly/cds__era5_pl_monthly__ERA5__reanalysis__z500__500hPa__monthly__2025-2025__m06__NH0_90__grid_1p0.grib,65628,1776281452
2026-04-16T12:36:34Z,/mnt/e/last-aticol/data/raw/era5/pressure-levels/geopotential/500hPa/monthly,cds__era5_pl_monthly__ERA5__reanalysis__z500__500hPa__monthly__2025-2025__m07__NH0_90__grid_1p0.grib,/mnt/e/last-aticol/data/raw/era5/pressure-levels/geopotential/500hPa/monthly/cds__era5_pl_monthly__ERA5__reanalysis__z500__500hPa__monthly__2025-2025__m07__NH0_90__grid_1p0.grib,65628,1776281485
2026-04-16T12:36:34Z,/mnt/e/last-aticol/data/raw/era5/pressure-levels/geopotential/500hPa/monthly,cds__era5_pl_monthly__ERA5__reanalysis__z500__500hPa__monthly__2025-2025__m08__NH0_90__grid_1p0.grib,/mnt/e/last-aticol/data/raw/era5/pressure-levels/geopotential/500hPa/monthly/cds__era5_pl_monthly__ERA5__reanalysis__z500__500hPa__monthly__2025-2025__m08__NH0_90__grid_1p0.grib,65628,1776281518
2026-04-16T12:36:34Z,/mnt/e/last-aticol/data/raw/era5/pressure-levels/geopotential/500hPa/monthly,cds__era5_pl_monthly__ERA5__reanalysis__z500__500hPa__monthly__2025-2025__m09__NH0_90__grid_1p0.grib,/mnt/e/last-aticol/data/raw/era5/pressure-levels/geopotential/500hPa/monthly/cds__era5_pl_monthly__ERA5__reanalysis__z500__500hPa__monthly__2025-2025__m09__NH0_90__grid_1p0.grib,65628,1776281540
2026-04-16T12:36:34Z,/mnt/e/last-aticol/data/raw/era5/pressure-levels/geopotential/500hPa/monthly,cds__era5_pl_monthly__ERA5__reanalysis__z500__500hPa__monthly__2025-2025__m10__NH0_90__grid_1p0.grib,/mnt/e/last-aticol/data/raw/era5/pressure-levels/geopotential/500hPa/monthly/cds__era5_pl_monthly__ERA5__reanalysis__z500__500hPa__monthly__2025-2025__m10__NH0_90__grid_1p0.grib,65628,1776281562
2026-04-16T12:36:34Z,/mnt/e/last-aticol/data/raw/era5/pressure-levels/geopotential/500hPa/monthly,cds__era5_pl_monthly__ERA5__reanalysis__z500__500hPa__monthly__2025-2025__m11__NH0_90__grid_1p0.grib,/mnt/e/last-aticol/data/raw/era5/pressure-levels/geopotential/500hPa/monthly/cds__era5_pl_monthly__ERA5__reanalysis__z500__500hPa__monthly__2025-2025__m11__NH0_90__grid_1p0.grib,65628,1776281585
2026-04-16T12:36:34Z,/mnt/e/last-aticol/data/raw/era5/pressure-levels/geopotential/500hPa/monthly,cds__era5_pl_monthly__ERA5__reanalysis__z500__500hPa__monthly__2025-2025__m12__NH0_90__grid_1p0.grib,/mnt/e/last-aticol/data/raw/era5/pressure-levels/geopotential/500hPa/monthly/cds__era5_pl_monthly__ERA5__reanalysis__z500__500hPa__monthly__2025-2025__m12__NH0_90__grid_1p0.grib,65628,1776281607
