scanned_at_utc,root,filename,absolute_path,size_bytes,mtime_epoch
2026-04-30T09:27:04Z,/mnt/e/last-aticol/data/raw/era5/pressure-levels/geopotential/925hPa/monthly,cds__era5_pl_monthly__ERA5__reanalysis__z925__925hPa__monthly__2000-2000__m01__NH0_90__grid_1p0.grib,/mnt/e/last-aticol/data/raw/era5/pressure-levels/geopotential/925hPa/monthly/cds__era5_pl_monthly__ERA5__reanalysis__z925__925hPa__monthly__2000-2000__m01__NH0_90__grid_1p0.grib,65628,1777484653
2026-04-30T09:27:04Z,/mnt/e/last-aticol/data/raw/era5/pressure-levels/geopotential/925hPa/monthly,cds__era5_pl_monthly__ERA5__reanalysis__z925__925hPa__monthly__2000-2000__m02__NH0_90__grid_1p0.grib,/mnt/e/last-aticol/data/raw/era5/pressure-levels/geopotential/925hPa/monthly/cds__era5_pl_monthly__ERA5__reanalysis__z925__925hPa__monthly__2000-2000__m02__NH0_90__grid_1p0.grib,65628,1777484685
2026-04-30T09:27:04Z,/mnt/e/last-aticol/data/raw/era5/pressure-levels/geopotential/925hPa/monthly,cds__era5_pl_monthly__ERA5__reanalysis__z925__925hPa__monthly__2000-2000__m03__NH0_90__grid_1p0.grib,/mnt/e/last-aticol/data/raw/era5/pressure-levels/geopotential/925hPa/monthly/cds__era5_pl_monthly__ERA5__reanalysis__z925__925hPa__monthly__2000-2000__m03__NH0_90__grid_1p0.grib,65628,1777484708
2026-04-30T09:27:04Z,/mnt/e/last-aticol/data/raw/era5/pressure-levels/geopotential/925hPa/monthly,cds__era5_pl_monthly__ERA5__reanalysis__z925__925hPa__monthly__2000-2000__m04__NH0_90__grid_1p0.grib,/mnt/e/last-aticol/data/raw/era5/pressure-levels/geopotential/925hPa/monthly/cds__era5_pl_monthly__ERA5__reanalysis__z925__925hPa__monthly__2000-2000__m04__NH0_90__grid_1p0.grib,65628,1777484723
2026-04-30T09:27:04Z,/mnt/e/last-aticol/data/raw/era5/pressure-levels/geopotential/925hPa/monthly,cds__era5_pl_monthly__ERA5__reanalysis__z925__925hPa__monthly__2000-2000__m05__NH0_90__grid_1p0.grib,/mnt/e/last-aticol/data/raw/era5/pressure-levels/geopotential/925hPa/monthly/cds__era5_pl_monthly__ERA5__reanalysis__z925__925hPa__monthly__2000-2000__m05__NH0_90__grid_1p0.grib,65628,1777484745
2026-04-30T09:27:04Z,/mnt/e/last-aticol/data/raw/era5/pressure-levels/geopotential/925hPa/monthly,cds__era5_pl_monthly__ERA5__reanalysis__z925__925hPa__monthly__2000-2000__m06__NH0_90__grid_1p0.grib,/mnt/e/last-aticol/data/raw/era5/pressure-levels/geopotential/925hPa/monthly/cds__era5_pl_monthly__ERA5__reanalysis__z925__925hPa__monthly__2000-2000__m06__NH0_90__grid_1p0.grib,65628,1777484782
2026-04-30T09:27:04Z,/mnt/e/last-aticol/data/raw/era5/pressure-levels/geopotential/925hPa/monthly,cds__era5_pl_monthly__ERA5__reanalysis__z925__925hPa__monthly__2000-2000__m07__NH0_90__grid_1p0.grib,/mnt/e/last-aticol/data/raw/era5/pressure-levels/geopotential/925hPa/monthly/cds__era5_pl_monthly__ERA5__reanalysis__z925__925hPa__monthly__2000-2000__m07__NH0_90__grid_1p0.grib,65628,1777484804
2026-04-30T09:27:04Z,/mnt/e/last-aticol/data/raw/era5/pressure-levels/geopotential/925hPa/monthly,cds__era5_pl_monthly__ERA5__reanalysis__z925__925hPa__monthly__2000-2000__m08__NH0_90__grid_1p0.grib,/mnt/e/last-aticol/data/raw/era5/pressure-levels/geopotential/925hPa/monthly/cds__era5_pl_monthly__ERA5__reanalysis__z925__925hPa__monthly__2000-2000__m08__NH0_90__grid_1p0.grib,65628,1777484828
2026-04-30T09:27:04Z,/mnt/e/last-aticol/data/raw/era5/pressure-levels/geopotential/925hPa/monthly,cds__era5_pl_monthly__ERA5__reanalysis__z925__925hPa__monthly__2000-2000__m09__NH0_90__grid_1p0.grib,/mnt/e/last-aticol/data/raw/era5/pressure-levels/geopotential/925hPa/monthly/cds__era5_pl_monthly__ERA5__reanalysis__z925__925hPa__monthly__2000-2000__m09__NH0_90__grid_1p0.grib,65628,1777484842
2026-04-30T09:27:04Z,/mnt/e/last-aticol/data/raw/era5/pressure-levels/geopotential/925hPa/monthly,cds__era5_pl_monthly__ERA5__reanalysis__z925__925hPa__monthly__2000-2000__m10__NH0_90__grid_1p0.grib,/mnt/e/last-aticol/data/raw/era5/pressure-levels/geopotential/925hPa/monthly/cds__era5_pl_monthly__ERA5__reanalysis__z925__925hPa__monthly__2000-2000__m10__NH0_90__grid_1p0.grib,65628,1777484857
2026-04-30T09:27:04Z,/mnt/e/last-aticol/data/raw/era5/pressure-levels/geopotential/925hPa/monthly,cds__era5_pl_monthly__ERA5__reanalysis__z925__925hPa__monthly__2000-2000__m11__NH0_90__grid_1p0.grib,/mnt/e/last-aticol/data/raw/era5/pressure-levels/geopotential/925hPa/monthly/cds__era5_pl_monthly__ERA5__reanalysis__z925__925hPa__monthly__2000-2000__m11__NH0_90__grid_1p0.grib,65628,1777484880
2026-04-30T09:27:04Z,/mnt/e/last-aticol/data/raw/era5/pressure-levels/geopotential/925hPa/monthly,cds__era5_pl_monthly__ERA5__reanalysis__z925__925hPa__monthly__2000-2000__m12__NH0_90__grid_1p0.grib,/mnt/e/last-aticol/data/raw/era5/pressure-levels/geopotential/925hPa/monthly/cds__era5_pl_monthly__ERA5__reanalysis__z925__925hPa__monthly__2000-2000__m12__NH0_90__grid_1p0.grib,65628,1777484901
2026-04-30T09:27:04Z,/mnt/e/last-aticol/data/raw/era5/pressure-levels/geopotential/925hPa/monthly,cds__era5_pl_monthly__ERA5__reanalysis__z925__925hPa__monthly__2001-2001__m01__NH0_90__grid_1p0.grib,/mnt/e/last-aticol/data/raw/era5/pressure-levels/geopotential/925hPa/monthly/cds__era5_pl_monthly__ERA5__reanalysis__z925__925hPa__monthly__2001-2001__m01__NH0_90__grid_1p0.grib,65628,1777484917
2026-04-30T09:27:04Z,/mnt/e/last-aticol/data/raw/era5/pressure-levels/geopotential/925hPa/monthly,cds__era5_pl_monthly__ERA5__reanalysis__z925__925hPa__monthly__2001-2001__m02__NH0_90__grid_1p0.grib,/mnt/e/last-aticol/data/raw/era5/pressure-levels/geopotential/925hPa/monthly/cds__era5_pl_monthly__ERA5__reanalysis__z925__925hPa__monthly__2001-2001__m02__NH0_90__grid_1p0.grib,65628,1777484933
2026-04-30T09:27:04Z,/mnt/e/last-aticol/data/raw/era5/pressure-levels/geopotential/925hPa/monthly,cds__era5_pl_monthly__ERA5__reanalysis__z925__925hPa__monthly__2001-2001__m03__NH0_90__grid_1p0.grib,/mnt/e/last-aticol/data/raw/era5/pressure-levels/geopotential/925hPa/monthly/cds__era5_pl_monthly__ERA5__reanalysis__z925__925hPa__monthly__2001-2001__m03__NH0_90__grid_1p0.grib,65628,1777484948
2026-04-30T09:27:04Z,/mnt/e/last-aticol/data/raw/era5/pressure-levels/geopotential/925hPa/monthly,cds__era5_pl_monthly__ERA5__reanalysis__z925__925hPa__monthly__2001-2001__m04__NH0_90__grid_1p0.grib,/mnt/e/last-aticol/data/raw/era5/pressure-levels/geopotential/925hPa/monthly/cds__era5_pl_monthly__ERA5__reanalysis__z925__925hPa__monthly__2001-2001__m04__NH0_90__grid_1p0.grib,65628,1777484969
2026-04-30T09:27:04Z,/mnt/e/last-aticol/data/raw/era5/pressure-levels/geopotential/925hPa/monthly,cds__era5_pl_monthly__ERA5__reanalysis__z925__925hPa__monthly__2001-2001__m05__NH0_90__grid_1p0.grib,/mnt/e/last-aticol/data/raw/era5/pressure-levels/geopotential/925hPa/monthly/cds__era5_pl_monthly__ERA5__reanalysis__z925__925hPa__monthly__2001-2001__m05__NH0_90__grid_1p0.grib,65628,1777484984
2026-04-30T09:27:04Z,/mnt/e/last-aticol/data/raw/era5/pressure-levels/geopotential/925hPa/monthly,cds__era5_pl_monthly__ERA5__reanalysis__z925__925hPa__monthly__2001-2001__m06__NH0_90__grid_1p0.grib,/mnt/e/last-aticol/data/raw/era5/pressure-levels/geopotential/925hPa/monthly/cds__era5_pl_monthly__ERA5__reanalysis__z925__925hPa__monthly__2001-2001__m06__NH0_90__grid_1p0.grib,65628,1777485005
2026-04-30T09:27:04Z,/mnt/e/last-aticol/data/raw/era5/pressure-levels/geopotential/925hPa/monthly,cds__era5_pl_monthly__ERA5__reanalysis__z925__925hPa__monthly__2001-2001__m07__NH0_90__grid_1p0.grib,/mnt/e/last-aticol/data/raw/era5/pressure-levels/geopotential/925hPa/monthly/cds__era5_pl_monthly__ERA5__reanalysis__z925__925hPa__monthly__2001-2001__m07__NH0_90__grid_1p0.grib,65628,1777485028
2026-04-30T09:27:04Z,/mnt/e/last-aticol/data/raw/era5/pressure-levels/geopotential/925hPa/monthly,cds__era5_pl_monthly__ERA5__reanalysis__z925__925hPa__monthly__2001-2001__m08__NH0_90__grid_1p0.grib,/mnt/e/last-aticol/data/raw/era5/pressure-levels/geopotential/925hPa/monthly/cds__era5_pl_monthly__ERA5__reanalysis__z925__925hPa__monthly__2001-2001__m08__NH0_90__grid_1p0.grib,65628,1777485050
2026-04-30T09:27:04Z,/mnt/e/last-aticol/data/raw/era5/pressure-levels/geopotential/925hPa/monthly,cds__era5_pl_monthly__ERA5__reanalysis__z925__925hPa__monthly__2001-2001__m09__NH0_90__grid_1p0.grib,/mnt/e/last-aticol/data/raw/era5/pressure-levels/geopotential/925hPa/monthly/cds__era5_pl_monthly__ERA5__reanalysis__z925__925hPa__monthly__2001-2001__m09__NH0_90__grid_1p0.grib,65628,1777485074
2026-04-30T09:27:04Z,/mnt/e/last-aticol/data/raw/era5/pressure-levels/geopotential/925hPa/monthly,cds__era5_pl_monthly__ERA5__reanalysis__z925__925hPa__monthly__2001-2001__m10__NH0_90__grid_1p0.grib,/mnt/e/last-aticol/data/raw/era5/pressure-levels/geopotential/925hPa/monthly/cds__era5_pl_monthly__ERA5__reanalysis__z925__925hPa__monthly__2001-2001__m10__NH0_90__grid_1p0.grib,65628,1777485090
2026-04-30T09:27:04Z,/mnt/e/last-aticol/data/raw/era5/pressure-levels/geopotential/925hPa/monthly,cds__era5_pl_monthly__ERA5__reanalysis__z925__925hPa__monthly__2001-2001__m11__NH0_90__grid_1p0.grib,/mnt/e/last-aticol/data/raw/era5/pressure-levels/geopotential/925hPa/monthly/cds__era5_pl_monthly__ERA5__reanalysis__z925__925hPa__monthly__2001-2001__m11__NH0_90__grid_1p0.grib,65628,1777485114
2026-04-30T09:27:04Z,/mnt/e/last-aticol/data/raw/era5/pressure-levels/geopotential/925hPa/monthly,cds__era5_pl_monthly__ERA5__reanalysis__z925__925hPa__monthly__2001-2001__m12__NH0_90__grid_1p0.grib,/mnt/e/last-aticol/data/raw/era5/pressure-levels/geopotential/925hPa/monthly/cds__era5_pl_monthly__ERA5__reanalysis__z925__925hPa__monthly__2001-2001__m12__NH0_90__grid_1p0.grib,65628,1777485139
2026-04-30T09:27:04Z,/mnt/e/last-aticol/data/raw/era5/pressure-levels/geopotential/925hPa/monthly,cds__era5_pl_monthly__ERA5__reanalysis__z925__925hPa__monthly__2002-2002__m01__NH0_90__grid_1p0.grib,/mnt/e/last-aticol/data/raw/era5/pressure-levels/geopotential/925hPa/monthly/cds__era5_pl_monthly__ERA5__reanalysis__z925__925hPa__monthly__2002-2002__m01__NH0_90__grid_1p0.grib,65628,1777485163
2026-04-30T09:27:04Z,/mnt/e/last-aticol/data/raw/era5/pressure-levels/geopotential/925hPa/monthly,cds__era5_pl_monthly__ERA5__reanalysis__z925__925hPa__monthly__2002-2002__m02__NH0_90__grid_1p0.grib,/mnt/e/last-aticol/data/raw/era5/pressure-levels/geopotential/925hPa/monthly/cds__era5_pl_monthly__ERA5__reanalysis__z925__925hPa__monthly__2002-2002__m02__NH0_90__grid_1p0.grib,65628,1777485179
2026-04-30T09:27:04Z,/mnt/e/last-aticol/data/raw/era5/pressure-levels/geopotential/925hPa/monthly,cds__era5_pl_monthly__ERA5__reanalysis__z925__925hPa__monthly__2002-2002__m03__NH0_90__grid_1p0.grib,/mnt/e/last-aticol/data/raw/era5/pressure-levels/geopotential/925hPa/monthly/cds__era5_pl_monthly__ERA5__reanalysis__z925__925hPa__monthly__2002-2002__m03__NH0_90__grid_1p0.grib,65628,1777485194
2026-04-30T09:27:04Z,/mnt/e/last-aticol/data/raw/era5/pressure-levels/geopotential/925hPa/monthly,cds__era5_pl_monthly__ERA5__reanalysis__z925__925hPa__monthly__2002-2002__m04__NH0_90__grid_1p0.grib,/mnt/e/last-aticol/data/raw/era5/pressure-levels/geopotential/925hPa/monthly/cds__era5_pl_monthly__ERA5__reanalysis__z925__925hPa__monthly__2002-2002__m04__NH0_90__grid_1p0.grib,65628,1777485217
2026-04-30T09:27:04Z,/mnt/e/last-aticol/data/raw/era5/pressure-levels/geopotential/925hPa/monthly,cds__era5_pl_monthly__ERA5__reanalysis__z925__925hPa__monthly__2002-2002__m05__NH0_90__grid_1p0.grib,/mnt/e/last-aticol/data/raw/era5/pressure-levels/geopotential/925hPa/monthly/cds__era5_pl_monthly__ERA5__reanalysis__z925__925hPa__monthly__2002-2002__m05__NH0_90__grid_1p0.grib,65628,1777485233
2026-04-30T09:27:04Z,/mnt/e/last-aticol/data/raw/era5/pressure-levels/geopotential/925hPa/monthly,cds__era5_pl_monthly__ERA5__reanalysis__z925__925hPa__monthly__2002-2002__m06__NH0_90__grid_1p0.grib,/mnt/e/last-aticol/data/raw/era5/pressure-levels/geopotential/925hPa/monthly/cds__era5_pl_monthly__ERA5__reanalysis__z925__925hPa__monthly__2002-2002__m06__NH0_90__grid_1p0.grib,65628,1777485248
2026-04-30T09:27:04Z,/mnt/e/last-aticol/data/raw/era5/pressure-levels/geopotential/925hPa/monthly,cds__era5_pl_monthly__ERA5__reanalysis__z925__925hPa__monthly__2002-2002__m07__NH0_90__grid_1p0.grib,/mnt/e/last-aticol/data/raw/era5/pressure-levels/geopotential/925hPa/monthly/cds__era5_pl_monthly__ERA5__reanalysis__z925__925hPa__monthly__2002-2002__m07__NH0_90__grid_1p0.grib,65628,1777485271
2026-04-30T09:27:04Z,/mnt/e/last-aticol/data/raw/era5/pressure-levels/geopotential/925hPa/monthly,cds__era5_pl_monthly__ERA5__reanalysis__z925__925hPa__monthly__2002-2002__m08__NH0_90__grid_1p0.grib,/mnt/e/last-aticol/data/raw/era5/pressure-levels/geopotential/925hPa/monthly/cds__era5_pl_monthly__ERA5__reanalysis__z925__925hPa__monthly__2002-2002__m08__NH0_90__grid_1p0.grib,65628,1777485286
2026-04-30T09:27:04Z,/mnt/e/last-aticol/data/raw/era5/pressure-levels/geopotential/925hPa/monthly,cds__era5_pl_monthly__ERA5__reanalysis__z925__925hPa__monthly__2002-2002__m09__NH0_90__grid_1p0.grib,/mnt/e/last-aticol/data/raw/era5/pressure-levels/geopotential/925hPa/monthly/cds__era5_pl_monthly__ERA5__reanalysis__z925__925hPa__monthly__2002-2002__m09__NH0_90__grid_1p0.grib,65628,1777485309
2026-04-30T09:27:04Z,/mnt/e/last-aticol/data/raw/era5/pressure-levels/geopotential/925hPa/monthly,cds__era5_pl_monthly__ERA5__reanalysis__z925__925hPa__monthly__2002-2002__m10__NH0_90__grid_1p0.grib,/mnt/e/last-aticol/data/raw/era5/pressure-levels/geopotential/925hPa/monthly/cds__era5_pl_monthly__ERA5__reanalysis__z925__925hPa__monthly__2002-2002__m10__NH0_90__grid_1p0.grib,65628,1777485331
2026-04-30T09:27:04Z,/mnt/e/last-aticol/data/raw/era5/pressure-levels/geopotential/925hPa/monthly,cds__era5_pl_monthly__ERA5__reanalysis__z925__925hPa__monthly__2002-2002__m11__NH0_90__grid_1p0.grib,/mnt/e/last-aticol/data/raw/era5/pressure-levels/geopotential/925hPa/monthly/cds__era5_pl_monthly__ERA5__reanalysis__z925__925hPa__monthly__2002-2002__m11__NH0_90__grid_1p0.grib,65628,1777485353
2026-04-30T09:27:04Z,/mnt/e/last-aticol/data/raw/era5/pressure-levels/geopotential/925hPa/monthly,cds__era5_pl_monthly__ERA5__reanalysis__z925__925hPa__monthly__2002-2002__m12__NH0_90__grid_1p0.grib,/mnt/e/last-aticol/data/raw/era5/pressure-levels/geopotential/925hPa/monthly/cds__era5_pl_monthly__ERA5__reanalysis__z925__925hPa__monthly__2002-2002__m12__NH0_90__grid_1p0.grib,65628,1777485375
2026-04-30T09:27:04Z,/mnt/e/last-aticol/data/raw/era5/pressure-levels/geopotential/925hPa/monthly,cds__era5_pl_monthly__ERA5__reanalysis__z925__925hPa__monthly__2003-2003__m01__NH0_90__grid_1p0.grib,/mnt/e/last-aticol/data/raw/era5/pressure-levels/geopotential/925hPa/monthly/cds__era5_pl_monthly__ERA5__reanalysis__z925__925hPa__monthly__2003-2003__m01__NH0_90__grid_1p0.grib,65628,1777485390
2026-04-30T09:27:04Z,/mnt/e/last-aticol/data/raw/era5/pressure-levels/geopotential/925hPa/monthly,cds__era5_pl_monthly__ERA5__reanalysis__z925__925hPa__monthly__2003-2003__m02__NH0_90__grid_1p0.grib,/mnt/e/last-aticol/data/raw/era5/pressure-levels/geopotential/925hPa/monthly/cds__era5_pl_monthly__ERA5__reanalysis__z925__925hPa__monthly__2003-2003__m02__NH0_90__grid_1p0.grib,65628,1777485412
2026-04-30T09:27:04Z,/mnt/e/last-aticol/data/raw/era5/pressure-levels/geopotential/925hPa/monthly,cds__era5_pl_monthly__ERA5__reanalysis__z925__925hPa__monthly__2003-2003__m03__NH0_90__grid_1p0.grib,/mnt/e/last-aticol/data/raw/era5/pressure-levels/geopotential/925hPa/monthly/cds__era5_pl_monthly__ERA5__reanalysis__z925__925hPa__monthly__2003-2003__m03__NH0_90__grid_1p0.grib,65628,1777485435
2026-04-30T09:27:04Z,/mnt/e/last-aticol/data/raw/era5/pressure-levels/geopotential/925hPa/monthly,cds__era5_pl_monthly__ERA5__reanalysis__z925__925hPa__monthly__2003-2003__m04__NH0_90__grid_1p0.grib,/mnt/e/last-aticol/data/raw/era5/pressure-levels/geopotential/925hPa/monthly/cds__era5_pl_monthly__ERA5__reanalysis__z925__925hPa__monthly__2003-2003__m04__NH0_90__grid_1p0.grib,65628,1777485456
2026-04-30T09:27:04Z,/mnt/e/last-aticol/data/raw/era5/pressure-levels/geopotential/925hPa/monthly,cds__era5_pl_monthly__ERA5__reanalysis__z925__925hPa__monthly__2003-2003__m05__NH0_90__grid_1p0.grib,/mnt/e/last-aticol/data/raw/era5/pressure-levels/geopotential/925hPa/monthly/cds__era5_pl_monthly__ERA5__reanalysis__z925__925hPa__monthly__2003-2003__m05__NH0_90__grid_1p0.grib,65628,1777485479
2026-04-30T09:27:04Z,/mnt/e/last-aticol/data/raw/era5/pressure-levels/geopotential/925hPa/monthly,cds__era5_pl_monthly__ERA5__reanalysis__z925__925hPa__monthly__2003-2003__m06__NH0_90__grid_1p0.grib,/mnt/e/last-aticol/data/raw/era5/pressure-levels/geopotential/925hPa/monthly/cds__era5_pl_monthly__ERA5__reanalysis__z925__925hPa__monthly__2003-2003__m06__NH0_90__grid_1p0.grib,65628,1777485495
2026-04-30T09:27:04Z,/mnt/e/last-aticol/data/raw/era5/pressure-levels/geopotential/925hPa/monthly,cds__era5_pl_monthly__ERA5__reanalysis__z925__925hPa__monthly__2003-2003__m07__NH0_90__grid_1p0.grib,/mnt/e/last-aticol/data/raw/era5/pressure-levels/geopotential/925hPa/monthly/cds__era5_pl_monthly__ERA5__reanalysis__z925__925hPa__monthly__2003-2003__m07__NH0_90__grid_1p0.grib,65628,1777485518
2026-04-30T09:27:04Z,/mnt/e/last-aticol/data/raw/era5/pressure-levels/geopotential/925hPa/monthly,cds__era5_pl_monthly__ERA5__reanalysis__z925__925hPa__monthly__2003-2003__m08__NH0_90__grid_1p0.grib,/mnt/e/last-aticol/data/raw/era5/pressure-levels/geopotential/925hPa/monthly/cds__era5_pl_monthly__ERA5__reanalysis__z925__925hPa__monthly__2003-2003__m08__NH0_90__grid_1p0.grib,65628,1777485551
2026-04-30T09:27:04Z,/mnt/e/last-aticol/data/raw/era5/pressure-levels/geopotential/925hPa/monthly,cds__era5_pl_monthly__ERA5__reanalysis__z925__925hPa__monthly__2003-2003__m09__NH0_90__grid_1p0.grib,/mnt/e/last-aticol/data/raw/era5/pressure-levels/geopotential/925hPa/monthly/cds__era5_pl_monthly__ERA5__reanalysis__z925__925hPa__monthly__2003-2003__m09__NH0_90__grid_1p0.grib,65628,1777485572
2026-04-30T09:27:04Z,/mnt/e/last-aticol/data/raw/era5/pressure-levels/geopotential/925hPa/monthly,cds__era5_pl_monthly__ERA5__reanalysis__z925__925hPa__monthly__2003-2003__m10__NH0_90__grid_1p0.grib,/mnt/e/last-aticol/data/raw/era5/pressure-levels/geopotential/925hPa/monthly/cds__era5_pl_monthly__ERA5__reanalysis__z925__925hPa__monthly__2003-2003__m10__NH0_90__grid_1p0.grib,65628,1777485606
2026-04-30T09:27:04Z,/mnt/e/last-aticol/data/raw/era5/pressure-levels/geopotential/925hPa/monthly,cds__era5_pl_monthly__ERA5__reanalysis__z925__925hPa__monthly__2003-2003__m11__NH0_90__grid_1p0.grib,/mnt/e/last-aticol/data/raw/era5/pressure-levels/geopotential/925hPa/monthly/cds__era5_pl_monthly__ERA5__reanalysis__z925__925hPa__monthly__2003-2003__m11__NH0_90__grid_1p0.grib,65628,1777485628
2026-04-30T09:27:04Z,/mnt/e/last-aticol/data/raw/era5/pressure-levels/geopotential/925hPa/monthly,cds__era5_pl_monthly__ERA5__reanalysis__z925__925hPa__monthly__2003-2003__m12__NH0_90__grid_1p0.grib,/mnt/e/last-aticol/data/raw/era5/pressure-levels/geopotential/925hPa/monthly/cds__era5_pl_monthly__ERA5__reanalysis__z925__925hPa__monthly__2003-2003__m12__NH0_90__grid_1p0.grib,65628,1777485651
2026-04-30T09:27:04Z,/mnt/e/last-aticol/data/raw/era5/pressure-levels/geopotential/925hPa/monthly,cds__era5_pl_monthly__ERA5__reanalysis__z925__925hPa__monthly__2004-2004__m01__NH0_90__grid_1p0.grib,/mnt/e/last-aticol/data/raw/era5/pressure-levels/geopotential/925hPa/monthly/cds__era5_pl_monthly__ERA5__reanalysis__z925__925hPa__monthly__2004-2004__m01__NH0_90__grid_1p0.grib,65628,1777485666
2026-04-30T09:27:04Z,/mnt/e/last-aticol/data/raw/era5/pressure-levels/geopotential/925hPa/monthly,cds__era5_pl_monthly__ERA5__reanalysis__z925__925hPa__monthly__2004-2004__m02__NH0_90__grid_1p0.grib,/mnt/e/last-aticol/data/raw/era5/pressure-levels/geopotential/925hPa/monthly/cds__era5_pl_monthly__ERA5__reanalysis__z925__925hPa__monthly__2004-2004__m02__NH0_90__grid_1p0.grib,65628,1777485690
2026-04-30T09:27:04Z,/mnt/e/last-aticol/data/raw/era5/pressure-levels/geopotential/925hPa/monthly,cds__era5_pl_monthly__ERA5__reanalysis__z925__925hPa__monthly__2004-2004__m03__NH0_90__grid_1p0.grib,/mnt/e/last-aticol/data/raw/era5/pressure-levels/geopotential/925hPa/monthly/cds__era5_pl_monthly__ERA5__reanalysis__z925__925hPa__monthly__2004-2004__m03__NH0_90__grid_1p0.grib,65628,1777485712
2026-04-30T09:27:04Z,/mnt/e/last-aticol/data/raw/era5/pressure-levels/geopotential/925hPa/monthly,cds__era5_pl_monthly__ERA5__reanalysis__z925__925hPa__monthly__2004-2004__m04__NH0_90__grid_1p0.grib,/mnt/e/last-aticol/data/raw/era5/pressure-levels/geopotential/925hPa/monthly/cds__era5_pl_monthly__ERA5__reanalysis__z925__925hPa__monthly__2004-2004__m04__NH0_90__grid_1p0.grib,65628,1777485734
2026-04-30T09:27:04Z,/mnt/e/last-aticol/data/raw/era5/pressure-levels/geopotential/925hPa/monthly,cds__era5_pl_monthly__ERA5__reanalysis__z925__925hPa__monthly__2004-2004__m05__NH0_90__grid_1p0.grib,/mnt/e/last-aticol/data/raw/era5/pressure-levels/geopotential/925hPa/monthly/cds__era5_pl_monthly__ERA5__reanalysis__z925__925hPa__monthly__2004-2004__m05__NH0_90__grid_1p0.grib,65628,1777485749
2026-04-30T09:27:04Z,/mnt/e/last-aticol/data/raw/era5/pressure-levels/geopotential/925hPa/monthly,cds__era5_pl_monthly__ERA5__reanalysis__z925__925hPa__monthly__2004-2004__m06__NH0_90__grid_1p0.grib,/mnt/e/last-aticol/data/raw/era5/pressure-levels/geopotential/925hPa/monthly/cds__era5_pl_monthly__ERA5__reanalysis__z925__925hPa__monthly__2004-2004__m06__NH0_90__grid_1p0.grib,65628,1777485765
2026-04-30T09:27:04Z,/mnt/e/last-aticol/data/raw/era5/pressure-levels/geopotential/925hPa/monthly,cds__era5_pl_monthly__ERA5__reanalysis__z925__925hPa__monthly__2004-2004__m07__NH0_90__grid_1p0.grib,/mnt/e/last-aticol/data/raw/era5/pressure-levels/geopotential/925hPa/monthly/cds__era5_pl_monthly__ERA5__reanalysis__z925__925hPa__monthly__2004-2004__m07__NH0_90__grid_1p0.grib,65628,1777485780
2026-04-30T09:27:04Z,/mnt/e/last-aticol/data/raw/era5/pressure-levels/geopotential/925hPa/monthly,cds__era5_pl_monthly__ERA5__reanalysis__z925__925hPa__monthly__2004-2004__m08__NH0_90__grid_1p0.grib,/mnt/e/last-aticol/data/raw/era5/pressure-levels/geopotential/925hPa/monthly/cds__era5_pl_monthly__ERA5__reanalysis__z925__925hPa__monthly__2004-2004__m08__NH0_90__grid_1p0.grib,65628,1777485853
2026-04-30T09:27:04Z,/mnt/e/last-aticol/data/raw/era5/pressure-levels/geopotential/925hPa/monthly,cds__era5_pl_monthly__ERA5__reanalysis__z925__925hPa__monthly__2004-2004__m09__NH0_90__grid_1p0.grib,/mnt/e/last-aticol/data/raw/era5/pressure-levels/geopotential/925hPa/monthly/cds__era5_pl_monthly__ERA5__reanalysis__z925__925hPa__monthly__2004-2004__m09__NH0_90__grid_1p0.grib,65628,1777485875
2026-04-30T09:27:04Z,/mnt/e/last-aticol/data/raw/era5/pressure-levels/geopotential/925hPa/monthly,cds__era5_pl_monthly__ERA5__reanalysis__z925__925hPa__monthly__2004-2004__m10__NH0_90__grid_1p0.grib,/mnt/e/last-aticol/data/raw/era5/pressure-levels/geopotential/925hPa/monthly/cds__era5_pl_monthly__ERA5__reanalysis__z925__925hPa__monthly__2004-2004__m10__NH0_90__grid_1p0.grib,65628,1777485897
2026-04-30T09:27:04Z,/mnt/e/last-aticol/data/raw/era5/pressure-levels/geopotential/925hPa/monthly,cds__era5_pl_monthly__ERA5__reanalysis__z925__925hPa__monthly__2004-2004__m11__NH0_90__grid_1p0.grib,/mnt/e/last-aticol/data/raw/era5/pressure-levels/geopotential/925hPa/monthly/cds__era5_pl_monthly__ERA5__reanalysis__z925__925hPa__monthly__2004-2004__m11__NH0_90__grid_1p0.grib,65628,1777485920
2026-04-30T09:27:04Z,/mnt/e/last-aticol/data/raw/era5/pressure-levels/geopotential/925hPa/monthly,cds__era5_pl_monthly__ERA5__reanalysis__z925__925hPa__monthly__2004-2004__m12__NH0_90__grid_1p0.grib,/mnt/e/last-aticol/data/raw/era5/pressure-levels/geopotential/925hPa/monthly/cds__era5_pl_monthly__ERA5__reanalysis__z925__925hPa__monthly__2004-2004__m12__NH0_90__grid_1p0.grib,65628,1777485953
2026-04-30T09:27:04Z,/mnt/e/last-aticol/data/raw/era5/pressure-levels/geopotential/925hPa/monthly,cds__era5_pl_monthly__ERA5__reanalysis__z925__925hPa__monthly__2005-2005__m01__NH0_90__grid_1p0.grib,/mnt/e/last-aticol/data/raw/era5/pressure-levels/geopotential/925hPa/monthly/cds__era5_pl_monthly__ERA5__reanalysis__z925__925hPa__monthly__2005-2005__m01__NH0_90__grid_1p0.grib,65628,1777485975
2026-04-30T09:27:04Z,/mnt/e/last-aticol/data/raw/era5/pressure-levels/geopotential/925hPa/monthly,cds__era5_pl_monthly__ERA5__reanalysis__z925__925hPa__monthly__2005-2005__m02__NH0_90__grid_1p0.grib,/mnt/e/last-aticol/data/raw/era5/pressure-levels/geopotential/925hPa/monthly/cds__era5_pl_monthly__ERA5__reanalysis__z925__925hPa__monthly__2005-2005__m02__NH0_90__grid_1p0.grib,65628,1777485997
2026-04-30T09:27:04Z,/mnt/e/last-aticol/data/raw/era5/pressure-levels/geopotential/925hPa/monthly,cds__era5_pl_monthly__ERA5__reanalysis__z925__925hPa__monthly__2005-2005__m03__NH0_90__grid_1p0.grib,/mnt/e/last-aticol/data/raw/era5/pressure-levels/geopotential/925hPa/monthly/cds__era5_pl_monthly__ERA5__reanalysis__z925__925hPa__monthly__2005-2005__m03__NH0_90__grid_1p0.grib,65628,1777486019
2026-04-30T09:27:04Z,/mnt/e/last-aticol/data/raw/era5/pressure-levels/geopotential/925hPa/monthly,cds__era5_pl_monthly__ERA5__reanalysis__z925__925hPa__monthly__2005-2005__m04__NH0_90__grid_1p0.grib,/mnt/e/last-aticol/data/raw/era5/pressure-levels/geopotential/925hPa/monthly/cds__era5_pl_monthly__ERA5__reanalysis__z925__925hPa__monthly__2005-2005__m04__NH0_90__grid_1p0.grib,65628,1777486041
2026-04-30T09:27:04Z,/mnt/e/last-aticol/data/raw/era5/pressure-levels/geopotential/925hPa/monthly,cds__era5_pl_monthly__ERA5__reanalysis__z925__925hPa__monthly__2005-2005__m05__NH0_90__grid_1p0.grib,/mnt/e/last-aticol/data/raw/era5/pressure-levels/geopotential/925hPa/monthly/cds__era5_pl_monthly__ERA5__reanalysis__z925__925hPa__monthly__2005-2005__m05__NH0_90__grid_1p0.grib,65628,1777486062
2026-04-30T09:27:04Z,/mnt/e/last-aticol/data/raw/era5/pressure-levels/geopotential/925hPa/monthly,cds__era5_pl_monthly__ERA5__reanalysis__z925__925hPa__monthly__2005-2005__m06__NH0_90__grid_1p0.grib,/mnt/e/last-aticol/data/raw/era5/pressure-levels/geopotential/925hPa/monthly/cds__era5_pl_monthly__ERA5__reanalysis__z925__925hPa__monthly__2005-2005__m06__NH0_90__grid_1p0.grib,65628,1777486077
2026-04-30T09:27:04Z,/mnt/e/last-aticol/data/raw/era5/pressure-levels/geopotential/925hPa/monthly,cds__era5_pl_monthly__ERA5__reanalysis__z925__925hPa__monthly__2005-2005__m07__NH0_90__grid_1p0.grib,/mnt/e/last-aticol/data/raw/era5/pressure-levels/geopotential/925hPa/monthly/cds__era5_pl_monthly__ERA5__reanalysis__z925__925hPa__monthly__2005-2005__m07__NH0_90__grid_1p0.grib,65628,1777486099
2026-04-30T09:27:04Z,/mnt/e/last-aticol/data/raw/era5/pressure-levels/geopotential/925hPa/monthly,cds__era5_pl_monthly__ERA5__reanalysis__z925__925hPa__monthly__2005-2005__m08__NH0_90__grid_1p0.grib,/mnt/e/last-aticol/data/raw/era5/pressure-levels/geopotential/925hPa/monthly/cds__era5_pl_monthly__ERA5__reanalysis__z925__925hPa__monthly__2005-2005__m08__NH0_90__grid_1p0.grib,65628,1777486115
2026-04-30T09:27:04Z,/mnt/e/last-aticol/data/raw/era5/pressure-levels/geopotential/925hPa/monthly,cds__era5_pl_monthly__ERA5__reanalysis__z925__925hPa__monthly__2005-2005__m09__NH0_90__grid_1p0.grib,/mnt/e/last-aticol/data/raw/era5/pressure-levels/geopotential/925hPa/monthly/cds__era5_pl_monthly__ERA5__reanalysis__z925__925hPa__monthly__2005-2005__m09__NH0_90__grid_1p0.grib,65628,1777486136
2026-04-30T09:27:04Z,/mnt/e/last-aticol/data/raw/era5/pressure-levels/geopotential/925hPa/monthly,cds__era5_pl_monthly__ERA5__reanalysis__z925__925hPa__monthly__2005-2005__m10__NH0_90__grid_1p0.grib,/mnt/e/last-aticol/data/raw/era5/pressure-levels/geopotential/925hPa/monthly/cds__era5_pl_monthly__ERA5__reanalysis__z925__925hPa__monthly__2005-2005__m10__NH0_90__grid_1p0.grib,65628,1777486151
2026-04-30T09:27:04Z,/mnt/e/last-aticol/data/raw/era5/pressure-levels/geopotential/925hPa/monthly,cds__era5_pl_monthly__ERA5__reanalysis__z925__925hPa__monthly__2005-2005__m11__NH0_90__grid_1p0.grib,/mnt/e/last-aticol/data/raw/era5/pressure-levels/geopotential/925hPa/monthly/cds__era5_pl_monthly__ERA5__reanalysis__z925__925hPa__monthly__2005-2005__m11__NH0_90__grid_1p0.grib,65628,1777486174
2026-04-30T09:27:04Z,/mnt/e/last-aticol/data/raw/era5/pressure-levels/geopotential/925hPa/monthly,cds__era5_pl_monthly__ERA5__reanalysis__z925__925hPa__monthly__2005-2005__m12__NH0_90__grid_1p0.grib,/mnt/e/last-aticol/data/raw/era5/pressure-levels/geopotential/925hPa/monthly/cds__era5_pl_monthly__ERA5__reanalysis__z925__925hPa__monthly__2005-2005__m12__NH0_90__grid_1p0.grib,65628,1777486207
2026-04-30T09:27:04Z,/mnt/e/last-aticol/data/raw/era5/pressure-levels/geopotential/925hPa/monthly,cds__era5_pl_monthly__ERA5__reanalysis__z925__925hPa__monthly__2006-2006__m01__NH0_90__grid_1p0.grib,/mnt/e/last-aticol/data/raw/era5/pressure-levels/geopotential/925hPa/monthly/cds__era5_pl_monthly__ERA5__reanalysis__z925__925hPa__monthly__2006-2006__m01__NH0_90__grid_1p0.grib,65628,1777486240
2026-04-30T09:27:04Z,/mnt/e/last-aticol/data/raw/era5/pressure-levels/geopotential/925hPa/monthly,cds__era5_pl_monthly__ERA5__reanalysis__z925__925hPa__monthly__2006-2006__m02__NH0_90__grid_1p0.grib,/mnt/e/last-aticol/data/raw/era5/pressure-levels/geopotential/925hPa/monthly/cds__era5_pl_monthly__ERA5__reanalysis__z925__925hPa__monthly__2006-2006__m02__NH0_90__grid_1p0.grib,65628,1777486262
2026-04-30T09:27:04Z,/mnt/e/last-aticol/data/raw/era5/pressure-levels/geopotential/925hPa/monthly,cds__era5_pl_monthly__ERA5__reanalysis__z925__925hPa__monthly__2006-2006__m03__NH0_90__grid_1p0.grib,/mnt/e/last-aticol/data/raw/era5/pressure-levels/geopotential/925hPa/monthly/cds__era5_pl_monthly__ERA5__reanalysis__z925__925hPa__monthly__2006-2006__m03__NH0_90__grid_1p0.grib,65628,1777486286
2026-04-30T09:27:04Z,/mnt/e/last-aticol/data/raw/era5/pressure-levels/geopotential/925hPa/monthly,cds__era5_pl_monthly__ERA5__reanalysis__z925__925hPa__monthly__2006-2006__m04__NH0_90__grid_1p0.grib,/mnt/e/last-aticol/data/raw/era5/pressure-levels/geopotential/925hPa/monthly/cds__era5_pl_monthly__ERA5__reanalysis__z925__925hPa__monthly__2006-2006__m04__NH0_90__grid_1p0.grib,65628,1777486309
2026-04-30T09:27:04Z,/mnt/e/last-aticol/data/raw/era5/pressure-levels/geopotential/925hPa/monthly,cds__era5_pl_monthly__ERA5__reanalysis__z925__925hPa__monthly__2006-2006__m05__NH0_90__grid_1p0.grib,/mnt/e/last-aticol/data/raw/era5/pressure-levels/geopotential/925hPa/monthly/cds__era5_pl_monthly__ERA5__reanalysis__z925__925hPa__monthly__2006-2006__m05__NH0_90__grid_1p0.grib,65628,1777486331
2026-04-30T09:27:04Z,/mnt/e/last-aticol/data/raw/era5/pressure-levels/geopotential/925hPa/monthly,cds__era5_pl_monthly__ERA5__reanalysis__z925__925hPa__monthly__2006-2006__m06__NH0_90__grid_1p0.grib,/mnt/e/last-aticol/data/raw/era5/pressure-levels/geopotential/925hPa/monthly/cds__era5_pl_monthly__ERA5__reanalysis__z925__925hPa__monthly__2006-2006__m06__NH0_90__grid_1p0.grib,65628,1777486354
2026-04-30T09:27:04Z,/mnt/e/last-aticol/data/raw/era5/pressure-levels/geopotential/925hPa/monthly,cds__era5_pl_monthly__ERA5__reanalysis__z925__925hPa__monthly__2006-2006__m07__NH0_90__grid_1p0.grib,/mnt/e/last-aticol/data/raw/era5/pressure-levels/geopotential/925hPa/monthly/cds__era5_pl_monthly__ERA5__reanalysis__z925__925hPa__monthly__2006-2006__m07__NH0_90__grid_1p0.grib,65628,1777486376
2026-04-30T09:27:04Z,/mnt/e/last-aticol/data/raw/era5/pressure-levels/geopotential/925hPa/monthly,cds__era5_pl_monthly__ERA5__reanalysis__z925__925hPa__monthly__2006-2006__m08__NH0_90__grid_1p0.grib,/mnt/e/last-aticol/data/raw/era5/pressure-levels/geopotential/925hPa/monthly/cds__era5_pl_monthly__ERA5__reanalysis__z925__925hPa__monthly__2006-2006__m08__NH0_90__grid_1p0.grib,65628,1777486398
2026-04-30T09:27:04Z,/mnt/e/last-aticol/data/raw/era5/pressure-levels/geopotential/925hPa/monthly,cds__era5_pl_monthly__ERA5__reanalysis__z925__925hPa__monthly__2006-2006__m09__NH0_90__grid_1p0.grib,/mnt/e/last-aticol/data/raw/era5/pressure-levels/geopotential/925hPa/monthly/cds__era5_pl_monthly__ERA5__reanalysis__z925__925hPa__monthly__2006-2006__m09__NH0_90__grid_1p0.grib,65628,1777486420
2026-04-30T09:27:04Z,/mnt/e/last-aticol/data/raw/era5/pressure-levels/geopotential/925hPa/monthly,cds__era5_pl_monthly__ERA5__reanalysis__z925__925hPa__monthly__2006-2006__m10__NH0_90__grid_1p0.grib,/mnt/e/last-aticol/data/raw/era5/pressure-levels/geopotential/925hPa/monthly/cds__era5_pl_monthly__ERA5__reanalysis__z925__925hPa__monthly__2006-2006__m10__NH0_90__grid_1p0.grib,65628,1777486443
2026-04-30T09:27:04Z,/mnt/e/last-aticol/data/raw/era5/pressure-levels/geopotential/925hPa/monthly,cds__era5_pl_monthly__ERA5__reanalysis__z925__925hPa__monthly__2006-2006__m11__NH0_90__grid_1p0.grib,/mnt/e/last-aticol/data/raw/era5/pressure-levels/geopotential/925hPa/monthly/cds__era5_pl_monthly__ERA5__reanalysis__z925__925hPa__monthly__2006-2006__m11__NH0_90__grid_1p0.grib,65628,1777486458
2026-04-30T09:27:04Z,/mnt/e/last-aticol/data/raw/era5/pressure-levels/geopotential/925hPa/monthly,cds__era5_pl_monthly__ERA5__reanalysis__z925__925hPa__monthly__2006-2006__m12__NH0_90__grid_1p0.grib,/mnt/e/last-aticol/data/raw/era5/pressure-levels/geopotential/925hPa/monthly/cds__era5_pl_monthly__ERA5__reanalysis__z925__925hPa__monthly__2006-2006__m12__NH0_90__grid_1p0.grib,65628,1777486481
2026-04-30T09:27:04Z,/mnt/e/last-aticol/data/raw/era5/pressure-levels/geopotential/925hPa/monthly,cds__era5_pl_monthly__ERA5__reanalysis__z925__925hPa__monthly__2007-2007__m01__NH0_90__grid_1p0.grib,/mnt/e/last-aticol/data/raw/era5/pressure-levels/geopotential/925hPa/monthly/cds__era5_pl_monthly__ERA5__reanalysis__z925__925hPa__monthly__2007-2007__m01__NH0_90__grid_1p0.grib,65628,1777486496
2026-04-30T09:27:04Z,/mnt/e/last-aticol/data/raw/era5/pressure-levels/geopotential/925hPa/monthly,cds__era5_pl_monthly__ERA5__reanalysis__z925__925hPa__monthly__2007-2007__m02__NH0_90__grid_1p0.grib,/mnt/e/last-aticol/data/raw/era5/pressure-levels/geopotential/925hPa/monthly/cds__era5_pl_monthly__ERA5__reanalysis__z925__925hPa__monthly__2007-2007__m02__NH0_90__grid_1p0.grib,65628,1777486518
2026-04-30T09:27:04Z,/mnt/e/last-aticol/data/raw/era5/pressure-levels/geopotential/925hPa/monthly,cds__era5_pl_monthly__ERA5__reanalysis__z925__925hPa__monthly__2007-2007__m03__NH0_90__grid_1p0.grib,/mnt/e/last-aticol/data/raw/era5/pressure-levels/geopotential/925hPa/monthly/cds__era5_pl_monthly__ERA5__reanalysis__z925__925hPa__monthly__2007-2007__m03__NH0_90__grid_1p0.grib,65628,1777486533
2026-04-30T09:27:04Z,/mnt/e/last-aticol/data/raw/era5/pressure-levels/geopotential/925hPa/monthly,cds__era5_pl_monthly__ERA5__reanalysis__z925__925hPa__monthly__2007-2007__m04__NH0_90__grid_1p0.grib,/mnt/e/last-aticol/data/raw/era5/pressure-levels/geopotential/925hPa/monthly/cds__era5_pl_monthly__ERA5__reanalysis__z925__925hPa__monthly__2007-2007__m04__NH0_90__grid_1p0.grib,65628,1777486555
2026-04-30T09:27:04Z,/mnt/e/last-aticol/data/raw/era5/pressure-levels/geopotential/925hPa/monthly,cds__era5_pl_monthly__ERA5__reanalysis__z925__925hPa__monthly__2007-2007__m05__NH0_90__grid_1p0.grib,/mnt/e/last-aticol/data/raw/era5/pressure-levels/geopotential/925hPa/monthly/cds__era5_pl_monthly__ERA5__reanalysis__z925__925hPa__monthly__2007-2007__m05__NH0_90__grid_1p0.grib,65628,1777486578
2026-04-30T09:27:04Z,/mnt/e/last-aticol/data/raw/era5/pressure-levels/geopotential/925hPa/monthly,cds__era5_pl_monthly__ERA5__reanalysis__z925__925hPa__monthly__2007-2007__m06__NH0_90__grid_1p0.grib,/mnt/e/last-aticol/data/raw/era5/pressure-levels/geopotential/925hPa/monthly/cds__era5_pl_monthly__ERA5__reanalysis__z925__925hPa__monthly__2007-2007__m06__NH0_90__grid_1p0.grib,65628,1777486602
2026-04-30T09:27:04Z,/mnt/e/last-aticol/data/raw/era5/pressure-levels/geopotential/925hPa/monthly,cds__era5_pl_monthly__ERA5__reanalysis__z925__925hPa__monthly__2007-2007__m07__NH0_90__grid_1p0.grib,/mnt/e/last-aticol/data/raw/era5/pressure-levels/geopotential/925hPa/monthly/cds__era5_pl_monthly__ERA5__reanalysis__z925__925hPa__monthly__2007-2007__m07__NH0_90__grid_1p0.grib,65628,1777486624
2026-04-30T09:27:04Z,/mnt/e/last-aticol/data/raw/era5/pressure-levels/geopotential/925hPa/monthly,cds__era5_pl_monthly__ERA5__reanalysis__z925__925hPa__monthly__2007-2007__m08__NH0_90__grid_1p0.grib,/mnt/e/last-aticol/data/raw/era5/pressure-levels/geopotential/925hPa/monthly/cds__era5_pl_monthly__ERA5__reanalysis__z925__925hPa__monthly__2007-2007__m08__NH0_90__grid_1p0.grib,65628,1777486646
2026-04-30T09:27:04Z,/mnt/e/last-aticol/data/raw/era5/pressure-levels/geopotential/925hPa/monthly,cds__era5_pl_monthly__ERA5__reanalysis__z925__925hPa__monthly__2007-2007__m09__NH0_90__grid_1p0.grib,/mnt/e/last-aticol/data/raw/era5/pressure-levels/geopotential/925hPa/monthly/cds__era5_pl_monthly__ERA5__reanalysis__z925__925hPa__monthly__2007-2007__m09__NH0_90__grid_1p0.grib,65628,1777486698
2026-04-30T09:27:04Z,/mnt/e/last-aticol/data/raw/era5/pressure-levels/geopotential/925hPa/monthly,cds__era5_pl_monthly__ERA5__reanalysis__z925__925hPa__monthly__2007-2007__m10__NH0_90__grid_1p0.grib,/mnt/e/last-aticol/data/raw/era5/pressure-levels/geopotential/925hPa/monthly/cds__era5_pl_monthly__ERA5__reanalysis__z925__925hPa__monthly__2007-2007__m10__NH0_90__grid_1p0.grib,65628,1777486720
2026-04-30T09:27:04Z,/mnt/e/last-aticol/data/raw/era5/pressure-levels/geopotential/925hPa/monthly,cds__era5_pl_monthly__ERA5__reanalysis__z925__925hPa__monthly__2007-2007__m11__NH0_90__grid_1p0.grib,/mnt/e/last-aticol/data/raw/era5/pressure-levels/geopotential/925hPa/monthly/cds__era5_pl_monthly__ERA5__reanalysis__z925__925hPa__monthly__2007-2007__m11__NH0_90__grid_1p0.grib,65628,1777486753
2026-04-30T09:27:04Z,/mnt/e/last-aticol/data/raw/era5/pressure-levels/geopotential/925hPa/monthly,cds__era5_pl_monthly__ERA5__reanalysis__z925__925hPa__monthly__2007-2007__m12__NH0_90__grid_1p0.grib,/mnt/e/last-aticol/data/raw/era5/pressure-levels/geopotential/925hPa/monthly/cds__era5_pl_monthly__ERA5__reanalysis__z925__925hPa__monthly__2007-2007__m12__NH0_90__grid_1p0.grib,65628,1777486767
2026-04-30T09:27:04Z,/mnt/e/last-aticol/data/raw/era5/pressure-levels/geopotential/925hPa/monthly,cds__era5_pl_monthly__ERA5__reanalysis__z925__925hPa__monthly__2008-2008__m01__NH0_90__grid_1p0.grib,/mnt/e/last-aticol/data/raw/era5/pressure-levels/geopotential/925hPa/monthly/cds__era5_pl_monthly__ERA5__reanalysis__z925__925hPa__monthly__2008-2008__m01__NH0_90__grid_1p0.grib,65628,1777486783
2026-04-30T09:27:04Z,/mnt/e/last-aticol/data/raw/era5/pressure-levels/geopotential/925hPa/monthly,cds__era5_pl_monthly__ERA5__reanalysis__z925__925hPa__monthly__2008-2008__m02__NH0_90__grid_1p0.grib,/mnt/e/last-aticol/data/raw/era5/pressure-levels/geopotential/925hPa/monthly/cds__era5_pl_monthly__ERA5__reanalysis__z925__925hPa__monthly__2008-2008__m02__NH0_90__grid_1p0.grib,65628,1777486805
2026-04-30T09:27:04Z,/mnt/e/last-aticol/data/raw/era5/pressure-levels/geopotential/925hPa/monthly,cds__era5_pl_monthly__ERA5__reanalysis__z925__925hPa__monthly__2008-2008__m03__NH0_90__grid_1p0.grib,/mnt/e/last-aticol/data/raw/era5/pressure-levels/geopotential/925hPa/monthly/cds__era5_pl_monthly__ERA5__reanalysis__z925__925hPa__monthly__2008-2008__m03__NH0_90__grid_1p0.grib,65628,1777486820
2026-04-30T09:27:04Z,/mnt/e/last-aticol/data/raw/era5/pressure-levels/geopotential/925hPa/monthly,cds__era5_pl_monthly__ERA5__reanalysis__z925__925hPa__monthly__2008-2008__m04__NH0_90__grid_1p0.grib,/mnt/e/last-aticol/data/raw/era5/pressure-levels/geopotential/925hPa/monthly/cds__era5_pl_monthly__ERA5__reanalysis__z925__925hPa__monthly__2008-2008__m04__NH0_90__grid_1p0.grib,65628,1777486854
2026-04-30T09:27:04Z,/mnt/e/last-aticol/data/raw/era5/pressure-levels/geopotential/925hPa/monthly,cds__era5_pl_monthly__ERA5__reanalysis__z925__925hPa__monthly__2008-2008__m05__NH0_90__grid_1p0.grib,/mnt/e/last-aticol/data/raw/era5/pressure-levels/geopotential/925hPa/monthly/cds__era5_pl_monthly__ERA5__reanalysis__z925__925hPa__monthly__2008-2008__m05__NH0_90__grid_1p0.grib,65628,1777486871
2026-04-30T09:27:04Z,/mnt/e/last-aticol/data/raw/era5/pressure-levels/geopotential/925hPa/monthly,cds__era5_pl_monthly__ERA5__reanalysis__z925__925hPa__monthly__2008-2008__m06__NH0_90__grid_1p0.grib,/mnt/e/last-aticol/data/raw/era5/pressure-levels/geopotential/925hPa/monthly/cds__era5_pl_monthly__ERA5__reanalysis__z925__925hPa__monthly__2008-2008__m06__NH0_90__grid_1p0.grib,65628,1777486886
2026-04-30T09:27:04Z,/mnt/e/last-aticol/data/raw/era5/pressure-levels/geopotential/925hPa/monthly,cds__era5_pl_monthly__ERA5__reanalysis__z925__925hPa__monthly__2008-2008__m07__NH0_90__grid_1p0.grib,/mnt/e/last-aticol/data/raw/era5/pressure-levels/geopotential/925hPa/monthly/cds__era5_pl_monthly__ERA5__reanalysis__z925__925hPa__monthly__2008-2008__m07__NH0_90__grid_1p0.grib,65628,1777486909
2026-04-30T09:27:04Z,/mnt/e/last-aticol/data/raw/era5/pressure-levels/geopotential/925hPa/monthly,cds__era5_pl_monthly__ERA5__reanalysis__z925__925hPa__monthly__2008-2008__m08__NH0_90__grid_1p0.grib,/mnt/e/last-aticol/data/raw/era5/pressure-levels/geopotential/925hPa/monthly/cds__era5_pl_monthly__ERA5__reanalysis__z925__925hPa__monthly__2008-2008__m08__NH0_90__grid_1p0.grib,65628,1777486923
2026-04-30T09:27:04Z,/mnt/e/last-aticol/data/raw/era5/pressure-levels/geopotential/925hPa/monthly,cds__era5_pl_monthly__ERA5__reanalysis__z925__925hPa__monthly__2008-2008__m09__NH0_90__grid_1p0.grib,/mnt/e/last-aticol/data/raw/era5/pressure-levels/geopotential/925hPa/monthly/cds__era5_pl_monthly__ERA5__reanalysis__z925__925hPa__monthly__2008-2008__m09__NH0_90__grid_1p0.grib,65628,1777486941
2026-04-30T09:27:04Z,/mnt/e/last-aticol/data/raw/era5/pressure-levels/geopotential/925hPa/monthly,cds__era5_pl_monthly__ERA5__reanalysis__z925__925hPa__monthly__2008-2008__m10__NH0_90__grid_1p0.grib,/mnt/e/last-aticol/data/raw/era5/pressure-levels/geopotential/925hPa/monthly/cds__era5_pl_monthly__ERA5__reanalysis__z925__925hPa__monthly__2008-2008__m10__NH0_90__grid_1p0.grib,65628,1777486956
2026-04-30T09:27:04Z,/mnt/e/last-aticol/data/raw/era5/pressure-levels/geopotential/925hPa/monthly,cds__era5_pl_monthly__ERA5__reanalysis__z925__925hPa__monthly__2008-2008__m11__NH0_90__grid_1p0.grib,/mnt/e/last-aticol/data/raw/era5/pressure-levels/geopotential/925hPa/monthly/cds__era5_pl_monthly__ERA5__reanalysis__z925__925hPa__monthly__2008-2008__m11__NH0_90__grid_1p0.grib,65628,1777486979
2026-04-30T09:27:05Z,/mnt/e/last-aticol/data/raw/era5/pressure-levels/geopotential/925hPa/monthly,cds__era5_pl_monthly__ERA5__reanalysis__z925__925hPa__monthly__2008-2008__m12__NH0_90__grid_1p0.grib,/mnt/e/last-aticol/data/raw/era5/pressure-levels/geopotential/925hPa/monthly/cds__era5_pl_monthly__ERA5__reanalysis__z925__925hPa__monthly__2008-2008__m12__NH0_90__grid_1p0.grib,65628,1777486993
2026-04-30T09:27:05Z,/mnt/e/last-aticol/data/raw/era5/pressure-levels/geopotential/925hPa/monthly,cds__era5_pl_monthly__ERA5__reanalysis__z925__925hPa__monthly__2009-2009__m01__NH0_90__grid_1p0.grib,/mnt/e/last-aticol/data/raw/era5/pressure-levels/geopotential/925hPa/monthly/cds__era5_pl_monthly__ERA5__reanalysis__z925__925hPa__monthly__2009-2009__m01__NH0_90__grid_1p0.grib,65628,1777487016
2026-04-30T09:27:05Z,/mnt/e/last-aticol/data/raw/era5/pressure-levels/geopotential/925hPa/monthly,cds__era5_pl_monthly__ERA5__reanalysis__z925__925hPa__monthly__2009-2009__m02__NH0_90__grid_1p0.grib,/mnt/e/last-aticol/data/raw/era5/pressure-levels/geopotential/925hPa/monthly/cds__era5_pl_monthly__ERA5__reanalysis__z925__925hPa__monthly__2009-2009__m02__NH0_90__grid_1p0.grib,65628,1777487038
2026-04-30T09:27:05Z,/mnt/e/last-aticol/data/raw/era5/pressure-levels/geopotential/925hPa/monthly,cds__era5_pl_monthly__ERA5__reanalysis__z925__925hPa__monthly__2009-2009__m03__NH0_90__grid_1p0.grib,/mnt/e/last-aticol/data/raw/era5/pressure-levels/geopotential/925hPa/monthly/cds__era5_pl_monthly__ERA5__reanalysis__z925__925hPa__monthly__2009-2009__m03__NH0_90__grid_1p0.grib,65628,1777487060
2026-04-30T09:27:05Z,/mnt/e/last-aticol/data/raw/era5/pressure-levels/geopotential/925hPa/monthly,cds__era5_pl_monthly__ERA5__reanalysis__z925__925hPa__monthly__2009-2009__m04__NH0_90__grid_1p0.grib,/mnt/e/last-aticol/data/raw/era5/pressure-levels/geopotential/925hPa/monthly/cds__era5_pl_monthly__ERA5__reanalysis__z925__925hPa__monthly__2009-2009__m04__NH0_90__grid_1p0.grib,65628,1777487082
2026-04-30T09:27:05Z,/mnt/e/last-aticol/data/raw/era5/pressure-levels/geopotential/925hPa/monthly,cds__era5_pl_monthly__ERA5__reanalysis__z925__925hPa__monthly__2009-2009__m05__NH0_90__grid_1p0.grib,/mnt/e/last-aticol/data/raw/era5/pressure-levels/geopotential/925hPa/monthly/cds__era5_pl_monthly__ERA5__reanalysis__z925__925hPa__monthly__2009-2009__m05__NH0_90__grid_1p0.grib,65628,1777487115
2026-04-30T09:27:05Z,/mnt/e/last-aticol/data/raw/era5/pressure-levels/geopotential/925hPa/monthly,cds__era5_pl_monthly__ERA5__reanalysis__z925__925hPa__monthly__2009-2009__m06__NH0_90__grid_1p0.grib,/mnt/e/last-aticol/data/raw/era5/pressure-levels/geopotential/925hPa/monthly/cds__era5_pl_monthly__ERA5__reanalysis__z925__925hPa__monthly__2009-2009__m06__NH0_90__grid_1p0.grib,65628,1777487138
2026-04-30T09:27:05Z,/mnt/e/last-aticol/data/raw/era5/pressure-levels/geopotential/925hPa/monthly,cds__era5_pl_monthly__ERA5__reanalysis__z925__925hPa__monthly__2009-2009__m07__NH0_90__grid_1p0.grib,/mnt/e/last-aticol/data/raw/era5/pressure-levels/geopotential/925hPa/monthly/cds__era5_pl_monthly__ERA5__reanalysis__z925__925hPa__monthly__2009-2009__m07__NH0_90__grid_1p0.grib,65628,1777487155
2026-04-30T09:27:05Z,/mnt/e/last-aticol/data/raw/era5/pressure-levels/geopotential/925hPa/monthly,cds__era5_pl_monthly__ERA5__reanalysis__z925__925hPa__monthly__2009-2009__m08__NH0_90__grid_1p0.grib,/mnt/e/last-aticol/data/raw/era5/pressure-levels/geopotential/925hPa/monthly/cds__era5_pl_monthly__ERA5__reanalysis__z925__925hPa__monthly__2009-2009__m08__NH0_90__grid_1p0.grib,65628,1777487177
2026-04-30T09:27:05Z,/mnt/e/last-aticol/data/raw/era5/pressure-levels/geopotential/925hPa/monthly,cds__era5_pl_monthly__ERA5__reanalysis__z925__925hPa__monthly__2009-2009__m09__NH0_90__grid_1p0.grib,/mnt/e/last-aticol/data/raw/era5/pressure-levels/geopotential/925hPa/monthly/cds__era5_pl_monthly__ERA5__reanalysis__z925__925hPa__monthly__2009-2009__m09__NH0_90__grid_1p0.grib,65628,1777487191
2026-04-30T09:27:05Z,/mnt/e/last-aticol/data/raw/era5/pressure-levels/geopotential/925hPa/monthly,cds__era5_pl_monthly__ERA5__reanalysis__z925__925hPa__monthly__2009-2009__m10__NH0_90__grid_1p0.grib,/mnt/e/last-aticol/data/raw/era5/pressure-levels/geopotential/925hPa/monthly/cds__era5_pl_monthly__ERA5__reanalysis__z925__925hPa__monthly__2009-2009__m10__NH0_90__grid_1p0.grib,65628,1777487213
2026-04-30T09:27:05Z,/mnt/e/last-aticol/data/raw/era5/pressure-levels/geopotential/925hPa/monthly,cds__era5_pl_monthly__ERA5__reanalysis__z925__925hPa__monthly__2009-2009__m11__NH0_90__grid_1p0.grib,/mnt/e/last-aticol/data/raw/era5/pressure-levels/geopotential/925hPa/monthly/cds__era5_pl_monthly__ERA5__reanalysis__z925__925hPa__monthly__2009-2009__m11__NH0_90__grid_1p0.grib,65628,1777487250
2026-04-30T09:27:05Z,/mnt/e/last-aticol/data/raw/era5/pressure-levels/geopotential/925hPa/monthly,cds__era5_pl_monthly__ERA5__reanalysis__z925__925hPa__monthly__2009-2009__m12__NH0_90__grid_1p0.grib,/mnt/e/last-aticol/data/raw/era5/pressure-levels/geopotential/925hPa/monthly/cds__era5_pl_monthly__ERA5__reanalysis__z925__925hPa__monthly__2009-2009__m12__NH0_90__grid_1p0.grib,65628,1777487273
2026-04-30T09:27:05Z,/mnt/e/last-aticol/data/raw/era5/pressure-levels/geopotential/925hPa/monthly,cds__era5_pl_monthly__ERA5__reanalysis__z925__925hPa__monthly__2010-2010__m01__NH0_90__grid_1p0.grib,/mnt/e/last-aticol/data/raw/era5/pressure-levels/geopotential/925hPa/monthly/cds__era5_pl_monthly__ERA5__reanalysis__z925__925hPa__monthly__2010-2010__m01__NH0_90__grid_1p0.grib,65628,1777487295
2026-04-30T09:27:05Z,/mnt/e/last-aticol/data/raw/era5/pressure-levels/geopotential/925hPa/monthly,cds__era5_pl_monthly__ERA5__reanalysis__z925__925hPa__monthly__2010-2010__m02__NH0_90__grid_1p0.grib,/mnt/e/last-aticol/data/raw/era5/pressure-levels/geopotential/925hPa/monthly/cds__era5_pl_monthly__ERA5__reanalysis__z925__925hPa__monthly__2010-2010__m02__NH0_90__grid_1p0.grib,65628,1777487317
2026-04-30T09:27:05Z,/mnt/e/last-aticol/data/raw/era5/pressure-levels/geopotential/925hPa/monthly,cds__era5_pl_monthly__ERA5__reanalysis__z925__925hPa__monthly__2010-2010__m03__NH0_90__grid_1p0.grib,/mnt/e/last-aticol/data/raw/era5/pressure-levels/geopotential/925hPa/monthly/cds__era5_pl_monthly__ERA5__reanalysis__z925__925hPa__monthly__2010-2010__m03__NH0_90__grid_1p0.grib,65628,1777487360
2026-04-30T09:27:05Z,/mnt/e/last-aticol/data/raw/era5/pressure-levels/geopotential/925hPa/monthly,cds__era5_pl_monthly__ERA5__reanalysis__z925__925hPa__monthly__2010-2010__m04__NH0_90__grid_1p0.grib,/mnt/e/last-aticol/data/raw/era5/pressure-levels/geopotential/925hPa/monthly/cds__era5_pl_monthly__ERA5__reanalysis__z925__925hPa__monthly__2010-2010__m04__NH0_90__grid_1p0.grib,65628,1777487383
2026-04-30T09:27:05Z,/mnt/e/last-aticol/data/raw/era5/pressure-levels/geopotential/925hPa/monthly,cds__era5_pl_monthly__ERA5__reanalysis__z925__925hPa__monthly__2010-2010__m05__NH0_90__grid_1p0.grib,/mnt/e/last-aticol/data/raw/era5/pressure-levels/geopotential/925hPa/monthly/cds__era5_pl_monthly__ERA5__reanalysis__z925__925hPa__monthly__2010-2010__m05__NH0_90__grid_1p0.grib,65628,1777487398
2026-04-30T09:27:05Z,/mnt/e/last-aticol/data/raw/era5/pressure-levels/geopotential/925hPa/monthly,cds__era5_pl_monthly__ERA5__reanalysis__z925__925hPa__monthly__2010-2010__m06__NH0_90__grid_1p0.grib,/mnt/e/last-aticol/data/raw/era5/pressure-levels/geopotential/925hPa/monthly/cds__era5_pl_monthly__ERA5__reanalysis__z925__925hPa__monthly__2010-2010__m06__NH0_90__grid_1p0.grib,65628,1777487421
2026-04-30T09:27:05Z,/mnt/e/last-aticol/data/raw/era5/pressure-levels/geopotential/925hPa/monthly,cds__era5_pl_monthly__ERA5__reanalysis__z925__925hPa__monthly__2010-2010__m07__NH0_90__grid_1p0.grib,/mnt/e/last-aticol/data/raw/era5/pressure-levels/geopotential/925hPa/monthly/cds__era5_pl_monthly__ERA5__reanalysis__z925__925hPa__monthly__2010-2010__m07__NH0_90__grid_1p0.grib,65628,1777487456
2026-04-30T09:27:05Z,/mnt/e/last-aticol/data/raw/era5/pressure-levels/geopotential/925hPa/monthly,cds__era5_pl_monthly__ERA5__reanalysis__z925__925hPa__monthly__2010-2010__m08__NH0_90__grid_1p0.grib,/mnt/e/last-aticol/data/raw/era5/pressure-levels/geopotential/925hPa/monthly/cds__era5_pl_monthly__ERA5__reanalysis__z925__925hPa__monthly__2010-2010__m08__NH0_90__grid_1p0.grib,65628,1777487478
2026-04-30T09:27:05Z,/mnt/e/last-aticol/data/raw/era5/pressure-levels/geopotential/925hPa/monthly,cds__era5_pl_monthly__ERA5__reanalysis__z925__925hPa__monthly__2010-2010__m09__NH0_90__grid_1p0.grib,/mnt/e/last-aticol/data/raw/era5/pressure-levels/geopotential/925hPa/monthly/cds__era5_pl_monthly__ERA5__reanalysis__z925__925hPa__monthly__2010-2010__m09__NH0_90__grid_1p0.grib,65628,1777487500
2026-04-30T09:27:05Z,/mnt/e/last-aticol/data/raw/era5/pressure-levels/geopotential/925hPa/monthly,cds__era5_pl_monthly__ERA5__reanalysis__z925__925hPa__monthly__2010-2010__m10__NH0_90__grid_1p0.grib,/mnt/e/last-aticol/data/raw/era5/pressure-levels/geopotential/925hPa/monthly/cds__era5_pl_monthly__ERA5__reanalysis__z925__925hPa__monthly__2010-2010__m10__NH0_90__grid_1p0.grib,65628,1777487514
2026-04-30T09:27:05Z,/mnt/e/last-aticol/data/raw/era5/pressure-levels/geopotential/925hPa/monthly,cds__era5_pl_monthly__ERA5__reanalysis__z925__925hPa__monthly__2010-2010__m11__NH0_90__grid_1p0.grib,/mnt/e/last-aticol/data/raw/era5/pressure-levels/geopotential/925hPa/monthly/cds__era5_pl_monthly__ERA5__reanalysis__z925__925hPa__monthly__2010-2010__m11__NH0_90__grid_1p0.grib,65628,1777487623
2026-04-30T09:27:05Z,/mnt/e/last-aticol/data/raw/era5/pressure-levels/geopotential/925hPa/monthly,cds__era5_pl_monthly__ERA5__reanalysis__z925__925hPa__monthly__2010-2010__m12__NH0_90__grid_1p0.grib,/mnt/e/last-aticol/data/raw/era5/pressure-levels/geopotential/925hPa/monthly/cds__era5_pl_monthly__ERA5__reanalysis__z925__925hPa__monthly__2010-2010__m12__NH0_90__grid_1p0.grib,65628,1777487645
2026-04-30T09:27:05Z,/mnt/e/last-aticol/data/raw/era5/pressure-levels/geopotential/925hPa/monthly,cds__era5_pl_monthly__ERA5__reanalysis__z925__925hPa__monthly__2011-2011__m01__NH0_90__grid_1p0.grib,/mnt/e/last-aticol/data/raw/era5/pressure-levels/geopotential/925hPa/monthly/cds__era5_pl_monthly__ERA5__reanalysis__z925__925hPa__monthly__2011-2011__m01__NH0_90__grid_1p0.grib,65628,1777487667
2026-04-30T09:27:05Z,/mnt/e/last-aticol/data/raw/era5/pressure-levels/geopotential/925hPa/monthly,cds__era5_pl_monthly__ERA5__reanalysis__z925__925hPa__monthly__2011-2011__m02__NH0_90__grid_1p0.grib,/mnt/e/last-aticol/data/raw/era5/pressure-levels/geopotential/925hPa/monthly/cds__era5_pl_monthly__ERA5__reanalysis__z925__925hPa__monthly__2011-2011__m02__NH0_90__grid_1p0.grib,65628,1777487689
2026-04-30T09:27:05Z,/mnt/e/last-aticol/data/raw/era5/pressure-levels/geopotential/925hPa/monthly,cds__era5_pl_monthly__ERA5__reanalysis__z925__925hPa__monthly__2011-2011__m03__NH0_90__grid_1p0.grib,/mnt/e/last-aticol/data/raw/era5/pressure-levels/geopotential/925hPa/monthly/cds__era5_pl_monthly__ERA5__reanalysis__z925__925hPa__monthly__2011-2011__m03__NH0_90__grid_1p0.grib,65628,1777487721
2026-04-30T09:27:05Z,/mnt/e/last-aticol/data/raw/era5/pressure-levels/geopotential/925hPa/monthly,cds__era5_pl_monthly__ERA5__reanalysis__z925__925hPa__monthly__2011-2011__m04__NH0_90__grid_1p0.grib,/mnt/e/last-aticol/data/raw/era5/pressure-levels/geopotential/925hPa/monthly/cds__era5_pl_monthly__ERA5__reanalysis__z925__925hPa__monthly__2011-2011__m04__NH0_90__grid_1p0.grib,65628,1777487744
2026-04-30T09:27:05Z,/mnt/e/last-aticol/data/raw/era5/pressure-levels/geopotential/925hPa/monthly,cds__era5_pl_monthly__ERA5__reanalysis__z925__925hPa__monthly__2011-2011__m05__NH0_90__grid_1p0.grib,/mnt/e/last-aticol/data/raw/era5/pressure-levels/geopotential/925hPa/monthly/cds__era5_pl_monthly__ERA5__reanalysis__z925__925hPa__monthly__2011-2011__m05__NH0_90__grid_1p0.grib,65628,1777487766
2026-04-30T09:27:05Z,/mnt/e/last-aticol/data/raw/era5/pressure-levels/geopotential/925hPa/monthly,cds__era5_pl_monthly__ERA5__reanalysis__z925__925hPa__monthly__2011-2011__m06__NH0_90__grid_1p0.grib,/mnt/e/last-aticol/data/raw/era5/pressure-levels/geopotential/925hPa/monthly/cds__era5_pl_monthly__ERA5__reanalysis__z925__925hPa__monthly__2011-2011__m06__NH0_90__grid_1p0.grib,65628,1777487788
2026-04-30T09:27:05Z,/mnt/e/last-aticol/data/raw/era5/pressure-levels/geopotential/925hPa/monthly,cds__era5_pl_monthly__ERA5__reanalysis__z925__925hPa__monthly__2011-2011__m07__NH0_90__grid_1p0.grib,/mnt/e/last-aticol/data/raw/era5/pressure-levels/geopotential/925hPa/monthly/cds__era5_pl_monthly__ERA5__reanalysis__z925__925hPa__monthly__2011-2011__m07__NH0_90__grid_1p0.grib,65628,1777487810
2026-04-30T09:27:05Z,/mnt/e/last-aticol/data/raw/era5/pressure-levels/geopotential/925hPa/monthly,cds__era5_pl_monthly__ERA5__reanalysis__z925__925hPa__monthly__2011-2011__m08__NH0_90__grid_1p0.grib,/mnt/e/last-aticol/data/raw/era5/pressure-levels/geopotential/925hPa/monthly/cds__era5_pl_monthly__ERA5__reanalysis__z925__925hPa__monthly__2011-2011__m08__NH0_90__grid_1p0.grib,65628,1777487833
2026-04-30T09:27:05Z,/mnt/e/last-aticol/data/raw/era5/pressure-levels/geopotential/925hPa/monthly,cds__era5_pl_monthly__ERA5__reanalysis__z925__925hPa__monthly__2011-2011__m09__NH0_90__grid_1p0.grib,/mnt/e/last-aticol/data/raw/era5/pressure-levels/geopotential/925hPa/monthly/cds__era5_pl_monthly__ERA5__reanalysis__z925__925hPa__monthly__2011-2011__m09__NH0_90__grid_1p0.grib,65628,1777487865
2026-04-30T09:27:05Z,/mnt/e/last-aticol/data/raw/era5/pressure-levels/geopotential/925hPa/monthly,cds__era5_pl_monthly__ERA5__reanalysis__z925__925hPa__monthly__2011-2011__m10__NH0_90__grid_1p0.grib,/mnt/e/last-aticol/data/raw/era5/pressure-levels/geopotential/925hPa/monthly/cds__era5_pl_monthly__ERA5__reanalysis__z925__925hPa__monthly__2011-2011__m10__NH0_90__grid_1p0.grib,65628,1777487888
2026-04-30T09:27:05Z,/mnt/e/last-aticol/data/raw/era5/pressure-levels/geopotential/925hPa/monthly,cds__era5_pl_monthly__ERA5__reanalysis__z925__925hPa__monthly__2011-2011__m11__NH0_90__grid_1p0.grib,/mnt/e/last-aticol/data/raw/era5/pressure-levels/geopotential/925hPa/monthly/cds__era5_pl_monthly__ERA5__reanalysis__z925__925hPa__monthly__2011-2011__m11__NH0_90__grid_1p0.grib,65628,1777487909
2026-04-30T09:27:05Z,/mnt/e/last-aticol/data/raw/era5/pressure-levels/geopotential/925hPa/monthly,cds__era5_pl_monthly__ERA5__reanalysis__z925__925hPa__monthly__2011-2011__m12__NH0_90__grid_1p0.grib,/mnt/e/last-aticol/data/raw/era5/pressure-levels/geopotential/925hPa/monthly/cds__era5_pl_monthly__ERA5__reanalysis__z925__925hPa__monthly__2011-2011__m12__NH0_90__grid_1p0.grib,65628,1777487942
2026-04-30T09:27:05Z,/mnt/e/last-aticol/data/raw/era5/pressure-levels/geopotential/925hPa/monthly,cds__era5_pl_monthly__ERA5__reanalysis__z925__925hPa__monthly__2012-2012__m01__NH0_90__grid_1p0.grib,/mnt/e/last-aticol/data/raw/era5/pressure-levels/geopotential/925hPa/monthly/cds__era5_pl_monthly__ERA5__reanalysis__z925__925hPa__monthly__2012-2012__m01__NH0_90__grid_1p0.grib,65628,1777487964
2026-04-30T09:27:05Z,/mnt/e/last-aticol/data/raw/era5/pressure-levels/geopotential/925hPa/monthly,cds__era5_pl_monthly__ERA5__reanalysis__z925__925hPa__monthly__2012-2012__m02__NH0_90__grid_1p0.grib,/mnt/e/last-aticol/data/raw/era5/pressure-levels/geopotential/925hPa/monthly/cds__era5_pl_monthly__ERA5__reanalysis__z925__925hPa__monthly__2012-2012__m02__NH0_90__grid_1p0.grib,65628,1777487979
2026-04-30T09:27:05Z,/mnt/e/last-aticol/data/raw/era5/pressure-levels/geopotential/925hPa/monthly,cds__era5_pl_monthly__ERA5__reanalysis__z925__925hPa__monthly__2012-2012__m03__NH0_90__grid_1p0.grib,/mnt/e/last-aticol/data/raw/era5/pressure-levels/geopotential/925hPa/monthly/cds__era5_pl_monthly__ERA5__reanalysis__z925__925hPa__monthly__2012-2012__m03__NH0_90__grid_1p0.grib,65628,1777488002
2026-04-30T09:27:05Z,/mnt/e/last-aticol/data/raw/era5/pressure-levels/geopotential/925hPa/monthly,cds__era5_pl_monthly__ERA5__reanalysis__z925__925hPa__monthly__2012-2012__m04__NH0_90__grid_1p0.grib,/mnt/e/last-aticol/data/raw/era5/pressure-levels/geopotential/925hPa/monthly/cds__era5_pl_monthly__ERA5__reanalysis__z925__925hPa__monthly__2012-2012__m04__NH0_90__grid_1p0.grib,65628,1777488016
2026-04-30T09:27:05Z,/mnt/e/last-aticol/data/raw/era5/pressure-levels/geopotential/925hPa/monthly,cds__era5_pl_monthly__ERA5__reanalysis__z925__925hPa__monthly__2012-2012__m05__NH0_90__grid_1p0.grib,/mnt/e/last-aticol/data/raw/era5/pressure-levels/geopotential/925hPa/monthly/cds__era5_pl_monthly__ERA5__reanalysis__z925__925hPa__monthly__2012-2012__m05__NH0_90__grid_1p0.grib,65628,1777488039
2026-04-30T09:27:05Z,/mnt/e/last-aticol/data/raw/era5/pressure-levels/geopotential/925hPa/monthly,cds__era5_pl_monthly__ERA5__reanalysis__z925__925hPa__monthly__2012-2012__m06__NH0_90__grid_1p0.grib,/mnt/e/last-aticol/data/raw/era5/pressure-levels/geopotential/925hPa/monthly/cds__era5_pl_monthly__ERA5__reanalysis__z925__925hPa__monthly__2012-2012__m06__NH0_90__grid_1p0.grib,65628,1777488060
2026-04-30T09:27:05Z,/mnt/e/last-aticol/data/raw/era5/pressure-levels/geopotential/925hPa/monthly,cds__era5_pl_monthly__ERA5__reanalysis__z925__925hPa__monthly__2012-2012__m07__NH0_90__grid_1p0.grib,/mnt/e/last-aticol/data/raw/era5/pressure-levels/geopotential/925hPa/monthly/cds__era5_pl_monthly__ERA5__reanalysis__z925__925hPa__monthly__2012-2012__m07__NH0_90__grid_1p0.grib,65628,1777488083
2026-04-30T09:27:05Z,/mnt/e/last-aticol/data/raw/era5/pressure-levels/geopotential/925hPa/monthly,cds__era5_pl_monthly__ERA5__reanalysis__z925__925hPa__monthly__2012-2012__m08__NH0_90__grid_1p0.grib,/mnt/e/last-aticol/data/raw/era5/pressure-levels/geopotential/925hPa/monthly/cds__era5_pl_monthly__ERA5__reanalysis__z925__925hPa__monthly__2012-2012__m08__NH0_90__grid_1p0.grib,65628,1777488105
2026-04-30T09:27:05Z,/mnt/e/last-aticol/data/raw/era5/pressure-levels/geopotential/925hPa/monthly,cds__era5_pl_monthly__ERA5__reanalysis__z925__925hPa__monthly__2012-2012__m09__NH0_90__grid_1p0.grib,/mnt/e/last-aticol/data/raw/era5/pressure-levels/geopotential/925hPa/monthly/cds__era5_pl_monthly__ERA5__reanalysis__z925__925hPa__monthly__2012-2012__m09__NH0_90__grid_1p0.grib,65628,1777488120
2026-04-30T09:27:05Z,/mnt/e/last-aticol/data/raw/era5/pressure-levels/geopotential/925hPa/monthly,cds__era5_pl_monthly__ERA5__reanalysis__z925__925hPa__monthly__2012-2012__m10__NH0_90__grid_1p0.grib,/mnt/e/last-aticol/data/raw/era5/pressure-levels/geopotential/925hPa/monthly/cds__era5_pl_monthly__ERA5__reanalysis__z925__925hPa__monthly__2012-2012__m10__NH0_90__grid_1p0.grib,65628,1777488154
2026-04-30T09:27:05Z,/mnt/e/last-aticol/data/raw/era5/pressure-levels/geopotential/925hPa/monthly,cds__era5_pl_monthly__ERA5__reanalysis__z925__925hPa__monthly__2012-2012__m11__NH0_90__grid_1p0.grib,/mnt/e/last-aticol/data/raw/era5/pressure-levels/geopotential/925hPa/monthly/cds__era5_pl_monthly__ERA5__reanalysis__z925__925hPa__monthly__2012-2012__m11__NH0_90__grid_1p0.grib,65628,1777488176
2026-04-30T09:27:05Z,/mnt/e/last-aticol/data/raw/era5/pressure-levels/geopotential/925hPa/monthly,cds__era5_pl_monthly__ERA5__reanalysis__z925__925hPa__monthly__2012-2012__m12__NH0_90__grid_1p0.grib,/mnt/e/last-aticol/data/raw/era5/pressure-levels/geopotential/925hPa/monthly/cds__era5_pl_monthly__ERA5__reanalysis__z925__925hPa__monthly__2012-2012__m12__NH0_90__grid_1p0.grib,65628,1777488191
2026-04-30T09:27:05Z,/mnt/e/last-aticol/data/raw/era5/pressure-levels/geopotential/925hPa/monthly,cds__era5_pl_monthly__ERA5__reanalysis__z925__925hPa__monthly__2013-2013__m01__NH0_90__grid_1p0.grib,/mnt/e/last-aticol/data/raw/era5/pressure-levels/geopotential/925hPa/monthly/cds__era5_pl_monthly__ERA5__reanalysis__z925__925hPa__monthly__2013-2013__m01__NH0_90__grid_1p0.grib,65628,1777488214
2026-04-30T09:27:05Z,/mnt/e/last-aticol/data/raw/era5/pressure-levels/geopotential/925hPa/monthly,cds__era5_pl_monthly__ERA5__reanalysis__z925__925hPa__monthly__2013-2013__m02__NH0_90__grid_1p0.grib,/mnt/e/last-aticol/data/raw/era5/pressure-levels/geopotential/925hPa/monthly/cds__era5_pl_monthly__ERA5__reanalysis__z925__925hPa__monthly__2013-2013__m02__NH0_90__grid_1p0.grib,65628,1777488246
2026-04-30T09:27:05Z,/mnt/e/last-aticol/data/raw/era5/pressure-levels/geopotential/925hPa/monthly,cds__era5_pl_monthly__ERA5__reanalysis__z925__925hPa__monthly__2013-2013__m03__NH0_90__grid_1p0.grib,/mnt/e/last-aticol/data/raw/era5/pressure-levels/geopotential/925hPa/monthly/cds__era5_pl_monthly__ERA5__reanalysis__z925__925hPa__monthly__2013-2013__m03__NH0_90__grid_1p0.grib,65628,1777488271
2026-04-30T09:27:05Z,/mnt/e/last-aticol/data/raw/era5/pressure-levels/geopotential/925hPa/monthly,cds__era5_pl_monthly__ERA5__reanalysis__z925__925hPa__monthly__2013-2013__m04__NH0_90__grid_1p0.grib,/mnt/e/last-aticol/data/raw/era5/pressure-levels/geopotential/925hPa/monthly/cds__era5_pl_monthly__ERA5__reanalysis__z925__925hPa__monthly__2013-2013__m04__NH0_90__grid_1p0.grib,65628,1777488287
2026-04-30T09:27:05Z,/mnt/e/last-aticol/data/raw/era5/pressure-levels/geopotential/925hPa/monthly,cds__era5_pl_monthly__ERA5__reanalysis__z925__925hPa__monthly__2013-2013__m05__NH0_90__grid_1p0.grib,/mnt/e/last-aticol/data/raw/era5/pressure-levels/geopotential/925hPa/monthly/cds__era5_pl_monthly__ERA5__reanalysis__z925__925hPa__monthly__2013-2013__m05__NH0_90__grid_1p0.grib,65628,1777488307
2026-04-30T09:27:05Z,/mnt/e/last-aticol/data/raw/era5/pressure-levels/geopotential/925hPa/monthly,cds__era5_pl_monthly__ERA5__reanalysis__z925__925hPa__monthly__2013-2013__m06__NH0_90__grid_1p0.grib,/mnt/e/last-aticol/data/raw/era5/pressure-levels/geopotential/925hPa/monthly/cds__era5_pl_monthly__ERA5__reanalysis__z925__925hPa__monthly__2013-2013__m06__NH0_90__grid_1p0.grib,65628,1777488324
2026-04-30T09:27:05Z,/mnt/e/last-aticol/data/raw/era5/pressure-levels/geopotential/925hPa/monthly,cds__era5_pl_monthly__ERA5__reanalysis__z925__925hPa__monthly__2013-2013__m07__NH0_90__grid_1p0.grib,/mnt/e/last-aticol/data/raw/era5/pressure-levels/geopotential/925hPa/monthly/cds__era5_pl_monthly__ERA5__reanalysis__z925__925hPa__monthly__2013-2013__m07__NH0_90__grid_1p0.grib,65628,1777488346
2026-04-30T09:27:05Z,/mnt/e/last-aticol/data/raw/era5/pressure-levels/geopotential/925hPa/monthly,cds__era5_pl_monthly__ERA5__reanalysis__z925__925hPa__monthly__2013-2013__m08__NH0_90__grid_1p0.grib,/mnt/e/last-aticol/data/raw/era5/pressure-levels/geopotential/925hPa/monthly/cds__era5_pl_monthly__ERA5__reanalysis__z925__925hPa__monthly__2013-2013__m08__NH0_90__grid_1p0.grib,65628,1777488368
2026-04-30T09:27:05Z,/mnt/e/last-aticol/data/raw/era5/pressure-levels/geopotential/925hPa/monthly,cds__era5_pl_monthly__ERA5__reanalysis__z925__925hPa__monthly__2013-2013__m09__NH0_90__grid_1p0.grib,/mnt/e/last-aticol/data/raw/era5/pressure-levels/geopotential/925hPa/monthly/cds__era5_pl_monthly__ERA5__reanalysis__z925__925hPa__monthly__2013-2013__m09__NH0_90__grid_1p0.grib,65628,1777488402
2026-04-30T09:27:05Z,/mnt/e/last-aticol/data/raw/era5/pressure-levels/geopotential/925hPa/monthly,cds__era5_pl_monthly__ERA5__reanalysis__z925__925hPa__monthly__2013-2013__m10__NH0_90__grid_1p0.grib,/mnt/e/last-aticol/data/raw/era5/pressure-levels/geopotential/925hPa/monthly/cds__era5_pl_monthly__ERA5__reanalysis__z925__925hPa__monthly__2013-2013__m10__NH0_90__grid_1p0.grib,65628,1777488426
2026-04-30T09:27:05Z,/mnt/e/last-aticol/data/raw/era5/pressure-levels/geopotential/925hPa/monthly,cds__era5_pl_monthly__ERA5__reanalysis__z925__925hPa__monthly__2013-2013__m11__NH0_90__grid_1p0.grib,/mnt/e/last-aticol/data/raw/era5/pressure-levels/geopotential/925hPa/monthly/cds__era5_pl_monthly__ERA5__reanalysis__z925__925hPa__monthly__2013-2013__m11__NH0_90__grid_1p0.grib,65628,1777488448
2026-04-30T09:27:05Z,/mnt/e/last-aticol/data/raw/era5/pressure-levels/geopotential/925hPa/monthly,cds__era5_pl_monthly__ERA5__reanalysis__z925__925hPa__monthly__2013-2013__m12__NH0_90__grid_1p0.grib,/mnt/e/last-aticol/data/raw/era5/pressure-levels/geopotential/925hPa/monthly/cds__era5_pl_monthly__ERA5__reanalysis__z925__925hPa__monthly__2013-2013__m12__NH0_90__grid_1p0.grib,65628,1777488471
2026-04-30T09:27:05Z,/mnt/e/last-aticol/data/raw/era5/pressure-levels/geopotential/925hPa/monthly,cds__era5_pl_monthly__ERA5__reanalysis__z925__925hPa__monthly__2014-2014__m01__NH0_90__grid_1p0.grib,/mnt/e/last-aticol/data/raw/era5/pressure-levels/geopotential/925hPa/monthly/cds__era5_pl_monthly__ERA5__reanalysis__z925__925hPa__monthly__2014-2014__m01__NH0_90__grid_1p0.grib,65628,1777488493
2026-04-30T09:27:05Z,/mnt/e/last-aticol/data/raw/era5/pressure-levels/geopotential/925hPa/monthly,cds__era5_pl_monthly__ERA5__reanalysis__z925__925hPa__monthly__2014-2014__m02__NH0_90__grid_1p0.grib,/mnt/e/last-aticol/data/raw/era5/pressure-levels/geopotential/925hPa/monthly/cds__era5_pl_monthly__ERA5__reanalysis__z925__925hPa__monthly__2014-2014__m02__NH0_90__grid_1p0.grib,65628,1777488516
2026-04-30T09:27:05Z,/mnt/e/last-aticol/data/raw/era5/pressure-levels/geopotential/925hPa/monthly,cds__era5_pl_monthly__ERA5__reanalysis__z925__925hPa__monthly__2014-2014__m03__NH0_90__grid_1p0.grib,/mnt/e/last-aticol/data/raw/era5/pressure-levels/geopotential/925hPa/monthly/cds__era5_pl_monthly__ERA5__reanalysis__z925__925hPa__monthly__2014-2014__m03__NH0_90__grid_1p0.grib,65628,1777488538
2026-04-30T09:27:05Z,/mnt/e/last-aticol/data/raw/era5/pressure-levels/geopotential/925hPa/monthly,cds__era5_pl_monthly__ERA5__reanalysis__z925__925hPa__monthly__2014-2014__m04__NH0_90__grid_1p0.grib,/mnt/e/last-aticol/data/raw/era5/pressure-levels/geopotential/925hPa/monthly/cds__era5_pl_monthly__ERA5__reanalysis__z925__925hPa__monthly__2014-2014__m04__NH0_90__grid_1p0.grib,65628,1777488611
2026-04-30T09:27:05Z,/mnt/e/last-aticol/data/raw/era5/pressure-levels/geopotential/925hPa/monthly,cds__era5_pl_monthly__ERA5__reanalysis__z925__925hPa__monthly__2014-2014__m05__NH0_90__grid_1p0.grib,/mnt/e/last-aticol/data/raw/era5/pressure-levels/geopotential/925hPa/monthly/cds__era5_pl_monthly__ERA5__reanalysis__z925__925hPa__monthly__2014-2014__m05__NH0_90__grid_1p0.grib,65628,1777488633
2026-04-30T09:27:05Z,/mnt/e/last-aticol/data/raw/era5/pressure-levels/geopotential/925hPa/monthly,cds__era5_pl_monthly__ERA5__reanalysis__z925__925hPa__monthly__2014-2014__m06__NH0_90__grid_1p0.grib,/mnt/e/last-aticol/data/raw/era5/pressure-levels/geopotential/925hPa/monthly/cds__era5_pl_monthly__ERA5__reanalysis__z925__925hPa__monthly__2014-2014__m06__NH0_90__grid_1p0.grib,65628,1777488648
2026-04-30T09:27:05Z,/mnt/e/last-aticol/data/raw/era5/pressure-levels/geopotential/925hPa/monthly,cds__era5_pl_monthly__ERA5__reanalysis__z925__925hPa__monthly__2014-2014__m07__NH0_90__grid_1p0.grib,/mnt/e/last-aticol/data/raw/era5/pressure-levels/geopotential/925hPa/monthly/cds__era5_pl_monthly__ERA5__reanalysis__z925__925hPa__monthly__2014-2014__m07__NH0_90__grid_1p0.grib,65628,1777488782
2026-04-30T09:27:05Z,/mnt/e/last-aticol/data/raw/era5/pressure-levels/geopotential/925hPa/monthly,cds__era5_pl_monthly__ERA5__reanalysis__z925__925hPa__monthly__2014-2014__m08__NH0_90__grid_1p0.grib,/mnt/e/last-aticol/data/raw/era5/pressure-levels/geopotential/925hPa/monthly/cds__era5_pl_monthly__ERA5__reanalysis__z925__925hPa__monthly__2014-2014__m08__NH0_90__grid_1p0.grib,65628,1777488798
2026-04-30T09:27:05Z,/mnt/e/last-aticol/data/raw/era5/pressure-levels/geopotential/925hPa/monthly,cds__era5_pl_monthly__ERA5__reanalysis__z925__925hPa__monthly__2014-2014__m09__NH0_90__grid_1p0.grib,/mnt/e/last-aticol/data/raw/era5/pressure-levels/geopotential/925hPa/monthly/cds__era5_pl_monthly__ERA5__reanalysis__z925__925hPa__monthly__2014-2014__m09__NH0_90__grid_1p0.grib,65628,1777488817
2026-04-30T09:27:05Z,/mnt/e/last-aticol/data/raw/era5/pressure-levels/geopotential/925hPa/monthly,cds__era5_pl_monthly__ERA5__reanalysis__z925__925hPa__monthly__2014-2014__m10__NH0_90__grid_1p0.grib,/mnt/e/last-aticol/data/raw/era5/pressure-levels/geopotential/925hPa/monthly/cds__era5_pl_monthly__ERA5__reanalysis__z925__925hPa__monthly__2014-2014__m10__NH0_90__grid_1p0.grib,65628,1777488832
2026-04-30T09:27:05Z,/mnt/e/last-aticol/data/raw/era5/pressure-levels/geopotential/925hPa/monthly,cds__era5_pl_monthly__ERA5__reanalysis__z925__925hPa__monthly__2014-2014__m11__NH0_90__grid_1p0.grib,/mnt/e/last-aticol/data/raw/era5/pressure-levels/geopotential/925hPa/monthly/cds__era5_pl_monthly__ERA5__reanalysis__z925__925hPa__monthly__2014-2014__m11__NH0_90__grid_1p0.grib,65628,1777488849
2026-04-30T09:27:05Z,/mnt/e/last-aticol/data/raw/era5/pressure-levels/geopotential/925hPa/monthly,cds__era5_pl_monthly__ERA5__reanalysis__z925__925hPa__monthly__2014-2014__m12__NH0_90__grid_1p0.grib,/mnt/e/last-aticol/data/raw/era5/pressure-levels/geopotential/925hPa/monthly/cds__era5_pl_monthly__ERA5__reanalysis__z925__925hPa__monthly__2014-2014__m12__NH0_90__grid_1p0.grib,65628,1777488871
2026-04-30T09:27:05Z,/mnt/e/last-aticol/data/raw/era5/pressure-levels/geopotential/925hPa/monthly,cds__era5_pl_monthly__ERA5__reanalysis__z925__925hPa__monthly__2015-2015__m01__NH0_90__grid_1p0.grib,/mnt/e/last-aticol/data/raw/era5/pressure-levels/geopotential/925hPa/monthly/cds__era5_pl_monthly__ERA5__reanalysis__z925__925hPa__monthly__2015-2015__m01__NH0_90__grid_1p0.grib,65628,1777488893
2026-04-30T09:27:05Z,/mnt/e/last-aticol/data/raw/era5/pressure-levels/geopotential/925hPa/monthly,cds__era5_pl_monthly__ERA5__reanalysis__z925__925hPa__monthly__2015-2015__m02__NH0_90__grid_1p0.grib,/mnt/e/last-aticol/data/raw/era5/pressure-levels/geopotential/925hPa/monthly/cds__era5_pl_monthly__ERA5__reanalysis__z925__925hPa__monthly__2015-2015__m02__NH0_90__grid_1p0.grib,65628,1777488909
2026-04-30T09:27:05Z,/mnt/e/last-aticol/data/raw/era5/pressure-levels/geopotential/925hPa/monthly,cds__era5_pl_monthly__ERA5__reanalysis__z925__925hPa__monthly__2015-2015__m03__NH0_90__grid_1p0.grib,/mnt/e/last-aticol/data/raw/era5/pressure-levels/geopotential/925hPa/monthly/cds__era5_pl_monthly__ERA5__reanalysis__z925__925hPa__monthly__2015-2015__m03__NH0_90__grid_1p0.grib,65628,1777488924
2026-04-30T09:27:05Z,/mnt/e/last-aticol/data/raw/era5/pressure-levels/geopotential/925hPa/monthly,cds__era5_pl_monthly__ERA5__reanalysis__z925__925hPa__monthly__2015-2015__m04__NH0_90__grid_1p0.grib,/mnt/e/last-aticol/data/raw/era5/pressure-levels/geopotential/925hPa/monthly/cds__era5_pl_monthly__ERA5__reanalysis__z925__925hPa__monthly__2015-2015__m04__NH0_90__grid_1p0.grib,65628,1777488948
2026-04-30T09:27:05Z,/mnt/e/last-aticol/data/raw/era5/pressure-levels/geopotential/925hPa/monthly,cds__era5_pl_monthly__ERA5__reanalysis__z925__925hPa__monthly__2015-2015__m05__NH0_90__grid_1p0.grib,/mnt/e/last-aticol/data/raw/era5/pressure-levels/geopotential/925hPa/monthly/cds__era5_pl_monthly__ERA5__reanalysis__z925__925hPa__monthly__2015-2015__m05__NH0_90__grid_1p0.grib,65628,1777488963
2026-04-30T09:27:05Z,/mnt/e/last-aticol/data/raw/era5/pressure-levels/geopotential/925hPa/monthly,cds__era5_pl_monthly__ERA5__reanalysis__z925__925hPa__monthly__2015-2015__m06__NH0_90__grid_1p0.grib,/mnt/e/last-aticol/data/raw/era5/pressure-levels/geopotential/925hPa/monthly/cds__era5_pl_monthly__ERA5__reanalysis__z925__925hPa__monthly__2015-2015__m06__NH0_90__grid_1p0.grib,65628,1777488981
2026-04-30T09:27:05Z,/mnt/e/last-aticol/data/raw/era5/pressure-levels/geopotential/925hPa/monthly,cds__era5_pl_monthly__ERA5__reanalysis__z925__925hPa__monthly__2015-2015__m07__NH0_90__grid_1p0.grib,/mnt/e/last-aticol/data/raw/era5/pressure-levels/geopotential/925hPa/monthly/cds__era5_pl_monthly__ERA5__reanalysis__z925__925hPa__monthly__2015-2015__m07__NH0_90__grid_1p0.grib,65628,1777488996
2026-04-30T09:27:05Z,/mnt/e/last-aticol/data/raw/era5/pressure-levels/geopotential/925hPa/monthly,cds__era5_pl_monthly__ERA5__reanalysis__z925__925hPa__monthly__2015-2015__m08__NH0_90__grid_1p0.grib,/mnt/e/last-aticol/data/raw/era5/pressure-levels/geopotential/925hPa/monthly/cds__era5_pl_monthly__ERA5__reanalysis__z925__925hPa__monthly__2015-2015__m08__NH0_90__grid_1p0.grib,65628,1777489033
2026-04-30T09:27:05Z,/mnt/e/last-aticol/data/raw/era5/pressure-levels/geopotential/925hPa/monthly,cds__era5_pl_monthly__ERA5__reanalysis__z925__925hPa__monthly__2015-2015__m09__NH0_90__grid_1p0.grib,/mnt/e/last-aticol/data/raw/era5/pressure-levels/geopotential/925hPa/monthly/cds__era5_pl_monthly__ERA5__reanalysis__z925__925hPa__monthly__2015-2015__m09__NH0_90__grid_1p0.grib,65628,1777489055
2026-04-30T09:27:05Z,/mnt/e/last-aticol/data/raw/era5/pressure-levels/geopotential/925hPa/monthly,cds__era5_pl_monthly__ERA5__reanalysis__z925__925hPa__monthly__2015-2015__m10__NH0_90__grid_1p0.grib,/mnt/e/last-aticol/data/raw/era5/pressure-levels/geopotential/925hPa/monthly/cds__era5_pl_monthly__ERA5__reanalysis__z925__925hPa__monthly__2015-2015__m10__NH0_90__grid_1p0.grib,65628,1777489077
2026-04-30T09:27:05Z,/mnt/e/last-aticol/data/raw/era5/pressure-levels/geopotential/925hPa/monthly,cds__era5_pl_monthly__ERA5__reanalysis__z925__925hPa__monthly__2015-2015__m11__NH0_90__grid_1p0.grib,/mnt/e/last-aticol/data/raw/era5/pressure-levels/geopotential/925hPa/monthly/cds__era5_pl_monthly__ERA5__reanalysis__z925__925hPa__monthly__2015-2015__m11__NH0_90__grid_1p0.grib,65628,1777489110
2026-04-30T09:27:05Z,/mnt/e/last-aticol/data/raw/era5/pressure-levels/geopotential/925hPa/monthly,cds__era5_pl_monthly__ERA5__reanalysis__z925__925hPa__monthly__2015-2015__m12__NH0_90__grid_1p0.grib,/mnt/e/last-aticol/data/raw/era5/pressure-levels/geopotential/925hPa/monthly/cds__era5_pl_monthly__ERA5__reanalysis__z925__925hPa__monthly__2015-2015__m12__NH0_90__grid_1p0.grib,65628,1777489132
2026-04-30T09:27:05Z,/mnt/e/last-aticol/data/raw/era5/pressure-levels/geopotential/925hPa/monthly,cds__era5_pl_monthly__ERA5__reanalysis__z925__925hPa__monthly__2016-2016__m01__NH0_90__grid_1p0.grib,/mnt/e/last-aticol/data/raw/era5/pressure-levels/geopotential/925hPa/monthly/cds__era5_pl_monthly__ERA5__reanalysis__z925__925hPa__monthly__2016-2016__m01__NH0_90__grid_1p0.grib,65628,1777489147
2026-04-30T09:27:05Z,/mnt/e/last-aticol/data/raw/era5/pressure-levels/geopotential/925hPa/monthly,cds__era5_pl_monthly__ERA5__reanalysis__z925__925hPa__monthly__2016-2016__m02__NH0_90__grid_1p0.grib,/mnt/e/last-aticol/data/raw/era5/pressure-levels/geopotential/925hPa/monthly/cds__era5_pl_monthly__ERA5__reanalysis__z925__925hPa__monthly__2016-2016__m02__NH0_90__grid_1p0.grib,65628,1777489169
2026-04-30T09:27:05Z,/mnt/e/last-aticol/data/raw/era5/pressure-levels/geopotential/925hPa/monthly,cds__era5_pl_monthly__ERA5__reanalysis__z925__925hPa__monthly__2016-2016__m03__NH0_90__grid_1p0.grib,/mnt/e/last-aticol/data/raw/era5/pressure-levels/geopotential/925hPa/monthly/cds__era5_pl_monthly__ERA5__reanalysis__z925__925hPa__monthly__2016-2016__m03__NH0_90__grid_1p0.grib,65628,1777489193
2026-04-30T09:27:05Z,/mnt/e/last-aticol/data/raw/era5/pressure-levels/geopotential/925hPa/monthly,cds__era5_pl_monthly__ERA5__reanalysis__z925__925hPa__monthly__2016-2016__m04__NH0_90__grid_1p0.grib,/mnt/e/last-aticol/data/raw/era5/pressure-levels/geopotential/925hPa/monthly/cds__era5_pl_monthly__ERA5__reanalysis__z925__925hPa__monthly__2016-2016__m04__NH0_90__grid_1p0.grib,65628,1777489208
2026-04-30T09:27:05Z,/mnt/e/last-aticol/data/raw/era5/pressure-levels/geopotential/925hPa/monthly,cds__era5_pl_monthly__ERA5__reanalysis__z925__925hPa__monthly__2016-2016__m05__NH0_90__grid_1p0.grib,/mnt/e/last-aticol/data/raw/era5/pressure-levels/geopotential/925hPa/monthly/cds__era5_pl_monthly__ERA5__reanalysis__z925__925hPa__monthly__2016-2016__m05__NH0_90__grid_1p0.grib,65628,1777489227
2026-04-30T09:27:05Z,/mnt/e/last-aticol/data/raw/era5/pressure-levels/geopotential/925hPa/monthly,cds__era5_pl_monthly__ERA5__reanalysis__z925__925hPa__monthly__2016-2016__m06__NH0_90__grid_1p0.grib,/mnt/e/last-aticol/data/raw/era5/pressure-levels/geopotential/925hPa/monthly/cds__era5_pl_monthly__ERA5__reanalysis__z925__925hPa__monthly__2016-2016__m06__NH0_90__grid_1p0.grib,65628,1777489249
2026-04-30T09:27:05Z,/mnt/e/last-aticol/data/raw/era5/pressure-levels/geopotential/925hPa/monthly,cds__era5_pl_monthly__ERA5__reanalysis__z925__925hPa__monthly__2016-2016__m07__NH0_90__grid_1p0.grib,/mnt/e/last-aticol/data/raw/era5/pressure-levels/geopotential/925hPa/monthly/cds__era5_pl_monthly__ERA5__reanalysis__z925__925hPa__monthly__2016-2016__m07__NH0_90__grid_1p0.grib,65628,1777489322
2026-04-30T09:27:05Z,/mnt/e/last-aticol/data/raw/era5/pressure-levels/geopotential/925hPa/monthly,cds__era5_pl_monthly__ERA5__reanalysis__z925__925hPa__monthly__2016-2016__m08__NH0_90__grid_1p0.grib,/mnt/e/last-aticol/data/raw/era5/pressure-levels/geopotential/925hPa/monthly/cds__era5_pl_monthly__ERA5__reanalysis__z925__925hPa__monthly__2016-2016__m08__NH0_90__grid_1p0.grib,65628,1777489338
2026-04-30T09:27:05Z,/mnt/e/last-aticol/data/raw/era5/pressure-levels/geopotential/925hPa/monthly,cds__era5_pl_monthly__ERA5__reanalysis__z925__925hPa__monthly__2016-2016__m09__NH0_90__grid_1p0.grib,/mnt/e/last-aticol/data/raw/era5/pressure-levels/geopotential/925hPa/monthly/cds__era5_pl_monthly__ERA5__reanalysis__z925__925hPa__monthly__2016-2016__m09__NH0_90__grid_1p0.grib,65628,1777489371
2026-04-30T09:27:05Z,/mnt/e/last-aticol/data/raw/era5/pressure-levels/geopotential/925hPa/monthly,cds__era5_pl_monthly__ERA5__reanalysis__z925__925hPa__monthly__2016-2016__m10__NH0_90__grid_1p0.grib,/mnt/e/last-aticol/data/raw/era5/pressure-levels/geopotential/925hPa/monthly/cds__era5_pl_monthly__ERA5__reanalysis__z925__925hPa__monthly__2016-2016__m10__NH0_90__grid_1p0.grib,65628,1777489393
2026-04-30T09:27:05Z,/mnt/e/last-aticol/data/raw/era5/pressure-levels/geopotential/925hPa/monthly,cds__era5_pl_monthly__ERA5__reanalysis__z925__925hPa__monthly__2016-2016__m11__NH0_90__grid_1p0.grib,/mnt/e/last-aticol/data/raw/era5/pressure-levels/geopotential/925hPa/monthly/cds__era5_pl_monthly__ERA5__reanalysis__z925__925hPa__monthly__2016-2016__m11__NH0_90__grid_1p0.grib,65628,1777489415
2026-04-30T09:27:05Z,/mnt/e/last-aticol/data/raw/era5/pressure-levels/geopotential/925hPa/monthly,cds__era5_pl_monthly__ERA5__reanalysis__z925__925hPa__monthly__2016-2016__m12__NH0_90__grid_1p0.grib,/mnt/e/last-aticol/data/raw/era5/pressure-levels/geopotential/925hPa/monthly/cds__era5_pl_monthly__ERA5__reanalysis__z925__925hPa__monthly__2016-2016__m12__NH0_90__grid_1p0.grib,65628,1777489430
2026-04-30T09:27:05Z,/mnt/e/last-aticol/data/raw/era5/pressure-levels/geopotential/925hPa/monthly,cds__era5_pl_monthly__ERA5__reanalysis__z925__925hPa__monthly__2017-2017__m01__NH0_90__grid_1p0.grib,/mnt/e/last-aticol/data/raw/era5/pressure-levels/geopotential/925hPa/monthly/cds__era5_pl_monthly__ERA5__reanalysis__z925__925hPa__monthly__2017-2017__m01__NH0_90__grid_1p0.grib,65628,1777489452
2026-04-30T09:27:05Z,/mnt/e/last-aticol/data/raw/era5/pressure-levels/geopotential/925hPa/monthly,cds__era5_pl_monthly__ERA5__reanalysis__z925__925hPa__monthly__2017-2017__m02__NH0_90__grid_1p0.grib,/mnt/e/last-aticol/data/raw/era5/pressure-levels/geopotential/925hPa/monthly/cds__era5_pl_monthly__ERA5__reanalysis__z925__925hPa__monthly__2017-2017__m02__NH0_90__grid_1p0.grib,65628,1777489474
2026-04-30T09:27:05Z,/mnt/e/last-aticol/data/raw/era5/pressure-levels/geopotential/925hPa/monthly,cds__era5_pl_monthly__ERA5__reanalysis__z925__925hPa__monthly__2017-2017__m03__NH0_90__grid_1p0.grib,/mnt/e/last-aticol/data/raw/era5/pressure-levels/geopotential/925hPa/monthly/cds__era5_pl_monthly__ERA5__reanalysis__z925__925hPa__monthly__2017-2017__m03__NH0_90__grid_1p0.grib,65628,1777489496
2026-04-30T09:27:05Z,/mnt/e/last-aticol/data/raw/era5/pressure-levels/geopotential/925hPa/monthly,cds__era5_pl_monthly__ERA5__reanalysis__z925__925hPa__monthly__2017-2017__m04__NH0_90__grid_1p0.grib,/mnt/e/last-aticol/data/raw/era5/pressure-levels/geopotential/925hPa/monthly/cds__era5_pl_monthly__ERA5__reanalysis__z925__925hPa__monthly__2017-2017__m04__NH0_90__grid_1p0.grib,65628,1777489518
2026-04-30T09:27:05Z,/mnt/e/last-aticol/data/raw/era5/pressure-levels/geopotential/925hPa/monthly,cds__era5_pl_monthly__ERA5__reanalysis__z925__925hPa__monthly__2017-2017__m05__NH0_90__grid_1p0.grib,/mnt/e/last-aticol/data/raw/era5/pressure-levels/geopotential/925hPa/monthly/cds__era5_pl_monthly__ERA5__reanalysis__z925__925hPa__monthly__2017-2017__m05__NH0_90__grid_1p0.grib,65628,1777489533
2026-04-30T09:27:05Z,/mnt/e/last-aticol/data/raw/era5/pressure-levels/geopotential/925hPa/monthly,cds__era5_pl_monthly__ERA5__reanalysis__z925__925hPa__monthly__2017-2017__m06__NH0_90__grid_1p0.grib,/mnt/e/last-aticol/data/raw/era5/pressure-levels/geopotential/925hPa/monthly/cds__era5_pl_monthly__ERA5__reanalysis__z925__925hPa__monthly__2017-2017__m06__NH0_90__grid_1p0.grib,65628,1777489555
2026-04-30T09:27:05Z,/mnt/e/last-aticol/data/raw/era5/pressure-levels/geopotential/925hPa/monthly,cds__era5_pl_monthly__ERA5__reanalysis__z925__925hPa__monthly__2017-2017__m07__NH0_90__grid_1p0.grib,/mnt/e/last-aticol/data/raw/era5/pressure-levels/geopotential/925hPa/monthly/cds__era5_pl_monthly__ERA5__reanalysis__z925__925hPa__monthly__2017-2017__m07__NH0_90__grid_1p0.grib,65628,1777489571
2026-04-30T09:27:05Z,/mnt/e/last-aticol/data/raw/era5/pressure-levels/geopotential/925hPa/monthly,cds__era5_pl_monthly__ERA5__reanalysis__z925__925hPa__monthly__2017-2017__m08__NH0_90__grid_1p0.grib,/mnt/e/last-aticol/data/raw/era5/pressure-levels/geopotential/925hPa/monthly/cds__era5_pl_monthly__ERA5__reanalysis__z925__925hPa__monthly__2017-2017__m08__NH0_90__grid_1p0.grib,65628,1777489593
2026-04-30T09:27:05Z,/mnt/e/last-aticol/data/raw/era5/pressure-levels/geopotential/925hPa/monthly,cds__era5_pl_monthly__ERA5__reanalysis__z925__925hPa__monthly__2017-2017__m09__NH0_90__grid_1p0.grib,/mnt/e/last-aticol/data/raw/era5/pressure-levels/geopotential/925hPa/monthly/cds__era5_pl_monthly__ERA5__reanalysis__z925__925hPa__monthly__2017-2017__m09__NH0_90__grid_1p0.grib,65628,1777489615
2026-04-30T09:27:05Z,/mnt/e/last-aticol/data/raw/era5/pressure-levels/geopotential/925hPa/monthly,cds__era5_pl_monthly__ERA5__reanalysis__z925__925hPa__monthly__2017-2017__m10__NH0_90__grid_1p0.grib,/mnt/e/last-aticol/data/raw/era5/pressure-levels/geopotential/925hPa/monthly/cds__era5_pl_monthly__ERA5__reanalysis__z925__925hPa__monthly__2017-2017__m10__NH0_90__grid_1p0.grib,65628,1777489630
2026-04-30T09:27:06Z,/mnt/e/last-aticol/data/raw/era5/pressure-levels/geopotential/925hPa/monthly,cds__era5_pl_monthly__ERA5__reanalysis__z925__925hPa__monthly__2017-2017__m11__NH0_90__grid_1p0.grib,/mnt/e/last-aticol/data/raw/era5/pressure-levels/geopotential/925hPa/monthly/cds__era5_pl_monthly__ERA5__reanalysis__z925__925hPa__monthly__2017-2017__m11__NH0_90__grid_1p0.grib,65628,1777489653
2026-04-30T09:27:06Z,/mnt/e/last-aticol/data/raw/era5/pressure-levels/geopotential/925hPa/monthly,cds__era5_pl_monthly__ERA5__reanalysis__z925__925hPa__monthly__2017-2017__m12__NH0_90__grid_1p0.grib,/mnt/e/last-aticol/data/raw/era5/pressure-levels/geopotential/925hPa/monthly/cds__era5_pl_monthly__ERA5__reanalysis__z925__925hPa__monthly__2017-2017__m12__NH0_90__grid_1p0.grib,65628,1777489668
2026-04-30T09:27:06Z,/mnt/e/last-aticol/data/raw/era5/pressure-levels/geopotential/925hPa/monthly,cds__era5_pl_monthly__ERA5__reanalysis__z925__925hPa__monthly__2018-2018__m01__NH0_90__grid_1p0.grib,/mnt/e/last-aticol/data/raw/era5/pressure-levels/geopotential/925hPa/monthly/cds__era5_pl_monthly__ERA5__reanalysis__z925__925hPa__monthly__2018-2018__m01__NH0_90__grid_1p0.grib,65628,1777489691
2026-04-30T09:27:06Z,/mnt/e/last-aticol/data/raw/era5/pressure-levels/geopotential/925hPa/monthly,cds__era5_pl_monthly__ERA5__reanalysis__z925__925hPa__monthly__2018-2018__m02__NH0_90__grid_1p0.grib,/mnt/e/last-aticol/data/raw/era5/pressure-levels/geopotential/925hPa/monthly/cds__era5_pl_monthly__ERA5__reanalysis__z925__925hPa__monthly__2018-2018__m02__NH0_90__grid_1p0.grib,65628,1777489724
2026-04-30T09:27:06Z,/mnt/e/last-aticol/data/raw/era5/pressure-levels/geopotential/925hPa/monthly,cds__era5_pl_monthly__ERA5__reanalysis__z925__925hPa__monthly__2018-2018__m03__NH0_90__grid_1p0.grib,/mnt/e/last-aticol/data/raw/era5/pressure-levels/geopotential/925hPa/monthly/cds__era5_pl_monthly__ERA5__reanalysis__z925__925hPa__monthly__2018-2018__m03__NH0_90__grid_1p0.grib,65628,1777489746
2026-04-30T09:27:06Z,/mnt/e/last-aticol/data/raw/era5/pressure-levels/geopotential/925hPa/monthly,cds__era5_pl_monthly__ERA5__reanalysis__z925__925hPa__monthly__2018-2018__m04__NH0_90__grid_1p0.grib,/mnt/e/last-aticol/data/raw/era5/pressure-levels/geopotential/925hPa/monthly/cds__era5_pl_monthly__ERA5__reanalysis__z925__925hPa__monthly__2018-2018__m04__NH0_90__grid_1p0.grib,65628,1777489769
2026-04-30T09:27:06Z,/mnt/e/last-aticol/data/raw/era5/pressure-levels/geopotential/925hPa/monthly,cds__era5_pl_monthly__ERA5__reanalysis__z925__925hPa__monthly__2018-2018__m05__NH0_90__grid_1p0.grib,/mnt/e/last-aticol/data/raw/era5/pressure-levels/geopotential/925hPa/monthly/cds__era5_pl_monthly__ERA5__reanalysis__z925__925hPa__monthly__2018-2018__m05__NH0_90__grid_1p0.grib,65628,1777489784
2026-04-30T09:27:06Z,/mnt/e/last-aticol/data/raw/era5/pressure-levels/geopotential/925hPa/monthly,cds__era5_pl_monthly__ERA5__reanalysis__z925__925hPa__monthly__2018-2018__m06__NH0_90__grid_1p0.grib,/mnt/e/last-aticol/data/raw/era5/pressure-levels/geopotential/925hPa/monthly/cds__era5_pl_monthly__ERA5__reanalysis__z925__925hPa__monthly__2018-2018__m06__NH0_90__grid_1p0.grib,65628,1777489800
2026-04-30T09:27:06Z,/mnt/e/last-aticol/data/raw/era5/pressure-levels/geopotential/925hPa/monthly,cds__era5_pl_monthly__ERA5__reanalysis__z925__925hPa__monthly__2018-2018__m07__NH0_90__grid_1p0.grib,/mnt/e/last-aticol/data/raw/era5/pressure-levels/geopotential/925hPa/monthly/cds__era5_pl_monthly__ERA5__reanalysis__z925__925hPa__monthly__2018-2018__m07__NH0_90__grid_1p0.grib,65628,1777489822
2026-04-30T09:27:06Z,/mnt/e/last-aticol/data/raw/era5/pressure-levels/geopotential/925hPa/monthly,cds__era5_pl_monthly__ERA5__reanalysis__z925__925hPa__monthly__2018-2018__m08__NH0_90__grid_1p0.grib,/mnt/e/last-aticol/data/raw/era5/pressure-levels/geopotential/925hPa/monthly/cds__era5_pl_monthly__ERA5__reanalysis__z925__925hPa__monthly__2018-2018__m08__NH0_90__grid_1p0.grib,65628,1777489855
2026-04-30T09:27:06Z,/mnt/e/last-aticol/data/raw/era5/pressure-levels/geopotential/925hPa/monthly,cds__era5_pl_monthly__ERA5__reanalysis__z925__925hPa__monthly__2018-2018__m09__NH0_90__grid_1p0.grib,/mnt/e/last-aticol/data/raw/era5/pressure-levels/geopotential/925hPa/monthly/cds__era5_pl_monthly__ERA5__reanalysis__z925__925hPa__monthly__2018-2018__m09__NH0_90__grid_1p0.grib,65628,1777489878
2026-04-30T09:27:06Z,/mnt/e/last-aticol/data/raw/era5/pressure-levels/geopotential/925hPa/monthly,cds__era5_pl_monthly__ERA5__reanalysis__z925__925hPa__monthly__2018-2018__m10__NH0_90__grid_1p0.grib,/mnt/e/last-aticol/data/raw/era5/pressure-levels/geopotential/925hPa/monthly/cds__era5_pl_monthly__ERA5__reanalysis__z925__925hPa__monthly__2018-2018__m10__NH0_90__grid_1p0.grib,65628,1777489902
2026-04-30T09:27:06Z,/mnt/e/last-aticol/data/raw/era5/pressure-levels/geopotential/925hPa/monthly,cds__era5_pl_monthly__ERA5__reanalysis__z925__925hPa__monthly__2018-2018__m11__NH0_90__grid_1p0.grib,/mnt/e/last-aticol/data/raw/era5/pressure-levels/geopotential/925hPa/monthly/cds__era5_pl_monthly__ERA5__reanalysis__z925__925hPa__monthly__2018-2018__m11__NH0_90__grid_1p0.grib,65628,1777489918
2026-04-30T09:27:06Z,/mnt/e/last-aticol/data/raw/era5/pressure-levels/geopotential/925hPa/monthly,cds__era5_pl_monthly__ERA5__reanalysis__z925__925hPa__monthly__2018-2018__m12__NH0_90__grid_1p0.grib,/mnt/e/last-aticol/data/raw/era5/pressure-levels/geopotential/925hPa/monthly/cds__era5_pl_monthly__ERA5__reanalysis__z925__925hPa__monthly__2018-2018__m12__NH0_90__grid_1p0.grib,65628,1777489940
2026-04-30T09:27:06Z,/mnt/e/last-aticol/data/raw/era5/pressure-levels/geopotential/925hPa/monthly,cds__era5_pl_monthly__ERA5__reanalysis__z925__925hPa__monthly__2019-2019__m01__NH0_90__grid_1p0.grib,/mnt/e/last-aticol/data/raw/era5/pressure-levels/geopotential/925hPa/monthly/cds__era5_pl_monthly__ERA5__reanalysis__z925__925hPa__monthly__2019-2019__m01__NH0_90__grid_1p0.grib,65628,1777489977
2026-04-30T09:27:06Z,/mnt/e/last-aticol/data/raw/era5/pressure-levels/geopotential/925hPa/monthly,cds__era5_pl_monthly__ERA5__reanalysis__z925__925hPa__monthly__2019-2019__m02__NH0_90__grid_1p0.grib,/mnt/e/last-aticol/data/raw/era5/pressure-levels/geopotential/925hPa/monthly/cds__era5_pl_monthly__ERA5__reanalysis__z925__925hPa__monthly__2019-2019__m02__NH0_90__grid_1p0.grib,65628,1777490001
2026-04-30T09:27:06Z,/mnt/e/last-aticol/data/raw/era5/pressure-levels/geopotential/925hPa/monthly,cds__era5_pl_monthly__ERA5__reanalysis__z925__925hPa__monthly__2019-2019__m03__NH0_90__grid_1p0.grib,/mnt/e/last-aticol/data/raw/era5/pressure-levels/geopotential/925hPa/monthly/cds__era5_pl_monthly__ERA5__reanalysis__z925__925hPa__monthly__2019-2019__m03__NH0_90__grid_1p0.grib,65628,1777490023
2026-04-30T09:27:06Z,/mnt/e/last-aticol/data/raw/era5/pressure-levels/geopotential/925hPa/monthly,cds__era5_pl_monthly__ERA5__reanalysis__z925__925hPa__monthly__2019-2019__m04__NH0_90__grid_1p0.grib,/mnt/e/last-aticol/data/raw/era5/pressure-levels/geopotential/925hPa/monthly/cds__era5_pl_monthly__ERA5__reanalysis__z925__925hPa__monthly__2019-2019__m04__NH0_90__grid_1p0.grib,65628,1777490045
2026-04-30T09:27:06Z,/mnt/e/last-aticol/data/raw/era5/pressure-levels/geopotential/925hPa/monthly,cds__era5_pl_monthly__ERA5__reanalysis__z925__925hPa__monthly__2019-2019__m05__NH0_90__grid_1p0.grib,/mnt/e/last-aticol/data/raw/era5/pressure-levels/geopotential/925hPa/monthly/cds__era5_pl_monthly__ERA5__reanalysis__z925__925hPa__monthly__2019-2019__m05__NH0_90__grid_1p0.grib,65628,1777490067
2026-04-30T09:27:06Z,/mnt/e/last-aticol/data/raw/era5/pressure-levels/geopotential/925hPa/monthly,cds__era5_pl_monthly__ERA5__reanalysis__z925__925hPa__monthly__2019-2019__m06__NH0_90__grid_1p0.grib,/mnt/e/last-aticol/data/raw/era5/pressure-levels/geopotential/925hPa/monthly/cds__era5_pl_monthly__ERA5__reanalysis__z925__925hPa__monthly__2019-2019__m06__NH0_90__grid_1p0.grib,65628,1777490086
2026-04-30T09:27:06Z,/mnt/e/last-aticol/data/raw/era5/pressure-levels/geopotential/925hPa/monthly,cds__era5_pl_monthly__ERA5__reanalysis__z925__925hPa__monthly__2019-2019__m07__NH0_90__grid_1p0.grib,/mnt/e/last-aticol/data/raw/era5/pressure-levels/geopotential/925hPa/monthly/cds__era5_pl_monthly__ERA5__reanalysis__z925__925hPa__monthly__2019-2019__m07__NH0_90__grid_1p0.grib,65628,1777490109
2026-04-30T09:27:06Z,/mnt/e/last-aticol/data/raw/era5/pressure-levels/geopotential/925hPa/monthly,cds__era5_pl_monthly__ERA5__reanalysis__z925__925hPa__monthly__2019-2019__m08__NH0_90__grid_1p0.grib,/mnt/e/last-aticol/data/raw/era5/pressure-levels/geopotential/925hPa/monthly/cds__era5_pl_monthly__ERA5__reanalysis__z925__925hPa__monthly__2019-2019__m08__NH0_90__grid_1p0.grib,65628,1777490131
2026-04-30T09:27:06Z,/mnt/e/last-aticol/data/raw/era5/pressure-levels/geopotential/925hPa/monthly,cds__era5_pl_monthly__ERA5__reanalysis__z925__925hPa__monthly__2019-2019__m09__NH0_90__grid_1p0.grib,/mnt/e/last-aticol/data/raw/era5/pressure-levels/geopotential/925hPa/monthly/cds__era5_pl_monthly__ERA5__reanalysis__z925__925hPa__monthly__2019-2019__m09__NH0_90__grid_1p0.grib,65628,1777490153
2026-04-30T09:27:06Z,/mnt/e/last-aticol/data/raw/era5/pressure-levels/geopotential/925hPa/monthly,cds__era5_pl_monthly__ERA5__reanalysis__z925__925hPa__monthly__2019-2019__m10__NH0_90__grid_1p0.grib,/mnt/e/last-aticol/data/raw/era5/pressure-levels/geopotential/925hPa/monthly/cds__era5_pl_monthly__ERA5__reanalysis__z925__925hPa__monthly__2019-2019__m10__NH0_90__grid_1p0.grib,65628,1777490186
2026-04-30T09:27:06Z,/mnt/e/last-aticol/data/raw/era5/pressure-levels/geopotential/925hPa/monthly,cds__era5_pl_monthly__ERA5__reanalysis__z925__925hPa__monthly__2019-2019__m11__NH0_90__grid_1p0.grib,/mnt/e/last-aticol/data/raw/era5/pressure-levels/geopotential/925hPa/monthly/cds__era5_pl_monthly__ERA5__reanalysis__z925__925hPa__monthly__2019-2019__m11__NH0_90__grid_1p0.grib,65628,1777490208
2026-04-30T09:27:06Z,/mnt/e/last-aticol/data/raw/era5/pressure-levels/geopotential/925hPa/monthly,cds__era5_pl_monthly__ERA5__reanalysis__z925__925hPa__monthly__2019-2019__m12__NH0_90__grid_1p0.grib,/mnt/e/last-aticol/data/raw/era5/pressure-levels/geopotential/925hPa/monthly/cds__era5_pl_monthly__ERA5__reanalysis__z925__925hPa__monthly__2019-2019__m12__NH0_90__grid_1p0.grib,65628,1777490224
2026-04-30T09:27:06Z,/mnt/e/last-aticol/data/raw/era5/pressure-levels/geopotential/925hPa/monthly,cds__era5_pl_monthly__ERA5__reanalysis__z925__925hPa__monthly__2020-2020__m01__NH0_90__grid_1p0.grib,/mnt/e/last-aticol/data/raw/era5/pressure-levels/geopotential/925hPa/monthly/cds__era5_pl_monthly__ERA5__reanalysis__z925__925hPa__monthly__2020-2020__m01__NH0_90__grid_1p0.grib,65628,1777490257
2026-04-30T09:27:06Z,/mnt/e/last-aticol/data/raw/era5/pressure-levels/geopotential/925hPa/monthly,cds__era5_pl_monthly__ERA5__reanalysis__z925__925hPa__monthly__2020-2020__m02__NH0_90__grid_1p0.grib,/mnt/e/last-aticol/data/raw/era5/pressure-levels/geopotential/925hPa/monthly/cds__era5_pl_monthly__ERA5__reanalysis__z925__925hPa__monthly__2020-2020__m02__NH0_90__grid_1p0.grib,65628,1777490290
2026-04-30T09:27:06Z,/mnt/e/last-aticol/data/raw/era5/pressure-levels/geopotential/925hPa/monthly,cds__era5_pl_monthly__ERA5__reanalysis__z925__925hPa__monthly__2020-2020__m03__NH0_90__grid_1p0.grib,/mnt/e/last-aticol/data/raw/era5/pressure-levels/geopotential/925hPa/monthly/cds__era5_pl_monthly__ERA5__reanalysis__z925__925hPa__monthly__2020-2020__m03__NH0_90__grid_1p0.grib,65628,1777490312
2026-04-30T09:27:06Z,/mnt/e/last-aticol/data/raw/era5/pressure-levels/geopotential/925hPa/monthly,cds__era5_pl_monthly__ERA5__reanalysis__z925__925hPa__monthly__2020-2020__m04__NH0_90__grid_1p0.grib,/mnt/e/last-aticol/data/raw/era5/pressure-levels/geopotential/925hPa/monthly/cds__era5_pl_monthly__ERA5__reanalysis__z925__925hPa__monthly__2020-2020__m04__NH0_90__grid_1p0.grib,65628,1777490362
2026-04-30T09:27:06Z,/mnt/e/last-aticol/data/raw/era5/pressure-levels/geopotential/925hPa/monthly,cds__era5_pl_monthly__ERA5__reanalysis__z925__925hPa__monthly__2020-2020__m05__NH0_90__grid_1p0.grib,/mnt/e/last-aticol/data/raw/era5/pressure-levels/geopotential/925hPa/monthly/cds__era5_pl_monthly__ERA5__reanalysis__z925__925hPa__monthly__2020-2020__m05__NH0_90__grid_1p0.grib,65628,1777490378
2026-04-30T09:27:06Z,/mnt/e/last-aticol/data/raw/era5/pressure-levels/geopotential/925hPa/monthly,cds__era5_pl_monthly__ERA5__reanalysis__z925__925hPa__monthly__2020-2020__m06__NH0_90__grid_1p0.grib,/mnt/e/last-aticol/data/raw/era5/pressure-levels/geopotential/925hPa/monthly/cds__era5_pl_monthly__ERA5__reanalysis__z925__925hPa__monthly__2020-2020__m06__NH0_90__grid_1p0.grib,65628,1777490395
2026-04-30T09:27:06Z,/mnt/e/last-aticol/data/raw/era5/pressure-levels/geopotential/925hPa/monthly,cds__era5_pl_monthly__ERA5__reanalysis__z925__925hPa__monthly__2020-2020__m07__NH0_90__grid_1p0.grib,/mnt/e/last-aticol/data/raw/era5/pressure-levels/geopotential/925hPa/monthly/cds__era5_pl_monthly__ERA5__reanalysis__z925__925hPa__monthly__2020-2020__m07__NH0_90__grid_1p0.grib,65628,1777490410
2026-04-30T09:27:06Z,/mnt/e/last-aticol/data/raw/era5/pressure-levels/geopotential/925hPa/monthly,cds__era5_pl_monthly__ERA5__reanalysis__z925__925hPa__monthly__2020-2020__m08__NH0_90__grid_1p0.grib,/mnt/e/last-aticol/data/raw/era5/pressure-levels/geopotential/925hPa/monthly/cds__era5_pl_monthly__ERA5__reanalysis__z925__925hPa__monthly__2020-2020__m08__NH0_90__grid_1p0.grib,65628,1777490433
2026-04-30T09:27:06Z,/mnt/e/last-aticol/data/raw/era5/pressure-levels/geopotential/925hPa/monthly,cds__era5_pl_monthly__ERA5__reanalysis__z925__925hPa__monthly__2020-2020__m09__NH0_90__grid_1p0.grib,/mnt/e/last-aticol/data/raw/era5/pressure-levels/geopotential/925hPa/monthly/cds__era5_pl_monthly__ERA5__reanalysis__z925__925hPa__monthly__2020-2020__m09__NH0_90__grid_1p0.grib,65628,1777490466
2026-04-30T09:27:06Z,/mnt/e/last-aticol/data/raw/era5/pressure-levels/geopotential/925hPa/monthly,cds__era5_pl_monthly__ERA5__reanalysis__z925__925hPa__monthly__2020-2020__m10__NH0_90__grid_1p0.grib,/mnt/e/last-aticol/data/raw/era5/pressure-levels/geopotential/925hPa/monthly/cds__era5_pl_monthly__ERA5__reanalysis__z925__925hPa__monthly__2020-2020__m10__NH0_90__grid_1p0.grib,65628,1777490490
2026-04-30T09:27:06Z,/mnt/e/last-aticol/data/raw/era5/pressure-levels/geopotential/925hPa/monthly,cds__era5_pl_monthly__ERA5__reanalysis__z925__925hPa__monthly__2020-2020__m11__NH0_90__grid_1p0.grib,/mnt/e/last-aticol/data/raw/era5/pressure-levels/geopotential/925hPa/monthly/cds__era5_pl_monthly__ERA5__reanalysis__z925__925hPa__monthly__2020-2020__m11__NH0_90__grid_1p0.grib,65628,1777490512
2026-04-30T09:27:06Z,/mnt/e/last-aticol/data/raw/era5/pressure-levels/geopotential/925hPa/monthly,cds__era5_pl_monthly__ERA5__reanalysis__z925__925hPa__monthly__2020-2020__m12__NH0_90__grid_1p0.grib,/mnt/e/last-aticol/data/raw/era5/pressure-levels/geopotential/925hPa/monthly/cds__era5_pl_monthly__ERA5__reanalysis__z925__925hPa__monthly__2020-2020__m12__NH0_90__grid_1p0.grib,65628,1777490535
2026-04-30T09:27:06Z,/mnt/e/last-aticol/data/raw/era5/pressure-levels/geopotential/925hPa/monthly,cds__era5_pl_monthly__ERA5__reanalysis__z925__925hPa__monthly__2021-2021__m01__NH0_90__grid_1p0.grib,/mnt/e/last-aticol/data/raw/era5/pressure-levels/geopotential/925hPa/monthly/cds__era5_pl_monthly__ERA5__reanalysis__z925__925hPa__monthly__2021-2021__m01__NH0_90__grid_1p0.grib,65628,1777490559
2026-04-30T09:27:06Z,/mnt/e/last-aticol/data/raw/era5/pressure-levels/geopotential/925hPa/monthly,cds__era5_pl_monthly__ERA5__reanalysis__z925__925hPa__monthly__2021-2021__m02__NH0_90__grid_1p0.grib,/mnt/e/last-aticol/data/raw/era5/pressure-levels/geopotential/925hPa/monthly/cds__era5_pl_monthly__ERA5__reanalysis__z925__925hPa__monthly__2021-2021__m02__NH0_90__grid_1p0.grib,65628,1777490581
2026-04-30T09:27:06Z,/mnt/e/last-aticol/data/raw/era5/pressure-levels/geopotential/925hPa/monthly,cds__era5_pl_monthly__ERA5__reanalysis__z925__925hPa__monthly__2021-2021__m03__NH0_90__grid_1p0.grib,/mnt/e/last-aticol/data/raw/era5/pressure-levels/geopotential/925hPa/monthly/cds__era5_pl_monthly__ERA5__reanalysis__z925__925hPa__monthly__2021-2021__m03__NH0_90__grid_1p0.grib,65628,1777490596
2026-04-30T09:27:06Z,/mnt/e/last-aticol/data/raw/era5/pressure-levels/geopotential/925hPa/monthly,cds__era5_pl_monthly__ERA5__reanalysis__z925__925hPa__monthly__2021-2021__m04__NH0_90__grid_1p0.grib,/mnt/e/last-aticol/data/raw/era5/pressure-levels/geopotential/925hPa/monthly/cds__era5_pl_monthly__ERA5__reanalysis__z925__925hPa__monthly__2021-2021__m04__NH0_90__grid_1p0.grib,65628,1777490612
2026-04-30T09:27:06Z,/mnt/e/last-aticol/data/raw/era5/pressure-levels/geopotential/925hPa/monthly,cds__era5_pl_monthly__ERA5__reanalysis__z925__925hPa__monthly__2021-2021__m05__NH0_90__grid_1p0.grib,/mnt/e/last-aticol/data/raw/era5/pressure-levels/geopotential/925hPa/monthly/cds__era5_pl_monthly__ERA5__reanalysis__z925__925hPa__monthly__2021-2021__m05__NH0_90__grid_1p0.grib,65628,1777490634
2026-04-30T09:27:06Z,/mnt/e/last-aticol/data/raw/era5/pressure-levels/geopotential/925hPa/monthly,cds__era5_pl_monthly__ERA5__reanalysis__z925__925hPa__monthly__2021-2021__m06__NH0_90__grid_1p0.grib,/mnt/e/last-aticol/data/raw/era5/pressure-levels/geopotential/925hPa/monthly/cds__era5_pl_monthly__ERA5__reanalysis__z925__925hPa__monthly__2021-2021__m06__NH0_90__grid_1p0.grib,65628,1777490667
2026-04-30T09:27:06Z,/mnt/e/last-aticol/data/raw/era5/pressure-levels/geopotential/925hPa/monthly,cds__era5_pl_monthly__ERA5__reanalysis__z925__925hPa__monthly__2021-2021__m07__NH0_90__grid_1p0.grib,/mnt/e/last-aticol/data/raw/era5/pressure-levels/geopotential/925hPa/monthly/cds__era5_pl_monthly__ERA5__reanalysis__z925__925hPa__monthly__2021-2021__m07__NH0_90__grid_1p0.grib,65628,1777490690
2026-04-30T09:27:06Z,/mnt/e/last-aticol/data/raw/era5/pressure-levels/geopotential/925hPa/monthly,cds__era5_pl_monthly__ERA5__reanalysis__z925__925hPa__monthly__2021-2021__m08__NH0_90__grid_1p0.grib,/mnt/e/last-aticol/data/raw/era5/pressure-levels/geopotential/925hPa/monthly/cds__era5_pl_monthly__ERA5__reanalysis__z925__925hPa__monthly__2021-2021__m08__NH0_90__grid_1p0.grib,65628,1777490723
2026-04-30T09:27:06Z,/mnt/e/last-aticol/data/raw/era5/pressure-levels/geopotential/925hPa/monthly,cds__era5_pl_monthly__ERA5__reanalysis__z925__925hPa__monthly__2021-2021__m09__NH0_90__grid_1p0.grib,/mnt/e/last-aticol/data/raw/era5/pressure-levels/geopotential/925hPa/monthly/cds__era5_pl_monthly__ERA5__reanalysis__z925__925hPa__monthly__2021-2021__m09__NH0_90__grid_1p0.grib,65628,1777490745
2026-04-30T09:27:06Z,/mnt/e/last-aticol/data/raw/era5/pressure-levels/geopotential/925hPa/monthly,cds__era5_pl_monthly__ERA5__reanalysis__z925__925hPa__monthly__2021-2021__m10__NH0_90__grid_1p0.grib,/mnt/e/last-aticol/data/raw/era5/pressure-levels/geopotential/925hPa/monthly/cds__era5_pl_monthly__ERA5__reanalysis__z925__925hPa__monthly__2021-2021__m10__NH0_90__grid_1p0.grib,65628,1777490761
2026-04-30T09:27:06Z,/mnt/e/last-aticol/data/raw/era5/pressure-levels/geopotential/925hPa/monthly,cds__era5_pl_monthly__ERA5__reanalysis__z925__925hPa__monthly__2021-2021__m11__NH0_90__grid_1p0.grib,/mnt/e/last-aticol/data/raw/era5/pressure-levels/geopotential/925hPa/monthly/cds__era5_pl_monthly__ERA5__reanalysis__z925__925hPa__monthly__2021-2021__m11__NH0_90__grid_1p0.grib,65628,1777490783
2026-04-30T09:27:06Z,/mnt/e/last-aticol/data/raw/era5/pressure-levels/geopotential/925hPa/monthly,cds__era5_pl_monthly__ERA5__reanalysis__z925__925hPa__monthly__2021-2021__m12__NH0_90__grid_1p0.grib,/mnt/e/last-aticol/data/raw/era5/pressure-levels/geopotential/925hPa/monthly/cds__era5_pl_monthly__ERA5__reanalysis__z925__925hPa__monthly__2021-2021__m12__NH0_90__grid_1p0.grib,65628,1777490805
2026-04-30T09:27:06Z,/mnt/e/last-aticol/data/raw/era5/pressure-levels/geopotential/925hPa/monthly,cds__era5_pl_monthly__ERA5__reanalysis__z925__925hPa__monthly__2022-2022__m01__NH0_90__grid_1p0.grib,/mnt/e/last-aticol/data/raw/era5/pressure-levels/geopotential/925hPa/monthly/cds__era5_pl_monthly__ERA5__reanalysis__z925__925hPa__monthly__2022-2022__m01__NH0_90__grid_1p0.grib,65628,1777490827
2026-04-30T09:27:06Z,/mnt/e/last-aticol/data/raw/era5/pressure-levels/geopotential/925hPa/monthly,cds__era5_pl_monthly__ERA5__reanalysis__z925__925hPa__monthly__2022-2022__m02__NH0_90__grid_1p0.grib,/mnt/e/last-aticol/data/raw/era5/pressure-levels/geopotential/925hPa/monthly/cds__era5_pl_monthly__ERA5__reanalysis__z925__925hPa__monthly__2022-2022__m02__NH0_90__grid_1p0.grib,65628,1777490849
2026-04-30T09:27:06Z,/mnt/e/last-aticol/data/raw/era5/pressure-levels/geopotential/925hPa/monthly,cds__era5_pl_monthly__ERA5__reanalysis__z925__925hPa__monthly__2022-2022__m03__NH0_90__grid_1p0.grib,/mnt/e/last-aticol/data/raw/era5/pressure-levels/geopotential/925hPa/monthly/cds__era5_pl_monthly__ERA5__reanalysis__z925__925hPa__monthly__2022-2022__m03__NH0_90__grid_1p0.grib,65628,1777490872
2026-04-30T09:27:06Z,/mnt/e/last-aticol/data/raw/era5/pressure-levels/geopotential/925hPa/monthly,cds__era5_pl_monthly__ERA5__reanalysis__z925__925hPa__monthly__2022-2022__m04__NH0_90__grid_1p0.grib,/mnt/e/last-aticol/data/raw/era5/pressure-levels/geopotential/925hPa/monthly/cds__era5_pl_monthly__ERA5__reanalysis__z925__925hPa__monthly__2022-2022__m04__NH0_90__grid_1p0.grib,65628,1777490894
2026-04-30T09:27:06Z,/mnt/e/last-aticol/data/raw/era5/pressure-levels/geopotential/925hPa/monthly,cds__era5_pl_monthly__ERA5__reanalysis__z925__925hPa__monthly__2022-2022__m05__NH0_90__grid_1p0.grib,/mnt/e/last-aticol/data/raw/era5/pressure-levels/geopotential/925hPa/monthly/cds__era5_pl_monthly__ERA5__reanalysis__z925__925hPa__monthly__2022-2022__m05__NH0_90__grid_1p0.grib,65628,1777490917
2026-04-30T09:27:06Z,/mnt/e/last-aticol/data/raw/era5/pressure-levels/geopotential/925hPa/monthly,cds__era5_pl_monthly__ERA5__reanalysis__z925__925hPa__monthly__2022-2022__m06__NH0_90__grid_1p0.grib,/mnt/e/last-aticol/data/raw/era5/pressure-levels/geopotential/925hPa/monthly/cds__era5_pl_monthly__ERA5__reanalysis__z925__925hPa__monthly__2022-2022__m06__NH0_90__grid_1p0.grib,65628,1777490989
2026-04-30T09:27:06Z,/mnt/e/last-aticol/data/raw/era5/pressure-levels/geopotential/925hPa/monthly,cds__era5_pl_monthly__ERA5__reanalysis__z925__925hPa__monthly__2022-2022__m07__NH0_90__grid_1p0.grib,/mnt/e/last-aticol/data/raw/era5/pressure-levels/geopotential/925hPa/monthly/cds__era5_pl_monthly__ERA5__reanalysis__z925__925hPa__monthly__2022-2022__m07__NH0_90__grid_1p0.grib,65628,1777491006
2026-04-30T09:27:06Z,/mnt/e/last-aticol/data/raw/era5/pressure-levels/geopotential/925hPa/monthly,cds__era5_pl_monthly__ERA5__reanalysis__z925__925hPa__monthly__2022-2022__m08__NH0_90__grid_1p0.grib,/mnt/e/last-aticol/data/raw/era5/pressure-levels/geopotential/925hPa/monthly/cds__era5_pl_monthly__ERA5__reanalysis__z925__925hPa__monthly__2022-2022__m08__NH0_90__grid_1p0.grib,65628,1777491031
2026-04-30T09:27:06Z,/mnt/e/last-aticol/data/raw/era5/pressure-levels/geopotential/925hPa/monthly,cds__era5_pl_monthly__ERA5__reanalysis__z925__925hPa__monthly__2022-2022__m09__NH0_90__grid_1p0.grib,/mnt/e/last-aticol/data/raw/era5/pressure-levels/geopotential/925hPa/monthly/cds__era5_pl_monthly__ERA5__reanalysis__z925__925hPa__monthly__2022-2022__m09__NH0_90__grid_1p0.grib,65628,1777491064
2026-04-30T09:27:06Z,/mnt/e/last-aticol/data/raw/era5/pressure-levels/geopotential/925hPa/monthly,cds__era5_pl_monthly__ERA5__reanalysis__z925__925hPa__monthly__2022-2022__m10__NH0_90__grid_1p0.grib,/mnt/e/last-aticol/data/raw/era5/pressure-levels/geopotential/925hPa/monthly/cds__era5_pl_monthly__ERA5__reanalysis__z925__925hPa__monthly__2022-2022__m10__NH0_90__grid_1p0.grib,65628,1777491100
2026-04-30T09:27:06Z,/mnt/e/last-aticol/data/raw/era5/pressure-levels/geopotential/925hPa/monthly,cds__era5_pl_monthly__ERA5__reanalysis__z925__925hPa__monthly__2022-2022__m11__NH0_90__grid_1p0.grib,/mnt/e/last-aticol/data/raw/era5/pressure-levels/geopotential/925hPa/monthly/cds__era5_pl_monthly__ERA5__reanalysis__z925__925hPa__monthly__2022-2022__m11__NH0_90__grid_1p0.grib,65628,1777491122
2026-04-30T09:27:06Z,/mnt/e/last-aticol/data/raw/era5/pressure-levels/geopotential/925hPa/monthly,cds__era5_pl_monthly__ERA5__reanalysis__z925__925hPa__monthly__2022-2022__m12__NH0_90__grid_1p0.grib,/mnt/e/last-aticol/data/raw/era5/pressure-levels/geopotential/925hPa/monthly/cds__era5_pl_monthly__ERA5__reanalysis__z925__925hPa__monthly__2022-2022__m12__NH0_90__grid_1p0.grib,65628,1777491137
2026-04-30T09:27:06Z,/mnt/e/last-aticol/data/raw/era5/pressure-levels/geopotential/925hPa/monthly,cds__era5_pl_monthly__ERA5__reanalysis__z925__925hPa__monthly__2023-2023__m01__NH0_90__grid_1p0.grib,/mnt/e/last-aticol/data/raw/era5/pressure-levels/geopotential/925hPa/monthly/cds__era5_pl_monthly__ERA5__reanalysis__z925__925hPa__monthly__2023-2023__m01__NH0_90__grid_1p0.grib,65628,1777491159
2026-04-30T09:27:06Z,/mnt/e/last-aticol/data/raw/era5/pressure-levels/geopotential/925hPa/monthly,cds__era5_pl_monthly__ERA5__reanalysis__z925__925hPa__monthly__2023-2023__m02__NH0_90__grid_1p0.grib,/mnt/e/last-aticol/data/raw/era5/pressure-levels/geopotential/925hPa/monthly/cds__era5_pl_monthly__ERA5__reanalysis__z925__925hPa__monthly__2023-2023__m02__NH0_90__grid_1p0.grib,65628,1777491192
2026-04-30T09:27:06Z,/mnt/e/last-aticol/data/raw/era5/pressure-levels/geopotential/925hPa/monthly,cds__era5_pl_monthly__ERA5__reanalysis__z925__925hPa__monthly__2023-2023__m03__NH0_90__grid_1p0.grib,/mnt/e/last-aticol/data/raw/era5/pressure-levels/geopotential/925hPa/monthly/cds__era5_pl_monthly__ERA5__reanalysis__z925__925hPa__monthly__2023-2023__m03__NH0_90__grid_1p0.grib,65628,1777491214
2026-04-30T09:27:06Z,/mnt/e/last-aticol/data/raw/era5/pressure-levels/geopotential/925hPa/monthly,cds__era5_pl_monthly__ERA5__reanalysis__z925__925hPa__monthly__2023-2023__m04__NH0_90__grid_1p0.grib,/mnt/e/last-aticol/data/raw/era5/pressure-levels/geopotential/925hPa/monthly/cds__era5_pl_monthly__ERA5__reanalysis__z925__925hPa__monthly__2023-2023__m04__NH0_90__grid_1p0.grib,65628,1777491229
2026-04-30T09:27:06Z,/mnt/e/last-aticol/data/raw/era5/pressure-levels/geopotential/925hPa/monthly,cds__era5_pl_monthly__ERA5__reanalysis__z925__925hPa__monthly__2023-2023__m05__NH0_90__grid_1p0.grib,/mnt/e/last-aticol/data/raw/era5/pressure-levels/geopotential/925hPa/monthly/cds__era5_pl_monthly__ERA5__reanalysis__z925__925hPa__monthly__2023-2023__m05__NH0_90__grid_1p0.grib,65628,1777491253
2026-04-30T09:27:06Z,/mnt/e/last-aticol/data/raw/era5/pressure-levels/geopotential/925hPa/monthly,cds__era5_pl_monthly__ERA5__reanalysis__z925__925hPa__monthly__2023-2023__m06__NH0_90__grid_1p0.grib,/mnt/e/last-aticol/data/raw/era5/pressure-levels/geopotential/925hPa/monthly/cds__era5_pl_monthly__ERA5__reanalysis__z925__925hPa__monthly__2023-2023__m06__NH0_90__grid_1p0.grib,65628,1777491275
2026-04-30T09:27:06Z,/mnt/e/last-aticol/data/raw/era5/pressure-levels/geopotential/925hPa/monthly,cds__era5_pl_monthly__ERA5__reanalysis__z925__925hPa__monthly__2023-2023__m07__NH0_90__grid_1p0.grib,/mnt/e/last-aticol/data/raw/era5/pressure-levels/geopotential/925hPa/monthly/cds__era5_pl_monthly__ERA5__reanalysis__z925__925hPa__monthly__2023-2023__m07__NH0_90__grid_1p0.grib,65628,1777491290
2026-04-30T09:27:06Z,/mnt/e/last-aticol/data/raw/era5/pressure-levels/geopotential/925hPa/monthly,cds__era5_pl_monthly__ERA5__reanalysis__z925__925hPa__monthly__2023-2023__m08__NH0_90__grid_1p0.grib,/mnt/e/last-aticol/data/raw/era5/pressure-levels/geopotential/925hPa/monthly/cds__era5_pl_monthly__ERA5__reanalysis__z925__925hPa__monthly__2023-2023__m08__NH0_90__grid_1p0.grib,65628,1777491312
2026-04-30T09:27:06Z,/mnt/e/last-aticol/data/raw/era5/pressure-levels/geopotential/925hPa/monthly,cds__era5_pl_monthly__ERA5__reanalysis__z925__925hPa__monthly__2023-2023__m09__NH0_90__grid_1p0.grib,/mnt/e/last-aticol/data/raw/era5/pressure-levels/geopotential/925hPa/monthly/cds__era5_pl_monthly__ERA5__reanalysis__z925__925hPa__monthly__2023-2023__m09__NH0_90__grid_1p0.grib,65628,1777491334
2026-04-30T09:27:06Z,/mnt/e/last-aticol/data/raw/era5/pressure-levels/geopotential/925hPa/monthly,cds__era5_pl_monthly__ERA5__reanalysis__z925__925hPa__monthly__2023-2023__m10__NH0_90__grid_1p0.grib,/mnt/e/last-aticol/data/raw/era5/pressure-levels/geopotential/925hPa/monthly/cds__era5_pl_monthly__ERA5__reanalysis__z925__925hPa__monthly__2023-2023__m10__NH0_90__grid_1p0.grib,65628,1777491356
2026-04-30T09:27:06Z,/mnt/e/last-aticol/data/raw/era5/pressure-levels/geopotential/925hPa/monthly,cds__era5_pl_monthly__ERA5__reanalysis__z925__925hPa__monthly__2023-2023__m11__NH0_90__grid_1p0.grib,/mnt/e/last-aticol/data/raw/era5/pressure-levels/geopotential/925hPa/monthly/cds__era5_pl_monthly__ERA5__reanalysis__z925__925hPa__monthly__2023-2023__m11__NH0_90__grid_1p0.grib,65628,1777491381
2026-04-30T09:27:06Z,/mnt/e/last-aticol/data/raw/era5/pressure-levels/geopotential/925hPa/monthly,cds__era5_pl_monthly__ERA5__reanalysis__z925__925hPa__monthly__2023-2023__m12__NH0_90__grid_1p0.grib,/mnt/e/last-aticol/data/raw/era5/pressure-levels/geopotential/925hPa/monthly/cds__era5_pl_monthly__ERA5__reanalysis__z925__925hPa__monthly__2023-2023__m12__NH0_90__grid_1p0.grib,65628,1777491396
2026-04-30T09:27:06Z,/mnt/e/last-aticol/data/raw/era5/pressure-levels/geopotential/925hPa/monthly,cds__era5_pl_monthly__ERA5__reanalysis__z925__925hPa__monthly__2024-2024__m01__NH0_90__grid_1p0.grib,/mnt/e/last-aticol/data/raw/era5/pressure-levels/geopotential/925hPa/monthly/cds__era5_pl_monthly__ERA5__reanalysis__z925__925hPa__monthly__2024-2024__m01__NH0_90__grid_1p0.grib,65628,1777491419
2026-04-30T09:27:06Z,/mnt/e/last-aticol/data/raw/era5/pressure-levels/geopotential/925hPa/monthly,cds__era5_pl_monthly__ERA5__reanalysis__z925__925hPa__monthly__2024-2024__m02__NH0_90__grid_1p0.grib,/mnt/e/last-aticol/data/raw/era5/pressure-levels/geopotential/925hPa/monthly/cds__era5_pl_monthly__ERA5__reanalysis__z925__925hPa__monthly__2024-2024__m02__NH0_90__grid_1p0.grib,65628,1777491442
2026-04-30T09:27:06Z,/mnt/e/last-aticol/data/raw/era5/pressure-levels/geopotential/925hPa/monthly,cds__era5_pl_monthly__ERA5__reanalysis__z925__925hPa__monthly__2024-2024__m03__NH0_90__grid_1p0.grib,/mnt/e/last-aticol/data/raw/era5/pressure-levels/geopotential/925hPa/monthly/cds__era5_pl_monthly__ERA5__reanalysis__z925__925hPa__monthly__2024-2024__m03__NH0_90__grid_1p0.grib,65628,1777491464
2026-04-30T09:27:06Z,/mnt/e/last-aticol/data/raw/era5/pressure-levels/geopotential/925hPa/monthly,cds__era5_pl_monthly__ERA5__reanalysis__z925__925hPa__monthly__2024-2024__m04__NH0_90__grid_1p0.grib,/mnt/e/last-aticol/data/raw/era5/pressure-levels/geopotential/925hPa/monthly/cds__era5_pl_monthly__ERA5__reanalysis__z925__925hPa__monthly__2024-2024__m04__NH0_90__grid_1p0.grib,65628,1777491486
2026-04-30T09:27:06Z,/mnt/e/last-aticol/data/raw/era5/pressure-levels/geopotential/925hPa/monthly,cds__era5_pl_monthly__ERA5__reanalysis__z925__925hPa__monthly__2024-2024__m05__NH0_90__grid_1p0.grib,/mnt/e/last-aticol/data/raw/era5/pressure-levels/geopotential/925hPa/monthly/cds__era5_pl_monthly__ERA5__reanalysis__z925__925hPa__monthly__2024-2024__m05__NH0_90__grid_1p0.grib,65628,1777491501
2026-04-30T09:27:06Z,/mnt/e/last-aticol/data/raw/era5/pressure-levels/geopotential/925hPa/monthly,cds__era5_pl_monthly__ERA5__reanalysis__z925__925hPa__monthly__2024-2024__m06__NH0_90__grid_1p0.grib,/mnt/e/last-aticol/data/raw/era5/pressure-levels/geopotential/925hPa/monthly/cds__era5_pl_monthly__ERA5__reanalysis__z925__925hPa__monthly__2024-2024__m06__NH0_90__grid_1p0.grib,65628,1777491523
2026-04-30T09:27:06Z,/mnt/e/last-aticol/data/raw/era5/pressure-levels/geopotential/925hPa/monthly,cds__era5_pl_monthly__ERA5__reanalysis__z925__925hPa__monthly__2024-2024__m07__NH0_90__grid_1p0.grib,/mnt/e/last-aticol/data/raw/era5/pressure-levels/geopotential/925hPa/monthly/cds__era5_pl_monthly__ERA5__reanalysis__z925__925hPa__monthly__2024-2024__m07__NH0_90__grid_1p0.grib,65628,1777491538
2026-04-30T09:27:06Z,/mnt/e/last-aticol/data/raw/era5/pressure-levels/geopotential/925hPa/monthly,cds__era5_pl_monthly__ERA5__reanalysis__z925__925hPa__monthly__2024-2024__m08__NH0_90__grid_1p0.grib,/mnt/e/last-aticol/data/raw/era5/pressure-levels/geopotential/925hPa/monthly/cds__era5_pl_monthly__ERA5__reanalysis__z925__925hPa__monthly__2024-2024__m08__NH0_90__grid_1p0.grib,65628,1777491555
2026-04-30T09:27:06Z,/mnt/e/last-aticol/data/raw/era5/pressure-levels/geopotential/925hPa/monthly,cds__era5_pl_monthly__ERA5__reanalysis__z925__925hPa__monthly__2024-2024__m09__NH0_90__grid_1p0.grib,/mnt/e/last-aticol/data/raw/era5/pressure-levels/geopotential/925hPa/monthly/cds__era5_pl_monthly__ERA5__reanalysis__z925__925hPa__monthly__2024-2024__m09__NH0_90__grid_1p0.grib,65628,1777491577
2026-04-30T09:27:06Z,/mnt/e/last-aticol/data/raw/era5/pressure-levels/geopotential/925hPa/monthly,cds__era5_pl_monthly__ERA5__reanalysis__z925__925hPa__monthly__2024-2024__m10__NH0_90__grid_1p0.grib,/mnt/e/last-aticol/data/raw/era5/pressure-levels/geopotential/925hPa/monthly/cds__era5_pl_monthly__ERA5__reanalysis__z925__925hPa__monthly__2024-2024__m10__NH0_90__grid_1p0.grib,65628,1777491591
2026-04-30T09:27:06Z,/mnt/e/last-aticol/data/raw/era5/pressure-levels/geopotential/925hPa/monthly,cds__era5_pl_monthly__ERA5__reanalysis__z925__925hPa__monthly__2024-2024__m11__NH0_90__grid_1p0.grib,/mnt/e/last-aticol/data/raw/era5/pressure-levels/geopotential/925hPa/monthly/cds__era5_pl_monthly__ERA5__reanalysis__z925__925hPa__monthly__2024-2024__m11__NH0_90__grid_1p0.grib,65628,1777491614
2026-04-30T09:27:06Z,/mnt/e/last-aticol/data/raw/era5/pressure-levels/geopotential/925hPa/monthly,cds__era5_pl_monthly__ERA5__reanalysis__z925__925hPa__monthly__2024-2024__m12__NH0_90__grid_1p0.grib,/mnt/e/last-aticol/data/raw/era5/pressure-levels/geopotential/925hPa/monthly/cds__era5_pl_monthly__ERA5__reanalysis__z925__925hPa__monthly__2024-2024__m12__NH0_90__grid_1p0.grib,65628,1777491647
2026-04-30T09:27:06Z,/mnt/e/last-aticol/data/raw/era5/pressure-levels/geopotential/925hPa/monthly,cds__era5_pl_monthly__ERA5__reanalysis__z925__925hPa__monthly__2025-2025__m01__NH0_90__grid_1p0.grib,/mnt/e/last-aticol/data/raw/era5/pressure-levels/geopotential/925hPa/monthly/cds__era5_pl_monthly__ERA5__reanalysis__z925__925hPa__monthly__2025-2025__m01__NH0_90__grid_1p0.grib,65628,1777491669
2026-04-30T09:27:06Z,/mnt/e/last-aticol/data/raw/era5/pressure-levels/geopotential/925hPa/monthly,cds__era5_pl_monthly__ERA5__reanalysis__z925__925hPa__monthly__2025-2025__m02__NH0_90__grid_1p0.grib,/mnt/e/last-aticol/data/raw/era5/pressure-levels/geopotential/925hPa/monthly/cds__era5_pl_monthly__ERA5__reanalysis__z925__925hPa__monthly__2025-2025__m02__NH0_90__grid_1p0.grib,65628,1777491691
2026-04-30T09:27:06Z,/mnt/e/last-aticol/data/raw/era5/pressure-levels/geopotential/925hPa/monthly,cds__era5_pl_monthly__ERA5__reanalysis__z925__925hPa__monthly__2025-2025__m03__NH0_90__grid_1p0.grib,/mnt/e/last-aticol/data/raw/era5/pressure-levels/geopotential/925hPa/monthly/cds__era5_pl_monthly__ERA5__reanalysis__z925__925hPa__monthly__2025-2025__m03__NH0_90__grid_1p0.grib,65628,1777491724
2026-04-30T09:27:06Z,/mnt/e/last-aticol/data/raw/era5/pressure-levels/geopotential/925hPa/monthly,cds__era5_pl_monthly__ERA5__reanalysis__z925__925hPa__monthly__2025-2025__m04__NH0_90__grid_1p0.grib,/mnt/e/last-aticol/data/raw/era5/pressure-levels/geopotential/925hPa/monthly/cds__era5_pl_monthly__ERA5__reanalysis__z925__925hPa__monthly__2025-2025__m04__NH0_90__grid_1p0.grib,65628,1777491747
2026-04-30T09:27:06Z,/mnt/e/last-aticol/data/raw/era5/pressure-levels/geopotential/925hPa/monthly,cds__era5_pl_monthly__ERA5__reanalysis__z925__925hPa__monthly__2025-2025__m05__NH0_90__grid_1p0.grib,/mnt/e/last-aticol/data/raw/era5/pressure-levels/geopotential/925hPa/monthly/cds__era5_pl_monthly__ERA5__reanalysis__z925__925hPa__monthly__2025-2025__m05__NH0_90__grid_1p0.grib,65628,1777491769
2026-04-30T09:27:06Z,/mnt/e/last-aticol/data/raw/era5/pressure-levels/geopotential/925hPa/monthly,cds__era5_pl_monthly__ERA5__reanalysis__z925__925hPa__monthly__2025-2025__m06__NH0_90__grid_1p0.grib,/mnt/e/last-aticol/data/raw/era5/pressure-levels/geopotential/925hPa/monthly/cds__era5_pl_monthly__ERA5__reanalysis__z925__925hPa__monthly__2025-2025__m06__NH0_90__grid_1p0.grib,65628,1777491792
2026-04-30T09:27:06Z,/mnt/e/last-aticol/data/raw/era5/pressure-levels/geopotential/925hPa/monthly,cds__era5_pl_monthly__ERA5__reanalysis__z925__925hPa__monthly__2025-2025__m07__NH0_90__grid_1p0.grib,/mnt/e/last-aticol/data/raw/era5/pressure-levels/geopotential/925hPa/monthly/cds__era5_pl_monthly__ERA5__reanalysis__z925__925hPa__monthly__2025-2025__m07__NH0_90__grid_1p0.grib,65628,1777491806
2026-04-30T09:27:06Z,/mnt/e/last-aticol/data/raw/era5/pressure-levels/geopotential/925hPa/monthly,cds__era5_pl_monthly__ERA5__reanalysis__z925__925hPa__monthly__2025-2025__m08__NH0_90__grid_1p0.grib,/mnt/e/last-aticol/data/raw/era5/pressure-levels/geopotential/925hPa/monthly/cds__era5_pl_monthly__ERA5__reanalysis__z925__925hPa__monthly__2025-2025__m08__NH0_90__grid_1p0.grib,65628,1777491831
2026-04-30T09:27:06Z,/mnt/e/last-aticol/data/raw/era5/pressure-levels/geopotential/925hPa/monthly,cds__era5_pl_monthly__ERA5__reanalysis__z925__925hPa__monthly__2025-2025__m09__NH0_90__grid_1p0.grib,/mnt/e/last-aticol/data/raw/era5/pressure-levels/geopotential/925hPa/monthly/cds__era5_pl_monthly__ERA5__reanalysis__z925__925hPa__monthly__2025-2025__m09__NH0_90__grid_1p0.grib,65628,1777491854
2026-04-30T09:27:06Z,/mnt/e/last-aticol/data/raw/era5/pressure-levels/geopotential/925hPa/monthly,cds__era5_pl_monthly__ERA5__reanalysis__z925__925hPa__monthly__2025-2025__m10__NH0_90__grid_1p0.grib,/mnt/e/last-aticol/data/raw/era5/pressure-levels/geopotential/925hPa/monthly/cds__era5_pl_monthly__ERA5__reanalysis__z925__925hPa__monthly__2025-2025__m10__NH0_90__grid_1p0.grib,65628,1777491877
2026-04-30T09:27:06Z,/mnt/e/last-aticol/data/raw/era5/pressure-levels/geopotential/925hPa/monthly,cds__era5_pl_monthly__ERA5__reanalysis__z925__925hPa__monthly__2025-2025__m11__NH0_90__grid_1p0.grib,/mnt/e/last-aticol/data/raw/era5/pressure-levels/geopotential/925hPa/monthly/cds__era5_pl_monthly__ERA5__reanalysis__z925__925hPa__monthly__2025-2025__m11__NH0_90__grid_1p0.grib,65628,1777491899
2026-04-30T09:27:06Z,/mnt/e/last-aticol/data/raw/era5/pressure-levels/geopotential/925hPa/monthly,cds__era5_pl_monthly__ERA5__reanalysis__z925__925hPa__monthly__2025-2025__m12__NH0_90__grid_1p0.grib,/mnt/e/last-aticol/data/raw/era5/pressure-levels/geopotential/925hPa/monthly/cds__era5_pl_monthly__ERA5__reanalysis__z925__925hPa__monthly__2025-2025__m12__NH0_90__grid_1p0.grib,65628,1777491922
