scanned_at_utc,root,filename,absolute_path,size_bytes,mtime_epoch
2026-04-16T15:35:38Z,/mnt/e/last-aticol/data/raw/era5/pressure-levels/temperature/850hPa/monthly,cds__era5_pl_monthly__ERA5__reanalysis__t850__850hPa__monthly__2000-2000__m01__NH0_90__grid_1p0.grib,/mnt/e/last-aticol/data/raw/era5/pressure-levels/temperature/850hPa/monthly/cds__era5_pl_monthly__ERA5__reanalysis__t850__850hPa__monthly__2000-2000__m01__NH0_90__grid_1p0.grib,65628,1776344574
2026-04-16T15:35:38Z,/mnt/e/last-aticol/data/raw/era5/pressure-levels/temperature/850hPa/monthly,cds__era5_pl_monthly__ERA5__reanalysis__t850__850hPa__monthly__2000-2000__m02__NH0_90__grid_1p0.grib,/mnt/e/last-aticol/data/raw/era5/pressure-levels/temperature/850hPa/monthly/cds__era5_pl_monthly__ERA5__reanalysis__t850__850hPa__monthly__2000-2000__m02__NH0_90__grid_1p0.grib,65628,1776344596
2026-04-16T15:35:38Z,/mnt/e/last-aticol/data/raw/era5/pressure-levels/temperature/850hPa/monthly,cds__era5_pl_monthly__ERA5__reanalysis__t850__850hPa__monthly__2000-2000__m03__NH0_90__grid_1p0.grib,/mnt/e/last-aticol/data/raw/era5/pressure-levels/temperature/850hPa/monthly/cds__era5_pl_monthly__ERA5__reanalysis__t850__850hPa__monthly__2000-2000__m03__NH0_90__grid_1p0.grib,65628,1776344611
2026-04-16T15:35:38Z,/mnt/e/last-aticol/data/raw/era5/pressure-levels/temperature/850hPa/monthly,cds__era5_pl_monthly__ERA5__reanalysis__t850__850hPa__monthly__2000-2000__m04__NH0_90__grid_1p0.grib,/mnt/e/last-aticol/data/raw/era5/pressure-levels/temperature/850hPa/monthly/cds__era5_pl_monthly__ERA5__reanalysis__t850__850hPa__monthly__2000-2000__m04__NH0_90__grid_1p0.grib,65628,1776344626
2026-04-16T15:35:38Z,/mnt/e/last-aticol/data/raw/era5/pressure-levels/temperature/850hPa/monthly,cds__era5_pl_monthly__ERA5__reanalysis__t850__850hPa__monthly__2000-2000__m05__NH0_90__grid_1p0.grib,/mnt/e/last-aticol/data/raw/era5/pressure-levels/temperature/850hPa/monthly/cds__era5_pl_monthly__ERA5__reanalysis__t850__850hPa__monthly__2000-2000__m05__NH0_90__grid_1p0.grib,65628,1776344641
2026-04-16T15:35:38Z,/mnt/e/last-aticol/data/raw/era5/pressure-levels/temperature/850hPa/monthly,cds__era5_pl_monthly__ERA5__reanalysis__t850__850hPa__monthly__2000-2000__m06__NH0_90__grid_1p0.grib,/mnt/e/last-aticol/data/raw/era5/pressure-levels/temperature/850hPa/monthly/cds__era5_pl_monthly__ERA5__reanalysis__t850__850hPa__monthly__2000-2000__m06__NH0_90__grid_1p0.grib,65628,1776344656
2026-04-16T15:35:38Z,/mnt/e/last-aticol/data/raw/era5/pressure-levels/temperature/850hPa/monthly,cds__era5_pl_monthly__ERA5__reanalysis__t850__850hPa__monthly__2000-2000__m07__NH0_90__grid_1p0.grib,/mnt/e/last-aticol/data/raw/era5/pressure-levels/temperature/850hPa/monthly/cds__era5_pl_monthly__ERA5__reanalysis__t850__850hPa__monthly__2000-2000__m07__NH0_90__grid_1p0.grib,65628,1776344672
2026-04-16T15:35:38Z,/mnt/e/last-aticol/data/raw/era5/pressure-levels/temperature/850hPa/monthly,cds__era5_pl_monthly__ERA5__reanalysis__t850__850hPa__monthly__2000-2000__m08__NH0_90__grid_1p0.grib,/mnt/e/last-aticol/data/raw/era5/pressure-levels/temperature/850hPa/monthly/cds__era5_pl_monthly__ERA5__reanalysis__t850__850hPa__monthly__2000-2000__m08__NH0_90__grid_1p0.grib,65628,1776344687
2026-04-16T15:35:38Z,/mnt/e/last-aticol/data/raw/era5/pressure-levels/temperature/850hPa/monthly,cds__era5_pl_monthly__ERA5__reanalysis__t850__850hPa__monthly__2000-2000__m09__NH0_90__grid_1p0.grib,/mnt/e/last-aticol/data/raw/era5/pressure-levels/temperature/850hPa/monthly/cds__era5_pl_monthly__ERA5__reanalysis__t850__850hPa__monthly__2000-2000__m09__NH0_90__grid_1p0.grib,65628,1776344709
2026-04-16T15:35:38Z,/mnt/e/last-aticol/data/raw/era5/pressure-levels/temperature/850hPa/monthly,cds__era5_pl_monthly__ERA5__reanalysis__t850__850hPa__monthly__2000-2000__m10__NH0_90__grid_1p0.grib,/mnt/e/last-aticol/data/raw/era5/pressure-levels/temperature/850hPa/monthly/cds__era5_pl_monthly__ERA5__reanalysis__t850__850hPa__monthly__2000-2000__m10__NH0_90__grid_1p0.grib,65628,1776344731
2026-04-16T15:35:38Z,/mnt/e/last-aticol/data/raw/era5/pressure-levels/temperature/850hPa/monthly,cds__era5_pl_monthly__ERA5__reanalysis__t850__850hPa__monthly__2000-2000__m11__NH0_90__grid_1p0.grib,/mnt/e/last-aticol/data/raw/era5/pressure-levels/temperature/850hPa/monthly/cds__era5_pl_monthly__ERA5__reanalysis__t850__850hPa__monthly__2000-2000__m11__NH0_90__grid_1p0.grib,65628,1776344747
2026-04-16T15:35:38Z,/mnt/e/last-aticol/data/raw/era5/pressure-levels/temperature/850hPa/monthly,cds__era5_pl_monthly__ERA5__reanalysis__t850__850hPa__monthly__2000-2000__m12__NH0_90__grid_1p0.grib,/mnt/e/last-aticol/data/raw/era5/pressure-levels/temperature/850hPa/monthly/cds__era5_pl_monthly__ERA5__reanalysis__t850__850hPa__monthly__2000-2000__m12__NH0_90__grid_1p0.grib,65628,1776344768
2026-04-16T15:35:38Z,/mnt/e/last-aticol/data/raw/era5/pressure-levels/temperature/850hPa/monthly,cds__era5_pl_monthly__ERA5__reanalysis__t850__850hPa__monthly__2001-2001__m01__NH0_90__grid_1p0.grib,/mnt/e/last-aticol/data/raw/era5/pressure-levels/temperature/850hPa/monthly/cds__era5_pl_monthly__ERA5__reanalysis__t850__850hPa__monthly__2001-2001__m01__NH0_90__grid_1p0.grib,65628,1776344784
2026-04-16T15:35:38Z,/mnt/e/last-aticol/data/raw/era5/pressure-levels/temperature/850hPa/monthly,cds__era5_pl_monthly__ERA5__reanalysis__t850__850hPa__monthly__2001-2001__m02__NH0_90__grid_1p0.grib,/mnt/e/last-aticol/data/raw/era5/pressure-levels/temperature/850hPa/monthly/cds__era5_pl_monthly__ERA5__reanalysis__t850__850hPa__monthly__2001-2001__m02__NH0_90__grid_1p0.grib,65628,1776344805
2026-04-16T15:35:38Z,/mnt/e/last-aticol/data/raw/era5/pressure-levels/temperature/850hPa/monthly,cds__era5_pl_monthly__ERA5__reanalysis__t850__850hPa__monthly__2001-2001__m03__NH0_90__grid_1p0.grib,/mnt/e/last-aticol/data/raw/era5/pressure-levels/temperature/850hPa/monthly/cds__era5_pl_monthly__ERA5__reanalysis__t850__850hPa__monthly__2001-2001__m03__NH0_90__grid_1p0.grib,65628,1776344827
2026-04-16T15:35:38Z,/mnt/e/last-aticol/data/raw/era5/pressure-levels/temperature/850hPa/monthly,cds__era5_pl_monthly__ERA5__reanalysis__t850__850hPa__monthly__2001-2001__m04__NH0_90__grid_1p0.grib,/mnt/e/last-aticol/data/raw/era5/pressure-levels/temperature/850hPa/monthly/cds__era5_pl_monthly__ERA5__reanalysis__t850__850hPa__monthly__2001-2001__m04__NH0_90__grid_1p0.grib,65628,1776344849
2026-04-16T15:35:38Z,/mnt/e/last-aticol/data/raw/era5/pressure-levels/temperature/850hPa/monthly,cds__era5_pl_monthly__ERA5__reanalysis__t850__850hPa__monthly__2001-2001__m05__NH0_90__grid_1p0.grib,/mnt/e/last-aticol/data/raw/era5/pressure-levels/temperature/850hPa/monthly/cds__era5_pl_monthly__ERA5__reanalysis__t850__850hPa__monthly__2001-2001__m05__NH0_90__grid_1p0.grib,65628,1776344864
2026-04-16T15:35:38Z,/mnt/e/last-aticol/data/raw/era5/pressure-levels/temperature/850hPa/monthly,cds__era5_pl_monthly__ERA5__reanalysis__t850__850hPa__monthly__2001-2001__m06__NH0_90__grid_1p0.grib,/mnt/e/last-aticol/data/raw/era5/pressure-levels/temperature/850hPa/monthly/cds__era5_pl_monthly__ERA5__reanalysis__t850__850hPa__monthly__2001-2001__m06__NH0_90__grid_1p0.grib,65628,1776344879
2026-04-16T15:35:38Z,/mnt/e/last-aticol/data/raw/era5/pressure-levels/temperature/850hPa/monthly,cds__era5_pl_monthly__ERA5__reanalysis__t850__850hPa__monthly__2001-2001__m07__NH0_90__grid_1p0.grib,/mnt/e/last-aticol/data/raw/era5/pressure-levels/temperature/850hPa/monthly/cds__era5_pl_monthly__ERA5__reanalysis__t850__850hPa__monthly__2001-2001__m07__NH0_90__grid_1p0.grib,65628,1776344914
2026-04-16T15:35:38Z,/mnt/e/last-aticol/data/raw/era5/pressure-levels/temperature/850hPa/monthly,cds__era5_pl_monthly__ERA5__reanalysis__t850__850hPa__monthly__2001-2001__m08__NH0_90__grid_1p0.grib,/mnt/e/last-aticol/data/raw/era5/pressure-levels/temperature/850hPa/monthly/cds__era5_pl_monthly__ERA5__reanalysis__t850__850hPa__monthly__2001-2001__m08__NH0_90__grid_1p0.grib,65628,1776344929
2026-04-16T15:35:38Z,/mnt/e/last-aticol/data/raw/era5/pressure-levels/temperature/850hPa/monthly,cds__era5_pl_monthly__ERA5__reanalysis__t850__850hPa__monthly__2001-2001__m09__NH0_90__grid_1p0.grib,/mnt/e/last-aticol/data/raw/era5/pressure-levels/temperature/850hPa/monthly/cds__era5_pl_monthly__ERA5__reanalysis__t850__850hPa__monthly__2001-2001__m09__NH0_90__grid_1p0.grib,65628,1776344963
2026-04-16T15:35:38Z,/mnt/e/last-aticol/data/raw/era5/pressure-levels/temperature/850hPa/monthly,cds__era5_pl_monthly__ERA5__reanalysis__t850__850hPa__monthly__2001-2001__m10__NH0_90__grid_1p0.grib,/mnt/e/last-aticol/data/raw/era5/pressure-levels/temperature/850hPa/monthly/cds__era5_pl_monthly__ERA5__reanalysis__t850__850hPa__monthly__2001-2001__m10__NH0_90__grid_1p0.grib,65628,1776344985
2026-04-16T15:35:38Z,/mnt/e/last-aticol/data/raw/era5/pressure-levels/temperature/850hPa/monthly,cds__era5_pl_monthly__ERA5__reanalysis__t850__850hPa__monthly__2001-2001__m11__NH0_90__grid_1p0.grib,/mnt/e/last-aticol/data/raw/era5/pressure-levels/temperature/850hPa/monthly/cds__era5_pl_monthly__ERA5__reanalysis__t850__850hPa__monthly__2001-2001__m11__NH0_90__grid_1p0.grib,65628,1776345000
2026-04-16T15:35:38Z,/mnt/e/last-aticol/data/raw/era5/pressure-levels/temperature/850hPa/monthly,cds__era5_pl_monthly__ERA5__reanalysis__t850__850hPa__monthly__2001-2001__m12__NH0_90__grid_1p0.grib,/mnt/e/last-aticol/data/raw/era5/pressure-levels/temperature/850hPa/monthly/cds__era5_pl_monthly__ERA5__reanalysis__t850__850hPa__monthly__2001-2001__m12__NH0_90__grid_1p0.grib,65628,1776345015
2026-04-16T15:35:38Z,/mnt/e/last-aticol/data/raw/era5/pressure-levels/temperature/850hPa/monthly,cds__era5_pl_monthly__ERA5__reanalysis__t850__850hPa__monthly__2002-2002__m01__NH0_90__grid_1p0.grib,/mnt/e/last-aticol/data/raw/era5/pressure-levels/temperature/850hPa/monthly/cds__era5_pl_monthly__ERA5__reanalysis__t850__850hPa__monthly__2002-2002__m01__NH0_90__grid_1p0.grib,65628,1776345030
2026-04-16T15:35:38Z,/mnt/e/last-aticol/data/raw/era5/pressure-levels/temperature/850hPa/monthly,cds__era5_pl_monthly__ERA5__reanalysis__t850__850hPa__monthly__2002-2002__m02__NH0_90__grid_1p0.grib,/mnt/e/last-aticol/data/raw/era5/pressure-levels/temperature/850hPa/monthly/cds__era5_pl_monthly__ERA5__reanalysis__t850__850hPa__monthly__2002-2002__m02__NH0_90__grid_1p0.grib,65628,1776345046
2026-04-16T15:35:38Z,/mnt/e/last-aticol/data/raw/era5/pressure-levels/temperature/850hPa/monthly,cds__era5_pl_monthly__ERA5__reanalysis__t850__850hPa__monthly__2002-2002__m03__NH0_90__grid_1p0.grib,/mnt/e/last-aticol/data/raw/era5/pressure-levels/temperature/850hPa/monthly/cds__era5_pl_monthly__ERA5__reanalysis__t850__850hPa__monthly__2002-2002__m03__NH0_90__grid_1p0.grib,65628,1776345060
2026-04-16T15:35:38Z,/mnt/e/last-aticol/data/raw/era5/pressure-levels/temperature/850hPa/monthly,cds__era5_pl_monthly__ERA5__reanalysis__t850__850hPa__monthly__2002-2002__m04__NH0_90__grid_1p0.grib,/mnt/e/last-aticol/data/raw/era5/pressure-levels/temperature/850hPa/monthly/cds__era5_pl_monthly__ERA5__reanalysis__t850__850hPa__monthly__2002-2002__m04__NH0_90__grid_1p0.grib,65628,1776345083
2026-04-16T15:35:38Z,/mnt/e/last-aticol/data/raw/era5/pressure-levels/temperature/850hPa/monthly,cds__era5_pl_monthly__ERA5__reanalysis__t850__850hPa__monthly__2002-2002__m05__NH0_90__grid_1p0.grib,/mnt/e/last-aticol/data/raw/era5/pressure-levels/temperature/850hPa/monthly/cds__era5_pl_monthly__ERA5__reanalysis__t850__850hPa__monthly__2002-2002__m05__NH0_90__grid_1p0.grib,65628,1776345105
2026-04-16T15:35:38Z,/mnt/e/last-aticol/data/raw/era5/pressure-levels/temperature/850hPa/monthly,cds__era5_pl_monthly__ERA5__reanalysis__t850__850hPa__monthly__2002-2002__m06__NH0_90__grid_1p0.grib,/mnt/e/last-aticol/data/raw/era5/pressure-levels/temperature/850hPa/monthly/cds__era5_pl_monthly__ERA5__reanalysis__t850__850hPa__monthly__2002-2002__m06__NH0_90__grid_1p0.grib,65628,1776345128
2026-04-16T15:35:38Z,/mnt/e/last-aticol/data/raw/era5/pressure-levels/temperature/850hPa/monthly,cds__era5_pl_monthly__ERA5__reanalysis__t850__850hPa__monthly__2002-2002__m07__NH0_90__grid_1p0.grib,/mnt/e/last-aticol/data/raw/era5/pressure-levels/temperature/850hPa/monthly/cds__era5_pl_monthly__ERA5__reanalysis__t850__850hPa__monthly__2002-2002__m07__NH0_90__grid_1p0.grib,65628,1776345161
2026-04-16T15:35:38Z,/mnt/e/last-aticol/data/raw/era5/pressure-levels/temperature/850hPa/monthly,cds__era5_pl_monthly__ERA5__reanalysis__t850__850hPa__monthly__2002-2002__m08__NH0_90__grid_1p0.grib,/mnt/e/last-aticol/data/raw/era5/pressure-levels/temperature/850hPa/monthly/cds__era5_pl_monthly__ERA5__reanalysis__t850__850hPa__monthly__2002-2002__m08__NH0_90__grid_1p0.grib,65628,1776345176
2026-04-16T15:35:38Z,/mnt/e/last-aticol/data/raw/era5/pressure-levels/temperature/850hPa/monthly,cds__era5_pl_monthly__ERA5__reanalysis__t850__850hPa__monthly__2002-2002__m09__NH0_90__grid_1p0.grib,/mnt/e/last-aticol/data/raw/era5/pressure-levels/temperature/850hPa/monthly/cds__era5_pl_monthly__ERA5__reanalysis__t850__850hPa__monthly__2002-2002__m09__NH0_90__grid_1p0.grib,65628,1776345198
2026-04-16T15:35:38Z,/mnt/e/last-aticol/data/raw/era5/pressure-levels/temperature/850hPa/monthly,cds__era5_pl_monthly__ERA5__reanalysis__t850__850hPa__monthly__2002-2002__m10__NH0_90__grid_1p0.grib,/mnt/e/last-aticol/data/raw/era5/pressure-levels/temperature/850hPa/monthly/cds__era5_pl_monthly__ERA5__reanalysis__t850__850hPa__monthly__2002-2002__m10__NH0_90__grid_1p0.grib,65628,1776345213
2026-04-16T15:35:38Z,/mnt/e/last-aticol/data/raw/era5/pressure-levels/temperature/850hPa/monthly,cds__era5_pl_monthly__ERA5__reanalysis__t850__850hPa__monthly__2002-2002__m11__NH0_90__grid_1p0.grib,/mnt/e/last-aticol/data/raw/era5/pressure-levels/temperature/850hPa/monthly/cds__era5_pl_monthly__ERA5__reanalysis__t850__850hPa__monthly__2002-2002__m11__NH0_90__grid_1p0.grib,65628,1776345228
2026-04-16T15:35:38Z,/mnt/e/last-aticol/data/raw/era5/pressure-levels/temperature/850hPa/monthly,cds__era5_pl_monthly__ERA5__reanalysis__t850__850hPa__monthly__2002-2002__m12__NH0_90__grid_1p0.grib,/mnt/e/last-aticol/data/raw/era5/pressure-levels/temperature/850hPa/monthly/cds__era5_pl_monthly__ERA5__reanalysis__t850__850hPa__monthly__2002-2002__m12__NH0_90__grid_1p0.grib,65628,1776345243
2026-04-16T15:35:38Z,/mnt/e/last-aticol/data/raw/era5/pressure-levels/temperature/850hPa/monthly,cds__era5_pl_monthly__ERA5__reanalysis__t850__850hPa__monthly__2003-2003__m01__NH0_90__grid_1p0.grib,/mnt/e/last-aticol/data/raw/era5/pressure-levels/temperature/850hPa/monthly/cds__era5_pl_monthly__ERA5__reanalysis__t850__850hPa__monthly__2003-2003__m01__NH0_90__grid_1p0.grib,65628,1776345277
2026-04-16T15:35:38Z,/mnt/e/last-aticol/data/raw/era5/pressure-levels/temperature/850hPa/monthly,cds__era5_pl_monthly__ERA5__reanalysis__t850__850hPa__monthly__2003-2003__m02__NH0_90__grid_1p0.grib,/mnt/e/last-aticol/data/raw/era5/pressure-levels/temperature/850hPa/monthly/cds__era5_pl_monthly__ERA5__reanalysis__t850__850hPa__monthly__2003-2003__m02__NH0_90__grid_1p0.grib,65628,1776345298
2026-04-16T15:35:38Z,/mnt/e/last-aticol/data/raw/era5/pressure-levels/temperature/850hPa/monthly,cds__era5_pl_monthly__ERA5__reanalysis__t850__850hPa__monthly__2003-2003__m03__NH0_90__grid_1p0.grib,/mnt/e/last-aticol/data/raw/era5/pressure-levels/temperature/850hPa/monthly/cds__era5_pl_monthly__ERA5__reanalysis__t850__850hPa__monthly__2003-2003__m03__NH0_90__grid_1p0.grib,65628,1776345314
2026-04-16T15:35:38Z,/mnt/e/last-aticol/data/raw/era5/pressure-levels/temperature/850hPa/monthly,cds__era5_pl_monthly__ERA5__reanalysis__t850__850hPa__monthly__2003-2003__m04__NH0_90__grid_1p0.grib,/mnt/e/last-aticol/data/raw/era5/pressure-levels/temperature/850hPa/monthly/cds__era5_pl_monthly__ERA5__reanalysis__t850__850hPa__monthly__2003-2003__m04__NH0_90__grid_1p0.grib,65628,1776345329
2026-04-16T15:35:38Z,/mnt/e/last-aticol/data/raw/era5/pressure-levels/temperature/850hPa/monthly,cds__era5_pl_monthly__ERA5__reanalysis__t850__850hPa__monthly__2003-2003__m05__NH0_90__grid_1p0.grib,/mnt/e/last-aticol/data/raw/era5/pressure-levels/temperature/850hPa/monthly/cds__era5_pl_monthly__ERA5__reanalysis__t850__850hPa__monthly__2003-2003__m05__NH0_90__grid_1p0.grib,65628,1776345362
2026-04-16T15:35:38Z,/mnt/e/last-aticol/data/raw/era5/pressure-levels/temperature/850hPa/monthly,cds__era5_pl_monthly__ERA5__reanalysis__t850__850hPa__monthly__2003-2003__m06__NH0_90__grid_1p0.grib,/mnt/e/last-aticol/data/raw/era5/pressure-levels/temperature/850hPa/monthly/cds__era5_pl_monthly__ERA5__reanalysis__t850__850hPa__monthly__2003-2003__m06__NH0_90__grid_1p0.grib,65628,1776345384
2026-04-16T15:35:38Z,/mnt/e/last-aticol/data/raw/era5/pressure-levels/temperature/850hPa/monthly,cds__era5_pl_monthly__ERA5__reanalysis__t850__850hPa__monthly__2003-2003__m07__NH0_90__grid_1p0.grib,/mnt/e/last-aticol/data/raw/era5/pressure-levels/temperature/850hPa/monthly/cds__era5_pl_monthly__ERA5__reanalysis__t850__850hPa__monthly__2003-2003__m07__NH0_90__grid_1p0.grib,65628,1776345417
2026-04-16T15:35:38Z,/mnt/e/last-aticol/data/raw/era5/pressure-levels/temperature/850hPa/monthly,cds__era5_pl_monthly__ERA5__reanalysis__t850__850hPa__monthly__2003-2003__m08__NH0_90__grid_1p0.grib,/mnt/e/last-aticol/data/raw/era5/pressure-levels/temperature/850hPa/monthly/cds__era5_pl_monthly__ERA5__reanalysis__t850__850hPa__monthly__2003-2003__m08__NH0_90__grid_1p0.grib,65628,1776345432
2026-04-16T15:35:38Z,/mnt/e/last-aticol/data/raw/era5/pressure-levels/temperature/850hPa/monthly,cds__era5_pl_monthly__ERA5__reanalysis__t850__850hPa__monthly__2003-2003__m09__NH0_90__grid_1p0.grib,/mnt/e/last-aticol/data/raw/era5/pressure-levels/temperature/850hPa/monthly/cds__era5_pl_monthly__ERA5__reanalysis__t850__850hPa__monthly__2003-2003__m09__NH0_90__grid_1p0.grib,65628,1776345447
2026-04-16T15:35:38Z,/mnt/e/last-aticol/data/raw/era5/pressure-levels/temperature/850hPa/monthly,cds__era5_pl_monthly__ERA5__reanalysis__t850__850hPa__monthly__2003-2003__m10__NH0_90__grid_1p0.grib,/mnt/e/last-aticol/data/raw/era5/pressure-levels/temperature/850hPa/monthly/cds__era5_pl_monthly__ERA5__reanalysis__t850__850hPa__monthly__2003-2003__m10__NH0_90__grid_1p0.grib,65628,1776345464
2026-04-16T15:35:38Z,/mnt/e/last-aticol/data/raw/era5/pressure-levels/temperature/850hPa/monthly,cds__era5_pl_monthly__ERA5__reanalysis__t850__850hPa__monthly__2003-2003__m11__NH0_90__grid_1p0.grib,/mnt/e/last-aticol/data/raw/era5/pressure-levels/temperature/850hPa/monthly/cds__era5_pl_monthly__ERA5__reanalysis__t850__850hPa__monthly__2003-2003__m11__NH0_90__grid_1p0.grib,65628,1776345479
2026-04-16T15:35:38Z,/mnt/e/last-aticol/data/raw/era5/pressure-levels/temperature/850hPa/monthly,cds__era5_pl_monthly__ERA5__reanalysis__t850__850hPa__monthly__2003-2003__m12__NH0_90__grid_1p0.grib,/mnt/e/last-aticol/data/raw/era5/pressure-levels/temperature/850hPa/monthly/cds__era5_pl_monthly__ERA5__reanalysis__t850__850hPa__monthly__2003-2003__m12__NH0_90__grid_1p0.grib,65628,1776345494
2026-04-16T15:35:38Z,/mnt/e/last-aticol/data/raw/era5/pressure-levels/temperature/850hPa/monthly,cds__era5_pl_monthly__ERA5__reanalysis__t850__850hPa__monthly__2004-2004__m01__NH0_90__grid_1p0.grib,/mnt/e/last-aticol/data/raw/era5/pressure-levels/temperature/850hPa/monthly/cds__era5_pl_monthly__ERA5__reanalysis__t850__850hPa__monthly__2004-2004__m01__NH0_90__grid_1p0.grib,65628,1776345510
2026-04-16T15:35:38Z,/mnt/e/last-aticol/data/raw/era5/pressure-levels/temperature/850hPa/monthly,cds__era5_pl_monthly__ERA5__reanalysis__t850__850hPa__monthly__2004-2004__m02__NH0_90__grid_1p0.grib,/mnt/e/last-aticol/data/raw/era5/pressure-levels/temperature/850hPa/monthly/cds__era5_pl_monthly__ERA5__reanalysis__t850__850hPa__monthly__2004-2004__m02__NH0_90__grid_1p0.grib,65628,1776345618
2026-04-16T15:35:38Z,/mnt/e/last-aticol/data/raw/era5/pressure-levels/temperature/850hPa/monthly,cds__era5_pl_monthly__ERA5__reanalysis__t850__850hPa__monthly__2004-2004__m03__NH0_90__grid_1p0.grib,/mnt/e/last-aticol/data/raw/era5/pressure-levels/temperature/850hPa/monthly/cds__era5_pl_monthly__ERA5__reanalysis__t850__850hPa__monthly__2004-2004__m03__NH0_90__grid_1p0.grib,65628,1776345640
2026-04-16T15:35:39Z,/mnt/e/last-aticol/data/raw/era5/pressure-levels/temperature/850hPa/monthly,cds__era5_pl_monthly__ERA5__reanalysis__t850__850hPa__monthly__2004-2004__m04__NH0_90__grid_1p0.grib,/mnt/e/last-aticol/data/raw/era5/pressure-levels/temperature/850hPa/monthly/cds__era5_pl_monthly__ERA5__reanalysis__t850__850hPa__monthly__2004-2004__m04__NH0_90__grid_1p0.grib,65628,1776345662
2026-04-16T15:35:39Z,/mnt/e/last-aticol/data/raw/era5/pressure-levels/temperature/850hPa/monthly,cds__era5_pl_monthly__ERA5__reanalysis__t850__850hPa__monthly__2004-2004__m05__NH0_90__grid_1p0.grib,/mnt/e/last-aticol/data/raw/era5/pressure-levels/temperature/850hPa/monthly/cds__era5_pl_monthly__ERA5__reanalysis__t850__850hPa__monthly__2004-2004__m05__NH0_90__grid_1p0.grib,65628,1776345734
2026-04-16T15:35:39Z,/mnt/e/last-aticol/data/raw/era5/pressure-levels/temperature/850hPa/monthly,cds__era5_pl_monthly__ERA5__reanalysis__t850__850hPa__monthly__2004-2004__m06__NH0_90__grid_1p0.grib,/mnt/e/last-aticol/data/raw/era5/pressure-levels/temperature/850hPa/monthly/cds__era5_pl_monthly__ERA5__reanalysis__t850__850hPa__monthly__2004-2004__m06__NH0_90__grid_1p0.grib,65628,1776345766
2026-04-16T15:35:39Z,/mnt/e/last-aticol/data/raw/era5/pressure-levels/temperature/850hPa/monthly,cds__era5_pl_monthly__ERA5__reanalysis__t850__850hPa__monthly__2004-2004__m07__NH0_90__grid_1p0.grib,/mnt/e/last-aticol/data/raw/era5/pressure-levels/temperature/850hPa/monthly/cds__era5_pl_monthly__ERA5__reanalysis__t850__850hPa__monthly__2004-2004__m07__NH0_90__grid_1p0.grib,65628,1776345874
2026-04-16T15:35:39Z,/mnt/e/last-aticol/data/raw/era5/pressure-levels/temperature/850hPa/monthly,cds__era5_pl_monthly__ERA5__reanalysis__t850__850hPa__monthly__2004-2004__m08__NH0_90__grid_1p0.grib,/mnt/e/last-aticol/data/raw/era5/pressure-levels/temperature/850hPa/monthly/cds__era5_pl_monthly__ERA5__reanalysis__t850__850hPa__monthly__2004-2004__m08__NH0_90__grid_1p0.grib,65628,1776345889
2026-04-16T15:35:39Z,/mnt/e/last-aticol/data/raw/era5/pressure-levels/temperature/850hPa/monthly,cds__era5_pl_monthly__ERA5__reanalysis__t850__850hPa__monthly__2004-2004__m09__NH0_90__grid_1p0.grib,/mnt/e/last-aticol/data/raw/era5/pressure-levels/temperature/850hPa/monthly/cds__era5_pl_monthly__ERA5__reanalysis__t850__850hPa__monthly__2004-2004__m09__NH0_90__grid_1p0.grib,65628,1776345911
2026-04-16T15:35:39Z,/mnt/e/last-aticol/data/raw/era5/pressure-levels/temperature/850hPa/monthly,cds__era5_pl_monthly__ERA5__reanalysis__t850__850hPa__monthly__2004-2004__m10__NH0_90__grid_1p0.grib,/mnt/e/last-aticol/data/raw/era5/pressure-levels/temperature/850hPa/monthly/cds__era5_pl_monthly__ERA5__reanalysis__t850__850hPa__monthly__2004-2004__m10__NH0_90__grid_1p0.grib,65628,1776345943
2026-04-16T15:35:39Z,/mnt/e/last-aticol/data/raw/era5/pressure-levels/temperature/850hPa/monthly,cds__era5_pl_monthly__ERA5__reanalysis__t850__850hPa__monthly__2004-2004__m11__NH0_90__grid_1p0.grib,/mnt/e/last-aticol/data/raw/era5/pressure-levels/temperature/850hPa/monthly/cds__era5_pl_monthly__ERA5__reanalysis__t850__850hPa__monthly__2004-2004__m11__NH0_90__grid_1p0.grib,65628,1776345959
2026-04-16T15:35:39Z,/mnt/e/last-aticol/data/raw/era5/pressure-levels/temperature/850hPa/monthly,cds__era5_pl_monthly__ERA5__reanalysis__t850__850hPa__monthly__2004-2004__m12__NH0_90__grid_1p0.grib,/mnt/e/last-aticol/data/raw/era5/pressure-levels/temperature/850hPa/monthly/cds__era5_pl_monthly__ERA5__reanalysis__t850__850hPa__monthly__2004-2004__m12__NH0_90__grid_1p0.grib,65628,1776345992
2026-04-16T15:35:39Z,/mnt/e/last-aticol/data/raw/era5/pressure-levels/temperature/850hPa/monthly,cds__era5_pl_monthly__ERA5__reanalysis__t850__850hPa__monthly__2005-2005__m01__NH0_90__grid_1p0.grib,/mnt/e/last-aticol/data/raw/era5/pressure-levels/temperature/850hPa/monthly/cds__era5_pl_monthly__ERA5__reanalysis__t850__850hPa__monthly__2005-2005__m01__NH0_90__grid_1p0.grib,65628,1776346025
2026-04-16T15:35:39Z,/mnt/e/last-aticol/data/raw/era5/pressure-levels/temperature/850hPa/monthly,cds__era5_pl_monthly__ERA5__reanalysis__t850__850hPa__monthly__2005-2005__m02__NH0_90__grid_1p0.grib,/mnt/e/last-aticol/data/raw/era5/pressure-levels/temperature/850hPa/monthly/cds__era5_pl_monthly__ERA5__reanalysis__t850__850hPa__monthly__2005-2005__m02__NH0_90__grid_1p0.grib,65628,1776346040
2026-04-16T15:35:39Z,/mnt/e/last-aticol/data/raw/era5/pressure-levels/temperature/850hPa/monthly,cds__era5_pl_monthly__ERA5__reanalysis__t850__850hPa__monthly__2005-2005__m03__NH0_90__grid_1p0.grib,/mnt/e/last-aticol/data/raw/era5/pressure-levels/temperature/850hPa/monthly/cds__era5_pl_monthly__ERA5__reanalysis__t850__850hPa__monthly__2005-2005__m03__NH0_90__grid_1p0.grib,65628,1776346073
2026-04-16T15:35:39Z,/mnt/e/last-aticol/data/raw/era5/pressure-levels/temperature/850hPa/monthly,cds__era5_pl_monthly__ERA5__reanalysis__t850__850hPa__monthly__2005-2005__m04__NH0_90__grid_1p0.grib,/mnt/e/last-aticol/data/raw/era5/pressure-levels/temperature/850hPa/monthly/cds__era5_pl_monthly__ERA5__reanalysis__t850__850hPa__monthly__2005-2005__m04__NH0_90__grid_1p0.grib,65628,1776346088
2026-04-16T15:35:39Z,/mnt/e/last-aticol/data/raw/era5/pressure-levels/temperature/850hPa/monthly,cds__era5_pl_monthly__ERA5__reanalysis__t850__850hPa__monthly__2005-2005__m05__NH0_90__grid_1p0.grib,/mnt/e/last-aticol/data/raw/era5/pressure-levels/temperature/850hPa/monthly/cds__era5_pl_monthly__ERA5__reanalysis__t850__850hPa__monthly__2005-2005__m05__NH0_90__grid_1p0.grib,65628,1776346110
2026-04-16T15:35:39Z,/mnt/e/last-aticol/data/raw/era5/pressure-levels/temperature/850hPa/monthly,cds__era5_pl_monthly__ERA5__reanalysis__t850__850hPa__monthly__2005-2005__m06__NH0_90__grid_1p0.grib,/mnt/e/last-aticol/data/raw/era5/pressure-levels/temperature/850hPa/monthly/cds__era5_pl_monthly__ERA5__reanalysis__t850__850hPa__monthly__2005-2005__m06__NH0_90__grid_1p0.grib,65628,1776346132
2026-04-16T15:35:39Z,/mnt/e/last-aticol/data/raw/era5/pressure-levels/temperature/850hPa/monthly,cds__era5_pl_monthly__ERA5__reanalysis__t850__850hPa__monthly__2005-2005__m07__NH0_90__grid_1p0.grib,/mnt/e/last-aticol/data/raw/era5/pressure-levels/temperature/850hPa/monthly/cds__era5_pl_monthly__ERA5__reanalysis__t850__850hPa__monthly__2005-2005__m07__NH0_90__grid_1p0.grib,65628,1776346155
2026-04-16T15:35:39Z,/mnt/e/last-aticol/data/raw/era5/pressure-levels/temperature/850hPa/monthly,cds__era5_pl_monthly__ERA5__reanalysis__t850__850hPa__monthly__2005-2005__m08__NH0_90__grid_1p0.grib,/mnt/e/last-aticol/data/raw/era5/pressure-levels/temperature/850hPa/monthly/cds__era5_pl_monthly__ERA5__reanalysis__t850__850hPa__monthly__2005-2005__m08__NH0_90__grid_1p0.grib,65628,1776346176
2026-04-16T15:35:39Z,/mnt/e/last-aticol/data/raw/era5/pressure-levels/temperature/850hPa/monthly,cds__era5_pl_monthly__ERA5__reanalysis__t850__850hPa__monthly__2005-2005__m09__NH0_90__grid_1p0.grib,/mnt/e/last-aticol/data/raw/era5/pressure-levels/temperature/850hPa/monthly/cds__era5_pl_monthly__ERA5__reanalysis__t850__850hPa__monthly__2005-2005__m09__NH0_90__grid_1p0.grib,65628,1776346198
2026-04-16T15:35:39Z,/mnt/e/last-aticol/data/raw/era5/pressure-levels/temperature/850hPa/monthly,cds__era5_pl_monthly__ERA5__reanalysis__t850__850hPa__monthly__2005-2005__m10__NH0_90__grid_1p0.grib,/mnt/e/last-aticol/data/raw/era5/pressure-levels/temperature/850hPa/monthly/cds__era5_pl_monthly__ERA5__reanalysis__t850__850hPa__monthly__2005-2005__m10__NH0_90__grid_1p0.grib,65628,1776346214
2026-04-16T15:35:39Z,/mnt/e/last-aticol/data/raw/era5/pressure-levels/temperature/850hPa/monthly,cds__era5_pl_monthly__ERA5__reanalysis__t850__850hPa__monthly__2005-2005__m11__NH0_90__grid_1p0.grib,/mnt/e/last-aticol/data/raw/era5/pressure-levels/temperature/850hPa/monthly/cds__era5_pl_monthly__ERA5__reanalysis__t850__850hPa__monthly__2005-2005__m11__NH0_90__grid_1p0.grib,65628,1776346236
2026-04-16T15:35:39Z,/mnt/e/last-aticol/data/raw/era5/pressure-levels/temperature/850hPa/monthly,cds__era5_pl_monthly__ERA5__reanalysis__t850__850hPa__monthly__2005-2005__m12__NH0_90__grid_1p0.grib,/mnt/e/last-aticol/data/raw/era5/pressure-levels/temperature/850hPa/monthly/cds__era5_pl_monthly__ERA5__reanalysis__t850__850hPa__monthly__2005-2005__m12__NH0_90__grid_1p0.grib,65628,1776346260
2026-04-16T15:35:39Z,/mnt/e/last-aticol/data/raw/era5/pressure-levels/temperature/850hPa/monthly,cds__era5_pl_monthly__ERA5__reanalysis__t850__850hPa__monthly__2006-2006__m01__NH0_90__grid_1p0.grib,/mnt/e/last-aticol/data/raw/era5/pressure-levels/temperature/850hPa/monthly/cds__era5_pl_monthly__ERA5__reanalysis__t850__850hPa__monthly__2006-2006__m01__NH0_90__grid_1p0.grib,65628,1776346284
2026-04-16T15:35:39Z,/mnt/e/last-aticol/data/raw/era5/pressure-levels/temperature/850hPa/monthly,cds__era5_pl_monthly__ERA5__reanalysis__t850__850hPa__monthly__2006-2006__m02__NH0_90__grid_1p0.grib,/mnt/e/last-aticol/data/raw/era5/pressure-levels/temperature/850hPa/monthly/cds__era5_pl_monthly__ERA5__reanalysis__t850__850hPa__monthly__2006-2006__m02__NH0_90__grid_1p0.grib,65628,1776346306
2026-04-16T15:35:39Z,/mnt/e/last-aticol/data/raw/era5/pressure-levels/temperature/850hPa/monthly,cds__era5_pl_monthly__ERA5__reanalysis__t850__850hPa__monthly__2006-2006__m03__NH0_90__grid_1p0.grib,/mnt/e/last-aticol/data/raw/era5/pressure-levels/temperature/850hPa/monthly/cds__era5_pl_monthly__ERA5__reanalysis__t850__850hPa__monthly__2006-2006__m03__NH0_90__grid_1p0.grib,65628,1776346338
2026-04-16T15:35:39Z,/mnt/e/last-aticol/data/raw/era5/pressure-levels/temperature/850hPa/monthly,cds__era5_pl_monthly__ERA5__reanalysis__t850__850hPa__monthly__2006-2006__m04__NH0_90__grid_1p0.grib,/mnt/e/last-aticol/data/raw/era5/pressure-levels/temperature/850hPa/monthly/cds__era5_pl_monthly__ERA5__reanalysis__t850__850hPa__monthly__2006-2006__m04__NH0_90__grid_1p0.grib,65628,1776346353
2026-04-16T15:35:39Z,/mnt/e/last-aticol/data/raw/era5/pressure-levels/temperature/850hPa/monthly,cds__era5_pl_monthly__ERA5__reanalysis__t850__850hPa__monthly__2006-2006__m05__NH0_90__grid_1p0.grib,/mnt/e/last-aticol/data/raw/era5/pressure-levels/temperature/850hPa/monthly/cds__era5_pl_monthly__ERA5__reanalysis__t850__850hPa__monthly__2006-2006__m05__NH0_90__grid_1p0.grib,65628,1776346375
2026-04-16T15:35:39Z,/mnt/e/last-aticol/data/raw/era5/pressure-levels/temperature/850hPa/monthly,cds__era5_pl_monthly__ERA5__reanalysis__t850__850hPa__monthly__2006-2006__m06__NH0_90__grid_1p0.grib,/mnt/e/last-aticol/data/raw/era5/pressure-levels/temperature/850hPa/monthly/cds__era5_pl_monthly__ERA5__reanalysis__t850__850hPa__monthly__2006-2006__m06__NH0_90__grid_1p0.grib,65628,1776346397
2026-04-16T15:35:39Z,/mnt/e/last-aticol/data/raw/era5/pressure-levels/temperature/850hPa/monthly,cds__era5_pl_monthly__ERA5__reanalysis__t850__850hPa__monthly__2006-2006__m07__NH0_90__grid_1p0.grib,/mnt/e/last-aticol/data/raw/era5/pressure-levels/temperature/850hPa/monthly/cds__era5_pl_monthly__ERA5__reanalysis__t850__850hPa__monthly__2006-2006__m07__NH0_90__grid_1p0.grib,65628,1776346419
2026-04-16T15:35:39Z,/mnt/e/last-aticol/data/raw/era5/pressure-levels/temperature/850hPa/monthly,cds__era5_pl_monthly__ERA5__reanalysis__t850__850hPa__monthly__2006-2006__m08__NH0_90__grid_1p0.grib,/mnt/e/last-aticol/data/raw/era5/pressure-levels/temperature/850hPa/monthly/cds__era5_pl_monthly__ERA5__reanalysis__t850__850hPa__monthly__2006-2006__m08__NH0_90__grid_1p0.grib,65628,1776346491
2026-04-16T15:35:39Z,/mnt/e/last-aticol/data/raw/era5/pressure-levels/temperature/850hPa/monthly,cds__era5_pl_monthly__ERA5__reanalysis__t850__850hPa__monthly__2006-2006__m09__NH0_90__grid_1p0.grib,/mnt/e/last-aticol/data/raw/era5/pressure-levels/temperature/850hPa/monthly/cds__era5_pl_monthly__ERA5__reanalysis__t850__850hPa__monthly__2006-2006__m09__NH0_90__grid_1p0.grib,65628,1776346513
2026-04-16T15:35:39Z,/mnt/e/last-aticol/data/raw/era5/pressure-levels/temperature/850hPa/monthly,cds__era5_pl_monthly__ERA5__reanalysis__t850__850hPa__monthly__2006-2006__m10__NH0_90__grid_1p0.grib,/mnt/e/last-aticol/data/raw/era5/pressure-levels/temperature/850hPa/monthly/cds__era5_pl_monthly__ERA5__reanalysis__t850__850hPa__monthly__2006-2006__m10__NH0_90__grid_1p0.grib,65628,1776346535
2026-04-16T15:35:39Z,/mnt/e/last-aticol/data/raw/era5/pressure-levels/temperature/850hPa/monthly,cds__era5_pl_monthly__ERA5__reanalysis__t850__850hPa__monthly__2006-2006__m11__NH0_90__grid_1p0.grib,/mnt/e/last-aticol/data/raw/era5/pressure-levels/temperature/850hPa/monthly/cds__era5_pl_monthly__ERA5__reanalysis__t850__850hPa__monthly__2006-2006__m11__NH0_90__grid_1p0.grib,65628,1776346549
2026-04-16T15:35:39Z,/mnt/e/last-aticol/data/raw/era5/pressure-levels/temperature/850hPa/monthly,cds__era5_pl_monthly__ERA5__reanalysis__t850__850hPa__monthly__2006-2006__m12__NH0_90__grid_1p0.grib,/mnt/e/last-aticol/data/raw/era5/pressure-levels/temperature/850hPa/monthly/cds__era5_pl_monthly__ERA5__reanalysis__t850__850hPa__monthly__2006-2006__m12__NH0_90__grid_1p0.grib,65628,1776346582
2026-04-16T15:35:39Z,/mnt/e/last-aticol/data/raw/era5/pressure-levels/temperature/850hPa/monthly,cds__era5_pl_monthly__ERA5__reanalysis__t850__850hPa__monthly__2007-2007__m01__NH0_90__grid_1p0.grib,/mnt/e/last-aticol/data/raw/era5/pressure-levels/temperature/850hPa/monthly/cds__era5_pl_monthly__ERA5__reanalysis__t850__850hPa__monthly__2007-2007__m01__NH0_90__grid_1p0.grib,65628,1776346745
2026-04-16T15:35:39Z,/mnt/e/last-aticol/data/raw/era5/pressure-levels/temperature/850hPa/monthly,cds__era5_pl_monthly__ERA5__reanalysis__t850__850hPa__monthly__2007-2007__m02__NH0_90__grid_1p0.grib,/mnt/e/last-aticol/data/raw/era5/pressure-levels/temperature/850hPa/monthly/cds__era5_pl_monthly__ERA5__reanalysis__t850__850hPa__monthly__2007-2007__m02__NH0_90__grid_1p0.grib,65628,1776346767
2026-04-16T15:35:39Z,/mnt/e/last-aticol/data/raw/era5/pressure-levels/temperature/850hPa/monthly,cds__era5_pl_monthly__ERA5__reanalysis__t850__850hPa__monthly__2007-2007__m03__NH0_90__grid_1p0.grib,/mnt/e/last-aticol/data/raw/era5/pressure-levels/temperature/850hPa/monthly/cds__era5_pl_monthly__ERA5__reanalysis__t850__850hPa__monthly__2007-2007__m03__NH0_90__grid_1p0.grib,65628,1776346789
2026-04-16T15:35:39Z,/mnt/e/last-aticol/data/raw/era5/pressure-levels/temperature/850hPa/monthly,cds__era5_pl_monthly__ERA5__reanalysis__t850__850hPa__monthly__2007-2007__m04__NH0_90__grid_1p0.grib,/mnt/e/last-aticol/data/raw/era5/pressure-levels/temperature/850hPa/monthly/cds__era5_pl_monthly__ERA5__reanalysis__t850__850hPa__monthly__2007-2007__m04__NH0_90__grid_1p0.grib,65628,1776346811
2026-04-16T15:35:39Z,/mnt/e/last-aticol/data/raw/era5/pressure-levels/temperature/850hPa/monthly,cds__era5_pl_monthly__ERA5__reanalysis__t850__850hPa__monthly__2007-2007__m05__NH0_90__grid_1p0.grib,/mnt/e/last-aticol/data/raw/era5/pressure-levels/temperature/850hPa/monthly/cds__era5_pl_monthly__ERA5__reanalysis__t850__850hPa__monthly__2007-2007__m05__NH0_90__grid_1p0.grib,65628,1776346834
2026-04-16T15:35:39Z,/mnt/e/last-aticol/data/raw/era5/pressure-levels/temperature/850hPa/monthly,cds__era5_pl_monthly__ERA5__reanalysis__t850__850hPa__monthly__2007-2007__m06__NH0_90__grid_1p0.grib,/mnt/e/last-aticol/data/raw/era5/pressure-levels/temperature/850hPa/monthly/cds__era5_pl_monthly__ERA5__reanalysis__t850__850hPa__monthly__2007-2007__m06__NH0_90__grid_1p0.grib,65628,1776346849
2026-04-16T15:35:39Z,/mnt/e/last-aticol/data/raw/era5/pressure-levels/temperature/850hPa/monthly,cds__era5_pl_monthly__ERA5__reanalysis__t850__850hPa__monthly__2007-2007__m07__NH0_90__grid_1p0.grib,/mnt/e/last-aticol/data/raw/era5/pressure-levels/temperature/850hPa/monthly/cds__era5_pl_monthly__ERA5__reanalysis__t850__850hPa__monthly__2007-2007__m07__NH0_90__grid_1p0.grib,65628,1776346864
2026-04-16T15:35:39Z,/mnt/e/last-aticol/data/raw/era5/pressure-levels/temperature/850hPa/monthly,cds__era5_pl_monthly__ERA5__reanalysis__t850__850hPa__monthly__2007-2007__m08__NH0_90__grid_1p0.grib,/mnt/e/last-aticol/data/raw/era5/pressure-levels/temperature/850hPa/monthly/cds__era5_pl_monthly__ERA5__reanalysis__t850__850hPa__monthly__2007-2007__m08__NH0_90__grid_1p0.grib,65628,1776346886
2026-04-16T15:35:39Z,/mnt/e/last-aticol/data/raw/era5/pressure-levels/temperature/850hPa/monthly,cds__era5_pl_monthly__ERA5__reanalysis__t850__850hPa__monthly__2007-2007__m09__NH0_90__grid_1p0.grib,/mnt/e/last-aticol/data/raw/era5/pressure-levels/temperature/850hPa/monthly/cds__era5_pl_monthly__ERA5__reanalysis__t850__850hPa__monthly__2007-2007__m09__NH0_90__grid_1p0.grib,65628,1776346908
2026-04-16T15:35:39Z,/mnt/e/last-aticol/data/raw/era5/pressure-levels/temperature/850hPa/monthly,cds__era5_pl_monthly__ERA5__reanalysis__t850__850hPa__monthly__2007-2007__m10__NH0_90__grid_1p0.grib,/mnt/e/last-aticol/data/raw/era5/pressure-levels/temperature/850hPa/monthly/cds__era5_pl_monthly__ERA5__reanalysis__t850__850hPa__monthly__2007-2007__m10__NH0_90__grid_1p0.grib,65628,1776346923
2026-04-16T15:35:39Z,/mnt/e/last-aticol/data/raw/era5/pressure-levels/temperature/850hPa/monthly,cds__era5_pl_monthly__ERA5__reanalysis__t850__850hPa__monthly__2007-2007__m11__NH0_90__grid_1p0.grib,/mnt/e/last-aticol/data/raw/era5/pressure-levels/temperature/850hPa/monthly/cds__era5_pl_monthly__ERA5__reanalysis__t850__850hPa__monthly__2007-2007__m11__NH0_90__grid_1p0.grib,65628,1776346945
2026-04-16T15:35:39Z,/mnt/e/last-aticol/data/raw/era5/pressure-levels/temperature/850hPa/monthly,cds__era5_pl_monthly__ERA5__reanalysis__t850__850hPa__monthly__2007-2007__m12__NH0_90__grid_1p0.grib,/mnt/e/last-aticol/data/raw/era5/pressure-levels/temperature/850hPa/monthly/cds__era5_pl_monthly__ERA5__reanalysis__t850__850hPa__monthly__2007-2007__m12__NH0_90__grid_1p0.grib,65628,1776346960
2026-04-16T15:35:39Z,/mnt/e/last-aticol/data/raw/era5/pressure-levels/temperature/850hPa/monthly,cds__era5_pl_monthly__ERA5__reanalysis__t850__850hPa__monthly__2008-2008__m01__NH0_90__grid_1p0.grib,/mnt/e/last-aticol/data/raw/era5/pressure-levels/temperature/850hPa/monthly/cds__era5_pl_monthly__ERA5__reanalysis__t850__850hPa__monthly__2008-2008__m01__NH0_90__grid_1p0.grib,65628,1776346975
2026-04-16T15:35:39Z,/mnt/e/last-aticol/data/raw/era5/pressure-levels/temperature/850hPa/monthly,cds__era5_pl_monthly__ERA5__reanalysis__t850__850hPa__monthly__2008-2008__m02__NH0_90__grid_1p0.grib,/mnt/e/last-aticol/data/raw/era5/pressure-levels/temperature/850hPa/monthly/cds__era5_pl_monthly__ERA5__reanalysis__t850__850hPa__monthly__2008-2008__m02__NH0_90__grid_1p0.grib,65628,1776346990
2026-04-16T15:35:39Z,/mnt/e/last-aticol/data/raw/era5/pressure-levels/temperature/850hPa/monthly,cds__era5_pl_monthly__ERA5__reanalysis__t850__850hPa__monthly__2008-2008__m03__NH0_90__grid_1p0.grib,/mnt/e/last-aticol/data/raw/era5/pressure-levels/temperature/850hPa/monthly/cds__era5_pl_monthly__ERA5__reanalysis__t850__850hPa__monthly__2008-2008__m03__NH0_90__grid_1p0.grib,65628,1776347023
2026-04-16T15:35:39Z,/mnt/e/last-aticol/data/raw/era5/pressure-levels/temperature/850hPa/monthly,cds__era5_pl_monthly__ERA5__reanalysis__t850__850hPa__monthly__2008-2008__m04__NH0_90__grid_1p0.grib,/mnt/e/last-aticol/data/raw/era5/pressure-levels/temperature/850hPa/monthly/cds__era5_pl_monthly__ERA5__reanalysis__t850__850hPa__monthly__2008-2008__m04__NH0_90__grid_1p0.grib,65628,1776347045
2026-04-16T15:35:39Z,/mnt/e/last-aticol/data/raw/era5/pressure-levels/temperature/850hPa/monthly,cds__era5_pl_monthly__ERA5__reanalysis__t850__850hPa__monthly__2008-2008__m05__NH0_90__grid_1p0.grib,/mnt/e/last-aticol/data/raw/era5/pressure-levels/temperature/850hPa/monthly/cds__era5_pl_monthly__ERA5__reanalysis__t850__850hPa__monthly__2008-2008__m05__NH0_90__grid_1p0.grib,65628,1776347077
2026-04-16T15:35:39Z,/mnt/e/last-aticol/data/raw/era5/pressure-levels/temperature/850hPa/monthly,cds__era5_pl_monthly__ERA5__reanalysis__t850__850hPa__monthly__2008-2008__m06__NH0_90__grid_1p0.grib,/mnt/e/last-aticol/data/raw/era5/pressure-levels/temperature/850hPa/monthly/cds__era5_pl_monthly__ERA5__reanalysis__t850__850hPa__monthly__2008-2008__m06__NH0_90__grid_1p0.grib,65628,1776347088
2026-04-16T15:35:39Z,/mnt/e/last-aticol/data/raw/era5/pressure-levels/temperature/850hPa/monthly,cds__era5_pl_monthly__ERA5__reanalysis__t850__850hPa__monthly__2008-2008__m07__NH0_90__grid_1p0.grib,/mnt/e/last-aticol/data/raw/era5/pressure-levels/temperature/850hPa/monthly/cds__era5_pl_monthly__ERA5__reanalysis__t850__850hPa__monthly__2008-2008__m07__NH0_90__grid_1p0.grib,65628,1776347110
2026-04-16T15:35:39Z,/mnt/e/last-aticol/data/raw/era5/pressure-levels/temperature/850hPa/monthly,cds__era5_pl_monthly__ERA5__reanalysis__t850__850hPa__monthly__2008-2008__m08__NH0_90__grid_1p0.grib,/mnt/e/last-aticol/data/raw/era5/pressure-levels/temperature/850hPa/monthly/cds__era5_pl_monthly__ERA5__reanalysis__t850__850hPa__monthly__2008-2008__m08__NH0_90__grid_1p0.grib,65628,1776347142
2026-04-16T15:35:39Z,/mnt/e/last-aticol/data/raw/era5/pressure-levels/temperature/850hPa/monthly,cds__era5_pl_monthly__ERA5__reanalysis__t850__850hPa__monthly__2008-2008__m09__NH0_90__grid_1p0.grib,/mnt/e/last-aticol/data/raw/era5/pressure-levels/temperature/850hPa/monthly/cds__era5_pl_monthly__ERA5__reanalysis__t850__850hPa__monthly__2008-2008__m09__NH0_90__grid_1p0.grib,65628,1776347157
2026-04-16T15:35:39Z,/mnt/e/last-aticol/data/raw/era5/pressure-levels/temperature/850hPa/monthly,cds__era5_pl_monthly__ERA5__reanalysis__t850__850hPa__monthly__2008-2008__m10__NH0_90__grid_1p0.grib,/mnt/e/last-aticol/data/raw/era5/pressure-levels/temperature/850hPa/monthly/cds__era5_pl_monthly__ERA5__reanalysis__t850__850hPa__monthly__2008-2008__m10__NH0_90__grid_1p0.grib,65628,1776347190
2026-04-16T15:35:39Z,/mnt/e/last-aticol/data/raw/era5/pressure-levels/temperature/850hPa/monthly,cds__era5_pl_monthly__ERA5__reanalysis__t850__850hPa__monthly__2008-2008__m11__NH0_90__grid_1p0.grib,/mnt/e/last-aticol/data/raw/era5/pressure-levels/temperature/850hPa/monthly/cds__era5_pl_monthly__ERA5__reanalysis__t850__850hPa__monthly__2008-2008__m11__NH0_90__grid_1p0.grib,65628,1776347205
2026-04-16T15:35:39Z,/mnt/e/last-aticol/data/raw/era5/pressure-levels/temperature/850hPa/monthly,cds__era5_pl_monthly__ERA5__reanalysis__t850__850hPa__monthly__2008-2008__m12__NH0_90__grid_1p0.grib,/mnt/e/last-aticol/data/raw/era5/pressure-levels/temperature/850hPa/monthly/cds__era5_pl_monthly__ERA5__reanalysis__t850__850hPa__monthly__2008-2008__m12__NH0_90__grid_1p0.grib,65628,1776347227
2026-04-16T15:35:39Z,/mnt/e/last-aticol/data/raw/era5/pressure-levels/temperature/850hPa/monthly,cds__era5_pl_monthly__ERA5__reanalysis__t850__850hPa__monthly__2009-2009__m01__NH0_90__grid_1p0.grib,/mnt/e/last-aticol/data/raw/era5/pressure-levels/temperature/850hPa/monthly/cds__era5_pl_monthly__ERA5__reanalysis__t850__850hPa__monthly__2009-2009__m01__NH0_90__grid_1p0.grib,65628,1776347260
2026-04-16T15:35:39Z,/mnt/e/last-aticol/data/raw/era5/pressure-levels/temperature/850hPa/monthly,cds__era5_pl_monthly__ERA5__reanalysis__t850__850hPa__monthly__2009-2009__m02__NH0_90__grid_1p0.grib,/mnt/e/last-aticol/data/raw/era5/pressure-levels/temperature/850hPa/monthly/cds__era5_pl_monthly__ERA5__reanalysis__t850__850hPa__monthly__2009-2009__m02__NH0_90__grid_1p0.grib,65628,1776347274
2026-04-16T15:35:39Z,/mnt/e/last-aticol/data/raw/era5/pressure-levels/temperature/850hPa/monthly,cds__era5_pl_monthly__ERA5__reanalysis__t850__850hPa__monthly__2009-2009__m03__NH0_90__grid_1p0.grib,/mnt/e/last-aticol/data/raw/era5/pressure-levels/temperature/850hPa/monthly/cds__era5_pl_monthly__ERA5__reanalysis__t850__850hPa__monthly__2009-2009__m03__NH0_90__grid_1p0.grib,65628,1776347289
2026-04-16T15:35:39Z,/mnt/e/last-aticol/data/raw/era5/pressure-levels/temperature/850hPa/monthly,cds__era5_pl_monthly__ERA5__reanalysis__t850__850hPa__monthly__2009-2009__m04__NH0_90__grid_1p0.grib,/mnt/e/last-aticol/data/raw/era5/pressure-levels/temperature/850hPa/monthly/cds__era5_pl_monthly__ERA5__reanalysis__t850__850hPa__monthly__2009-2009__m04__NH0_90__grid_1p0.grib,65628,1776347311
2026-04-16T15:35:39Z,/mnt/e/last-aticol/data/raw/era5/pressure-levels/temperature/850hPa/monthly,cds__era5_pl_monthly__ERA5__reanalysis__t850__850hPa__monthly__2009-2009__m05__NH0_90__grid_1p0.grib,/mnt/e/last-aticol/data/raw/era5/pressure-levels/temperature/850hPa/monthly/cds__era5_pl_monthly__ERA5__reanalysis__t850__850hPa__monthly__2009-2009__m05__NH0_90__grid_1p0.grib,65628,1776347333
2026-04-16T15:35:39Z,/mnt/e/last-aticol/data/raw/era5/pressure-levels/temperature/850hPa/monthly,cds__era5_pl_monthly__ERA5__reanalysis__t850__850hPa__monthly__2009-2009__m06__NH0_90__grid_1p0.grib,/mnt/e/last-aticol/data/raw/era5/pressure-levels/temperature/850hPa/monthly/cds__era5_pl_monthly__ERA5__reanalysis__t850__850hPa__monthly__2009-2009__m06__NH0_90__grid_1p0.grib,65628,1776347348
2026-04-16T15:35:39Z,/mnt/e/last-aticol/data/raw/era5/pressure-levels/temperature/850hPa/monthly,cds__era5_pl_monthly__ERA5__reanalysis__t850__850hPa__monthly__2009-2009__m07__NH0_90__grid_1p0.grib,/mnt/e/last-aticol/data/raw/era5/pressure-levels/temperature/850hPa/monthly/cds__era5_pl_monthly__ERA5__reanalysis__t850__850hPa__monthly__2009-2009__m07__NH0_90__grid_1p0.grib,65628,1776347371
2026-04-16T15:35:39Z,/mnt/e/last-aticol/data/raw/era5/pressure-levels/temperature/850hPa/monthly,cds__era5_pl_monthly__ERA5__reanalysis__t850__850hPa__monthly__2009-2009__m08__NH0_90__grid_1p0.grib,/mnt/e/last-aticol/data/raw/era5/pressure-levels/temperature/850hPa/monthly/cds__era5_pl_monthly__ERA5__reanalysis__t850__850hPa__monthly__2009-2009__m08__NH0_90__grid_1p0.grib,65628,1776347385
2026-04-16T15:35:39Z,/mnt/e/last-aticol/data/raw/era5/pressure-levels/temperature/850hPa/monthly,cds__era5_pl_monthly__ERA5__reanalysis__t850__850hPa__monthly__2009-2009__m09__NH0_90__grid_1p0.grib,/mnt/e/last-aticol/data/raw/era5/pressure-levels/temperature/850hPa/monthly/cds__era5_pl_monthly__ERA5__reanalysis__t850__850hPa__monthly__2009-2009__m09__NH0_90__grid_1p0.grib,65628,1776347408
2026-04-16T15:35:39Z,/mnt/e/last-aticol/data/raw/era5/pressure-levels/temperature/850hPa/monthly,cds__era5_pl_monthly__ERA5__reanalysis__t850__850hPa__monthly__2009-2009__m10__NH0_90__grid_1p0.grib,/mnt/e/last-aticol/data/raw/era5/pressure-levels/temperature/850hPa/monthly/cds__era5_pl_monthly__ERA5__reanalysis__t850__850hPa__monthly__2009-2009__m10__NH0_90__grid_1p0.grib,65628,1776347423
2026-04-16T15:35:39Z,/mnt/e/last-aticol/data/raw/era5/pressure-levels/temperature/850hPa/monthly,cds__era5_pl_monthly__ERA5__reanalysis__t850__850hPa__monthly__2009-2009__m11__NH0_90__grid_1p0.grib,/mnt/e/last-aticol/data/raw/era5/pressure-levels/temperature/850hPa/monthly/cds__era5_pl_monthly__ERA5__reanalysis__t850__850hPa__monthly__2009-2009__m11__NH0_90__grid_1p0.grib,65628,1776347464
2026-04-16T15:35:39Z,/mnt/e/last-aticol/data/raw/era5/pressure-levels/temperature/850hPa/monthly,cds__era5_pl_monthly__ERA5__reanalysis__t850__850hPa__monthly__2009-2009__m12__NH0_90__grid_1p0.grib,/mnt/e/last-aticol/data/raw/era5/pressure-levels/temperature/850hPa/monthly/cds__era5_pl_monthly__ERA5__reanalysis__t850__850hPa__monthly__2009-2009__m12__NH0_90__grid_1p0.grib,65628,1776347479
2026-04-16T15:35:39Z,/mnt/e/last-aticol/data/raw/era5/pressure-levels/temperature/850hPa/monthly,cds__era5_pl_monthly__ERA5__reanalysis__t850__850hPa__monthly__2010-2010__m01__NH0_90__grid_1p0.grib,/mnt/e/last-aticol/data/raw/era5/pressure-levels/temperature/850hPa/monthly/cds__era5_pl_monthly__ERA5__reanalysis__t850__850hPa__monthly__2010-2010__m01__NH0_90__grid_1p0.grib,65628,1776347501
2026-04-16T15:35:39Z,/mnt/e/last-aticol/data/raw/era5/pressure-levels/temperature/850hPa/monthly,cds__era5_pl_monthly__ERA5__reanalysis__t850__850hPa__monthly__2010-2010__m02__NH0_90__grid_1p0.grib,/mnt/e/last-aticol/data/raw/era5/pressure-levels/temperature/850hPa/monthly/cds__era5_pl_monthly__ERA5__reanalysis__t850__850hPa__monthly__2010-2010__m02__NH0_90__grid_1p0.grib,65628,1776347516
2026-04-16T15:35:39Z,/mnt/e/last-aticol/data/raw/era5/pressure-levels/temperature/850hPa/monthly,cds__era5_pl_monthly__ERA5__reanalysis__t850__850hPa__monthly__2010-2010__m03__NH0_90__grid_1p0.grib,/mnt/e/last-aticol/data/raw/era5/pressure-levels/temperature/850hPa/monthly/cds__era5_pl_monthly__ERA5__reanalysis__t850__850hPa__monthly__2010-2010__m03__NH0_90__grid_1p0.grib,65628,1776347531
2026-04-16T15:35:39Z,/mnt/e/last-aticol/data/raw/era5/pressure-levels/temperature/850hPa/monthly,cds__era5_pl_monthly__ERA5__reanalysis__t850__850hPa__monthly__2010-2010__m04__NH0_90__grid_1p0.grib,/mnt/e/last-aticol/data/raw/era5/pressure-levels/temperature/850hPa/monthly/cds__era5_pl_monthly__ERA5__reanalysis__t850__850hPa__monthly__2010-2010__m04__NH0_90__grid_1p0.grib,65628,1776347553
2026-04-16T15:35:39Z,/mnt/e/last-aticol/data/raw/era5/pressure-levels/temperature/850hPa/monthly,cds__era5_pl_monthly__ERA5__reanalysis__t850__850hPa__monthly__2010-2010__m05__NH0_90__grid_1p0.grib,/mnt/e/last-aticol/data/raw/era5/pressure-levels/temperature/850hPa/monthly/cds__era5_pl_monthly__ERA5__reanalysis__t850__850hPa__monthly__2010-2010__m05__NH0_90__grid_1p0.grib,65628,1776347568
2026-04-16T15:35:39Z,/mnt/e/last-aticol/data/raw/era5/pressure-levels/temperature/850hPa/monthly,cds__era5_pl_monthly__ERA5__reanalysis__t850__850hPa__monthly__2010-2010__m06__NH0_90__grid_1p0.grib,/mnt/e/last-aticol/data/raw/era5/pressure-levels/temperature/850hPa/monthly/cds__era5_pl_monthly__ERA5__reanalysis__t850__850hPa__monthly__2010-2010__m06__NH0_90__grid_1p0.grib,65628,1776347590
2026-04-16T15:35:39Z,/mnt/e/last-aticol/data/raw/era5/pressure-levels/temperature/850hPa/monthly,cds__era5_pl_monthly__ERA5__reanalysis__t850__850hPa__monthly__2010-2010__m07__NH0_90__grid_1p0.grib,/mnt/e/last-aticol/data/raw/era5/pressure-levels/temperature/850hPa/monthly/cds__era5_pl_monthly__ERA5__reanalysis__t850__850hPa__monthly__2010-2010__m07__NH0_90__grid_1p0.grib,65628,1776347605
2026-04-16T15:35:39Z,/mnt/e/last-aticol/data/raw/era5/pressure-levels/temperature/850hPa/monthly,cds__era5_pl_monthly__ERA5__reanalysis__t850__850hPa__monthly__2010-2010__m08__NH0_90__grid_1p0.grib,/mnt/e/last-aticol/data/raw/era5/pressure-levels/temperature/850hPa/monthly/cds__era5_pl_monthly__ERA5__reanalysis__t850__850hPa__monthly__2010-2010__m08__NH0_90__grid_1p0.grib,65628,1776347620
2026-04-16T15:35:39Z,/mnt/e/last-aticol/data/raw/era5/pressure-levels/temperature/850hPa/monthly,cds__era5_pl_monthly__ERA5__reanalysis__t850__850hPa__monthly__2010-2010__m09__NH0_90__grid_1p0.grib,/mnt/e/last-aticol/data/raw/era5/pressure-levels/temperature/850hPa/monthly/cds__era5_pl_monthly__ERA5__reanalysis__t850__850hPa__monthly__2010-2010__m09__NH0_90__grid_1p0.grib,65628,1776347642
2026-04-16T15:35:39Z,/mnt/e/last-aticol/data/raw/era5/pressure-levels/temperature/850hPa/monthly,cds__era5_pl_monthly__ERA5__reanalysis__t850__850hPa__monthly__2010-2010__m10__NH0_90__grid_1p0.grib,/mnt/e/last-aticol/data/raw/era5/pressure-levels/temperature/850hPa/monthly/cds__era5_pl_monthly__ERA5__reanalysis__t850__850hPa__monthly__2010-2010__m10__NH0_90__grid_1p0.grib,65628,1776347665
2026-04-16T15:35:39Z,/mnt/e/last-aticol/data/raw/era5/pressure-levels/temperature/850hPa/monthly,cds__era5_pl_monthly__ERA5__reanalysis__t850__850hPa__monthly__2010-2010__m11__NH0_90__grid_1p0.grib,/mnt/e/last-aticol/data/raw/era5/pressure-levels/temperature/850hPa/monthly/cds__era5_pl_monthly__ERA5__reanalysis__t850__850hPa__monthly__2010-2010__m11__NH0_90__grid_1p0.grib,65628,1776347675
2026-04-16T15:35:39Z,/mnt/e/last-aticol/data/raw/era5/pressure-levels/temperature/850hPa/monthly,cds__era5_pl_monthly__ERA5__reanalysis__t850__850hPa__monthly__2010-2010__m12__NH0_90__grid_1p0.grib,/mnt/e/last-aticol/data/raw/era5/pressure-levels/temperature/850hPa/monthly/cds__era5_pl_monthly__ERA5__reanalysis__t850__850hPa__monthly__2010-2010__m12__NH0_90__grid_1p0.grib,65628,1776347697
2026-04-16T15:35:39Z,/mnt/e/last-aticol/data/raw/era5/pressure-levels/temperature/850hPa/monthly,cds__era5_pl_monthly__ERA5__reanalysis__t850__850hPa__monthly__2011-2011__m01__NH0_90__grid_1p0.grib,/mnt/e/last-aticol/data/raw/era5/pressure-levels/temperature/850hPa/monthly/cds__era5_pl_monthly__ERA5__reanalysis__t850__850hPa__monthly__2011-2011__m01__NH0_90__grid_1p0.grib,65628,1776347713
2026-04-16T15:35:39Z,/mnt/e/last-aticol/data/raw/era5/pressure-levels/temperature/850hPa/monthly,cds__era5_pl_monthly__ERA5__reanalysis__t850__850hPa__monthly__2011-2011__m02__NH0_90__grid_1p0.grib,/mnt/e/last-aticol/data/raw/era5/pressure-levels/temperature/850hPa/monthly/cds__era5_pl_monthly__ERA5__reanalysis__t850__850hPa__monthly__2011-2011__m02__NH0_90__grid_1p0.grib,65628,1776347727
2026-04-16T15:35:39Z,/mnt/e/last-aticol/data/raw/era5/pressure-levels/temperature/850hPa/monthly,cds__era5_pl_monthly__ERA5__reanalysis__t850__850hPa__monthly__2011-2011__m03__NH0_90__grid_1p0.grib,/mnt/e/last-aticol/data/raw/era5/pressure-levels/temperature/850hPa/monthly/cds__era5_pl_monthly__ERA5__reanalysis__t850__850hPa__monthly__2011-2011__m03__NH0_90__grid_1p0.grib,65628,1776347750
2026-04-16T15:35:39Z,/mnt/e/last-aticol/data/raw/era5/pressure-levels/temperature/850hPa/monthly,cds__era5_pl_monthly__ERA5__reanalysis__t850__850hPa__monthly__2011-2011__m04__NH0_90__grid_1p0.grib,/mnt/e/last-aticol/data/raw/era5/pressure-levels/temperature/850hPa/monthly/cds__era5_pl_monthly__ERA5__reanalysis__t850__850hPa__monthly__2011-2011__m04__NH0_90__grid_1p0.grib,65628,1776347765
2026-04-16T15:35:39Z,/mnt/e/last-aticol/data/raw/era5/pressure-levels/temperature/850hPa/monthly,cds__era5_pl_monthly__ERA5__reanalysis__t850__850hPa__monthly__2011-2011__m05__NH0_90__grid_1p0.grib,/mnt/e/last-aticol/data/raw/era5/pressure-levels/temperature/850hPa/monthly/cds__era5_pl_monthly__ERA5__reanalysis__t850__850hPa__monthly__2011-2011__m05__NH0_90__grid_1p0.grib,65628,1776347787
2026-04-16T15:35:39Z,/mnt/e/last-aticol/data/raw/era5/pressure-levels/temperature/850hPa/monthly,cds__era5_pl_monthly__ERA5__reanalysis__t850__850hPa__monthly__2011-2011__m06__NH0_90__grid_1p0.grib,/mnt/e/last-aticol/data/raw/era5/pressure-levels/temperature/850hPa/monthly/cds__era5_pl_monthly__ERA5__reanalysis__t850__850hPa__monthly__2011-2011__m06__NH0_90__grid_1p0.grib,65628,1776347809
2026-04-16T15:35:39Z,/mnt/e/last-aticol/data/raw/era5/pressure-levels/temperature/850hPa/monthly,cds__era5_pl_monthly__ERA5__reanalysis__t850__850hPa__monthly__2011-2011__m07__NH0_90__grid_1p0.grib,/mnt/e/last-aticol/data/raw/era5/pressure-levels/temperature/850hPa/monthly/cds__era5_pl_monthly__ERA5__reanalysis__t850__850hPa__monthly__2011-2011__m07__NH0_90__grid_1p0.grib,65628,1776347832
2026-04-16T15:35:40Z,/mnt/e/last-aticol/data/raw/era5/pressure-levels/temperature/850hPa/monthly,cds__era5_pl_monthly__ERA5__reanalysis__t850__850hPa__monthly__2011-2011__m08__NH0_90__grid_1p0.grib,/mnt/e/last-aticol/data/raw/era5/pressure-levels/temperature/850hPa/monthly/cds__era5_pl_monthly__ERA5__reanalysis__t850__850hPa__monthly__2011-2011__m08__NH0_90__grid_1p0.grib,65628,1776347847
2026-04-16T15:35:40Z,/mnt/e/last-aticol/data/raw/era5/pressure-levels/temperature/850hPa/monthly,cds__era5_pl_monthly__ERA5__reanalysis__t850__850hPa__monthly__2011-2011__m09__NH0_90__grid_1p0.grib,/mnt/e/last-aticol/data/raw/era5/pressure-levels/temperature/850hPa/monthly/cds__era5_pl_monthly__ERA5__reanalysis__t850__850hPa__monthly__2011-2011__m09__NH0_90__grid_1p0.grib,65628,1776347862
2026-04-16T15:35:40Z,/mnt/e/last-aticol/data/raw/era5/pressure-levels/temperature/850hPa/monthly,cds__era5_pl_monthly__ERA5__reanalysis__t850__850hPa__monthly__2011-2011__m10__NH0_90__grid_1p0.grib,/mnt/e/last-aticol/data/raw/era5/pressure-levels/temperature/850hPa/monthly/cds__era5_pl_monthly__ERA5__reanalysis__t850__850hPa__monthly__2011-2011__m10__NH0_90__grid_1p0.grib,65628,1776347877
2026-04-16T15:35:40Z,/mnt/e/last-aticol/data/raw/era5/pressure-levels/temperature/850hPa/monthly,cds__era5_pl_monthly__ERA5__reanalysis__t850__850hPa__monthly__2011-2011__m11__NH0_90__grid_1p0.grib,/mnt/e/last-aticol/data/raw/era5/pressure-levels/temperature/850hPa/monthly/cds__era5_pl_monthly__ERA5__reanalysis__t850__850hPa__monthly__2011-2011__m11__NH0_90__grid_1p0.grib,65628,1776347892
2026-04-16T15:35:40Z,/mnt/e/last-aticol/data/raw/era5/pressure-levels/temperature/850hPa/monthly,cds__era5_pl_monthly__ERA5__reanalysis__t850__850hPa__monthly__2011-2011__m12__NH0_90__grid_1p0.grib,/mnt/e/last-aticol/data/raw/era5/pressure-levels/temperature/850hPa/monthly/cds__era5_pl_monthly__ERA5__reanalysis__t850__850hPa__monthly__2011-2011__m12__NH0_90__grid_1p0.grib,65628,1776347907
2026-04-16T15:35:40Z,/mnt/e/last-aticol/data/raw/era5/pressure-levels/temperature/850hPa/monthly,cds__era5_pl_monthly__ERA5__reanalysis__t850__850hPa__monthly__2012-2012__m01__NH0_90__grid_1p0.grib,/mnt/e/last-aticol/data/raw/era5/pressure-levels/temperature/850hPa/monthly/cds__era5_pl_monthly__ERA5__reanalysis__t850__850hPa__monthly__2012-2012__m01__NH0_90__grid_1p0.grib,65628,1776347930
2026-04-16T15:35:40Z,/mnt/e/last-aticol/data/raw/era5/pressure-levels/temperature/850hPa/monthly,cds__era5_pl_monthly__ERA5__reanalysis__t850__850hPa__monthly__2012-2012__m02__NH0_90__grid_1p0.grib,/mnt/e/last-aticol/data/raw/era5/pressure-levels/temperature/850hPa/monthly/cds__era5_pl_monthly__ERA5__reanalysis__t850__850hPa__monthly__2012-2012__m02__NH0_90__grid_1p0.grib,65628,1776347952
2026-04-16T15:35:40Z,/mnt/e/last-aticol/data/raw/era5/pressure-levels/temperature/850hPa/monthly,cds__era5_pl_monthly__ERA5__reanalysis__t850__850hPa__monthly__2012-2012__m03__NH0_90__grid_1p0.grib,/mnt/e/last-aticol/data/raw/era5/pressure-levels/temperature/850hPa/monthly/cds__era5_pl_monthly__ERA5__reanalysis__t850__850hPa__monthly__2012-2012__m03__NH0_90__grid_1p0.grib,65628,1776347973
2026-04-16T15:35:40Z,/mnt/e/last-aticol/data/raw/era5/pressure-levels/temperature/850hPa/monthly,cds__era5_pl_monthly__ERA5__reanalysis__t850__850hPa__monthly__2012-2012__m04__NH0_90__grid_1p0.grib,/mnt/e/last-aticol/data/raw/era5/pressure-levels/temperature/850hPa/monthly/cds__era5_pl_monthly__ERA5__reanalysis__t850__850hPa__monthly__2012-2012__m04__NH0_90__grid_1p0.grib,65628,1776347988
2026-04-16T15:35:40Z,/mnt/e/last-aticol/data/raw/era5/pressure-levels/temperature/850hPa/monthly,cds__era5_pl_monthly__ERA5__reanalysis__t850__850hPa__monthly__2012-2012__m05__NH0_90__grid_1p0.grib,/mnt/e/last-aticol/data/raw/era5/pressure-levels/temperature/850hPa/monthly/cds__era5_pl_monthly__ERA5__reanalysis__t850__850hPa__monthly__2012-2012__m05__NH0_90__grid_1p0.grib,65628,1776348003
2026-04-16T15:35:40Z,/mnt/e/last-aticol/data/raw/era5/pressure-levels/temperature/850hPa/monthly,cds__era5_pl_monthly__ERA5__reanalysis__t850__850hPa__monthly__2012-2012__m06__NH0_90__grid_1p0.grib,/mnt/e/last-aticol/data/raw/era5/pressure-levels/temperature/850hPa/monthly/cds__era5_pl_monthly__ERA5__reanalysis__t850__850hPa__monthly__2012-2012__m06__NH0_90__grid_1p0.grib,65628,1776348017
2026-04-16T15:35:40Z,/mnt/e/last-aticol/data/raw/era5/pressure-levels/temperature/850hPa/monthly,cds__era5_pl_monthly__ERA5__reanalysis__t850__850hPa__monthly__2012-2012__m07__NH0_90__grid_1p0.grib,/mnt/e/last-aticol/data/raw/era5/pressure-levels/temperature/850hPa/monthly/cds__era5_pl_monthly__ERA5__reanalysis__t850__850hPa__monthly__2012-2012__m07__NH0_90__grid_1p0.grib,65628,1776348032
2026-04-16T15:35:40Z,/mnt/e/last-aticol/data/raw/era5/pressure-levels/temperature/850hPa/monthly,cds__era5_pl_monthly__ERA5__reanalysis__t850__850hPa__monthly__2012-2012__m08__NH0_90__grid_1p0.grib,/mnt/e/last-aticol/data/raw/era5/pressure-levels/temperature/850hPa/monthly/cds__era5_pl_monthly__ERA5__reanalysis__t850__850hPa__monthly__2012-2012__m08__NH0_90__grid_1p0.grib,65628,1776348055
2026-04-16T15:35:40Z,/mnt/e/last-aticol/data/raw/era5/pressure-levels/temperature/850hPa/monthly,cds__era5_pl_monthly__ERA5__reanalysis__t850__850hPa__monthly__2012-2012__m09__NH0_90__grid_1p0.grib,/mnt/e/last-aticol/data/raw/era5/pressure-levels/temperature/850hPa/monthly/cds__era5_pl_monthly__ERA5__reanalysis__t850__850hPa__monthly__2012-2012__m09__NH0_90__grid_1p0.grib,65628,1776348069
2026-04-16T15:35:40Z,/mnt/e/last-aticol/data/raw/era5/pressure-levels/temperature/850hPa/monthly,cds__era5_pl_monthly__ERA5__reanalysis__t850__850hPa__monthly__2012-2012__m10__NH0_90__grid_1p0.grib,/mnt/e/last-aticol/data/raw/era5/pressure-levels/temperature/850hPa/monthly/cds__era5_pl_monthly__ERA5__reanalysis__t850__850hPa__monthly__2012-2012__m10__NH0_90__grid_1p0.grib,65628,1776348091
2026-04-16T15:35:40Z,/mnt/e/last-aticol/data/raw/era5/pressure-levels/temperature/850hPa/monthly,cds__era5_pl_monthly__ERA5__reanalysis__t850__850hPa__monthly__2012-2012__m11__NH0_90__grid_1p0.grib,/mnt/e/last-aticol/data/raw/era5/pressure-levels/temperature/850hPa/monthly/cds__era5_pl_monthly__ERA5__reanalysis__t850__850hPa__monthly__2012-2012__m11__NH0_90__grid_1p0.grib,65628,1776348113
2026-04-16T15:35:40Z,/mnt/e/last-aticol/data/raw/era5/pressure-levels/temperature/850hPa/monthly,cds__era5_pl_monthly__ERA5__reanalysis__t850__850hPa__monthly__2012-2012__m12__NH0_90__grid_1p0.grib,/mnt/e/last-aticol/data/raw/era5/pressure-levels/temperature/850hPa/monthly/cds__era5_pl_monthly__ERA5__reanalysis__t850__850hPa__monthly__2012-2012__m12__NH0_90__grid_1p0.grib,65628,1776348146
2026-04-16T15:35:40Z,/mnt/e/last-aticol/data/raw/era5/pressure-levels/temperature/850hPa/monthly,cds__era5_pl_monthly__ERA5__reanalysis__t850__850hPa__monthly__2013-2013__m01__NH0_90__grid_1p0.grib,/mnt/e/last-aticol/data/raw/era5/pressure-levels/temperature/850hPa/monthly/cds__era5_pl_monthly__ERA5__reanalysis__t850__850hPa__monthly__2013-2013__m01__NH0_90__grid_1p0.grib,65628,1776348168
2026-04-16T15:35:40Z,/mnt/e/last-aticol/data/raw/era5/pressure-levels/temperature/850hPa/monthly,cds__era5_pl_monthly__ERA5__reanalysis__t850__850hPa__monthly__2013-2013__m02__NH0_90__grid_1p0.grib,/mnt/e/last-aticol/data/raw/era5/pressure-levels/temperature/850hPa/monthly/cds__era5_pl_monthly__ERA5__reanalysis__t850__850hPa__monthly__2013-2013__m02__NH0_90__grid_1p0.grib,65628,1776348190
2026-04-16T15:35:40Z,/mnt/e/last-aticol/data/raw/era5/pressure-levels/temperature/850hPa/monthly,cds__era5_pl_monthly__ERA5__reanalysis__t850__850hPa__monthly__2013-2013__m03__NH0_90__grid_1p0.grib,/mnt/e/last-aticol/data/raw/era5/pressure-levels/temperature/850hPa/monthly/cds__era5_pl_monthly__ERA5__reanalysis__t850__850hPa__monthly__2013-2013__m03__NH0_90__grid_1p0.grib,65628,1776348212
2026-04-16T15:35:40Z,/mnt/e/last-aticol/data/raw/era5/pressure-levels/temperature/850hPa/monthly,cds__era5_pl_monthly__ERA5__reanalysis__t850__850hPa__monthly__2013-2013__m04__NH0_90__grid_1p0.grib,/mnt/e/last-aticol/data/raw/era5/pressure-levels/temperature/850hPa/monthly/cds__era5_pl_monthly__ERA5__reanalysis__t850__850hPa__monthly__2013-2013__m04__NH0_90__grid_1p0.grib,65628,1776348234
2026-04-16T15:35:40Z,/mnt/e/last-aticol/data/raw/era5/pressure-levels/temperature/850hPa/monthly,cds__era5_pl_monthly__ERA5__reanalysis__t850__850hPa__monthly__2013-2013__m05__NH0_90__grid_1p0.grib,/mnt/e/last-aticol/data/raw/era5/pressure-levels/temperature/850hPa/monthly/cds__era5_pl_monthly__ERA5__reanalysis__t850__850hPa__monthly__2013-2013__m05__NH0_90__grid_1p0.grib,65628,1776348249
2026-04-16T15:35:40Z,/mnt/e/last-aticol/data/raw/era5/pressure-levels/temperature/850hPa/monthly,cds__era5_pl_monthly__ERA5__reanalysis__t850__850hPa__monthly__2013-2013__m06__NH0_90__grid_1p0.grib,/mnt/e/last-aticol/data/raw/era5/pressure-levels/temperature/850hPa/monthly/cds__era5_pl_monthly__ERA5__reanalysis__t850__850hPa__monthly__2013-2013__m06__NH0_90__grid_1p0.grib,65628,1776348271
2026-04-16T15:35:40Z,/mnt/e/last-aticol/data/raw/era5/pressure-levels/temperature/850hPa/monthly,cds__era5_pl_monthly__ERA5__reanalysis__t850__850hPa__monthly__2013-2013__m07__NH0_90__grid_1p0.grib,/mnt/e/last-aticol/data/raw/era5/pressure-levels/temperature/850hPa/monthly/cds__era5_pl_monthly__ERA5__reanalysis__t850__850hPa__monthly__2013-2013__m07__NH0_90__grid_1p0.grib,65628,1776348343
2026-04-16T15:35:40Z,/mnt/e/last-aticol/data/raw/era5/pressure-levels/temperature/850hPa/monthly,cds__era5_pl_monthly__ERA5__reanalysis__t850__850hPa__monthly__2013-2013__m08__NH0_90__grid_1p0.grib,/mnt/e/last-aticol/data/raw/era5/pressure-levels/temperature/850hPa/monthly/cds__era5_pl_monthly__ERA5__reanalysis__t850__850hPa__monthly__2013-2013__m08__NH0_90__grid_1p0.grib,65628,1776348358
2026-04-16T15:35:40Z,/mnt/e/last-aticol/data/raw/era5/pressure-levels/temperature/850hPa/monthly,cds__era5_pl_monthly__ERA5__reanalysis__t850__850hPa__monthly__2013-2013__m09__NH0_90__grid_1p0.grib,/mnt/e/last-aticol/data/raw/era5/pressure-levels/temperature/850hPa/monthly/cds__era5_pl_monthly__ERA5__reanalysis__t850__850hPa__monthly__2013-2013__m09__NH0_90__grid_1p0.grib,65628,1776348380
2026-04-16T15:35:40Z,/mnt/e/last-aticol/data/raw/era5/pressure-levels/temperature/850hPa/monthly,cds__era5_pl_monthly__ERA5__reanalysis__t850__850hPa__monthly__2013-2013__m10__NH0_90__grid_1p0.grib,/mnt/e/last-aticol/data/raw/era5/pressure-levels/temperature/850hPa/monthly/cds__era5_pl_monthly__ERA5__reanalysis__t850__850hPa__monthly__2013-2013__m10__NH0_90__grid_1p0.grib,65628,1776348394
2026-04-16T15:35:40Z,/mnt/e/last-aticol/data/raw/era5/pressure-levels/temperature/850hPa/monthly,cds__era5_pl_monthly__ERA5__reanalysis__t850__850hPa__monthly__2013-2013__m11__NH0_90__grid_1p0.grib,/mnt/e/last-aticol/data/raw/era5/pressure-levels/temperature/850hPa/monthly/cds__era5_pl_monthly__ERA5__reanalysis__t850__850hPa__monthly__2013-2013__m11__NH0_90__grid_1p0.grib,65628,1776348502
2026-04-16T15:35:40Z,/mnt/e/last-aticol/data/raw/era5/pressure-levels/temperature/850hPa/monthly,cds__era5_pl_monthly__ERA5__reanalysis__t850__850hPa__monthly__2013-2013__m12__NH0_90__grid_1p0.grib,/mnt/e/last-aticol/data/raw/era5/pressure-levels/temperature/850hPa/monthly/cds__era5_pl_monthly__ERA5__reanalysis__t850__850hPa__monthly__2013-2013__m12__NH0_90__grid_1p0.grib,65628,1776348524
2026-04-16T15:35:40Z,/mnt/e/last-aticol/data/raw/era5/pressure-levels/temperature/850hPa/monthly,cds__era5_pl_monthly__ERA5__reanalysis__t850__850hPa__monthly__2014-2014__m01__NH0_90__grid_1p0.grib,/mnt/e/last-aticol/data/raw/era5/pressure-levels/temperature/850hPa/monthly/cds__era5_pl_monthly__ERA5__reanalysis__t850__850hPa__monthly__2014-2014__m01__NH0_90__grid_1p0.grib,65628,1776348539
2026-04-16T15:35:40Z,/mnt/e/last-aticol/data/raw/era5/pressure-levels/temperature/850hPa/monthly,cds__era5_pl_monthly__ERA5__reanalysis__t850__850hPa__monthly__2014-2014__m02__NH0_90__grid_1p0.grib,/mnt/e/last-aticol/data/raw/era5/pressure-levels/temperature/850hPa/monthly/cds__era5_pl_monthly__ERA5__reanalysis__t850__850hPa__monthly__2014-2014__m02__NH0_90__grid_1p0.grib,65628,1776348561
2026-04-16T15:35:40Z,/mnt/e/last-aticol/data/raw/era5/pressure-levels/temperature/850hPa/monthly,cds__era5_pl_monthly__ERA5__reanalysis__t850__850hPa__monthly__2014-2014__m03__NH0_90__grid_1p0.grib,/mnt/e/last-aticol/data/raw/era5/pressure-levels/temperature/850hPa/monthly/cds__era5_pl_monthly__ERA5__reanalysis__t850__850hPa__monthly__2014-2014__m03__NH0_90__grid_1p0.grib,65628,1776348583
2026-04-16T15:35:40Z,/mnt/e/last-aticol/data/raw/era5/pressure-levels/temperature/850hPa/monthly,cds__era5_pl_monthly__ERA5__reanalysis__t850__850hPa__monthly__2014-2014__m04__NH0_90__grid_1p0.grib,/mnt/e/last-aticol/data/raw/era5/pressure-levels/temperature/850hPa/monthly/cds__era5_pl_monthly__ERA5__reanalysis__t850__850hPa__monthly__2014-2014__m04__NH0_90__grid_1p0.grib,65628,1776348604
2026-04-16T15:35:40Z,/mnt/e/last-aticol/data/raw/era5/pressure-levels/temperature/850hPa/monthly,cds__era5_pl_monthly__ERA5__reanalysis__t850__850hPa__monthly__2014-2014__m05__NH0_90__grid_1p0.grib,/mnt/e/last-aticol/data/raw/era5/pressure-levels/temperature/850hPa/monthly/cds__era5_pl_monthly__ERA5__reanalysis__t850__850hPa__monthly__2014-2014__m05__NH0_90__grid_1p0.grib,65628,1776348626
2026-04-16T15:35:40Z,/mnt/e/last-aticol/data/raw/era5/pressure-levels/temperature/850hPa/monthly,cds__era5_pl_monthly__ERA5__reanalysis__t850__850hPa__monthly__2014-2014__m06__NH0_90__grid_1p0.grib,/mnt/e/last-aticol/data/raw/era5/pressure-levels/temperature/850hPa/monthly/cds__era5_pl_monthly__ERA5__reanalysis__t850__850hPa__monthly__2014-2014__m06__NH0_90__grid_1p0.grib,65628,1776348641
2026-04-16T15:35:40Z,/mnt/e/last-aticol/data/raw/era5/pressure-levels/temperature/850hPa/monthly,cds__era5_pl_monthly__ERA5__reanalysis__t850__850hPa__monthly__2014-2014__m07__NH0_90__grid_1p0.grib,/mnt/e/last-aticol/data/raw/era5/pressure-levels/temperature/850hPa/monthly/cds__era5_pl_monthly__ERA5__reanalysis__t850__850hPa__monthly__2014-2014__m07__NH0_90__grid_1p0.grib,65628,1776348656
2026-04-16T15:35:40Z,/mnt/e/last-aticol/data/raw/era5/pressure-levels/temperature/850hPa/monthly,cds__era5_pl_monthly__ERA5__reanalysis__t850__850hPa__monthly__2014-2014__m08__NH0_90__grid_1p0.grib,/mnt/e/last-aticol/data/raw/era5/pressure-levels/temperature/850hPa/monthly/cds__era5_pl_monthly__ERA5__reanalysis__t850__850hPa__monthly__2014-2014__m08__NH0_90__grid_1p0.grib,65628,1776348677
2026-04-16T15:35:40Z,/mnt/e/last-aticol/data/raw/era5/pressure-levels/temperature/850hPa/monthly,cds__era5_pl_monthly__ERA5__reanalysis__t850__850hPa__monthly__2014-2014__m09__NH0_90__grid_1p0.grib,/mnt/e/last-aticol/data/raw/era5/pressure-levels/temperature/850hPa/monthly/cds__era5_pl_monthly__ERA5__reanalysis__t850__850hPa__monthly__2014-2014__m09__NH0_90__grid_1p0.grib,65628,1776348700
2026-04-16T15:35:40Z,/mnt/e/last-aticol/data/raw/era5/pressure-levels/temperature/850hPa/monthly,cds__era5_pl_monthly__ERA5__reanalysis__t850__850hPa__monthly__2014-2014__m10__NH0_90__grid_1p0.grib,/mnt/e/last-aticol/data/raw/era5/pressure-levels/temperature/850hPa/monthly/cds__era5_pl_monthly__ERA5__reanalysis__t850__850hPa__monthly__2014-2014__m10__NH0_90__grid_1p0.grib,65628,1776348722
2026-04-16T15:35:40Z,/mnt/e/last-aticol/data/raw/era5/pressure-levels/temperature/850hPa/monthly,cds__era5_pl_monthly__ERA5__reanalysis__t850__850hPa__monthly__2014-2014__m11__NH0_90__grid_1p0.grib,/mnt/e/last-aticol/data/raw/era5/pressure-levels/temperature/850hPa/monthly/cds__era5_pl_monthly__ERA5__reanalysis__t850__850hPa__monthly__2014-2014__m11__NH0_90__grid_1p0.grib,65628,1776348745
2026-04-16T15:35:40Z,/mnt/e/last-aticol/data/raw/era5/pressure-levels/temperature/850hPa/monthly,cds__era5_pl_monthly__ERA5__reanalysis__t850__850hPa__monthly__2014-2014__m12__NH0_90__grid_1p0.grib,/mnt/e/last-aticol/data/raw/era5/pressure-levels/temperature/850hPa/monthly/cds__era5_pl_monthly__ERA5__reanalysis__t850__850hPa__monthly__2014-2014__m12__NH0_90__grid_1p0.grib,65628,1776348760
2026-04-16T15:35:40Z,/mnt/e/last-aticol/data/raw/era5/pressure-levels/temperature/850hPa/monthly,cds__era5_pl_monthly__ERA5__reanalysis__t850__850hPa__monthly__2015-2015__m01__NH0_90__grid_1p0.grib,/mnt/e/last-aticol/data/raw/era5/pressure-levels/temperature/850hPa/monthly/cds__era5_pl_monthly__ERA5__reanalysis__t850__850hPa__monthly__2015-2015__m01__NH0_90__grid_1p0.grib,65628,1776348782
2026-04-16T15:35:40Z,/mnt/e/last-aticol/data/raw/era5/pressure-levels/temperature/850hPa/monthly,cds__era5_pl_monthly__ERA5__reanalysis__t850__850hPa__monthly__2015-2015__m02__NH0_90__grid_1p0.grib,/mnt/e/last-aticol/data/raw/era5/pressure-levels/temperature/850hPa/monthly/cds__era5_pl_monthly__ERA5__reanalysis__t850__850hPa__monthly__2015-2015__m02__NH0_90__grid_1p0.grib,65628,1776348815
2026-04-16T15:35:40Z,/mnt/e/last-aticol/data/raw/era5/pressure-levels/temperature/850hPa/monthly,cds__era5_pl_monthly__ERA5__reanalysis__t850__850hPa__monthly__2015-2015__m03__NH0_90__grid_1p0.grib,/mnt/e/last-aticol/data/raw/era5/pressure-levels/temperature/850hPa/monthly/cds__era5_pl_monthly__ERA5__reanalysis__t850__850hPa__monthly__2015-2015__m03__NH0_90__grid_1p0.grib,65628,1776348837
2026-04-16T15:35:40Z,/mnt/e/last-aticol/data/raw/era5/pressure-levels/temperature/850hPa/monthly,cds__era5_pl_monthly__ERA5__reanalysis__t850__850hPa__monthly__2015-2015__m04__NH0_90__grid_1p0.grib,/mnt/e/last-aticol/data/raw/era5/pressure-levels/temperature/850hPa/monthly/cds__era5_pl_monthly__ERA5__reanalysis__t850__850hPa__monthly__2015-2015__m04__NH0_90__grid_1p0.grib,65628,1776348853
2026-04-16T15:35:40Z,/mnt/e/last-aticol/data/raw/era5/pressure-levels/temperature/850hPa/monthly,cds__era5_pl_monthly__ERA5__reanalysis__t850__850hPa__monthly__2015-2015__m05__NH0_90__grid_1p0.grib,/mnt/e/last-aticol/data/raw/era5/pressure-levels/temperature/850hPa/monthly/cds__era5_pl_monthly__ERA5__reanalysis__t850__850hPa__monthly__2015-2015__m05__NH0_90__grid_1p0.grib,65628,1776348868
2026-04-16T15:35:40Z,/mnt/e/last-aticol/data/raw/era5/pressure-levels/temperature/850hPa/monthly,cds__era5_pl_monthly__ERA5__reanalysis__t850__850hPa__monthly__2015-2015__m06__NH0_90__grid_1p0.grib,/mnt/e/last-aticol/data/raw/era5/pressure-levels/temperature/850hPa/monthly/cds__era5_pl_monthly__ERA5__reanalysis__t850__850hPa__monthly__2015-2015__m06__NH0_90__grid_1p0.grib,65628,1776348890
2026-04-16T15:35:40Z,/mnt/e/last-aticol/data/raw/era5/pressure-levels/temperature/850hPa/monthly,cds__era5_pl_monthly__ERA5__reanalysis__t850__850hPa__monthly__2015-2015__m07__NH0_90__grid_1p0.grib,/mnt/e/last-aticol/data/raw/era5/pressure-levels/temperature/850hPa/monthly/cds__era5_pl_monthly__ERA5__reanalysis__t850__850hPa__monthly__2015-2015__m07__NH0_90__grid_1p0.grib,65628,1776348913
2026-04-16T15:35:40Z,/mnt/e/last-aticol/data/raw/era5/pressure-levels/temperature/850hPa/monthly,cds__era5_pl_monthly__ERA5__reanalysis__t850__850hPa__monthly__2015-2015__m08__NH0_90__grid_1p0.grib,/mnt/e/last-aticol/data/raw/era5/pressure-levels/temperature/850hPa/monthly/cds__era5_pl_monthly__ERA5__reanalysis__t850__850hPa__monthly__2015-2015__m08__NH0_90__grid_1p0.grib,65628,1776348935
2026-04-16T15:35:40Z,/mnt/e/last-aticol/data/raw/era5/pressure-levels/temperature/850hPa/monthly,cds__era5_pl_monthly__ERA5__reanalysis__t850__850hPa__monthly__2015-2015__m09__NH0_90__grid_1p0.grib,/mnt/e/last-aticol/data/raw/era5/pressure-levels/temperature/850hPa/monthly/cds__era5_pl_monthly__ERA5__reanalysis__t850__850hPa__monthly__2015-2015__m09__NH0_90__grid_1p0.grib,65628,1776348950
2026-04-16T15:35:40Z,/mnt/e/last-aticol/data/raw/era5/pressure-levels/temperature/850hPa/monthly,cds__era5_pl_monthly__ERA5__reanalysis__t850__850hPa__monthly__2015-2015__m10__NH0_90__grid_1p0.grib,/mnt/e/last-aticol/data/raw/era5/pressure-levels/temperature/850hPa/monthly/cds__era5_pl_monthly__ERA5__reanalysis__t850__850hPa__monthly__2015-2015__m10__NH0_90__grid_1p0.grib,65628,1776348972
2026-04-16T15:35:40Z,/mnt/e/last-aticol/data/raw/era5/pressure-levels/temperature/850hPa/monthly,cds__era5_pl_monthly__ERA5__reanalysis__t850__850hPa__monthly__2015-2015__m11__NH0_90__grid_1p0.grib,/mnt/e/last-aticol/data/raw/era5/pressure-levels/temperature/850hPa/monthly/cds__era5_pl_monthly__ERA5__reanalysis__t850__850hPa__monthly__2015-2015__m11__NH0_90__grid_1p0.grib,65628,1776348987
2026-04-16T15:35:40Z,/mnt/e/last-aticol/data/raw/era5/pressure-levels/temperature/850hPa/monthly,cds__era5_pl_monthly__ERA5__reanalysis__t850__850hPa__monthly__2015-2015__m12__NH0_90__grid_1p0.grib,/mnt/e/last-aticol/data/raw/era5/pressure-levels/temperature/850hPa/monthly/cds__era5_pl_monthly__ERA5__reanalysis__t850__850hPa__monthly__2015-2015__m12__NH0_90__grid_1p0.grib,65628,1776349009
2026-04-16T15:35:40Z,/mnt/e/last-aticol/data/raw/era5/pressure-levels/temperature/850hPa/monthly,cds__era5_pl_monthly__ERA5__reanalysis__t850__850hPa__monthly__2016-2016__m01__NH0_90__grid_1p0.grib,/mnt/e/last-aticol/data/raw/era5/pressure-levels/temperature/850hPa/monthly/cds__era5_pl_monthly__ERA5__reanalysis__t850__850hPa__monthly__2016-2016__m01__NH0_90__grid_1p0.grib,65628,1776349031
2026-04-16T15:35:40Z,/mnt/e/last-aticol/data/raw/era5/pressure-levels/temperature/850hPa/monthly,cds__era5_pl_monthly__ERA5__reanalysis__t850__850hPa__monthly__2016-2016__m02__NH0_90__grid_1p0.grib,/mnt/e/last-aticol/data/raw/era5/pressure-levels/temperature/850hPa/monthly/cds__era5_pl_monthly__ERA5__reanalysis__t850__850hPa__monthly__2016-2016__m02__NH0_90__grid_1p0.grib,65628,1776349053
2026-04-16T15:35:40Z,/mnt/e/last-aticol/data/raw/era5/pressure-levels/temperature/850hPa/monthly,cds__era5_pl_monthly__ERA5__reanalysis__t850__850hPa__monthly__2016-2016__m03__NH0_90__grid_1p0.grib,/mnt/e/last-aticol/data/raw/era5/pressure-levels/temperature/850hPa/monthly/cds__era5_pl_monthly__ERA5__reanalysis__t850__850hPa__monthly__2016-2016__m03__NH0_90__grid_1p0.grib,65628,1776349068
2026-04-16T15:35:40Z,/mnt/e/last-aticol/data/raw/era5/pressure-levels/temperature/850hPa/monthly,cds__era5_pl_monthly__ERA5__reanalysis__t850__850hPa__monthly__2016-2016__m04__NH0_90__grid_1p0.grib,/mnt/e/last-aticol/data/raw/era5/pressure-levels/temperature/850hPa/monthly/cds__era5_pl_monthly__ERA5__reanalysis__t850__850hPa__monthly__2016-2016__m04__NH0_90__grid_1p0.grib,65628,1776349090
2026-04-16T15:35:40Z,/mnt/e/last-aticol/data/raw/era5/pressure-levels/temperature/850hPa/monthly,cds__era5_pl_monthly__ERA5__reanalysis__t850__850hPa__monthly__2016-2016__m05__NH0_90__grid_1p0.grib,/mnt/e/last-aticol/data/raw/era5/pressure-levels/temperature/850hPa/monthly/cds__era5_pl_monthly__ERA5__reanalysis__t850__850hPa__monthly__2016-2016__m05__NH0_90__grid_1p0.grib,65628,1776349112
2026-04-16T15:35:40Z,/mnt/e/last-aticol/data/raw/era5/pressure-levels/temperature/850hPa/monthly,cds__era5_pl_monthly__ERA5__reanalysis__t850__850hPa__monthly__2016-2016__m06__NH0_90__grid_1p0.grib,/mnt/e/last-aticol/data/raw/era5/pressure-levels/temperature/850hPa/monthly/cds__era5_pl_monthly__ERA5__reanalysis__t850__850hPa__monthly__2016-2016__m06__NH0_90__grid_1p0.grib,65628,1776349135
2026-04-16T15:35:40Z,/mnt/e/last-aticol/data/raw/era5/pressure-levels/temperature/850hPa/monthly,cds__era5_pl_monthly__ERA5__reanalysis__t850__850hPa__monthly__2016-2016__m07__NH0_90__grid_1p0.grib,/mnt/e/last-aticol/data/raw/era5/pressure-levels/temperature/850hPa/monthly/cds__era5_pl_monthly__ERA5__reanalysis__t850__850hPa__monthly__2016-2016__m07__NH0_90__grid_1p0.grib,65628,1776349158
2026-04-16T15:35:40Z,/mnt/e/last-aticol/data/raw/era5/pressure-levels/temperature/850hPa/monthly,cds__era5_pl_monthly__ERA5__reanalysis__t850__850hPa__monthly__2016-2016__m08__NH0_90__grid_1p0.grib,/mnt/e/last-aticol/data/raw/era5/pressure-levels/temperature/850hPa/monthly/cds__era5_pl_monthly__ERA5__reanalysis__t850__850hPa__monthly__2016-2016__m08__NH0_90__grid_1p0.grib,65628,1776349180
2026-04-16T15:35:40Z,/mnt/e/last-aticol/data/raw/era5/pressure-levels/temperature/850hPa/monthly,cds__era5_pl_monthly__ERA5__reanalysis__t850__850hPa__monthly__2016-2016__m09__NH0_90__grid_1p0.grib,/mnt/e/last-aticol/data/raw/era5/pressure-levels/temperature/850hPa/monthly/cds__era5_pl_monthly__ERA5__reanalysis__t850__850hPa__monthly__2016-2016__m09__NH0_90__grid_1p0.grib,65628,1776349202
2026-04-16T15:35:40Z,/mnt/e/last-aticol/data/raw/era5/pressure-levels/temperature/850hPa/monthly,cds__era5_pl_monthly__ERA5__reanalysis__t850__850hPa__monthly__2016-2016__m10__NH0_90__grid_1p0.grib,/mnt/e/last-aticol/data/raw/era5/pressure-levels/temperature/850hPa/monthly/cds__era5_pl_monthly__ERA5__reanalysis__t850__850hPa__monthly__2016-2016__m10__NH0_90__grid_1p0.grib,65628,1776349217
2026-04-16T15:35:40Z,/mnt/e/last-aticol/data/raw/era5/pressure-levels/temperature/850hPa/monthly,cds__era5_pl_monthly__ERA5__reanalysis__t850__850hPa__monthly__2016-2016__m11__NH0_90__grid_1p0.grib,/mnt/e/last-aticol/data/raw/era5/pressure-levels/temperature/850hPa/monthly/cds__era5_pl_monthly__ERA5__reanalysis__t850__850hPa__monthly__2016-2016__m11__NH0_90__grid_1p0.grib,65628,1776349239
2026-04-16T15:35:40Z,/mnt/e/last-aticol/data/raw/era5/pressure-levels/temperature/850hPa/monthly,cds__era5_pl_monthly__ERA5__reanalysis__t850__850hPa__monthly__2016-2016__m12__NH0_90__grid_1p0.grib,/mnt/e/last-aticol/data/raw/era5/pressure-levels/temperature/850hPa/monthly/cds__era5_pl_monthly__ERA5__reanalysis__t850__850hPa__monthly__2016-2016__m12__NH0_90__grid_1p0.grib,65628,1776349272
2026-04-16T15:35:40Z,/mnt/e/last-aticol/data/raw/era5/pressure-levels/temperature/850hPa/monthly,cds__era5_pl_monthly__ERA5__reanalysis__t850__850hPa__monthly__2017-2017__m01__NH0_90__grid_1p0.grib,/mnt/e/last-aticol/data/raw/era5/pressure-levels/temperature/850hPa/monthly/cds__era5_pl_monthly__ERA5__reanalysis__t850__850hPa__monthly__2017-2017__m01__NH0_90__grid_1p0.grib,65628,1776349294
2026-04-16T15:35:40Z,/mnt/e/last-aticol/data/raw/era5/pressure-levels/temperature/850hPa/monthly,cds__era5_pl_monthly__ERA5__reanalysis__t850__850hPa__monthly__2017-2017__m02__NH0_90__grid_1p0.grib,/mnt/e/last-aticol/data/raw/era5/pressure-levels/temperature/850hPa/monthly/cds__era5_pl_monthly__ERA5__reanalysis__t850__850hPa__monthly__2017-2017__m02__NH0_90__grid_1p0.grib,65628,1776349316
2026-04-16T15:35:40Z,/mnt/e/last-aticol/data/raw/era5/pressure-levels/temperature/850hPa/monthly,cds__era5_pl_monthly__ERA5__reanalysis__t850__850hPa__monthly__2017-2017__m03__NH0_90__grid_1p0.grib,/mnt/e/last-aticol/data/raw/era5/pressure-levels/temperature/850hPa/monthly/cds__era5_pl_monthly__ERA5__reanalysis__t850__850hPa__monthly__2017-2017__m03__NH0_90__grid_1p0.grib,65628,1776349338
2026-04-16T15:35:40Z,/mnt/e/last-aticol/data/raw/era5/pressure-levels/temperature/850hPa/monthly,cds__era5_pl_monthly__ERA5__reanalysis__t850__850hPa__monthly__2017-2017__m04__NH0_90__grid_1p0.grib,/mnt/e/last-aticol/data/raw/era5/pressure-levels/temperature/850hPa/monthly/cds__era5_pl_monthly__ERA5__reanalysis__t850__850hPa__monthly__2017-2017__m04__NH0_90__grid_1p0.grib,65628,1776349359
2026-04-16T15:35:40Z,/mnt/e/last-aticol/data/raw/era5/pressure-levels/temperature/850hPa/monthly,cds__era5_pl_monthly__ERA5__reanalysis__t850__850hPa__monthly__2017-2017__m05__NH0_90__grid_1p0.grib,/mnt/e/last-aticol/data/raw/era5/pressure-levels/temperature/850hPa/monthly/cds__era5_pl_monthly__ERA5__reanalysis__t850__850hPa__monthly__2017-2017__m05__NH0_90__grid_1p0.grib,65628,1776349381
2026-04-16T15:35:40Z,/mnt/e/last-aticol/data/raw/era5/pressure-levels/temperature/850hPa/monthly,cds__era5_pl_monthly__ERA5__reanalysis__t850__850hPa__monthly__2017-2017__m06__NH0_90__grid_1p0.grib,/mnt/e/last-aticol/data/raw/era5/pressure-levels/temperature/850hPa/monthly/cds__era5_pl_monthly__ERA5__reanalysis__t850__850hPa__monthly__2017-2017__m06__NH0_90__grid_1p0.grib,65628,1776349403
2026-04-16T15:35:40Z,/mnt/e/last-aticol/data/raw/era5/pressure-levels/temperature/850hPa/monthly,cds__era5_pl_monthly__ERA5__reanalysis__t850__850hPa__monthly__2017-2017__m07__NH0_90__grid_1p0.grib,/mnt/e/last-aticol/data/raw/era5/pressure-levels/temperature/850hPa/monthly/cds__era5_pl_monthly__ERA5__reanalysis__t850__850hPa__monthly__2017-2017__m07__NH0_90__grid_1p0.grib,65628,1776349418
2026-04-16T15:35:40Z,/mnt/e/last-aticol/data/raw/era5/pressure-levels/temperature/850hPa/monthly,cds__era5_pl_monthly__ERA5__reanalysis__t850__850hPa__monthly__2017-2017__m08__NH0_90__grid_1p0.grib,/mnt/e/last-aticol/data/raw/era5/pressure-levels/temperature/850hPa/monthly/cds__era5_pl_monthly__ERA5__reanalysis__t850__850hPa__monthly__2017-2017__m08__NH0_90__grid_1p0.grib,65628,1776349434
2026-04-16T15:35:40Z,/mnt/e/last-aticol/data/raw/era5/pressure-levels/temperature/850hPa/monthly,cds__era5_pl_monthly__ERA5__reanalysis__t850__850hPa__monthly__2017-2017__m09__NH0_90__grid_1p0.grib,/mnt/e/last-aticol/data/raw/era5/pressure-levels/temperature/850hPa/monthly/cds__era5_pl_monthly__ERA5__reanalysis__t850__850hPa__monthly__2017-2017__m09__NH0_90__grid_1p0.grib,65628,1776349449
2026-04-16T15:35:40Z,/mnt/e/last-aticol/data/raw/era5/pressure-levels/temperature/850hPa/monthly,cds__era5_pl_monthly__ERA5__reanalysis__t850__850hPa__monthly__2017-2017__m10__NH0_90__grid_1p0.grib,/mnt/e/last-aticol/data/raw/era5/pressure-levels/temperature/850hPa/monthly/cds__era5_pl_monthly__ERA5__reanalysis__t850__850hPa__monthly__2017-2017__m10__NH0_90__grid_1p0.grib,65628,1776349464
2026-04-16T15:35:40Z,/mnt/e/last-aticol/data/raw/era5/pressure-levels/temperature/850hPa/monthly,cds__era5_pl_monthly__ERA5__reanalysis__t850__850hPa__monthly__2017-2017__m11__NH0_90__grid_1p0.grib,/mnt/e/last-aticol/data/raw/era5/pressure-levels/temperature/850hPa/monthly/cds__era5_pl_monthly__ERA5__reanalysis__t850__850hPa__monthly__2017-2017__m11__NH0_90__grid_1p0.grib,65628,1776349486
2026-04-16T15:35:40Z,/mnt/e/last-aticol/data/raw/era5/pressure-levels/temperature/850hPa/monthly,cds__era5_pl_monthly__ERA5__reanalysis__t850__850hPa__monthly__2017-2017__m12__NH0_90__grid_1p0.grib,/mnt/e/last-aticol/data/raw/era5/pressure-levels/temperature/850hPa/monthly/cds__era5_pl_monthly__ERA5__reanalysis__t850__850hPa__monthly__2017-2017__m12__NH0_90__grid_1p0.grib,65628,1776349508
2026-04-16T15:35:40Z,/mnt/e/last-aticol/data/raw/era5/pressure-levels/temperature/850hPa/monthly,cds__era5_pl_monthly__ERA5__reanalysis__t850__850hPa__monthly__2018-2018__m01__NH0_90__grid_1p0.grib,/mnt/e/last-aticol/data/raw/era5/pressure-levels/temperature/850hPa/monthly/cds__era5_pl_monthly__ERA5__reanalysis__t850__850hPa__monthly__2018-2018__m01__NH0_90__grid_1p0.grib,65628,1776349541
2026-04-16T15:35:40Z,/mnt/e/last-aticol/data/raw/era5/pressure-levels/temperature/850hPa/monthly,cds__era5_pl_monthly__ERA5__reanalysis__t850__850hPa__monthly__2018-2018__m02__NH0_90__grid_1p0.grib,/mnt/e/last-aticol/data/raw/era5/pressure-levels/temperature/850hPa/monthly/cds__era5_pl_monthly__ERA5__reanalysis__t850__850hPa__monthly__2018-2018__m02__NH0_90__grid_1p0.grib,65628,1776349555
2026-04-16T15:35:40Z,/mnt/e/last-aticol/data/raw/era5/pressure-levels/temperature/850hPa/monthly,cds__era5_pl_monthly__ERA5__reanalysis__t850__850hPa__monthly__2018-2018__m03__NH0_90__grid_1p0.grib,/mnt/e/last-aticol/data/raw/era5/pressure-levels/temperature/850hPa/monthly/cds__era5_pl_monthly__ERA5__reanalysis__t850__850hPa__monthly__2018-2018__m03__NH0_90__grid_1p0.grib,65628,1776349573
2026-04-16T15:35:40Z,/mnt/e/last-aticol/data/raw/era5/pressure-levels/temperature/850hPa/monthly,cds__era5_pl_monthly__ERA5__reanalysis__t850__850hPa__monthly__2018-2018__m04__NH0_90__grid_1p0.grib,/mnt/e/last-aticol/data/raw/era5/pressure-levels/temperature/850hPa/monthly/cds__era5_pl_monthly__ERA5__reanalysis__t850__850hPa__monthly__2018-2018__m04__NH0_90__grid_1p0.grib,65628,1776349605
2026-04-16T15:35:40Z,/mnt/e/last-aticol/data/raw/era5/pressure-levels/temperature/850hPa/monthly,cds__era5_pl_monthly__ERA5__reanalysis__t850__850hPa__monthly__2018-2018__m05__NH0_90__grid_1p0.grib,/mnt/e/last-aticol/data/raw/era5/pressure-levels/temperature/850hPa/monthly/cds__era5_pl_monthly__ERA5__reanalysis__t850__850hPa__monthly__2018-2018__m05__NH0_90__grid_1p0.grib,65628,1776349627
2026-04-16T15:35:40Z,/mnt/e/last-aticol/data/raw/era5/pressure-levels/temperature/850hPa/monthly,cds__era5_pl_monthly__ERA5__reanalysis__t850__850hPa__monthly__2018-2018__m06__NH0_90__grid_1p0.grib,/mnt/e/last-aticol/data/raw/era5/pressure-levels/temperature/850hPa/monthly/cds__era5_pl_monthly__ERA5__reanalysis__t850__850hPa__monthly__2018-2018__m06__NH0_90__grid_1p0.grib,65628,1776349648
2026-04-16T15:35:40Z,/mnt/e/last-aticol/data/raw/era5/pressure-levels/temperature/850hPa/monthly,cds__era5_pl_monthly__ERA5__reanalysis__t850__850hPa__monthly__2018-2018__m07__NH0_90__grid_1p0.grib,/mnt/e/last-aticol/data/raw/era5/pressure-levels/temperature/850hPa/monthly/cds__era5_pl_monthly__ERA5__reanalysis__t850__850hPa__monthly__2018-2018__m07__NH0_90__grid_1p0.grib,65628,1776349663
2026-04-16T15:35:40Z,/mnt/e/last-aticol/data/raw/era5/pressure-levels/temperature/850hPa/monthly,cds__era5_pl_monthly__ERA5__reanalysis__t850__850hPa__monthly__2018-2018__m08__NH0_90__grid_1p0.grib,/mnt/e/last-aticol/data/raw/era5/pressure-levels/temperature/850hPa/monthly/cds__era5_pl_monthly__ERA5__reanalysis__t850__850hPa__monthly__2018-2018__m08__NH0_90__grid_1p0.grib,65628,1776349678
2026-04-16T15:35:40Z,/mnt/e/last-aticol/data/raw/era5/pressure-levels/temperature/850hPa/monthly,cds__era5_pl_monthly__ERA5__reanalysis__t850__850hPa__monthly__2018-2018__m09__NH0_90__grid_1p0.grib,/mnt/e/last-aticol/data/raw/era5/pressure-levels/temperature/850hPa/monthly/cds__era5_pl_monthly__ERA5__reanalysis__t850__850hPa__monthly__2018-2018__m09__NH0_90__grid_1p0.grib,65628,1776349693
2026-04-16T15:35:40Z,/mnt/e/last-aticol/data/raw/era5/pressure-levels/temperature/850hPa/monthly,cds__era5_pl_monthly__ERA5__reanalysis__t850__850hPa__monthly__2018-2018__m10__NH0_90__grid_1p0.grib,/mnt/e/last-aticol/data/raw/era5/pressure-levels/temperature/850hPa/monthly/cds__era5_pl_monthly__ERA5__reanalysis__t850__850hPa__monthly__2018-2018__m10__NH0_90__grid_1p0.grib,65628,1776349708
2026-04-16T15:35:40Z,/mnt/e/last-aticol/data/raw/era5/pressure-levels/temperature/850hPa/monthly,cds__era5_pl_monthly__ERA5__reanalysis__t850__850hPa__monthly__2018-2018__m11__NH0_90__grid_1p0.grib,/mnt/e/last-aticol/data/raw/era5/pressure-levels/temperature/850hPa/monthly/cds__era5_pl_monthly__ERA5__reanalysis__t850__850hPa__monthly__2018-2018__m11__NH0_90__grid_1p0.grib,65628,1776349723
2026-04-16T15:35:41Z,/mnt/e/last-aticol/data/raw/era5/pressure-levels/temperature/850hPa/monthly,cds__era5_pl_monthly__ERA5__reanalysis__t850__850hPa__monthly__2018-2018__m12__NH0_90__grid_1p0.grib,/mnt/e/last-aticol/data/raw/era5/pressure-levels/temperature/850hPa/monthly/cds__era5_pl_monthly__ERA5__reanalysis__t850__850hPa__monthly__2018-2018__m12__NH0_90__grid_1p0.grib,65628,1776349737
2026-04-16T15:35:41Z,/mnt/e/last-aticol/data/raw/era5/pressure-levels/temperature/850hPa/monthly,cds__era5_pl_monthly__ERA5__reanalysis__t850__850hPa__monthly__2019-2019__m01__NH0_90__grid_1p0.grib,/mnt/e/last-aticol/data/raw/era5/pressure-levels/temperature/850hPa/monthly/cds__era5_pl_monthly__ERA5__reanalysis__t850__850hPa__monthly__2019-2019__m01__NH0_90__grid_1p0.grib,65628,1776349770
2026-04-16T15:35:41Z,/mnt/e/last-aticol/data/raw/era5/pressure-levels/temperature/850hPa/monthly,cds__era5_pl_monthly__ERA5__reanalysis__t850__850hPa__monthly__2019-2019__m02__NH0_90__grid_1p0.grib,/mnt/e/last-aticol/data/raw/era5/pressure-levels/temperature/850hPa/monthly/cds__era5_pl_monthly__ERA5__reanalysis__t850__850hPa__monthly__2019-2019__m02__NH0_90__grid_1p0.grib,65628,1776349785
2026-04-16T15:35:41Z,/mnt/e/last-aticol/data/raw/era5/pressure-levels/temperature/850hPa/monthly,cds__era5_pl_monthly__ERA5__reanalysis__t850__850hPa__monthly__2019-2019__m03__NH0_90__grid_1p0.grib,/mnt/e/last-aticol/data/raw/era5/pressure-levels/temperature/850hPa/monthly/cds__era5_pl_monthly__ERA5__reanalysis__t850__850hPa__monthly__2019-2019__m03__NH0_90__grid_1p0.grib,65628,1776349800
2026-04-16T15:35:41Z,/mnt/e/last-aticol/data/raw/era5/pressure-levels/temperature/850hPa/monthly,cds__era5_pl_monthly__ERA5__reanalysis__t850__850hPa__monthly__2019-2019__m04__NH0_90__grid_1p0.grib,/mnt/e/last-aticol/data/raw/era5/pressure-levels/temperature/850hPa/monthly/cds__era5_pl_monthly__ERA5__reanalysis__t850__850hPa__monthly__2019-2019__m04__NH0_90__grid_1p0.grib,65628,1776349822
2026-04-16T15:35:41Z,/mnt/e/last-aticol/data/raw/era5/pressure-levels/temperature/850hPa/monthly,cds__era5_pl_monthly__ERA5__reanalysis__t850__850hPa__monthly__2019-2019__m05__NH0_90__grid_1p0.grib,/mnt/e/last-aticol/data/raw/era5/pressure-levels/temperature/850hPa/monthly/cds__era5_pl_monthly__ERA5__reanalysis__t850__850hPa__monthly__2019-2019__m05__NH0_90__grid_1p0.grib,65628,1776349844
2026-04-16T15:35:41Z,/mnt/e/last-aticol/data/raw/era5/pressure-levels/temperature/850hPa/monthly,cds__era5_pl_monthly__ERA5__reanalysis__t850__850hPa__monthly__2019-2019__m06__NH0_90__grid_1p0.grib,/mnt/e/last-aticol/data/raw/era5/pressure-levels/temperature/850hPa/monthly/cds__era5_pl_monthly__ERA5__reanalysis__t850__850hPa__monthly__2019-2019__m06__NH0_90__grid_1p0.grib,65628,1776349865
2026-04-16T15:35:41Z,/mnt/e/last-aticol/data/raw/era5/pressure-levels/temperature/850hPa/monthly,cds__era5_pl_monthly__ERA5__reanalysis__t850__850hPa__monthly__2019-2019__m07__NH0_90__grid_1p0.grib,/mnt/e/last-aticol/data/raw/era5/pressure-levels/temperature/850hPa/monthly/cds__era5_pl_monthly__ERA5__reanalysis__t850__850hPa__monthly__2019-2019__m07__NH0_90__grid_1p0.grib,65628,1776349897
2026-04-16T15:35:41Z,/mnt/e/last-aticol/data/raw/era5/pressure-levels/temperature/850hPa/monthly,cds__era5_pl_monthly__ERA5__reanalysis__t850__850hPa__monthly__2019-2019__m08__NH0_90__grid_1p0.grib,/mnt/e/last-aticol/data/raw/era5/pressure-levels/temperature/850hPa/monthly/cds__era5_pl_monthly__ERA5__reanalysis__t850__850hPa__monthly__2019-2019__m08__NH0_90__grid_1p0.grib,65628,1776349919
2026-04-16T15:35:41Z,/mnt/e/last-aticol/data/raw/era5/pressure-levels/temperature/850hPa/monthly,cds__era5_pl_monthly__ERA5__reanalysis__t850__850hPa__monthly__2019-2019__m09__NH0_90__grid_1p0.grib,/mnt/e/last-aticol/data/raw/era5/pressure-levels/temperature/850hPa/monthly/cds__era5_pl_monthly__ERA5__reanalysis__t850__850hPa__monthly__2019-2019__m09__NH0_90__grid_1p0.grib,65628,1776349941
2026-04-16T15:35:41Z,/mnt/e/last-aticol/data/raw/era5/pressure-levels/temperature/850hPa/monthly,cds__era5_pl_monthly__ERA5__reanalysis__t850__850hPa__monthly__2019-2019__m10__NH0_90__grid_1p0.grib,/mnt/e/last-aticol/data/raw/era5/pressure-levels/temperature/850hPa/monthly/cds__era5_pl_monthly__ERA5__reanalysis__t850__850hPa__monthly__2019-2019__m10__NH0_90__grid_1p0.grib,65628,1776349963
2026-04-16T15:35:41Z,/mnt/e/last-aticol/data/raw/era5/pressure-levels/temperature/850hPa/monthly,cds__era5_pl_monthly__ERA5__reanalysis__t850__850hPa__monthly__2019-2019__m11__NH0_90__grid_1p0.grib,/mnt/e/last-aticol/data/raw/era5/pressure-levels/temperature/850hPa/monthly/cds__era5_pl_monthly__ERA5__reanalysis__t850__850hPa__monthly__2019-2019__m11__NH0_90__grid_1p0.grib,65628,1776349985
2026-04-16T15:35:41Z,/mnt/e/last-aticol/data/raw/era5/pressure-levels/temperature/850hPa/monthly,cds__era5_pl_monthly__ERA5__reanalysis__t850__850hPa__monthly__2019-2019__m12__NH0_90__grid_1p0.grib,/mnt/e/last-aticol/data/raw/era5/pressure-levels/temperature/850hPa/monthly/cds__era5_pl_monthly__ERA5__reanalysis__t850__850hPa__monthly__2019-2019__m12__NH0_90__grid_1p0.grib,65628,1776350006
2026-04-16T15:35:41Z,/mnt/e/last-aticol/data/raw/era5/pressure-levels/temperature/850hPa/monthly,cds__era5_pl_monthly__ERA5__reanalysis__t850__850hPa__monthly__2020-2020__m01__NH0_90__grid_1p0.grib,/mnt/e/last-aticol/data/raw/era5/pressure-levels/temperature/850hPa/monthly/cds__era5_pl_monthly__ERA5__reanalysis__t850__850hPa__monthly__2020-2020__m01__NH0_90__grid_1p0.grib,65628,1776350021
2026-04-16T15:35:41Z,/mnt/e/last-aticol/data/raw/era5/pressure-levels/temperature/850hPa/monthly,cds__era5_pl_monthly__ERA5__reanalysis__t850__850hPa__monthly__2020-2020__m02__NH0_90__grid_1p0.grib,/mnt/e/last-aticol/data/raw/era5/pressure-levels/temperature/850hPa/monthly/cds__era5_pl_monthly__ERA5__reanalysis__t850__850hPa__monthly__2020-2020__m02__NH0_90__grid_1p0.grib,65628,1776350043
2026-04-16T15:35:41Z,/mnt/e/last-aticol/data/raw/era5/pressure-levels/temperature/850hPa/monthly,cds__era5_pl_monthly__ERA5__reanalysis__t850__850hPa__monthly__2020-2020__m03__NH0_90__grid_1p0.grib,/mnt/e/last-aticol/data/raw/era5/pressure-levels/temperature/850hPa/monthly/cds__era5_pl_monthly__ERA5__reanalysis__t850__850hPa__monthly__2020-2020__m03__NH0_90__grid_1p0.grib,65628,1776350058
2026-04-16T15:35:41Z,/mnt/e/last-aticol/data/raw/era5/pressure-levels/temperature/850hPa/monthly,cds__era5_pl_monthly__ERA5__reanalysis__t850__850hPa__monthly__2020-2020__m04__NH0_90__grid_1p0.grib,/mnt/e/last-aticol/data/raw/era5/pressure-levels/temperature/850hPa/monthly/cds__era5_pl_monthly__ERA5__reanalysis__t850__850hPa__monthly__2020-2020__m04__NH0_90__grid_1p0.grib,65628,1776350085
2026-04-16T15:35:41Z,/mnt/e/last-aticol/data/raw/era5/pressure-levels/temperature/850hPa/monthly,cds__era5_pl_monthly__ERA5__reanalysis__t850__850hPa__monthly__2020-2020__m05__NH0_90__grid_1p0.grib,/mnt/e/last-aticol/data/raw/era5/pressure-levels/temperature/850hPa/monthly/cds__era5_pl_monthly__ERA5__reanalysis__t850__850hPa__monthly__2020-2020__m05__NH0_90__grid_1p0.grib,65628,1776350107
2026-04-16T15:35:41Z,/mnt/e/last-aticol/data/raw/era5/pressure-levels/temperature/850hPa/monthly,cds__era5_pl_monthly__ERA5__reanalysis__t850__850hPa__monthly__2020-2020__m06__NH0_90__grid_1p0.grib,/mnt/e/last-aticol/data/raw/era5/pressure-levels/temperature/850hPa/monthly/cds__era5_pl_monthly__ERA5__reanalysis__t850__850hPa__monthly__2020-2020__m06__NH0_90__grid_1p0.grib,65628,1776350129
2026-04-16T15:35:41Z,/mnt/e/last-aticol/data/raw/era5/pressure-levels/temperature/850hPa/monthly,cds__era5_pl_monthly__ERA5__reanalysis__t850__850hPa__monthly__2020-2020__m07__NH0_90__grid_1p0.grib,/mnt/e/last-aticol/data/raw/era5/pressure-levels/temperature/850hPa/monthly/cds__era5_pl_monthly__ERA5__reanalysis__t850__850hPa__monthly__2020-2020__m07__NH0_90__grid_1p0.grib,65628,1776350150
2026-04-16T15:35:41Z,/mnt/e/last-aticol/data/raw/era5/pressure-levels/temperature/850hPa/monthly,cds__era5_pl_monthly__ERA5__reanalysis__t850__850hPa__monthly__2020-2020__m08__NH0_90__grid_1p0.grib,/mnt/e/last-aticol/data/raw/era5/pressure-levels/temperature/850hPa/monthly/cds__era5_pl_monthly__ERA5__reanalysis__t850__850hPa__monthly__2020-2020__m08__NH0_90__grid_1p0.grib,65628,1776350165
2026-04-16T15:35:41Z,/mnt/e/last-aticol/data/raw/era5/pressure-levels/temperature/850hPa/monthly,cds__era5_pl_monthly__ERA5__reanalysis__t850__850hPa__monthly__2020-2020__m09__NH0_90__grid_1p0.grib,/mnt/e/last-aticol/data/raw/era5/pressure-levels/temperature/850hPa/monthly/cds__era5_pl_monthly__ERA5__reanalysis__t850__850hPa__monthly__2020-2020__m09__NH0_90__grid_1p0.grib,65628,1776350180
2026-04-16T15:35:41Z,/mnt/e/last-aticol/data/raw/era5/pressure-levels/temperature/850hPa/monthly,cds__era5_pl_monthly__ERA5__reanalysis__t850__850hPa__monthly__2020-2020__m10__NH0_90__grid_1p0.grib,/mnt/e/last-aticol/data/raw/era5/pressure-levels/temperature/850hPa/monthly/cds__era5_pl_monthly__ERA5__reanalysis__t850__850hPa__monthly__2020-2020__m10__NH0_90__grid_1p0.grib,65628,1776350202
2026-04-16T15:35:41Z,/mnt/e/last-aticol/data/raw/era5/pressure-levels/temperature/850hPa/monthly,cds__era5_pl_monthly__ERA5__reanalysis__t850__850hPa__monthly__2020-2020__m11__NH0_90__grid_1p0.grib,/mnt/e/last-aticol/data/raw/era5/pressure-levels/temperature/850hPa/monthly/cds__era5_pl_monthly__ERA5__reanalysis__t850__850hPa__monthly__2020-2020__m11__NH0_90__grid_1p0.grib,65628,1776350217
2026-04-16T15:35:41Z,/mnt/e/last-aticol/data/raw/era5/pressure-levels/temperature/850hPa/monthly,cds__era5_pl_monthly__ERA5__reanalysis__t850__850hPa__monthly__2020-2020__m12__NH0_90__grid_1p0.grib,/mnt/e/last-aticol/data/raw/era5/pressure-levels/temperature/850hPa/monthly/cds__era5_pl_monthly__ERA5__reanalysis__t850__850hPa__monthly__2020-2020__m12__NH0_90__grid_1p0.grib,65628,1776350232
2026-04-16T15:35:41Z,/mnt/e/last-aticol/data/raw/era5/pressure-levels/temperature/850hPa/monthly,cds__era5_pl_monthly__ERA5__reanalysis__t850__850hPa__monthly__2021-2021__m01__NH0_90__grid_1p0.grib,/mnt/e/last-aticol/data/raw/era5/pressure-levels/temperature/850hPa/monthly/cds__era5_pl_monthly__ERA5__reanalysis__t850__850hPa__monthly__2021-2021__m01__NH0_90__grid_1p0.grib,65628,1776350255
2026-04-16T15:35:41Z,/mnt/e/last-aticol/data/raw/era5/pressure-levels/temperature/850hPa/monthly,cds__era5_pl_monthly__ERA5__reanalysis__t850__850hPa__monthly__2021-2021__m02__NH0_90__grid_1p0.grib,/mnt/e/last-aticol/data/raw/era5/pressure-levels/temperature/850hPa/monthly/cds__era5_pl_monthly__ERA5__reanalysis__t850__850hPa__monthly__2021-2021__m02__NH0_90__grid_1p0.grib,65628,1776350269
2026-04-16T15:35:41Z,/mnt/e/last-aticol/data/raw/era5/pressure-levels/temperature/850hPa/monthly,cds__era5_pl_monthly__ERA5__reanalysis__t850__850hPa__monthly__2021-2021__m03__NH0_90__grid_1p0.grib,/mnt/e/last-aticol/data/raw/era5/pressure-levels/temperature/850hPa/monthly/cds__era5_pl_monthly__ERA5__reanalysis__t850__850hPa__monthly__2021-2021__m03__NH0_90__grid_1p0.grib,65628,1776350284
2026-04-16T15:35:41Z,/mnt/e/last-aticol/data/raw/era5/pressure-levels/temperature/850hPa/monthly,cds__era5_pl_monthly__ERA5__reanalysis__t850__850hPa__monthly__2021-2021__m04__NH0_90__grid_1p0.grib,/mnt/e/last-aticol/data/raw/era5/pressure-levels/temperature/850hPa/monthly/cds__era5_pl_monthly__ERA5__reanalysis__t850__850hPa__monthly__2021-2021__m04__NH0_90__grid_1p0.grib,65628,1776350306
2026-04-16T15:35:41Z,/mnt/e/last-aticol/data/raw/era5/pressure-levels/temperature/850hPa/monthly,cds__era5_pl_monthly__ERA5__reanalysis__t850__850hPa__monthly__2021-2021__m05__NH0_90__grid_1p0.grib,/mnt/e/last-aticol/data/raw/era5/pressure-levels/temperature/850hPa/monthly/cds__era5_pl_monthly__ERA5__reanalysis__t850__850hPa__monthly__2021-2021__m05__NH0_90__grid_1p0.grib,65628,1776350321
2026-04-16T15:35:41Z,/mnt/e/last-aticol/data/raw/era5/pressure-levels/temperature/850hPa/monthly,cds__era5_pl_monthly__ERA5__reanalysis__t850__850hPa__monthly__2021-2021__m06__NH0_90__grid_1p0.grib,/mnt/e/last-aticol/data/raw/era5/pressure-levels/temperature/850hPa/monthly/cds__era5_pl_monthly__ERA5__reanalysis__t850__850hPa__monthly__2021-2021__m06__NH0_90__grid_1p0.grib,65628,1776350335
2026-04-16T15:35:41Z,/mnt/e/last-aticol/data/raw/era5/pressure-levels/temperature/850hPa/monthly,cds__era5_pl_monthly__ERA5__reanalysis__t850__850hPa__monthly__2021-2021__m07__NH0_90__grid_1p0.grib,/mnt/e/last-aticol/data/raw/era5/pressure-levels/temperature/850hPa/monthly/cds__era5_pl_monthly__ERA5__reanalysis__t850__850hPa__monthly__2021-2021__m07__NH0_90__grid_1p0.grib,65628,1776350357
2026-04-16T15:35:41Z,/mnt/e/last-aticol/data/raw/era5/pressure-levels/temperature/850hPa/monthly,cds__era5_pl_monthly__ERA5__reanalysis__t850__850hPa__monthly__2021-2021__m08__NH0_90__grid_1p0.grib,/mnt/e/last-aticol/data/raw/era5/pressure-levels/temperature/850hPa/monthly/cds__era5_pl_monthly__ERA5__reanalysis__t850__850hPa__monthly__2021-2021__m08__NH0_90__grid_1p0.grib,65628,1776350372
2026-04-16T15:35:41Z,/mnt/e/last-aticol/data/raw/era5/pressure-levels/temperature/850hPa/monthly,cds__era5_pl_monthly__ERA5__reanalysis__t850__850hPa__monthly__2021-2021__m09__NH0_90__grid_1p0.grib,/mnt/e/last-aticol/data/raw/era5/pressure-levels/temperature/850hPa/monthly/cds__era5_pl_monthly__ERA5__reanalysis__t850__850hPa__monthly__2021-2021__m09__NH0_90__grid_1p0.grib,65628,1776350389
2026-04-16T15:35:41Z,/mnt/e/last-aticol/data/raw/era5/pressure-levels/temperature/850hPa/monthly,cds__era5_pl_monthly__ERA5__reanalysis__t850__850hPa__monthly__2021-2021__m10__NH0_90__grid_1p0.grib,/mnt/e/last-aticol/data/raw/era5/pressure-levels/temperature/850hPa/monthly/cds__era5_pl_monthly__ERA5__reanalysis__t850__850hPa__monthly__2021-2021__m10__NH0_90__grid_1p0.grib,65628,1776350421
2026-04-16T15:35:41Z,/mnt/e/last-aticol/data/raw/era5/pressure-levels/temperature/850hPa/monthly,cds__era5_pl_monthly__ERA5__reanalysis__t850__850hPa__monthly__2021-2021__m11__NH0_90__grid_1p0.grib,/mnt/e/last-aticol/data/raw/era5/pressure-levels/temperature/850hPa/monthly/cds__era5_pl_monthly__ERA5__reanalysis__t850__850hPa__monthly__2021-2021__m11__NH0_90__grid_1p0.grib,65628,1776350436
2026-04-16T15:35:41Z,/mnt/e/last-aticol/data/raw/era5/pressure-levels/temperature/850hPa/monthly,cds__era5_pl_monthly__ERA5__reanalysis__t850__850hPa__monthly__2021-2021__m12__NH0_90__grid_1p0.grib,/mnt/e/last-aticol/data/raw/era5/pressure-levels/temperature/850hPa/monthly/cds__era5_pl_monthly__ERA5__reanalysis__t850__850hPa__monthly__2021-2021__m12__NH0_90__grid_1p0.grib,65628,1776350458
2026-04-16T15:35:41Z,/mnt/e/last-aticol/data/raw/era5/pressure-levels/temperature/850hPa/monthly,cds__era5_pl_monthly__ERA5__reanalysis__t850__850hPa__monthly__2022-2022__m01__NH0_90__grid_1p0.grib,/mnt/e/last-aticol/data/raw/era5/pressure-levels/temperature/850hPa/monthly/cds__era5_pl_monthly__ERA5__reanalysis__t850__850hPa__monthly__2022-2022__m01__NH0_90__grid_1p0.grib,65628,1776350473
2026-04-16T15:35:41Z,/mnt/e/last-aticol/data/raw/era5/pressure-levels/temperature/850hPa/monthly,cds__era5_pl_monthly__ERA5__reanalysis__t850__850hPa__monthly__2022-2022__m02__NH0_90__grid_1p0.grib,/mnt/e/last-aticol/data/raw/era5/pressure-levels/temperature/850hPa/monthly/cds__era5_pl_monthly__ERA5__reanalysis__t850__850hPa__monthly__2022-2022__m02__NH0_90__grid_1p0.grib,65628,1776350488
2026-04-16T15:35:41Z,/mnt/e/last-aticol/data/raw/era5/pressure-levels/temperature/850hPa/monthly,cds__era5_pl_monthly__ERA5__reanalysis__t850__850hPa__monthly__2022-2022__m03__NH0_90__grid_1p0.grib,/mnt/e/last-aticol/data/raw/era5/pressure-levels/temperature/850hPa/monthly/cds__era5_pl_monthly__ERA5__reanalysis__t850__850hPa__monthly__2022-2022__m03__NH0_90__grid_1p0.grib,65628,1776350503
2026-04-16T15:35:41Z,/mnt/e/last-aticol/data/raw/era5/pressure-levels/temperature/850hPa/monthly,cds__era5_pl_monthly__ERA5__reanalysis__t850__850hPa__monthly__2022-2022__m04__NH0_90__grid_1p0.grib,/mnt/e/last-aticol/data/raw/era5/pressure-levels/temperature/850hPa/monthly/cds__era5_pl_monthly__ERA5__reanalysis__t850__850hPa__monthly__2022-2022__m04__NH0_90__grid_1p0.grib,65628,1776350518
2026-04-16T15:35:41Z,/mnt/e/last-aticol/data/raw/era5/pressure-levels/temperature/850hPa/monthly,cds__era5_pl_monthly__ERA5__reanalysis__t850__850hPa__monthly__2022-2022__m05__NH0_90__grid_1p0.grib,/mnt/e/last-aticol/data/raw/era5/pressure-levels/temperature/850hPa/monthly/cds__era5_pl_monthly__ERA5__reanalysis__t850__850hPa__monthly__2022-2022__m05__NH0_90__grid_1p0.grib,65628,1776350540
2026-04-16T15:35:41Z,/mnt/e/last-aticol/data/raw/era5/pressure-levels/temperature/850hPa/monthly,cds__era5_pl_monthly__ERA5__reanalysis__t850__850hPa__monthly__2022-2022__m06__NH0_90__grid_1p0.grib,/mnt/e/last-aticol/data/raw/era5/pressure-levels/temperature/850hPa/monthly/cds__era5_pl_monthly__ERA5__reanalysis__t850__850hPa__monthly__2022-2022__m06__NH0_90__grid_1p0.grib,65628,1776350555
2026-04-16T15:35:41Z,/mnt/e/last-aticol/data/raw/era5/pressure-levels/temperature/850hPa/monthly,cds__era5_pl_monthly__ERA5__reanalysis__t850__850hPa__monthly__2022-2022__m07__NH0_90__grid_1p0.grib,/mnt/e/last-aticol/data/raw/era5/pressure-levels/temperature/850hPa/monthly/cds__era5_pl_monthly__ERA5__reanalysis__t850__850hPa__monthly__2022-2022__m07__NH0_90__grid_1p0.grib,65628,1776350578
2026-04-16T15:35:41Z,/mnt/e/last-aticol/data/raw/era5/pressure-levels/temperature/850hPa/monthly,cds__era5_pl_monthly__ERA5__reanalysis__t850__850hPa__monthly__2022-2022__m08__NH0_90__grid_1p0.grib,/mnt/e/last-aticol/data/raw/era5/pressure-levels/temperature/850hPa/monthly/cds__era5_pl_monthly__ERA5__reanalysis__t850__850hPa__monthly__2022-2022__m08__NH0_90__grid_1p0.grib,65628,1776350600
2026-04-16T15:35:41Z,/mnt/e/last-aticol/data/raw/era5/pressure-levels/temperature/850hPa/monthly,cds__era5_pl_monthly__ERA5__reanalysis__t850__850hPa__monthly__2022-2022__m09__NH0_90__grid_1p0.grib,/mnt/e/last-aticol/data/raw/era5/pressure-levels/temperature/850hPa/monthly/cds__era5_pl_monthly__ERA5__reanalysis__t850__850hPa__monthly__2022-2022__m09__NH0_90__grid_1p0.grib,65628,1776350624
2026-04-16T15:35:41Z,/mnt/e/last-aticol/data/raw/era5/pressure-levels/temperature/850hPa/monthly,cds__era5_pl_monthly__ERA5__reanalysis__t850__850hPa__monthly__2022-2022__m10__NH0_90__grid_1p0.grib,/mnt/e/last-aticol/data/raw/era5/pressure-levels/temperature/850hPa/monthly/cds__era5_pl_monthly__ERA5__reanalysis__t850__850hPa__monthly__2022-2022__m10__NH0_90__grid_1p0.grib,65628,1776350639
2026-04-16T15:35:41Z,/mnt/e/last-aticol/data/raw/era5/pressure-levels/temperature/850hPa/monthly,cds__era5_pl_monthly__ERA5__reanalysis__t850__850hPa__monthly__2022-2022__m11__NH0_90__grid_1p0.grib,/mnt/e/last-aticol/data/raw/era5/pressure-levels/temperature/850hPa/monthly/cds__era5_pl_monthly__ERA5__reanalysis__t850__850hPa__monthly__2022-2022__m11__NH0_90__grid_1p0.grib,65628,1776350655
2026-04-16T15:35:41Z,/mnt/e/last-aticol/data/raw/era5/pressure-levels/temperature/850hPa/monthly,cds__era5_pl_monthly__ERA5__reanalysis__t850__850hPa__monthly__2022-2022__m12__NH0_90__grid_1p0.grib,/mnt/e/last-aticol/data/raw/era5/pressure-levels/temperature/850hPa/monthly/cds__era5_pl_monthly__ERA5__reanalysis__t850__850hPa__monthly__2022-2022__m12__NH0_90__grid_1p0.grib,65628,1776350677
2026-04-16T15:35:41Z,/mnt/e/last-aticol/data/raw/era5/pressure-levels/temperature/850hPa/monthly,cds__era5_pl_monthly__ERA5__reanalysis__t850__850hPa__monthly__2023-2023__m01__NH0_90__grid_1p0.grib,/mnt/e/last-aticol/data/raw/era5/pressure-levels/temperature/850hPa/monthly/cds__era5_pl_monthly__ERA5__reanalysis__t850__850hPa__monthly__2023-2023__m01__NH0_90__grid_1p0.grib,65628,1776350700
2026-04-16T15:35:41Z,/mnt/e/last-aticol/data/raw/era5/pressure-levels/temperature/850hPa/monthly,cds__era5_pl_monthly__ERA5__reanalysis__t850__850hPa__monthly__2023-2023__m02__NH0_90__grid_1p0.grib,/mnt/e/last-aticol/data/raw/era5/pressure-levels/temperature/850hPa/monthly/cds__era5_pl_monthly__ERA5__reanalysis__t850__850hPa__monthly__2023-2023__m02__NH0_90__grid_1p0.grib,65628,1776350722
2026-04-16T15:35:41Z,/mnt/e/last-aticol/data/raw/era5/pressure-levels/temperature/850hPa/monthly,cds__era5_pl_monthly__ERA5__reanalysis__t850__850hPa__monthly__2023-2023__m03__NH0_90__grid_1p0.grib,/mnt/e/last-aticol/data/raw/era5/pressure-levels/temperature/850hPa/monthly/cds__era5_pl_monthly__ERA5__reanalysis__t850__850hPa__monthly__2023-2023__m03__NH0_90__grid_1p0.grib,65628,1776350737
2026-04-16T15:35:41Z,/mnt/e/last-aticol/data/raw/era5/pressure-levels/temperature/850hPa/monthly,cds__era5_pl_monthly__ERA5__reanalysis__t850__850hPa__monthly__2023-2023__m04__NH0_90__grid_1p0.grib,/mnt/e/last-aticol/data/raw/era5/pressure-levels/temperature/850hPa/monthly/cds__era5_pl_monthly__ERA5__reanalysis__t850__850hPa__monthly__2023-2023__m04__NH0_90__grid_1p0.grib,65628,1776350752
2026-04-16T15:35:41Z,/mnt/e/last-aticol/data/raw/era5/pressure-levels/temperature/850hPa/monthly,cds__era5_pl_monthly__ERA5__reanalysis__t850__850hPa__monthly__2023-2023__m05__NH0_90__grid_1p0.grib,/mnt/e/last-aticol/data/raw/era5/pressure-levels/temperature/850hPa/monthly/cds__era5_pl_monthly__ERA5__reanalysis__t850__850hPa__monthly__2023-2023__m05__NH0_90__grid_1p0.grib,65628,1776350775
2026-04-16T15:35:41Z,/mnt/e/last-aticol/data/raw/era5/pressure-levels/temperature/850hPa/monthly,cds__era5_pl_monthly__ERA5__reanalysis__t850__850hPa__monthly__2023-2023__m06__NH0_90__grid_1p0.grib,/mnt/e/last-aticol/data/raw/era5/pressure-levels/temperature/850hPa/monthly/cds__era5_pl_monthly__ERA5__reanalysis__t850__850hPa__monthly__2023-2023__m06__NH0_90__grid_1p0.grib,65628,1776350796
2026-04-16T15:35:41Z,/mnt/e/last-aticol/data/raw/era5/pressure-levels/temperature/850hPa/monthly,cds__era5_pl_monthly__ERA5__reanalysis__t850__850hPa__monthly__2023-2023__m07__NH0_90__grid_1p0.grib,/mnt/e/last-aticol/data/raw/era5/pressure-levels/temperature/850hPa/monthly/cds__era5_pl_monthly__ERA5__reanalysis__t850__850hPa__monthly__2023-2023__m07__NH0_90__grid_1p0.grib,65628,1776350818
2026-04-16T15:35:41Z,/mnt/e/last-aticol/data/raw/era5/pressure-levels/temperature/850hPa/monthly,cds__era5_pl_monthly__ERA5__reanalysis__t850__850hPa__monthly__2023-2023__m08__NH0_90__grid_1p0.grib,/mnt/e/last-aticol/data/raw/era5/pressure-levels/temperature/850hPa/monthly/cds__era5_pl_monthly__ERA5__reanalysis__t850__850hPa__monthly__2023-2023__m08__NH0_90__grid_1p0.grib,65628,1776350840
2026-04-16T15:35:41Z,/mnt/e/last-aticol/data/raw/era5/pressure-levels/temperature/850hPa/monthly,cds__era5_pl_monthly__ERA5__reanalysis__t850__850hPa__monthly__2023-2023__m09__NH0_90__grid_1p0.grib,/mnt/e/last-aticol/data/raw/era5/pressure-levels/temperature/850hPa/monthly/cds__era5_pl_monthly__ERA5__reanalysis__t850__850hPa__monthly__2023-2023__m09__NH0_90__grid_1p0.grib,65628,1776350856
2026-04-16T15:35:41Z,/mnt/e/last-aticol/data/raw/era5/pressure-levels/temperature/850hPa/monthly,cds__era5_pl_monthly__ERA5__reanalysis__t850__850hPa__monthly__2023-2023__m10__NH0_90__grid_1p0.grib,/mnt/e/last-aticol/data/raw/era5/pressure-levels/temperature/850hPa/monthly/cds__era5_pl_monthly__ERA5__reanalysis__t850__850hPa__monthly__2023-2023__m10__NH0_90__grid_1p0.grib,65628,1776350870
2026-04-16T15:35:41Z,/mnt/e/last-aticol/data/raw/era5/pressure-levels/temperature/850hPa/monthly,cds__era5_pl_monthly__ERA5__reanalysis__t850__850hPa__monthly__2023-2023__m11__NH0_90__grid_1p0.grib,/mnt/e/last-aticol/data/raw/era5/pressure-levels/temperature/850hPa/monthly/cds__era5_pl_monthly__ERA5__reanalysis__t850__850hPa__monthly__2023-2023__m11__NH0_90__grid_1p0.grib,65628,1776350885
2026-04-16T15:35:41Z,/mnt/e/last-aticol/data/raw/era5/pressure-levels/temperature/850hPa/monthly,cds__era5_pl_monthly__ERA5__reanalysis__t850__850hPa__monthly__2023-2023__m12__NH0_90__grid_1p0.grib,/mnt/e/last-aticol/data/raw/era5/pressure-levels/temperature/850hPa/monthly/cds__era5_pl_monthly__ERA5__reanalysis__t850__850hPa__monthly__2023-2023__m12__NH0_90__grid_1p0.grib,65628,1776350900
2026-04-16T15:35:41Z,/mnt/e/last-aticol/data/raw/era5/pressure-levels/temperature/850hPa/monthly,cds__era5_pl_monthly__ERA5__reanalysis__t850__850hPa__monthly__2024-2024__m01__NH0_90__grid_1p0.grib,/mnt/e/last-aticol/data/raw/era5/pressure-levels/temperature/850hPa/monthly/cds__era5_pl_monthly__ERA5__reanalysis__t850__850hPa__monthly__2024-2024__m01__NH0_90__grid_1p0.grib,65628,1776350916
2026-04-16T15:35:41Z,/mnt/e/last-aticol/data/raw/era5/pressure-levels/temperature/850hPa/monthly,cds__era5_pl_monthly__ERA5__reanalysis__t850__850hPa__monthly__2024-2024__m02__NH0_90__grid_1p0.grib,/mnt/e/last-aticol/data/raw/era5/pressure-levels/temperature/850hPa/monthly/cds__era5_pl_monthly__ERA5__reanalysis__t850__850hPa__monthly__2024-2024__m02__NH0_90__grid_1p0.grib,65628,1776350931
2026-04-16T15:35:41Z,/mnt/e/last-aticol/data/raw/era5/pressure-levels/temperature/850hPa/monthly,cds__era5_pl_monthly__ERA5__reanalysis__t850__850hPa__monthly__2024-2024__m03__NH0_90__grid_1p0.grib,/mnt/e/last-aticol/data/raw/era5/pressure-levels/temperature/850hPa/monthly/cds__era5_pl_monthly__ERA5__reanalysis__t850__850hPa__monthly__2024-2024__m03__NH0_90__grid_1p0.grib,65628,1776350952
2026-04-16T15:35:41Z,/mnt/e/last-aticol/data/raw/era5/pressure-levels/temperature/850hPa/monthly,cds__era5_pl_monthly__ERA5__reanalysis__t850__850hPa__monthly__2024-2024__m04__NH0_90__grid_1p0.grib,/mnt/e/last-aticol/data/raw/era5/pressure-levels/temperature/850hPa/monthly/cds__era5_pl_monthly__ERA5__reanalysis__t850__850hPa__monthly__2024-2024__m04__NH0_90__grid_1p0.grib,65628,1776350967
2026-04-16T15:35:41Z,/mnt/e/last-aticol/data/raw/era5/pressure-levels/temperature/850hPa/monthly,cds__era5_pl_monthly__ERA5__reanalysis__t850__850hPa__monthly__2024-2024__m05__NH0_90__grid_1p0.grib,/mnt/e/last-aticol/data/raw/era5/pressure-levels/temperature/850hPa/monthly/cds__era5_pl_monthly__ERA5__reanalysis__t850__850hPa__monthly__2024-2024__m05__NH0_90__grid_1p0.grib,65628,1776350989
2026-04-16T15:35:41Z,/mnt/e/last-aticol/data/raw/era5/pressure-levels/temperature/850hPa/monthly,cds__era5_pl_monthly__ERA5__reanalysis__t850__850hPa__monthly__2024-2024__m06__NH0_90__grid_1p0.grib,/mnt/e/last-aticol/data/raw/era5/pressure-levels/temperature/850hPa/monthly/cds__era5_pl_monthly__ERA5__reanalysis__t850__850hPa__monthly__2024-2024__m06__NH0_90__grid_1p0.grib,65628,1776351006
2026-04-16T15:35:41Z,/mnt/e/last-aticol/data/raw/era5/pressure-levels/temperature/850hPa/monthly,cds__era5_pl_monthly__ERA5__reanalysis__t850__850hPa__monthly__2024-2024__m07__NH0_90__grid_1p0.grib,/mnt/e/last-aticol/data/raw/era5/pressure-levels/temperature/850hPa/monthly/cds__era5_pl_monthly__ERA5__reanalysis__t850__850hPa__monthly__2024-2024__m07__NH0_90__grid_1p0.grib,65628,1776351038
2026-04-16T15:35:41Z,/mnt/e/last-aticol/data/raw/era5/pressure-levels/temperature/850hPa/monthly,cds__era5_pl_monthly__ERA5__reanalysis__t850__850hPa__monthly__2024-2024__m08__NH0_90__grid_1p0.grib,/mnt/e/last-aticol/data/raw/era5/pressure-levels/temperature/850hPa/monthly/cds__era5_pl_monthly__ERA5__reanalysis__t850__850hPa__monthly__2024-2024__m08__NH0_90__grid_1p0.grib,65628,1776351053
2026-04-16T15:35:41Z,/mnt/e/last-aticol/data/raw/era5/pressure-levels/temperature/850hPa/monthly,cds__era5_pl_monthly__ERA5__reanalysis__t850__850hPa__monthly__2024-2024__m09__NH0_90__grid_1p0.grib,/mnt/e/last-aticol/data/raw/era5/pressure-levels/temperature/850hPa/monthly/cds__era5_pl_monthly__ERA5__reanalysis__t850__850hPa__monthly__2024-2024__m09__NH0_90__grid_1p0.grib,65628,1776351068
2026-04-16T15:35:41Z,/mnt/e/last-aticol/data/raw/era5/pressure-levels/temperature/850hPa/monthly,cds__era5_pl_monthly__ERA5__reanalysis__t850__850hPa__monthly__2024-2024__m10__NH0_90__grid_1p0.grib,/mnt/e/last-aticol/data/raw/era5/pressure-levels/temperature/850hPa/monthly/cds__era5_pl_monthly__ERA5__reanalysis__t850__850hPa__monthly__2024-2024__m10__NH0_90__grid_1p0.grib,65628,1776351083
2026-04-16T15:35:41Z,/mnt/e/last-aticol/data/raw/era5/pressure-levels/temperature/850hPa/monthly,cds__era5_pl_monthly__ERA5__reanalysis__t850__850hPa__monthly__2024-2024__m11__NH0_90__grid_1p0.grib,/mnt/e/last-aticol/data/raw/era5/pressure-levels/temperature/850hPa/monthly/cds__era5_pl_monthly__ERA5__reanalysis__t850__850hPa__monthly__2024-2024__m11__NH0_90__grid_1p0.grib,65628,1776351098
2026-04-16T15:35:41Z,/mnt/e/last-aticol/data/raw/era5/pressure-levels/temperature/850hPa/monthly,cds__era5_pl_monthly__ERA5__reanalysis__t850__850hPa__monthly__2024-2024__m12__NH0_90__grid_1p0.grib,/mnt/e/last-aticol/data/raw/era5/pressure-levels/temperature/850hPa/monthly/cds__era5_pl_monthly__ERA5__reanalysis__t850__850hPa__monthly__2024-2024__m12__NH0_90__grid_1p0.grib,65628,1776351130
2026-04-16T15:35:41Z,/mnt/e/last-aticol/data/raw/era5/pressure-levels/temperature/850hPa/monthly,cds__era5_pl_monthly__ERA5__reanalysis__t850__850hPa__monthly__2025-2025__m01__NH0_90__grid_1p0.grib,/mnt/e/last-aticol/data/raw/era5/pressure-levels/temperature/850hPa/monthly/cds__era5_pl_monthly__ERA5__reanalysis__t850__850hPa__monthly__2025-2025__m01__NH0_90__grid_1p0.grib,65628,1776351146
2026-04-16T15:35:41Z,/mnt/e/last-aticol/data/raw/era5/pressure-levels/temperature/850hPa/monthly,cds__era5_pl_monthly__ERA5__reanalysis__t850__850hPa__monthly__2025-2025__m02__NH0_90__grid_1p0.grib,/mnt/e/last-aticol/data/raw/era5/pressure-levels/temperature/850hPa/monthly/cds__era5_pl_monthly__ERA5__reanalysis__t850__850hPa__monthly__2025-2025__m02__NH0_90__grid_1p0.grib,65628,1776351253
2026-04-16T15:35:41Z,/mnt/e/last-aticol/data/raw/era5/pressure-levels/temperature/850hPa/monthly,cds__era5_pl_monthly__ERA5__reanalysis__t850__850hPa__monthly__2025-2025__m03__NH0_90__grid_1p0.grib,/mnt/e/last-aticol/data/raw/era5/pressure-levels/temperature/850hPa/monthly/cds__era5_pl_monthly__ERA5__reanalysis__t850__850hPa__monthly__2025-2025__m03__NH0_90__grid_1p0.grib,65628,1776351274
2026-04-16T15:35:41Z,/mnt/e/last-aticol/data/raw/era5/pressure-levels/temperature/850hPa/monthly,cds__era5_pl_monthly__ERA5__reanalysis__t850__850hPa__monthly__2025-2025__m04__NH0_90__grid_1p0.grib,/mnt/e/last-aticol/data/raw/era5/pressure-levels/temperature/850hPa/monthly/cds__era5_pl_monthly__ERA5__reanalysis__t850__850hPa__monthly__2025-2025__m04__NH0_90__grid_1p0.grib,65628,1776351296
2026-04-16T15:35:41Z,/mnt/e/last-aticol/data/raw/era5/pressure-levels/temperature/850hPa/monthly,cds__era5_pl_monthly__ERA5__reanalysis__t850__850hPa__monthly__2025-2025__m05__NH0_90__grid_1p0.grib,/mnt/e/last-aticol/data/raw/era5/pressure-levels/temperature/850hPa/monthly/cds__era5_pl_monthly__ERA5__reanalysis__t850__850hPa__monthly__2025-2025__m05__NH0_90__grid_1p0.grib,65628,1776351319
2026-04-16T15:35:41Z,/mnt/e/last-aticol/data/raw/era5/pressure-levels/temperature/850hPa/monthly,cds__era5_pl_monthly__ERA5__reanalysis__t850__850hPa__monthly__2025-2025__m06__NH0_90__grid_1p0.grib,/mnt/e/last-aticol/data/raw/era5/pressure-levels/temperature/850hPa/monthly/cds__era5_pl_monthly__ERA5__reanalysis__t850__850hPa__monthly__2025-2025__m06__NH0_90__grid_1p0.grib,65628,1776351333
2026-04-16T15:35:41Z,/mnt/e/last-aticol/data/raw/era5/pressure-levels/temperature/850hPa/monthly,cds__era5_pl_monthly__ERA5__reanalysis__t850__850hPa__monthly__2025-2025__m07__NH0_90__grid_1p0.grib,/mnt/e/last-aticol/data/raw/era5/pressure-levels/temperature/850hPa/monthly/cds__era5_pl_monthly__ERA5__reanalysis__t850__850hPa__monthly__2025-2025__m07__NH0_90__grid_1p0.grib,65628,1776351355
2026-04-16T15:35:41Z,/mnt/e/last-aticol/data/raw/era5/pressure-levels/temperature/850hPa/monthly,cds__era5_pl_monthly__ERA5__reanalysis__t850__850hPa__monthly__2025-2025__m08__NH0_90__grid_1p0.grib,/mnt/e/last-aticol/data/raw/era5/pressure-levels/temperature/850hPa/monthly/cds__era5_pl_monthly__ERA5__reanalysis__t850__850hPa__monthly__2025-2025__m08__NH0_90__grid_1p0.grib,65628,1776351377
2026-04-16T15:35:41Z,/mnt/e/last-aticol/data/raw/era5/pressure-levels/temperature/850hPa/monthly,cds__era5_pl_monthly__ERA5__reanalysis__t850__850hPa__monthly__2025-2025__m09__NH0_90__grid_1p0.grib,/mnt/e/last-aticol/data/raw/era5/pressure-levels/temperature/850hPa/monthly/cds__era5_pl_monthly__ERA5__reanalysis__t850__850hPa__monthly__2025-2025__m09__NH0_90__grid_1p0.grib,65628,1776351409
2026-04-16T15:35:41Z,/mnt/e/last-aticol/data/raw/era5/pressure-levels/temperature/850hPa/monthly,cds__era5_pl_monthly__ERA5__reanalysis__t850__850hPa__monthly__2025-2025__m10__NH0_90__grid_1p0.grib,/mnt/e/last-aticol/data/raw/era5/pressure-levels/temperature/850hPa/monthly/cds__era5_pl_monthly__ERA5__reanalysis__t850__850hPa__monthly__2025-2025__m10__NH0_90__grid_1p0.grib,65628,1776351443
2026-04-16T15:35:41Z,/mnt/e/last-aticol/data/raw/era5/pressure-levels/temperature/850hPa/monthly,cds__era5_pl_monthly__ERA5__reanalysis__t850__850hPa__monthly__2025-2025__m11__NH0_90__grid_1p0.grib,/mnt/e/last-aticol/data/raw/era5/pressure-levels/temperature/850hPa/monthly/cds__era5_pl_monthly__ERA5__reanalysis__t850__850hPa__monthly__2025-2025__m11__NH0_90__grid_1p0.grib,65628,1776351458
2026-04-16T15:35:41Z,/mnt/e/last-aticol/data/raw/era5/pressure-levels/temperature/850hPa/monthly,cds__era5_pl_monthly__ERA5__reanalysis__t850__850hPa__monthly__2025-2025__m12__NH0_90__grid_1p0.grib,/mnt/e/last-aticol/data/raw/era5/pressure-levels/temperature/850hPa/monthly/cds__era5_pl_monthly__ERA5__reanalysis__t850__850hPa__monthly__2025-2025__m12__NH0_90__grid_1p0.grib,65628,1776351479
