scanned_at_utc,root,filename,absolute_path,size_bytes,mtime_epoch
2026-04-17T10:18:24Z,/mnt/e/last-aticol/data/raw/era5/pressure-levels/geopotential/950hPa/monthly,cds__era5_pl_monthly__ERA5__reanalysis__z950__950hPa__monthly__2000-2000__m01__NH0_90__grid_1p0.grib,/mnt/e/last-aticol/data/raw/era5/pressure-levels/geopotential/950hPa/monthly/cds__era5_pl_monthly__ERA5__reanalysis__z950__950hPa__monthly__2000-2000__m01__NH0_90__grid_1p0.grib,65628,1776353894
2026-04-17T10:18:24Z,/mnt/e/last-aticol/data/raw/era5/pressure-levels/geopotential/950hPa/monthly,cds__era5_pl_monthly__ERA5__reanalysis__z950__950hPa__monthly__2000-2000__m02__NH0_90__grid_1p0.grib,/mnt/e/last-aticol/data/raw/era5/pressure-levels/geopotential/950hPa/monthly/cds__era5_pl_monthly__ERA5__reanalysis__z950__950hPa__monthly__2000-2000__m02__NH0_90__grid_1p0.grib,65628,1776353915
2026-04-17T10:18:24Z,/mnt/e/last-aticol/data/raw/era5/pressure-levels/geopotential/950hPa/monthly,cds__era5_pl_monthly__ERA5__reanalysis__z950__950hPa__monthly__2000-2000__m03__NH0_90__grid_1p0.grib,/mnt/e/last-aticol/data/raw/era5/pressure-levels/geopotential/950hPa/monthly/cds__era5_pl_monthly__ERA5__reanalysis__z950__950hPa__monthly__2000-2000__m03__NH0_90__grid_1p0.grib,65628,1776353930
2026-04-17T10:18:24Z,/mnt/e/last-aticol/data/raw/era5/pressure-levels/geopotential/950hPa/monthly,cds__era5_pl_monthly__ERA5__reanalysis__z950__950hPa__monthly__2000-2000__m04__NH0_90__grid_1p0.grib,/mnt/e/last-aticol/data/raw/era5/pressure-levels/geopotential/950hPa/monthly/cds__era5_pl_monthly__ERA5__reanalysis__z950__950hPa__monthly__2000-2000__m04__NH0_90__grid_1p0.grib,65628,1776353963
2026-04-17T10:18:24Z,/mnt/e/last-aticol/data/raw/era5/pressure-levels/geopotential/950hPa/monthly,cds__era5_pl_monthly__ERA5__reanalysis__z950__950hPa__monthly__2000-2000__m05__NH0_90__grid_1p0.grib,/mnt/e/last-aticol/data/raw/era5/pressure-levels/geopotential/950hPa/monthly/cds__era5_pl_monthly__ERA5__reanalysis__z950__950hPa__monthly__2000-2000__m05__NH0_90__grid_1p0.grib,65628,1776354011
2026-04-17T10:18:24Z,/mnt/e/last-aticol/data/raw/era5/pressure-levels/geopotential/950hPa/monthly,cds__era5_pl_monthly__ERA5__reanalysis__z950__950hPa__monthly__2000-2000__m06__NH0_90__grid_1p0.grib,/mnt/e/last-aticol/data/raw/era5/pressure-levels/geopotential/950hPa/monthly/cds__era5_pl_monthly__ERA5__reanalysis__z950__950hPa__monthly__2000-2000__m06__NH0_90__grid_1p0.grib,65628,1776354026
2026-04-17T10:18:24Z,/mnt/e/last-aticol/data/raw/era5/pressure-levels/geopotential/950hPa/monthly,cds__era5_pl_monthly__ERA5__reanalysis__z950__950hPa__monthly__2000-2000__m07__NH0_90__grid_1p0.grib,/mnt/e/last-aticol/data/raw/era5/pressure-levels/geopotential/950hPa/monthly/cds__era5_pl_monthly__ERA5__reanalysis__z950__950hPa__monthly__2000-2000__m07__NH0_90__grid_1p0.grib,65628,1776354040
2026-04-17T10:18:24Z,/mnt/e/last-aticol/data/raw/era5/pressure-levels/geopotential/950hPa/monthly,cds__era5_pl_monthly__ERA5__reanalysis__z950__950hPa__monthly__2000-2000__m08__NH0_90__grid_1p0.grib,/mnt/e/last-aticol/data/raw/era5/pressure-levels/geopotential/950hPa/monthly/cds__era5_pl_monthly__ERA5__reanalysis__z950__950hPa__monthly__2000-2000__m08__NH0_90__grid_1p0.grib,65628,1776354062
2026-04-17T10:18:24Z,/mnt/e/last-aticol/data/raw/era5/pressure-levels/geopotential/950hPa/monthly,cds__era5_pl_monthly__ERA5__reanalysis__z950__950hPa__monthly__2000-2000__m09__NH0_90__grid_1p0.grib,/mnt/e/last-aticol/data/raw/era5/pressure-levels/geopotential/950hPa/monthly/cds__era5_pl_monthly__ERA5__reanalysis__z950__950hPa__monthly__2000-2000__m09__NH0_90__grid_1p0.grib,65628,1776354084
2026-04-17T10:18:24Z,/mnt/e/last-aticol/data/raw/era5/pressure-levels/geopotential/950hPa/monthly,cds__era5_pl_monthly__ERA5__reanalysis__z950__950hPa__monthly__2000-2000__m10__NH0_90__grid_1p0.grib,/mnt/e/last-aticol/data/raw/era5/pressure-levels/geopotential/950hPa/monthly/cds__era5_pl_monthly__ERA5__reanalysis__z950__950hPa__monthly__2000-2000__m10__NH0_90__grid_1p0.grib,65628,1776354106
2026-04-17T10:18:24Z,/mnt/e/last-aticol/data/raw/era5/pressure-levels/geopotential/950hPa/monthly,cds__era5_pl_monthly__ERA5__reanalysis__z950__950hPa__monthly__2000-2000__m11__NH0_90__grid_1p0.grib,/mnt/e/last-aticol/data/raw/era5/pressure-levels/geopotential/950hPa/monthly/cds__era5_pl_monthly__ERA5__reanalysis__z950__950hPa__monthly__2000-2000__m11__NH0_90__grid_1p0.grib,65628,1776354121
2026-04-17T10:18:24Z,/mnt/e/last-aticol/data/raw/era5/pressure-levels/geopotential/950hPa/monthly,cds__era5_pl_monthly__ERA5__reanalysis__z950__950hPa__monthly__2000-2000__m12__NH0_90__grid_1p0.grib,/mnt/e/last-aticol/data/raw/era5/pressure-levels/geopotential/950hPa/monthly/cds__era5_pl_monthly__ERA5__reanalysis__z950__950hPa__monthly__2000-2000__m12__NH0_90__grid_1p0.grib,65628,1776354143
2026-04-17T10:18:24Z,/mnt/e/last-aticol/data/raw/era5/pressure-levels/geopotential/950hPa/monthly,cds__era5_pl_monthly__ERA5__reanalysis__z950__950hPa__monthly__2001-2001__m01__NH0_90__grid_1p0.grib,/mnt/e/last-aticol/data/raw/era5/pressure-levels/geopotential/950hPa/monthly/cds__era5_pl_monthly__ERA5__reanalysis__z950__950hPa__monthly__2001-2001__m01__NH0_90__grid_1p0.grib,65628,1776354165
2026-04-17T10:18:24Z,/mnt/e/last-aticol/data/raw/era5/pressure-levels/geopotential/950hPa/monthly,cds__era5_pl_monthly__ERA5__reanalysis__z950__950hPa__monthly__2001-2001__m02__NH0_90__grid_1p0.grib,/mnt/e/last-aticol/data/raw/era5/pressure-levels/geopotential/950hPa/monthly/cds__era5_pl_monthly__ERA5__reanalysis__z950__950hPa__monthly__2001-2001__m02__NH0_90__grid_1p0.grib,65628,1776354208
2026-04-17T10:18:24Z,/mnt/e/last-aticol/data/raw/era5/pressure-levels/geopotential/950hPa/monthly,cds__era5_pl_monthly__ERA5__reanalysis__z950__950hPa__monthly__2001-2001__m03__NH0_90__grid_1p0.grib,/mnt/e/last-aticol/data/raw/era5/pressure-levels/geopotential/950hPa/monthly/cds__era5_pl_monthly__ERA5__reanalysis__z950__950hPa__monthly__2001-2001__m03__NH0_90__grid_1p0.grib,65628,1776354225
2026-04-17T10:18:24Z,/mnt/e/last-aticol/data/raw/era5/pressure-levels/geopotential/950hPa/monthly,cds__era5_pl_monthly__ERA5__reanalysis__z950__950hPa__monthly__2001-2001__m04__NH0_90__grid_1p0.grib,/mnt/e/last-aticol/data/raw/era5/pressure-levels/geopotential/950hPa/monthly/cds__era5_pl_monthly__ERA5__reanalysis__z950__950hPa__monthly__2001-2001__m04__NH0_90__grid_1p0.grib,65628,1776354241
2026-04-17T10:18:25Z,/mnt/e/last-aticol/data/raw/era5/pressure-levels/geopotential/950hPa/monthly,cds__era5_pl_monthly__ERA5__reanalysis__z950__950hPa__monthly__2001-2001__m05__NH0_90__grid_1p0.grib,/mnt/e/last-aticol/data/raw/era5/pressure-levels/geopotential/950hPa/monthly/cds__era5_pl_monthly__ERA5__reanalysis__z950__950hPa__monthly__2001-2001__m05__NH0_90__grid_1p0.grib,65628,1776354256
2026-04-17T10:18:25Z,/mnt/e/last-aticol/data/raw/era5/pressure-levels/geopotential/950hPa/monthly,cds__era5_pl_monthly__ERA5__reanalysis__z950__950hPa__monthly__2001-2001__m06__NH0_90__grid_1p0.grib,/mnt/e/last-aticol/data/raw/era5/pressure-levels/geopotential/950hPa/monthly/cds__era5_pl_monthly__ERA5__reanalysis__z950__950hPa__monthly__2001-2001__m06__NH0_90__grid_1p0.grib,65628,1776354271
2026-04-17T10:18:25Z,/mnt/e/last-aticol/data/raw/era5/pressure-levels/geopotential/950hPa/monthly,cds__era5_pl_monthly__ERA5__reanalysis__z950__950hPa__monthly__2001-2001__m07__NH0_90__grid_1p0.grib,/mnt/e/last-aticol/data/raw/era5/pressure-levels/geopotential/950hPa/monthly/cds__era5_pl_monthly__ERA5__reanalysis__z950__950hPa__monthly__2001-2001__m07__NH0_90__grid_1p0.grib,65628,1776354293
2026-04-17T10:18:25Z,/mnt/e/last-aticol/data/raw/era5/pressure-levels/geopotential/950hPa/monthly,cds__era5_pl_monthly__ERA5__reanalysis__z950__950hPa__monthly__2001-2001__m08__NH0_90__grid_1p0.grib,/mnt/e/last-aticol/data/raw/era5/pressure-levels/geopotential/950hPa/monthly/cds__era5_pl_monthly__ERA5__reanalysis__z950__950hPa__monthly__2001-2001__m08__NH0_90__grid_1p0.grib,65628,1776354317
2026-04-17T10:18:25Z,/mnt/e/last-aticol/data/raw/era5/pressure-levels/geopotential/950hPa/monthly,cds__era5_pl_monthly__ERA5__reanalysis__z950__950hPa__monthly__2001-2001__m09__NH0_90__grid_1p0.grib,/mnt/e/last-aticol/data/raw/era5/pressure-levels/geopotential/950hPa/monthly/cds__era5_pl_monthly__ERA5__reanalysis__z950__950hPa__monthly__2001-2001__m09__NH0_90__grid_1p0.grib,65628,1776354339
2026-04-17T10:18:25Z,/mnt/e/last-aticol/data/raw/era5/pressure-levels/geopotential/950hPa/monthly,cds__era5_pl_monthly__ERA5__reanalysis__z950__950hPa__monthly__2001-2001__m10__NH0_90__grid_1p0.grib,/mnt/e/last-aticol/data/raw/era5/pressure-levels/geopotential/950hPa/monthly/cds__era5_pl_monthly__ERA5__reanalysis__z950__950hPa__monthly__2001-2001__m10__NH0_90__grid_1p0.grib,65628,1776354362
2026-04-17T10:18:25Z,/mnt/e/last-aticol/data/raw/era5/pressure-levels/geopotential/950hPa/monthly,cds__era5_pl_monthly__ERA5__reanalysis__z950__950hPa__monthly__2001-2001__m11__NH0_90__grid_1p0.grib,/mnt/e/last-aticol/data/raw/era5/pressure-levels/geopotential/950hPa/monthly/cds__era5_pl_monthly__ERA5__reanalysis__z950__950hPa__monthly__2001-2001__m11__NH0_90__grid_1p0.grib,65628,1776354384
2026-04-17T10:18:25Z,/mnt/e/last-aticol/data/raw/era5/pressure-levels/geopotential/950hPa/monthly,cds__era5_pl_monthly__ERA5__reanalysis__z950__950hPa__monthly__2001-2001__m12__NH0_90__grid_1p0.grib,/mnt/e/last-aticol/data/raw/era5/pressure-levels/geopotential/950hPa/monthly/cds__era5_pl_monthly__ERA5__reanalysis__z950__950hPa__monthly__2001-2001__m12__NH0_90__grid_1p0.grib,65628,1776354406
2026-04-17T10:18:25Z,/mnt/e/last-aticol/data/raw/era5/pressure-levels/geopotential/950hPa/monthly,cds__era5_pl_monthly__ERA5__reanalysis__z950__950hPa__monthly__2002-2002__m01__NH0_90__grid_1p0.grib,/mnt/e/last-aticol/data/raw/era5/pressure-levels/geopotential/950hPa/monthly/cds__era5_pl_monthly__ERA5__reanalysis__z950__950hPa__monthly__2002-2002__m01__NH0_90__grid_1p0.grib,65628,1776354429
2026-04-17T10:18:25Z,/mnt/e/last-aticol/data/raw/era5/pressure-levels/geopotential/950hPa/monthly,cds__era5_pl_monthly__ERA5__reanalysis__z950__950hPa__monthly__2002-2002__m02__NH0_90__grid_1p0.grib,/mnt/e/last-aticol/data/raw/era5/pressure-levels/geopotential/950hPa/monthly/cds__era5_pl_monthly__ERA5__reanalysis__z950__950hPa__monthly__2002-2002__m02__NH0_90__grid_1p0.grib,65628,1776354451
2026-04-17T10:18:25Z,/mnt/e/last-aticol/data/raw/era5/pressure-levels/geopotential/950hPa/monthly,cds__era5_pl_monthly__ERA5__reanalysis__z950__950hPa__monthly__2002-2002__m03__NH0_90__grid_1p0.grib,/mnt/e/last-aticol/data/raw/era5/pressure-levels/geopotential/950hPa/monthly/cds__era5_pl_monthly__ERA5__reanalysis__z950__950hPa__monthly__2002-2002__m03__NH0_90__grid_1p0.grib,65628,1776354473
2026-04-17T10:18:25Z,/mnt/e/last-aticol/data/raw/era5/pressure-levels/geopotential/950hPa/monthly,cds__era5_pl_monthly__ERA5__reanalysis__z950__950hPa__monthly__2002-2002__m04__NH0_90__grid_1p0.grib,/mnt/e/last-aticol/data/raw/era5/pressure-levels/geopotential/950hPa/monthly/cds__era5_pl_monthly__ERA5__reanalysis__z950__950hPa__monthly__2002-2002__m04__NH0_90__grid_1p0.grib,65628,1776354505
2026-04-17T10:18:25Z,/mnt/e/last-aticol/data/raw/era5/pressure-levels/geopotential/950hPa/monthly,cds__era5_pl_monthly__ERA5__reanalysis__z950__950hPa__monthly__2002-2002__m05__NH0_90__grid_1p0.grib,/mnt/e/last-aticol/data/raw/era5/pressure-levels/geopotential/950hPa/monthly/cds__era5_pl_monthly__ERA5__reanalysis__z950__950hPa__monthly__2002-2002__m05__NH0_90__grid_1p0.grib,65628,1776354528
2026-04-17T10:18:25Z,/mnt/e/last-aticol/data/raw/era5/pressure-levels/geopotential/950hPa/monthly,cds__era5_pl_monthly__ERA5__reanalysis__z950__950hPa__monthly__2002-2002__m06__NH0_90__grid_1p0.grib,/mnt/e/last-aticol/data/raw/era5/pressure-levels/geopotential/950hPa/monthly/cds__era5_pl_monthly__ERA5__reanalysis__z950__950hPa__monthly__2002-2002__m06__NH0_90__grid_1p0.grib,65628,1776354561
2026-04-17T10:18:25Z,/mnt/e/last-aticol/data/raw/era5/pressure-levels/geopotential/950hPa/monthly,cds__era5_pl_monthly__ERA5__reanalysis__z950__950hPa__monthly__2002-2002__m07__NH0_90__grid_1p0.grib,/mnt/e/last-aticol/data/raw/era5/pressure-levels/geopotential/950hPa/monthly/cds__era5_pl_monthly__ERA5__reanalysis__z950__950hPa__monthly__2002-2002__m07__NH0_90__grid_1p0.grib,65628,1776354576
2026-04-17T10:18:25Z,/mnt/e/last-aticol/data/raw/era5/pressure-levels/geopotential/950hPa/monthly,cds__era5_pl_monthly__ERA5__reanalysis__z950__950hPa__monthly__2002-2002__m08__NH0_90__grid_1p0.grib,/mnt/e/last-aticol/data/raw/era5/pressure-levels/geopotential/950hPa/monthly/cds__era5_pl_monthly__ERA5__reanalysis__z950__950hPa__monthly__2002-2002__m08__NH0_90__grid_1p0.grib,65628,1776354590
2026-04-17T10:18:25Z,/mnt/e/last-aticol/data/raw/era5/pressure-levels/geopotential/950hPa/monthly,cds__era5_pl_monthly__ERA5__reanalysis__z950__950hPa__monthly__2002-2002__m09__NH0_90__grid_1p0.grib,/mnt/e/last-aticol/data/raw/era5/pressure-levels/geopotential/950hPa/monthly/cds__era5_pl_monthly__ERA5__reanalysis__z950__950hPa__monthly__2002-2002__m09__NH0_90__grid_1p0.grib,65628,1776354605
2026-04-17T10:18:25Z,/mnt/e/last-aticol/data/raw/era5/pressure-levels/geopotential/950hPa/monthly,cds__era5_pl_monthly__ERA5__reanalysis__z950__950hPa__monthly__2002-2002__m10__NH0_90__grid_1p0.grib,/mnt/e/last-aticol/data/raw/era5/pressure-levels/geopotential/950hPa/monthly/cds__era5_pl_monthly__ERA5__reanalysis__z950__950hPa__monthly__2002-2002__m10__NH0_90__grid_1p0.grib,65628,1776354626
2026-04-17T10:18:25Z,/mnt/e/last-aticol/data/raw/era5/pressure-levels/geopotential/950hPa/monthly,cds__era5_pl_monthly__ERA5__reanalysis__z950__950hPa__monthly__2002-2002__m11__NH0_90__grid_1p0.grib,/mnt/e/last-aticol/data/raw/era5/pressure-levels/geopotential/950hPa/monthly/cds__era5_pl_monthly__ERA5__reanalysis__z950__950hPa__monthly__2002-2002__m11__NH0_90__grid_1p0.grib,65628,1776354648
2026-04-17T10:18:25Z,/mnt/e/last-aticol/data/raw/era5/pressure-levels/geopotential/950hPa/monthly,cds__era5_pl_monthly__ERA5__reanalysis__z950__950hPa__monthly__2002-2002__m12__NH0_90__grid_1p0.grib,/mnt/e/last-aticol/data/raw/era5/pressure-levels/geopotential/950hPa/monthly/cds__era5_pl_monthly__ERA5__reanalysis__z950__950hPa__monthly__2002-2002__m12__NH0_90__grid_1p0.grib,65628,1776354670
2026-04-17T10:18:25Z,/mnt/e/last-aticol/data/raw/era5/pressure-levels/geopotential/950hPa/monthly,cds__era5_pl_monthly__ERA5__reanalysis__z950__950hPa__monthly__2003-2003__m01__NH0_90__grid_1p0.grib,/mnt/e/last-aticol/data/raw/era5/pressure-levels/geopotential/950hPa/monthly/cds__era5_pl_monthly__ERA5__reanalysis__z950__950hPa__monthly__2003-2003__m01__NH0_90__grid_1p0.grib,65628,1776354693
2026-04-17T10:18:25Z,/mnt/e/last-aticol/data/raw/era5/pressure-levels/geopotential/950hPa/monthly,cds__era5_pl_monthly__ERA5__reanalysis__z950__950hPa__monthly__2003-2003__m02__NH0_90__grid_1p0.grib,/mnt/e/last-aticol/data/raw/era5/pressure-levels/geopotential/950hPa/monthly/cds__era5_pl_monthly__ERA5__reanalysis__z950__950hPa__monthly__2003-2003__m02__NH0_90__grid_1p0.grib,65628,1776354714
2026-04-17T10:18:25Z,/mnt/e/last-aticol/data/raw/era5/pressure-levels/geopotential/950hPa/monthly,cds__era5_pl_monthly__ERA5__reanalysis__z950__950hPa__monthly__2003-2003__m03__NH0_90__grid_1p0.grib,/mnt/e/last-aticol/data/raw/era5/pressure-levels/geopotential/950hPa/monthly/cds__era5_pl_monthly__ERA5__reanalysis__z950__950hPa__monthly__2003-2003__m03__NH0_90__grid_1p0.grib,65628,1776354736
2026-04-17T10:18:25Z,/mnt/e/last-aticol/data/raw/era5/pressure-levels/geopotential/950hPa/monthly,cds__era5_pl_monthly__ERA5__reanalysis__z950__950hPa__monthly__2003-2003__m04__NH0_90__grid_1p0.grib,/mnt/e/last-aticol/data/raw/era5/pressure-levels/geopotential/950hPa/monthly/cds__era5_pl_monthly__ERA5__reanalysis__z950__950hPa__monthly__2003-2003__m04__NH0_90__grid_1p0.grib,65628,1776354751
2026-04-17T10:18:25Z,/mnt/e/last-aticol/data/raw/era5/pressure-levels/geopotential/950hPa/monthly,cds__era5_pl_monthly__ERA5__reanalysis__z950__950hPa__monthly__2003-2003__m05__NH0_90__grid_1p0.grib,/mnt/e/last-aticol/data/raw/era5/pressure-levels/geopotential/950hPa/monthly/cds__era5_pl_monthly__ERA5__reanalysis__z950__950hPa__monthly__2003-2003__m05__NH0_90__grid_1p0.grib,65628,1776354766
2026-04-17T10:18:25Z,/mnt/e/last-aticol/data/raw/era5/pressure-levels/geopotential/950hPa/monthly,cds__era5_pl_monthly__ERA5__reanalysis__z950__950hPa__monthly__2003-2003__m06__NH0_90__grid_1p0.grib,/mnt/e/last-aticol/data/raw/era5/pressure-levels/geopotential/950hPa/monthly/cds__era5_pl_monthly__ERA5__reanalysis__z950__950hPa__monthly__2003-2003__m06__NH0_90__grid_1p0.grib,65628,1776354798
2026-04-17T10:18:25Z,/mnt/e/last-aticol/data/raw/era5/pressure-levels/geopotential/950hPa/monthly,cds__era5_pl_monthly__ERA5__reanalysis__z950__950hPa__monthly__2003-2003__m07__NH0_90__grid_1p0.grib,/mnt/e/last-aticol/data/raw/era5/pressure-levels/geopotential/950hPa/monthly/cds__era5_pl_monthly__ERA5__reanalysis__z950__950hPa__monthly__2003-2003__m07__NH0_90__grid_1p0.grib,65628,1776354813
2026-04-17T10:18:25Z,/mnt/e/last-aticol/data/raw/era5/pressure-levels/geopotential/950hPa/monthly,cds__era5_pl_monthly__ERA5__reanalysis__z950__950hPa__monthly__2003-2003__m08__NH0_90__grid_1p0.grib,/mnt/e/last-aticol/data/raw/era5/pressure-levels/geopotential/950hPa/monthly/cds__era5_pl_monthly__ERA5__reanalysis__z950__950hPa__monthly__2003-2003__m08__NH0_90__grid_1p0.grib,65628,1776354835
2026-04-17T10:18:25Z,/mnt/e/last-aticol/data/raw/era5/pressure-levels/geopotential/950hPa/monthly,cds__era5_pl_monthly__ERA5__reanalysis__z950__950hPa__monthly__2003-2003__m09__NH0_90__grid_1p0.grib,/mnt/e/last-aticol/data/raw/era5/pressure-levels/geopotential/950hPa/monthly/cds__era5_pl_monthly__ERA5__reanalysis__z950__950hPa__monthly__2003-2003__m09__NH0_90__grid_1p0.grib,65628,1776354850
2026-04-17T10:18:25Z,/mnt/e/last-aticol/data/raw/era5/pressure-levels/geopotential/950hPa/monthly,cds__era5_pl_monthly__ERA5__reanalysis__z950__950hPa__monthly__2003-2003__m10__NH0_90__grid_1p0.grib,/mnt/e/last-aticol/data/raw/era5/pressure-levels/geopotential/950hPa/monthly/cds__era5_pl_monthly__ERA5__reanalysis__z950__950hPa__monthly__2003-2003__m10__NH0_90__grid_1p0.grib,65628,1776354865
2026-04-17T10:18:25Z,/mnt/e/last-aticol/data/raw/era5/pressure-levels/geopotential/950hPa/monthly,cds__era5_pl_monthly__ERA5__reanalysis__z950__950hPa__monthly__2003-2003__m11__NH0_90__grid_1p0.grib,/mnt/e/last-aticol/data/raw/era5/pressure-levels/geopotential/950hPa/monthly/cds__era5_pl_monthly__ERA5__reanalysis__z950__950hPa__monthly__2003-2003__m11__NH0_90__grid_1p0.grib,65628,1776354887
2026-04-17T10:18:25Z,/mnt/e/last-aticol/data/raw/era5/pressure-levels/geopotential/950hPa/monthly,cds__era5_pl_monthly__ERA5__reanalysis__z950__950hPa__monthly__2003-2003__m12__NH0_90__grid_1p0.grib,/mnt/e/last-aticol/data/raw/era5/pressure-levels/geopotential/950hPa/monthly/cds__era5_pl_monthly__ERA5__reanalysis__z950__950hPa__monthly__2003-2003__m12__NH0_90__grid_1p0.grib,65628,1776354919
2026-04-17T10:18:25Z,/mnt/e/last-aticol/data/raw/era5/pressure-levels/geopotential/950hPa/monthly,cds__era5_pl_monthly__ERA5__reanalysis__z950__950hPa__monthly__2004-2004__m01__NH0_90__grid_1p0.grib,/mnt/e/last-aticol/data/raw/era5/pressure-levels/geopotential/950hPa/monthly/cds__era5_pl_monthly__ERA5__reanalysis__z950__950hPa__monthly__2004-2004__m01__NH0_90__grid_1p0.grib,65628,1776354935
2026-04-17T10:18:25Z,/mnt/e/last-aticol/data/raw/era5/pressure-levels/geopotential/950hPa/monthly,cds__era5_pl_monthly__ERA5__reanalysis__z950__950hPa__monthly__2004-2004__m02__NH0_90__grid_1p0.grib,/mnt/e/last-aticol/data/raw/era5/pressure-levels/geopotential/950hPa/monthly/cds__era5_pl_monthly__ERA5__reanalysis__z950__950hPa__monthly__2004-2004__m02__NH0_90__grid_1p0.grib,65628,1776354957
2026-04-17T10:18:25Z,/mnt/e/last-aticol/data/raw/era5/pressure-levels/geopotential/950hPa/monthly,cds__era5_pl_monthly__ERA5__reanalysis__z950__950hPa__monthly__2004-2004__m03__NH0_90__grid_1p0.grib,/mnt/e/last-aticol/data/raw/era5/pressure-levels/geopotential/950hPa/monthly/cds__era5_pl_monthly__ERA5__reanalysis__z950__950hPa__monthly__2004-2004__m03__NH0_90__grid_1p0.grib,65628,1776354971
2026-04-17T10:18:25Z,/mnt/e/last-aticol/data/raw/era5/pressure-levels/geopotential/950hPa/monthly,cds__era5_pl_monthly__ERA5__reanalysis__z950__950hPa__monthly__2004-2004__m04__NH0_90__grid_1p0.grib,/mnt/e/last-aticol/data/raw/era5/pressure-levels/geopotential/950hPa/monthly/cds__era5_pl_monthly__ERA5__reanalysis__z950__950hPa__monthly__2004-2004__m04__NH0_90__grid_1p0.grib,65628,1776354986
2026-04-17T10:18:25Z,/mnt/e/last-aticol/data/raw/era5/pressure-levels/geopotential/950hPa/monthly,cds__era5_pl_monthly__ERA5__reanalysis__z950__950hPa__monthly__2004-2004__m05__NH0_90__grid_1p0.grib,/mnt/e/last-aticol/data/raw/era5/pressure-levels/geopotential/950hPa/monthly/cds__era5_pl_monthly__ERA5__reanalysis__z950__950hPa__monthly__2004-2004__m05__NH0_90__grid_1p0.grib,65628,1776355001
2026-04-17T10:18:25Z,/mnt/e/last-aticol/data/raw/era5/pressure-levels/geopotential/950hPa/monthly,cds__era5_pl_monthly__ERA5__reanalysis__z950__950hPa__monthly__2004-2004__m06__NH0_90__grid_1p0.grib,/mnt/e/last-aticol/data/raw/era5/pressure-levels/geopotential/950hPa/monthly/cds__era5_pl_monthly__ERA5__reanalysis__z950__950hPa__monthly__2004-2004__m06__NH0_90__grid_1p0.grib,65628,1776355016
2026-04-17T10:18:25Z,/mnt/e/last-aticol/data/raw/era5/pressure-levels/geopotential/950hPa/monthly,cds__era5_pl_monthly__ERA5__reanalysis__z950__950hPa__monthly__2004-2004__m07__NH0_90__grid_1p0.grib,/mnt/e/last-aticol/data/raw/era5/pressure-levels/geopotential/950hPa/monthly/cds__era5_pl_monthly__ERA5__reanalysis__z950__950hPa__monthly__2004-2004__m07__NH0_90__grid_1p0.grib,65628,1776355030
2026-04-17T10:18:25Z,/mnt/e/last-aticol/data/raw/era5/pressure-levels/geopotential/950hPa/monthly,cds__era5_pl_monthly__ERA5__reanalysis__z950__950hPa__monthly__2004-2004__m08__NH0_90__grid_1p0.grib,/mnt/e/last-aticol/data/raw/era5/pressure-levels/geopotential/950hPa/monthly/cds__era5_pl_monthly__ERA5__reanalysis__z950__950hPa__monthly__2004-2004__m08__NH0_90__grid_1p0.grib,65628,1776355046
2026-04-17T10:18:25Z,/mnt/e/last-aticol/data/raw/era5/pressure-levels/geopotential/950hPa/monthly,cds__era5_pl_monthly__ERA5__reanalysis__z950__950hPa__monthly__2004-2004__m09__NH0_90__grid_1p0.grib,/mnt/e/last-aticol/data/raw/era5/pressure-levels/geopotential/950hPa/monthly/cds__era5_pl_monthly__ERA5__reanalysis__z950__950hPa__monthly__2004-2004__m09__NH0_90__grid_1p0.grib,65628,1776355068
2026-04-17T10:18:25Z,/mnt/e/last-aticol/data/raw/era5/pressure-levels/geopotential/950hPa/monthly,cds__era5_pl_monthly__ERA5__reanalysis__z950__950hPa__monthly__2004-2004__m10__NH0_90__grid_1p0.grib,/mnt/e/last-aticol/data/raw/era5/pressure-levels/geopotential/950hPa/monthly/cds__era5_pl_monthly__ERA5__reanalysis__z950__950hPa__monthly__2004-2004__m10__NH0_90__grid_1p0.grib,65628,1776355084
2026-04-17T10:18:25Z,/mnt/e/last-aticol/data/raw/era5/pressure-levels/geopotential/950hPa/monthly,cds__era5_pl_monthly__ERA5__reanalysis__z950__950hPa__monthly__2004-2004__m11__NH0_90__grid_1p0.grib,/mnt/e/last-aticol/data/raw/era5/pressure-levels/geopotential/950hPa/monthly/cds__era5_pl_monthly__ERA5__reanalysis__z950__950hPa__monthly__2004-2004__m11__NH0_90__grid_1p0.grib,65628,1776355108
2026-04-17T10:18:25Z,/mnt/e/last-aticol/data/raw/era5/pressure-levels/geopotential/950hPa/monthly,cds__era5_pl_monthly__ERA5__reanalysis__z950__950hPa__monthly__2004-2004__m12__NH0_90__grid_1p0.grib,/mnt/e/last-aticol/data/raw/era5/pressure-levels/geopotential/950hPa/monthly/cds__era5_pl_monthly__ERA5__reanalysis__z950__950hPa__monthly__2004-2004__m12__NH0_90__grid_1p0.grib,65628,1776355123
2026-04-17T10:18:25Z,/mnt/e/last-aticol/data/raw/era5/pressure-levels/geopotential/950hPa/monthly,cds__era5_pl_monthly__ERA5__reanalysis__z950__950hPa__monthly__2005-2005__m01__NH0_90__grid_1p0.grib,/mnt/e/last-aticol/data/raw/era5/pressure-levels/geopotential/950hPa/monthly/cds__era5_pl_monthly__ERA5__reanalysis__z950__950hPa__monthly__2005-2005__m01__NH0_90__grid_1p0.grib,65628,1776355156
2026-04-17T10:18:25Z,/mnt/e/last-aticol/data/raw/era5/pressure-levels/geopotential/950hPa/monthly,cds__era5_pl_monthly__ERA5__reanalysis__z950__950hPa__monthly__2005-2005__m02__NH0_90__grid_1p0.grib,/mnt/e/last-aticol/data/raw/era5/pressure-levels/geopotential/950hPa/monthly/cds__era5_pl_monthly__ERA5__reanalysis__z950__950hPa__monthly__2005-2005__m02__NH0_90__grid_1p0.grib,65628,1776355178
2026-04-17T10:18:25Z,/mnt/e/last-aticol/data/raw/era5/pressure-levels/geopotential/950hPa/monthly,cds__era5_pl_monthly__ERA5__reanalysis__z950__950hPa__monthly__2005-2005__m03__NH0_90__grid_1p0.grib,/mnt/e/last-aticol/data/raw/era5/pressure-levels/geopotential/950hPa/monthly/cds__era5_pl_monthly__ERA5__reanalysis__z950__950hPa__monthly__2005-2005__m03__NH0_90__grid_1p0.grib,65628,1776355211
2026-04-17T10:18:25Z,/mnt/e/last-aticol/data/raw/era5/pressure-levels/geopotential/950hPa/monthly,cds__era5_pl_monthly__ERA5__reanalysis__z950__950hPa__monthly__2005-2005__m04__NH0_90__grid_1p0.grib,/mnt/e/last-aticol/data/raw/era5/pressure-levels/geopotential/950hPa/monthly/cds__era5_pl_monthly__ERA5__reanalysis__z950__950hPa__monthly__2005-2005__m04__NH0_90__grid_1p0.grib,65628,1776355233
2026-04-17T10:18:25Z,/mnt/e/last-aticol/data/raw/era5/pressure-levels/geopotential/950hPa/monthly,cds__era5_pl_monthly__ERA5__reanalysis__z950__950hPa__monthly__2005-2005__m05__NH0_90__grid_1p0.grib,/mnt/e/last-aticol/data/raw/era5/pressure-levels/geopotential/950hPa/monthly/cds__era5_pl_monthly__ERA5__reanalysis__z950__950hPa__monthly__2005-2005__m05__NH0_90__grid_1p0.grib,65628,1776355254
2026-04-17T10:18:25Z,/mnt/e/last-aticol/data/raw/era5/pressure-levels/geopotential/950hPa/monthly,cds__era5_pl_monthly__ERA5__reanalysis__z950__950hPa__monthly__2005-2005__m06__NH0_90__grid_1p0.grib,/mnt/e/last-aticol/data/raw/era5/pressure-levels/geopotential/950hPa/monthly/cds__era5_pl_monthly__ERA5__reanalysis__z950__950hPa__monthly__2005-2005__m06__NH0_90__grid_1p0.grib,65628,1776355269
2026-04-17T10:18:25Z,/mnt/e/last-aticol/data/raw/era5/pressure-levels/geopotential/950hPa/monthly,cds__era5_pl_monthly__ERA5__reanalysis__z950__950hPa__monthly__2005-2005__m07__NH0_90__grid_1p0.grib,/mnt/e/last-aticol/data/raw/era5/pressure-levels/geopotential/950hPa/monthly/cds__era5_pl_monthly__ERA5__reanalysis__z950__950hPa__monthly__2005-2005__m07__NH0_90__grid_1p0.grib,65628,1776355284
2026-04-17T10:18:25Z,/mnt/e/last-aticol/data/raw/era5/pressure-levels/geopotential/950hPa/monthly,cds__era5_pl_monthly__ERA5__reanalysis__z950__950hPa__monthly__2005-2005__m08__NH0_90__grid_1p0.grib,/mnt/e/last-aticol/data/raw/era5/pressure-levels/geopotential/950hPa/monthly/cds__era5_pl_monthly__ERA5__reanalysis__z950__950hPa__monthly__2005-2005__m08__NH0_90__grid_1p0.grib,65628,1776355299
2026-04-17T10:18:25Z,/mnt/e/last-aticol/data/raw/era5/pressure-levels/geopotential/950hPa/monthly,cds__era5_pl_monthly__ERA5__reanalysis__z950__950hPa__monthly__2005-2005__m09__NH0_90__grid_1p0.grib,/mnt/e/last-aticol/data/raw/era5/pressure-levels/geopotential/950hPa/monthly/cds__era5_pl_monthly__ERA5__reanalysis__z950__950hPa__monthly__2005-2005__m09__NH0_90__grid_1p0.grib,65628,1776355314
2026-04-17T10:18:25Z,/mnt/e/last-aticol/data/raw/era5/pressure-levels/geopotential/950hPa/monthly,cds__era5_pl_monthly__ERA5__reanalysis__z950__950hPa__monthly__2005-2005__m10__NH0_90__grid_1p0.grib,/mnt/e/last-aticol/data/raw/era5/pressure-levels/geopotential/950hPa/monthly/cds__era5_pl_monthly__ERA5__reanalysis__z950__950hPa__monthly__2005-2005__m10__NH0_90__grid_1p0.grib,65628,1776355328
2026-04-17T10:18:25Z,/mnt/e/last-aticol/data/raw/era5/pressure-levels/geopotential/950hPa/monthly,cds__era5_pl_monthly__ERA5__reanalysis__z950__950hPa__monthly__2005-2005__m11__NH0_90__grid_1p0.grib,/mnt/e/last-aticol/data/raw/era5/pressure-levels/geopotential/950hPa/monthly/cds__era5_pl_monthly__ERA5__reanalysis__z950__950hPa__monthly__2005-2005__m11__NH0_90__grid_1p0.grib,65628,1776355350
2026-04-17T10:18:25Z,/mnt/e/last-aticol/data/raw/era5/pressure-levels/geopotential/950hPa/monthly,cds__era5_pl_monthly__ERA5__reanalysis__z950__950hPa__monthly__2005-2005__m12__NH0_90__grid_1p0.grib,/mnt/e/last-aticol/data/raw/era5/pressure-levels/geopotential/950hPa/monthly/cds__era5_pl_monthly__ERA5__reanalysis__z950__950hPa__monthly__2005-2005__m12__NH0_90__grid_1p0.grib,65628,1776355372
2026-04-17T10:18:25Z,/mnt/e/last-aticol/data/raw/era5/pressure-levels/geopotential/950hPa/monthly,cds__era5_pl_monthly__ERA5__reanalysis__z950__950hPa__monthly__2006-2006__m01__NH0_90__grid_1p0.grib,/mnt/e/last-aticol/data/raw/era5/pressure-levels/geopotential/950hPa/monthly/cds__era5_pl_monthly__ERA5__reanalysis__z950__950hPa__monthly__2006-2006__m01__NH0_90__grid_1p0.grib,65628,1776355394
2026-04-17T10:18:25Z,/mnt/e/last-aticol/data/raw/era5/pressure-levels/geopotential/950hPa/monthly,cds__era5_pl_monthly__ERA5__reanalysis__z950__950hPa__monthly__2006-2006__m02__NH0_90__grid_1p0.grib,/mnt/e/last-aticol/data/raw/era5/pressure-levels/geopotential/950hPa/monthly/cds__era5_pl_monthly__ERA5__reanalysis__z950__950hPa__monthly__2006-2006__m02__NH0_90__grid_1p0.grib,65628,1776355416
2026-04-17T10:18:25Z,/mnt/e/last-aticol/data/raw/era5/pressure-levels/geopotential/950hPa/monthly,cds__era5_pl_monthly__ERA5__reanalysis__z950__950hPa__monthly__2006-2006__m03__NH0_90__grid_1p0.grib,/mnt/e/last-aticol/data/raw/era5/pressure-levels/geopotential/950hPa/monthly/cds__era5_pl_monthly__ERA5__reanalysis__z950__950hPa__monthly__2006-2006__m03__NH0_90__grid_1p0.grib,65628,1776355438
2026-04-17T10:18:25Z,/mnt/e/last-aticol/data/raw/era5/pressure-levels/geopotential/950hPa/monthly,cds__era5_pl_monthly__ERA5__reanalysis__z950__950hPa__monthly__2006-2006__m04__NH0_90__grid_1p0.grib,/mnt/e/last-aticol/data/raw/era5/pressure-levels/geopotential/950hPa/monthly/cds__era5_pl_monthly__ERA5__reanalysis__z950__950hPa__monthly__2006-2006__m04__NH0_90__grid_1p0.grib,65628,1776355462
2026-04-17T10:18:25Z,/mnt/e/last-aticol/data/raw/era5/pressure-levels/geopotential/950hPa/monthly,cds__era5_pl_monthly__ERA5__reanalysis__z950__950hPa__monthly__2006-2006__m05__NH0_90__grid_1p0.grib,/mnt/e/last-aticol/data/raw/era5/pressure-levels/geopotential/950hPa/monthly/cds__era5_pl_monthly__ERA5__reanalysis__z950__950hPa__monthly__2006-2006__m05__NH0_90__grid_1p0.grib,65628,1776355483
2026-04-17T10:18:25Z,/mnt/e/last-aticol/data/raw/era5/pressure-levels/geopotential/950hPa/monthly,cds__era5_pl_monthly__ERA5__reanalysis__z950__950hPa__monthly__2006-2006__m06__NH0_90__grid_1p0.grib,/mnt/e/last-aticol/data/raw/era5/pressure-levels/geopotential/950hPa/monthly/cds__era5_pl_monthly__ERA5__reanalysis__z950__950hPa__monthly__2006-2006__m06__NH0_90__grid_1p0.grib,65628,1776355498
2026-04-17T10:18:25Z,/mnt/e/last-aticol/data/raw/era5/pressure-levels/geopotential/950hPa/monthly,cds__era5_pl_monthly__ERA5__reanalysis__z950__950hPa__monthly__2006-2006__m07__NH0_90__grid_1p0.grib,/mnt/e/last-aticol/data/raw/era5/pressure-levels/geopotential/950hPa/monthly/cds__era5_pl_monthly__ERA5__reanalysis__z950__950hPa__monthly__2006-2006__m07__NH0_90__grid_1p0.grib,65628,1776355530
2026-04-17T10:18:25Z,/mnt/e/last-aticol/data/raw/era5/pressure-levels/geopotential/950hPa/monthly,cds__era5_pl_monthly__ERA5__reanalysis__z950__950hPa__monthly__2006-2006__m08__NH0_90__grid_1p0.grib,/mnt/e/last-aticol/data/raw/era5/pressure-levels/geopotential/950hPa/monthly/cds__era5_pl_monthly__ERA5__reanalysis__z950__950hPa__monthly__2006-2006__m08__NH0_90__grid_1p0.grib,65628,1776355545
2026-04-17T10:18:25Z,/mnt/e/last-aticol/data/raw/era5/pressure-levels/geopotential/950hPa/monthly,cds__era5_pl_monthly__ERA5__reanalysis__z950__950hPa__monthly__2006-2006__m09__NH0_90__grid_1p0.grib,/mnt/e/last-aticol/data/raw/era5/pressure-levels/geopotential/950hPa/monthly/cds__era5_pl_monthly__ERA5__reanalysis__z950__950hPa__monthly__2006-2006__m09__NH0_90__grid_1p0.grib,65628,1776355567
2026-04-17T10:18:25Z,/mnt/e/last-aticol/data/raw/era5/pressure-levels/geopotential/950hPa/monthly,cds__era5_pl_monthly__ERA5__reanalysis__z950__950hPa__monthly__2006-2006__m10__NH0_90__grid_1p0.grib,/mnt/e/last-aticol/data/raw/era5/pressure-levels/geopotential/950hPa/monthly/cds__era5_pl_monthly__ERA5__reanalysis__z950__950hPa__monthly__2006-2006__m10__NH0_90__grid_1p0.grib,65628,1776355599
2026-04-17T10:18:25Z,/mnt/e/last-aticol/data/raw/era5/pressure-levels/geopotential/950hPa/monthly,cds__era5_pl_monthly__ERA5__reanalysis__z950__950hPa__monthly__2006-2006__m11__NH0_90__grid_1p0.grib,/mnt/e/last-aticol/data/raw/era5/pressure-levels/geopotential/950hPa/monthly/cds__era5_pl_monthly__ERA5__reanalysis__z950__950hPa__monthly__2006-2006__m11__NH0_90__grid_1p0.grib,65628,1776355615
2026-04-17T10:18:25Z,/mnt/e/last-aticol/data/raw/era5/pressure-levels/geopotential/950hPa/monthly,cds__era5_pl_monthly__ERA5__reanalysis__z950__950hPa__monthly__2006-2006__m12__NH0_90__grid_1p0.grib,/mnt/e/last-aticol/data/raw/era5/pressure-levels/geopotential/950hPa/monthly/cds__era5_pl_monthly__ERA5__reanalysis__z950__950hPa__monthly__2006-2006__m12__NH0_90__grid_1p0.grib,65628,1776355637
2026-04-17T10:18:25Z,/mnt/e/last-aticol/data/raw/era5/pressure-levels/geopotential/950hPa/monthly,cds__era5_pl_monthly__ERA5__reanalysis__z950__950hPa__monthly__2007-2007__m01__NH0_90__grid_1p0.grib,/mnt/e/last-aticol/data/raw/era5/pressure-levels/geopotential/950hPa/monthly/cds__era5_pl_monthly__ERA5__reanalysis__z950__950hPa__monthly__2007-2007__m01__NH0_90__grid_1p0.grib,65628,1776355670
2026-04-17T10:18:25Z,/mnt/e/last-aticol/data/raw/era5/pressure-levels/geopotential/950hPa/monthly,cds__era5_pl_monthly__ERA5__reanalysis__z950__950hPa__monthly__2007-2007__m02__NH0_90__grid_1p0.grib,/mnt/e/last-aticol/data/raw/era5/pressure-levels/geopotential/950hPa/monthly/cds__era5_pl_monthly__ERA5__reanalysis__z950__950hPa__monthly__2007-2007__m02__NH0_90__grid_1p0.grib,65628,1776355702
2026-04-17T10:18:25Z,/mnt/e/last-aticol/data/raw/era5/pressure-levels/geopotential/950hPa/monthly,cds__era5_pl_monthly__ERA5__reanalysis__z950__950hPa__monthly__2007-2007__m03__NH0_90__grid_1p0.grib,/mnt/e/last-aticol/data/raw/era5/pressure-levels/geopotential/950hPa/monthly/cds__era5_pl_monthly__ERA5__reanalysis__z950__950hPa__monthly__2007-2007__m03__NH0_90__grid_1p0.grib,65628,1776355717
2026-04-17T10:18:25Z,/mnt/e/last-aticol/data/raw/era5/pressure-levels/geopotential/950hPa/monthly,cds__era5_pl_monthly__ERA5__reanalysis__z950__950hPa__monthly__2007-2007__m04__NH0_90__grid_1p0.grib,/mnt/e/last-aticol/data/raw/era5/pressure-levels/geopotential/950hPa/monthly/cds__era5_pl_monthly__ERA5__reanalysis__z950__950hPa__monthly__2007-2007__m04__NH0_90__grid_1p0.grib,65628,1776355739
2026-04-17T10:18:25Z,/mnt/e/last-aticol/data/raw/era5/pressure-levels/geopotential/950hPa/monthly,cds__era5_pl_monthly__ERA5__reanalysis__z950__950hPa__monthly__2007-2007__m05__NH0_90__grid_1p0.grib,/mnt/e/last-aticol/data/raw/era5/pressure-levels/geopotential/950hPa/monthly/cds__era5_pl_monthly__ERA5__reanalysis__z950__950hPa__monthly__2007-2007__m05__NH0_90__grid_1p0.grib,65628,1776355793
2026-04-17T10:18:25Z,/mnt/e/last-aticol/data/raw/era5/pressure-levels/geopotential/950hPa/monthly,cds__era5_pl_monthly__ERA5__reanalysis__z950__950hPa__monthly__2007-2007__m06__NH0_90__grid_1p0.grib,/mnt/e/last-aticol/data/raw/era5/pressure-levels/geopotential/950hPa/monthly/cds__era5_pl_monthly__ERA5__reanalysis__z950__950hPa__monthly__2007-2007__m06__NH0_90__grid_1p0.grib,65628,1776355815
2026-04-17T10:18:25Z,/mnt/e/last-aticol/data/raw/era5/pressure-levels/geopotential/950hPa/monthly,cds__era5_pl_monthly__ERA5__reanalysis__z950__950hPa__monthly__2007-2007__m07__NH0_90__grid_1p0.grib,/mnt/e/last-aticol/data/raw/era5/pressure-levels/geopotential/950hPa/monthly/cds__era5_pl_monthly__ERA5__reanalysis__z950__950hPa__monthly__2007-2007__m07__NH0_90__grid_1p0.grib,65628,1776355830
2026-04-17T10:18:25Z,/mnt/e/last-aticol/data/raw/era5/pressure-levels/geopotential/950hPa/monthly,cds__era5_pl_monthly__ERA5__reanalysis__z950__950hPa__monthly__2007-2007__m08__NH0_90__grid_1p0.grib,/mnt/e/last-aticol/data/raw/era5/pressure-levels/geopotential/950hPa/monthly/cds__era5_pl_monthly__ERA5__reanalysis__z950__950hPa__monthly__2007-2007__m08__NH0_90__grid_1p0.grib,65628,1776355852
2026-04-17T10:18:25Z,/mnt/e/last-aticol/data/raw/era5/pressure-levels/geopotential/950hPa/monthly,cds__era5_pl_monthly__ERA5__reanalysis__z950__950hPa__monthly__2007-2007__m09__NH0_90__grid_1p0.grib,/mnt/e/last-aticol/data/raw/era5/pressure-levels/geopotential/950hPa/monthly/cds__era5_pl_monthly__ERA5__reanalysis__z950__950hPa__monthly__2007-2007__m09__NH0_90__grid_1p0.grib,65628,1776355875
2026-04-17T10:18:25Z,/mnt/e/last-aticol/data/raw/era5/pressure-levels/geopotential/950hPa/monthly,cds__era5_pl_monthly__ERA5__reanalysis__z950__950hPa__monthly__2007-2007__m10__NH0_90__grid_1p0.grib,/mnt/e/last-aticol/data/raw/era5/pressure-levels/geopotential/950hPa/monthly/cds__era5_pl_monthly__ERA5__reanalysis__z950__950hPa__monthly__2007-2007__m10__NH0_90__grid_1p0.grib,65628,1776355898
2026-04-17T10:18:25Z,/mnt/e/last-aticol/data/raw/era5/pressure-levels/geopotential/950hPa/monthly,cds__era5_pl_monthly__ERA5__reanalysis__z950__950hPa__monthly__2007-2007__m11__NH0_90__grid_1p0.grib,/mnt/e/last-aticol/data/raw/era5/pressure-levels/geopotential/950hPa/monthly/cds__era5_pl_monthly__ERA5__reanalysis__z950__950hPa__monthly__2007-2007__m11__NH0_90__grid_1p0.grib,65628,1776355913
2026-04-17T10:18:25Z,/mnt/e/last-aticol/data/raw/era5/pressure-levels/geopotential/950hPa/monthly,cds__era5_pl_monthly__ERA5__reanalysis__z950__950hPa__monthly__2007-2007__m12__NH0_90__grid_1p0.grib,/mnt/e/last-aticol/data/raw/era5/pressure-levels/geopotential/950hPa/monthly/cds__era5_pl_monthly__ERA5__reanalysis__z950__950hPa__monthly__2007-2007__m12__NH0_90__grid_1p0.grib,65628,1776355927
2026-04-17T10:18:25Z,/mnt/e/last-aticol/data/raw/era5/pressure-levels/geopotential/950hPa/monthly,cds__era5_pl_monthly__ERA5__reanalysis__z950__950hPa__monthly__2008-2008__m01__NH0_90__grid_1p0.grib,/mnt/e/last-aticol/data/raw/era5/pressure-levels/geopotential/950hPa/monthly/cds__era5_pl_monthly__ERA5__reanalysis__z950__950hPa__monthly__2008-2008__m01__NH0_90__grid_1p0.grib,65628,1776355942
2026-04-17T10:18:25Z,/mnt/e/last-aticol/data/raw/era5/pressure-levels/geopotential/950hPa/monthly,cds__era5_pl_monthly__ERA5__reanalysis__z950__950hPa__monthly__2008-2008__m02__NH0_90__grid_1p0.grib,/mnt/e/last-aticol/data/raw/era5/pressure-levels/geopotential/950hPa/monthly/cds__era5_pl_monthly__ERA5__reanalysis__z950__950hPa__monthly__2008-2008__m02__NH0_90__grid_1p0.grib,65628,1776355964
2026-04-17T10:18:25Z,/mnt/e/last-aticol/data/raw/era5/pressure-levels/geopotential/950hPa/monthly,cds__era5_pl_monthly__ERA5__reanalysis__z950__950hPa__monthly__2008-2008__m03__NH0_90__grid_1p0.grib,/mnt/e/last-aticol/data/raw/era5/pressure-levels/geopotential/950hPa/monthly/cds__era5_pl_monthly__ERA5__reanalysis__z950__950hPa__monthly__2008-2008__m03__NH0_90__grid_1p0.grib,65628,1776355986
2026-04-17T10:18:25Z,/mnt/e/last-aticol/data/raw/era5/pressure-levels/geopotential/950hPa/monthly,cds__era5_pl_monthly__ERA5__reanalysis__z950__950hPa__monthly__2008-2008__m04__NH0_90__grid_1p0.grib,/mnt/e/last-aticol/data/raw/era5/pressure-levels/geopotential/950hPa/monthly/cds__era5_pl_monthly__ERA5__reanalysis__z950__950hPa__monthly__2008-2008__m04__NH0_90__grid_1p0.grib,65628,1776356009
2026-04-17T10:18:25Z,/mnt/e/last-aticol/data/raw/era5/pressure-levels/geopotential/950hPa/monthly,cds__era5_pl_monthly__ERA5__reanalysis__z950__950hPa__monthly__2008-2008__m05__NH0_90__grid_1p0.grib,/mnt/e/last-aticol/data/raw/era5/pressure-levels/geopotential/950hPa/monthly/cds__era5_pl_monthly__ERA5__reanalysis__z950__950hPa__monthly__2008-2008__m05__NH0_90__grid_1p0.grib,65628,1776356023
2026-04-17T10:18:25Z,/mnt/e/last-aticol/data/raw/era5/pressure-levels/geopotential/950hPa/monthly,cds__era5_pl_monthly__ERA5__reanalysis__z950__950hPa__monthly__2008-2008__m06__NH0_90__grid_1p0.grib,/mnt/e/last-aticol/data/raw/era5/pressure-levels/geopotential/950hPa/monthly/cds__era5_pl_monthly__ERA5__reanalysis__z950__950hPa__monthly__2008-2008__m06__NH0_90__grid_1p0.grib,65628,1776356045
2026-04-17T10:18:25Z,/mnt/e/last-aticol/data/raw/era5/pressure-levels/geopotential/950hPa/monthly,cds__era5_pl_monthly__ERA5__reanalysis__z950__950hPa__monthly__2008-2008__m07__NH0_90__grid_1p0.grib,/mnt/e/last-aticol/data/raw/era5/pressure-levels/geopotential/950hPa/monthly/cds__era5_pl_monthly__ERA5__reanalysis__z950__950hPa__monthly__2008-2008__m07__NH0_90__grid_1p0.grib,65628,1776356060
2026-04-17T10:18:25Z,/mnt/e/last-aticol/data/raw/era5/pressure-levels/geopotential/950hPa/monthly,cds__era5_pl_monthly__ERA5__reanalysis__z950__950hPa__monthly__2008-2008__m08__NH0_90__grid_1p0.grib,/mnt/e/last-aticol/data/raw/era5/pressure-levels/geopotential/950hPa/monthly/cds__era5_pl_monthly__ERA5__reanalysis__z950__950hPa__monthly__2008-2008__m08__NH0_90__grid_1p0.grib,65628,1776356075
2026-04-17T10:18:26Z,/mnt/e/last-aticol/data/raw/era5/pressure-levels/geopotential/950hPa/monthly,cds__era5_pl_monthly__ERA5__reanalysis__z950__950hPa__monthly__2008-2008__m09__NH0_90__grid_1p0.grib,/mnt/e/last-aticol/data/raw/era5/pressure-levels/geopotential/950hPa/monthly/cds__era5_pl_monthly__ERA5__reanalysis__z950__950hPa__monthly__2008-2008__m09__NH0_90__grid_1p0.grib,65628,1776356097
2026-04-17T10:18:26Z,/mnt/e/last-aticol/data/raw/era5/pressure-levels/geopotential/950hPa/monthly,cds__era5_pl_monthly__ERA5__reanalysis__z950__950hPa__monthly__2008-2008__m10__NH0_90__grid_1p0.grib,/mnt/e/last-aticol/data/raw/era5/pressure-levels/geopotential/950hPa/monthly/cds__era5_pl_monthly__ERA5__reanalysis__z950__950hPa__monthly__2008-2008__m10__NH0_90__grid_1p0.grib,65628,1776356130
2026-04-17T10:18:26Z,/mnt/e/last-aticol/data/raw/era5/pressure-levels/geopotential/950hPa/monthly,cds__era5_pl_monthly__ERA5__reanalysis__z950__950hPa__monthly__2008-2008__m11__NH0_90__grid_1p0.grib,/mnt/e/last-aticol/data/raw/era5/pressure-levels/geopotential/950hPa/monthly/cds__era5_pl_monthly__ERA5__reanalysis__z950__950hPa__monthly__2008-2008__m11__NH0_90__grid_1p0.grib,65628,1776356152
2026-04-17T10:18:26Z,/mnt/e/last-aticol/data/raw/era5/pressure-levels/geopotential/950hPa/monthly,cds__era5_pl_monthly__ERA5__reanalysis__z950__950hPa__monthly__2008-2008__m12__NH0_90__grid_1p0.grib,/mnt/e/last-aticol/data/raw/era5/pressure-levels/geopotential/950hPa/monthly/cds__era5_pl_monthly__ERA5__reanalysis__z950__950hPa__monthly__2008-2008__m12__NH0_90__grid_1p0.grib,65628,1776356184
2026-04-17T10:18:26Z,/mnt/e/last-aticol/data/raw/era5/pressure-levels/geopotential/950hPa/monthly,cds__era5_pl_monthly__ERA5__reanalysis__z950__950hPa__monthly__2009-2009__m01__NH0_90__grid_1p0.grib,/mnt/e/last-aticol/data/raw/era5/pressure-levels/geopotential/950hPa/monthly/cds__era5_pl_monthly__ERA5__reanalysis__z950__950hPa__monthly__2009-2009__m01__NH0_90__grid_1p0.grib,65628,1776356206
2026-04-17T10:18:26Z,/mnt/e/last-aticol/data/raw/era5/pressure-levels/geopotential/950hPa/monthly,cds__era5_pl_monthly__ERA5__reanalysis__z950__950hPa__monthly__2009-2009__m02__NH0_90__grid_1p0.grib,/mnt/e/last-aticol/data/raw/era5/pressure-levels/geopotential/950hPa/monthly/cds__era5_pl_monthly__ERA5__reanalysis__z950__950hPa__monthly__2009-2009__m02__NH0_90__grid_1p0.grib,65628,1776356221
2026-04-17T10:18:26Z,/mnt/e/last-aticol/data/raw/era5/pressure-levels/geopotential/950hPa/monthly,cds__era5_pl_monthly__ERA5__reanalysis__z950__950hPa__monthly__2009-2009__m03__NH0_90__grid_1p0.grib,/mnt/e/last-aticol/data/raw/era5/pressure-levels/geopotential/950hPa/monthly/cds__era5_pl_monthly__ERA5__reanalysis__z950__950hPa__monthly__2009-2009__m03__NH0_90__grid_1p0.grib,65628,1776356254
2026-04-17T10:18:26Z,/mnt/e/last-aticol/data/raw/era5/pressure-levels/geopotential/950hPa/monthly,cds__era5_pl_monthly__ERA5__reanalysis__z950__950hPa__monthly__2009-2009__m04__NH0_90__grid_1p0.grib,/mnt/e/last-aticol/data/raw/era5/pressure-levels/geopotential/950hPa/monthly/cds__era5_pl_monthly__ERA5__reanalysis__z950__950hPa__monthly__2009-2009__m04__NH0_90__grid_1p0.grib,65628,1776356276
2026-04-17T10:18:26Z,/mnt/e/last-aticol/data/raw/era5/pressure-levels/geopotential/950hPa/monthly,cds__era5_pl_monthly__ERA5__reanalysis__z950__950hPa__monthly__2009-2009__m05__NH0_90__grid_1p0.grib,/mnt/e/last-aticol/data/raw/era5/pressure-levels/geopotential/950hPa/monthly/cds__era5_pl_monthly__ERA5__reanalysis__z950__950hPa__monthly__2009-2009__m05__NH0_90__grid_1p0.grib,65628,1776356298
2026-04-17T10:18:26Z,/mnt/e/last-aticol/data/raw/era5/pressure-levels/geopotential/950hPa/monthly,cds__era5_pl_monthly__ERA5__reanalysis__z950__950hPa__monthly__2009-2009__m06__NH0_90__grid_1p0.grib,/mnt/e/last-aticol/data/raw/era5/pressure-levels/geopotential/950hPa/monthly/cds__era5_pl_monthly__ERA5__reanalysis__z950__950hPa__monthly__2009-2009__m06__NH0_90__grid_1p0.grib,65628,1776356313
2026-04-17T10:18:26Z,/mnt/e/last-aticol/data/raw/era5/pressure-levels/geopotential/950hPa/monthly,cds__era5_pl_monthly__ERA5__reanalysis__z950__950hPa__monthly__2009-2009__m07__NH0_90__grid_1p0.grib,/mnt/e/last-aticol/data/raw/era5/pressure-levels/geopotential/950hPa/monthly/cds__era5_pl_monthly__ERA5__reanalysis__z950__950hPa__monthly__2009-2009__m07__NH0_90__grid_1p0.grib,65628,1776356328
2026-04-17T10:18:26Z,/mnt/e/last-aticol/data/raw/era5/pressure-levels/geopotential/950hPa/monthly,cds__era5_pl_monthly__ERA5__reanalysis__z950__950hPa__monthly__2009-2009__m08__NH0_90__grid_1p0.grib,/mnt/e/last-aticol/data/raw/era5/pressure-levels/geopotential/950hPa/monthly/cds__era5_pl_monthly__ERA5__reanalysis__z950__950hPa__monthly__2009-2009__m08__NH0_90__grid_1p0.grib,65628,1776356350
2026-04-17T10:18:26Z,/mnt/e/last-aticol/data/raw/era5/pressure-levels/geopotential/950hPa/monthly,cds__era5_pl_monthly__ERA5__reanalysis__z950__950hPa__monthly__2009-2009__m09__NH0_90__grid_1p0.grib,/mnt/e/last-aticol/data/raw/era5/pressure-levels/geopotential/950hPa/monthly/cds__era5_pl_monthly__ERA5__reanalysis__z950__950hPa__monthly__2009-2009__m09__NH0_90__grid_1p0.grib,65628,1776356364
2026-04-17T10:18:26Z,/mnt/e/last-aticol/data/raw/era5/pressure-levels/geopotential/950hPa/monthly,cds__era5_pl_monthly__ERA5__reanalysis__z950__950hPa__monthly__2009-2009__m10__NH0_90__grid_1p0.grib,/mnt/e/last-aticol/data/raw/era5/pressure-levels/geopotential/950hPa/monthly/cds__era5_pl_monthly__ERA5__reanalysis__z950__950hPa__monthly__2009-2009__m10__NH0_90__grid_1p0.grib,65628,1776356379
2026-04-17T10:18:26Z,/mnt/e/last-aticol/data/raw/era5/pressure-levels/geopotential/950hPa/monthly,cds__era5_pl_monthly__ERA5__reanalysis__z950__950hPa__monthly__2009-2009__m11__NH0_90__grid_1p0.grib,/mnt/e/last-aticol/data/raw/era5/pressure-levels/geopotential/950hPa/monthly/cds__era5_pl_monthly__ERA5__reanalysis__z950__950hPa__monthly__2009-2009__m11__NH0_90__grid_1p0.grib,65628,1776356403
2026-04-17T10:18:26Z,/mnt/e/last-aticol/data/raw/era5/pressure-levels/geopotential/950hPa/monthly,cds__era5_pl_monthly__ERA5__reanalysis__z950__950hPa__monthly__2009-2009__m12__NH0_90__grid_1p0.grib,/mnt/e/last-aticol/data/raw/era5/pressure-levels/geopotential/950hPa/monthly/cds__era5_pl_monthly__ERA5__reanalysis__z950__950hPa__monthly__2009-2009__m12__NH0_90__grid_1p0.grib,65628,1776356425
2026-04-17T10:18:26Z,/mnt/e/last-aticol/data/raw/era5/pressure-levels/geopotential/950hPa/monthly,cds__era5_pl_monthly__ERA5__reanalysis__z950__950hPa__monthly__2010-2010__m01__NH0_90__grid_1p0.grib,/mnt/e/last-aticol/data/raw/era5/pressure-levels/geopotential/950hPa/monthly/cds__era5_pl_monthly__ERA5__reanalysis__z950__950hPa__monthly__2010-2010__m01__NH0_90__grid_1p0.grib,65628,1776356441
2026-04-17T10:18:26Z,/mnt/e/last-aticol/data/raw/era5/pressure-levels/geopotential/950hPa/monthly,cds__era5_pl_monthly__ERA5__reanalysis__z950__950hPa__monthly__2010-2010__m02__NH0_90__grid_1p0.grib,/mnt/e/last-aticol/data/raw/era5/pressure-levels/geopotential/950hPa/monthly/cds__era5_pl_monthly__ERA5__reanalysis__z950__950hPa__monthly__2010-2010__m02__NH0_90__grid_1p0.grib,65628,1776356473
2026-04-17T10:18:26Z,/mnt/e/last-aticol/data/raw/era5/pressure-levels/geopotential/950hPa/monthly,cds__era5_pl_monthly__ERA5__reanalysis__z950__950hPa__monthly__2010-2010__m03__NH0_90__grid_1p0.grib,/mnt/e/last-aticol/data/raw/era5/pressure-levels/geopotential/950hPa/monthly/cds__era5_pl_monthly__ERA5__reanalysis__z950__950hPa__monthly__2010-2010__m03__NH0_90__grid_1p0.grib,65628,1776356495
2026-04-17T10:18:26Z,/mnt/e/last-aticol/data/raw/era5/pressure-levels/geopotential/950hPa/monthly,cds__era5_pl_monthly__ERA5__reanalysis__z950__950hPa__monthly__2010-2010__m04__NH0_90__grid_1p0.grib,/mnt/e/last-aticol/data/raw/era5/pressure-levels/geopotential/950hPa/monthly/cds__era5_pl_monthly__ERA5__reanalysis__z950__950hPa__monthly__2010-2010__m04__NH0_90__grid_1p0.grib,65628,1776356517
2026-04-17T10:18:26Z,/mnt/e/last-aticol/data/raw/era5/pressure-levels/geopotential/950hPa/monthly,cds__era5_pl_monthly__ERA5__reanalysis__z950__950hPa__monthly__2010-2010__m05__NH0_90__grid_1p0.grib,/mnt/e/last-aticol/data/raw/era5/pressure-levels/geopotential/950hPa/monthly/cds__era5_pl_monthly__ERA5__reanalysis__z950__950hPa__monthly__2010-2010__m05__NH0_90__grid_1p0.grib,65628,1776356539
2026-04-17T10:18:26Z,/mnt/e/last-aticol/data/raw/era5/pressure-levels/geopotential/950hPa/monthly,cds__era5_pl_monthly__ERA5__reanalysis__z950__950hPa__monthly__2010-2010__m06__NH0_90__grid_1p0.grib,/mnt/e/last-aticol/data/raw/era5/pressure-levels/geopotential/950hPa/monthly/cds__era5_pl_monthly__ERA5__reanalysis__z950__950hPa__monthly__2010-2010__m06__NH0_90__grid_1p0.grib,65628,1776356561
2026-04-17T10:18:26Z,/mnt/e/last-aticol/data/raw/era5/pressure-levels/geopotential/950hPa/monthly,cds__era5_pl_monthly__ERA5__reanalysis__z950__950hPa__monthly__2010-2010__m07__NH0_90__grid_1p0.grib,/mnt/e/last-aticol/data/raw/era5/pressure-levels/geopotential/950hPa/monthly/cds__era5_pl_monthly__ERA5__reanalysis__z950__950hPa__monthly__2010-2010__m07__NH0_90__grid_1p0.grib,65628,1776356583
2026-04-17T10:18:26Z,/mnt/e/last-aticol/data/raw/era5/pressure-levels/geopotential/950hPa/monthly,cds__era5_pl_monthly__ERA5__reanalysis__z950__950hPa__monthly__2010-2010__m08__NH0_90__grid_1p0.grib,/mnt/e/last-aticol/data/raw/era5/pressure-levels/geopotential/950hPa/monthly/cds__era5_pl_monthly__ERA5__reanalysis__z950__950hPa__monthly__2010-2010__m08__NH0_90__grid_1p0.grib,65628,1776356598
2026-04-17T10:18:26Z,/mnt/e/last-aticol/data/raw/era5/pressure-levels/geopotential/950hPa/monthly,cds__era5_pl_monthly__ERA5__reanalysis__z950__950hPa__monthly__2010-2010__m09__NH0_90__grid_1p0.grib,/mnt/e/last-aticol/data/raw/era5/pressure-levels/geopotential/950hPa/monthly/cds__era5_pl_monthly__ERA5__reanalysis__z950__950hPa__monthly__2010-2010__m09__NH0_90__grid_1p0.grib,65628,1776356631
2026-04-17T10:18:26Z,/mnt/e/last-aticol/data/raw/era5/pressure-levels/geopotential/950hPa/monthly,cds__era5_pl_monthly__ERA5__reanalysis__z950__950hPa__monthly__2010-2010__m10__NH0_90__grid_1p0.grib,/mnt/e/last-aticol/data/raw/era5/pressure-levels/geopotential/950hPa/monthly/cds__era5_pl_monthly__ERA5__reanalysis__z950__950hPa__monthly__2010-2010__m10__NH0_90__grid_1p0.grib,65628,1776356646
2026-04-17T10:18:26Z,/mnt/e/last-aticol/data/raw/era5/pressure-levels/geopotential/950hPa/monthly,cds__era5_pl_monthly__ERA5__reanalysis__z950__950hPa__monthly__2010-2010__m11__NH0_90__grid_1p0.grib,/mnt/e/last-aticol/data/raw/era5/pressure-levels/geopotential/950hPa/monthly/cds__era5_pl_monthly__ERA5__reanalysis__z950__950hPa__monthly__2010-2010__m11__NH0_90__grid_1p0.grib,65628,1776356661
2026-04-17T10:18:26Z,/mnt/e/last-aticol/data/raw/era5/pressure-levels/geopotential/950hPa/monthly,cds__era5_pl_monthly__ERA5__reanalysis__z950__950hPa__monthly__2010-2010__m12__NH0_90__grid_1p0.grib,/mnt/e/last-aticol/data/raw/era5/pressure-levels/geopotential/950hPa/monthly/cds__era5_pl_monthly__ERA5__reanalysis__z950__950hPa__monthly__2010-2010__m12__NH0_90__grid_1p0.grib,65628,1776356683
2026-04-17T10:18:26Z,/mnt/e/last-aticol/data/raw/era5/pressure-levels/geopotential/950hPa/monthly,cds__era5_pl_monthly__ERA5__reanalysis__z950__950hPa__monthly__2011-2011__m01__NH0_90__grid_1p0.grib,/mnt/e/last-aticol/data/raw/era5/pressure-levels/geopotential/950hPa/monthly/cds__era5_pl_monthly__ERA5__reanalysis__z950__950hPa__monthly__2011-2011__m01__NH0_90__grid_1p0.grib,65628,1776356716
2026-04-17T10:18:26Z,/mnt/e/last-aticol/data/raw/era5/pressure-levels/geopotential/950hPa/monthly,cds__era5_pl_monthly__ERA5__reanalysis__z950__950hPa__monthly__2011-2011__m02__NH0_90__grid_1p0.grib,/mnt/e/last-aticol/data/raw/era5/pressure-levels/geopotential/950hPa/monthly/cds__era5_pl_monthly__ERA5__reanalysis__z950__950hPa__monthly__2011-2011__m02__NH0_90__grid_1p0.grib,65628,1776356731
2026-04-17T10:18:26Z,/mnt/e/last-aticol/data/raw/era5/pressure-levels/geopotential/950hPa/monthly,cds__era5_pl_monthly__ERA5__reanalysis__z950__950hPa__monthly__2011-2011__m03__NH0_90__grid_1p0.grib,/mnt/e/last-aticol/data/raw/era5/pressure-levels/geopotential/950hPa/monthly/cds__era5_pl_monthly__ERA5__reanalysis__z950__950hPa__monthly__2011-2011__m03__NH0_90__grid_1p0.grib,65628,1776356746
2026-04-17T10:18:26Z,/mnt/e/last-aticol/data/raw/era5/pressure-levels/geopotential/950hPa/monthly,cds__era5_pl_monthly__ERA5__reanalysis__z950__950hPa__monthly__2011-2011__m04__NH0_90__grid_1p0.grib,/mnt/e/last-aticol/data/raw/era5/pressure-levels/geopotential/950hPa/monthly/cds__era5_pl_monthly__ERA5__reanalysis__z950__950hPa__monthly__2011-2011__m04__NH0_90__grid_1p0.grib,65628,1776356761
2026-04-17T10:18:26Z,/mnt/e/last-aticol/data/raw/era5/pressure-levels/geopotential/950hPa/monthly,cds__era5_pl_monthly__ERA5__reanalysis__z950__950hPa__monthly__2011-2011__m05__NH0_90__grid_1p0.grib,/mnt/e/last-aticol/data/raw/era5/pressure-levels/geopotential/950hPa/monthly/cds__era5_pl_monthly__ERA5__reanalysis__z950__950hPa__monthly__2011-2011__m05__NH0_90__grid_1p0.grib,65628,1776356777
2026-04-17T10:18:26Z,/mnt/e/last-aticol/data/raw/era5/pressure-levels/geopotential/950hPa/monthly,cds__era5_pl_monthly__ERA5__reanalysis__z950__950hPa__monthly__2011-2011__m06__NH0_90__grid_1p0.grib,/mnt/e/last-aticol/data/raw/era5/pressure-levels/geopotential/950hPa/monthly/cds__era5_pl_monthly__ERA5__reanalysis__z950__950hPa__monthly__2011-2011__m06__NH0_90__grid_1p0.grib,65628,1776356791
2026-04-17T10:18:26Z,/mnt/e/last-aticol/data/raw/era5/pressure-levels/geopotential/950hPa/monthly,cds__era5_pl_monthly__ERA5__reanalysis__z950__950hPa__monthly__2011-2011__m07__NH0_90__grid_1p0.grib,/mnt/e/last-aticol/data/raw/era5/pressure-levels/geopotential/950hPa/monthly/cds__era5_pl_monthly__ERA5__reanalysis__z950__950hPa__monthly__2011-2011__m07__NH0_90__grid_1p0.grib,65628,1776356806
2026-04-17T10:18:26Z,/mnt/e/last-aticol/data/raw/era5/pressure-levels/geopotential/950hPa/monthly,cds__era5_pl_monthly__ERA5__reanalysis__z950__950hPa__monthly__2011-2011__m08__NH0_90__grid_1p0.grib,/mnt/e/last-aticol/data/raw/era5/pressure-levels/geopotential/950hPa/monthly/cds__era5_pl_monthly__ERA5__reanalysis__z950__950hPa__monthly__2011-2011__m08__NH0_90__grid_1p0.grib,65628,1776356828
2026-04-17T10:18:26Z,/mnt/e/last-aticol/data/raw/era5/pressure-levels/geopotential/950hPa/monthly,cds__era5_pl_monthly__ERA5__reanalysis__z950__950hPa__monthly__2011-2011__m09__NH0_90__grid_1p0.grib,/mnt/e/last-aticol/data/raw/era5/pressure-levels/geopotential/950hPa/monthly/cds__era5_pl_monthly__ERA5__reanalysis__z950__950hPa__monthly__2011-2011__m09__NH0_90__grid_1p0.grib,65628,1776356843
2026-04-17T10:18:26Z,/mnt/e/last-aticol/data/raw/era5/pressure-levels/geopotential/950hPa/monthly,cds__era5_pl_monthly__ERA5__reanalysis__z950__950hPa__monthly__2011-2011__m10__NH0_90__grid_1p0.grib,/mnt/e/last-aticol/data/raw/era5/pressure-levels/geopotential/950hPa/monthly/cds__era5_pl_monthly__ERA5__reanalysis__z950__950hPa__monthly__2011-2011__m10__NH0_90__grid_1p0.grib,65628,1776356858
2026-04-17T10:18:26Z,/mnt/e/last-aticol/data/raw/era5/pressure-levels/geopotential/950hPa/monthly,cds__era5_pl_monthly__ERA5__reanalysis__z950__950hPa__monthly__2011-2011__m11__NH0_90__grid_1p0.grib,/mnt/e/last-aticol/data/raw/era5/pressure-levels/geopotential/950hPa/monthly/cds__era5_pl_monthly__ERA5__reanalysis__z950__950hPa__monthly__2011-2011__m11__NH0_90__grid_1p0.grib,65628,1776356879
2026-04-17T10:18:26Z,/mnt/e/last-aticol/data/raw/era5/pressure-levels/geopotential/950hPa/monthly,cds__era5_pl_monthly__ERA5__reanalysis__z950__950hPa__monthly__2011-2011__m12__NH0_90__grid_1p0.grib,/mnt/e/last-aticol/data/raw/era5/pressure-levels/geopotential/950hPa/monthly/cds__era5_pl_monthly__ERA5__reanalysis__z950__950hPa__monthly__2011-2011__m12__NH0_90__grid_1p0.grib,65628,1776356894
2026-04-17T10:18:26Z,/mnt/e/last-aticol/data/raw/era5/pressure-levels/geopotential/950hPa/monthly,cds__era5_pl_monthly__ERA5__reanalysis__z950__950hPa__monthly__2012-2012__m01__NH0_90__grid_1p0.grib,/mnt/e/last-aticol/data/raw/era5/pressure-levels/geopotential/950hPa/monthly/cds__era5_pl_monthly__ERA5__reanalysis__z950__950hPa__monthly__2012-2012__m01__NH0_90__grid_1p0.grib,65628,1776356910
2026-04-17T10:18:26Z,/mnt/e/last-aticol/data/raw/era5/pressure-levels/geopotential/950hPa/monthly,cds__era5_pl_monthly__ERA5__reanalysis__z950__950hPa__monthly__2012-2012__m02__NH0_90__grid_1p0.grib,/mnt/e/last-aticol/data/raw/era5/pressure-levels/geopotential/950hPa/monthly/cds__era5_pl_monthly__ERA5__reanalysis__z950__950hPa__monthly__2012-2012__m02__NH0_90__grid_1p0.grib,65628,1776356932
2026-04-17T10:18:26Z,/mnt/e/last-aticol/data/raw/era5/pressure-levels/geopotential/950hPa/monthly,cds__era5_pl_monthly__ERA5__reanalysis__z950__950hPa__monthly__2012-2012__m03__NH0_90__grid_1p0.grib,/mnt/e/last-aticol/data/raw/era5/pressure-levels/geopotential/950hPa/monthly/cds__era5_pl_monthly__ERA5__reanalysis__z950__950hPa__monthly__2012-2012__m03__NH0_90__grid_1p0.grib,65628,1776356953
2026-04-17T10:18:26Z,/mnt/e/last-aticol/data/raw/era5/pressure-levels/geopotential/950hPa/monthly,cds__era5_pl_monthly__ERA5__reanalysis__z950__950hPa__monthly__2012-2012__m04__NH0_90__grid_1p0.grib,/mnt/e/last-aticol/data/raw/era5/pressure-levels/geopotential/950hPa/monthly/cds__era5_pl_monthly__ERA5__reanalysis__z950__950hPa__monthly__2012-2012__m04__NH0_90__grid_1p0.grib,65628,1776356975
2026-04-17T10:18:26Z,/mnt/e/last-aticol/data/raw/era5/pressure-levels/geopotential/950hPa/monthly,cds__era5_pl_monthly__ERA5__reanalysis__z950__950hPa__monthly__2012-2012__m05__NH0_90__grid_1p0.grib,/mnt/e/last-aticol/data/raw/era5/pressure-levels/geopotential/950hPa/monthly/cds__era5_pl_monthly__ERA5__reanalysis__z950__950hPa__monthly__2012-2012__m05__NH0_90__grid_1p0.grib,65628,1776356997
2026-04-17T10:18:26Z,/mnt/e/last-aticol/data/raw/era5/pressure-levels/geopotential/950hPa/monthly,cds__era5_pl_monthly__ERA5__reanalysis__z950__950hPa__monthly__2012-2012__m06__NH0_90__grid_1p0.grib,/mnt/e/last-aticol/data/raw/era5/pressure-levels/geopotential/950hPa/monthly/cds__era5_pl_monthly__ERA5__reanalysis__z950__950hPa__monthly__2012-2012__m06__NH0_90__grid_1p0.grib,65628,1776357012
2026-04-17T10:18:26Z,/mnt/e/last-aticol/data/raw/era5/pressure-levels/geopotential/950hPa/monthly,cds__era5_pl_monthly__ERA5__reanalysis__z950__950hPa__monthly__2012-2012__m07__NH0_90__grid_1p0.grib,/mnt/e/last-aticol/data/raw/era5/pressure-levels/geopotential/950hPa/monthly/cds__era5_pl_monthly__ERA5__reanalysis__z950__950hPa__monthly__2012-2012__m07__NH0_90__grid_1p0.grib,65628,1776357034
2026-04-17T10:18:26Z,/mnt/e/last-aticol/data/raw/era5/pressure-levels/geopotential/950hPa/monthly,cds__era5_pl_monthly__ERA5__reanalysis__z950__950hPa__monthly__2012-2012__m08__NH0_90__grid_1p0.grib,/mnt/e/last-aticol/data/raw/era5/pressure-levels/geopotential/950hPa/monthly/cds__era5_pl_monthly__ERA5__reanalysis__z950__950hPa__monthly__2012-2012__m08__NH0_90__grid_1p0.grib,65628,1776357057
2026-04-17T10:18:26Z,/mnt/e/last-aticol/data/raw/era5/pressure-levels/geopotential/950hPa/monthly,cds__era5_pl_monthly__ERA5__reanalysis__z950__950hPa__monthly__2012-2012__m09__NH0_90__grid_1p0.grib,/mnt/e/last-aticol/data/raw/era5/pressure-levels/geopotential/950hPa/monthly/cds__era5_pl_monthly__ERA5__reanalysis__z950__950hPa__monthly__2012-2012__m09__NH0_90__grid_1p0.grib,65628,1776357081
2026-04-17T10:18:26Z,/mnt/e/last-aticol/data/raw/era5/pressure-levels/geopotential/950hPa/monthly,cds__era5_pl_monthly__ERA5__reanalysis__z950__950hPa__monthly__2012-2012__m10__NH0_90__grid_1p0.grib,/mnt/e/last-aticol/data/raw/era5/pressure-levels/geopotential/950hPa/monthly/cds__era5_pl_monthly__ERA5__reanalysis__z950__950hPa__monthly__2012-2012__m10__NH0_90__grid_1p0.grib,65628,1776357113
2026-04-17T10:18:26Z,/mnt/e/last-aticol/data/raw/era5/pressure-levels/geopotential/950hPa/monthly,cds__era5_pl_monthly__ERA5__reanalysis__z950__950hPa__monthly__2012-2012__m11__NH0_90__grid_1p0.grib,/mnt/e/last-aticol/data/raw/era5/pressure-levels/geopotential/950hPa/monthly/cds__era5_pl_monthly__ERA5__reanalysis__z950__950hPa__monthly__2012-2012__m11__NH0_90__grid_1p0.grib,65628,1776357135
2026-04-17T10:18:26Z,/mnt/e/last-aticol/data/raw/era5/pressure-levels/geopotential/950hPa/monthly,cds__era5_pl_monthly__ERA5__reanalysis__z950__950hPa__monthly__2012-2012__m12__NH0_90__grid_1p0.grib,/mnt/e/last-aticol/data/raw/era5/pressure-levels/geopotential/950hPa/monthly/cds__era5_pl_monthly__ERA5__reanalysis__z950__950hPa__monthly__2012-2012__m12__NH0_90__grid_1p0.grib,65628,1776357150
2026-04-17T10:18:26Z,/mnt/e/last-aticol/data/raw/era5/pressure-levels/geopotential/950hPa/monthly,cds__era5_pl_monthly__ERA5__reanalysis__z950__950hPa__monthly__2013-2013__m01__NH0_90__grid_1p0.grib,/mnt/e/last-aticol/data/raw/era5/pressure-levels/geopotential/950hPa/monthly/cds__era5_pl_monthly__ERA5__reanalysis__z950__950hPa__monthly__2013-2013__m01__NH0_90__grid_1p0.grib,65628,1776357257
2026-04-17T10:18:26Z,/mnt/e/last-aticol/data/raw/era5/pressure-levels/geopotential/950hPa/monthly,cds__era5_pl_monthly__ERA5__reanalysis__z950__950hPa__monthly__2013-2013__m02__NH0_90__grid_1p0.grib,/mnt/e/last-aticol/data/raw/era5/pressure-levels/geopotential/950hPa/monthly/cds__era5_pl_monthly__ERA5__reanalysis__z950__950hPa__monthly__2013-2013__m02__NH0_90__grid_1p0.grib,65628,1776357289
2026-04-17T10:18:26Z,/mnt/e/last-aticol/data/raw/era5/pressure-levels/geopotential/950hPa/monthly,cds__era5_pl_monthly__ERA5__reanalysis__z950__950hPa__monthly__2013-2013__m03__NH0_90__grid_1p0.grib,/mnt/e/last-aticol/data/raw/era5/pressure-levels/geopotential/950hPa/monthly/cds__era5_pl_monthly__ERA5__reanalysis__z950__950hPa__monthly__2013-2013__m03__NH0_90__grid_1p0.grib,65628,1776357310
2026-04-17T10:18:26Z,/mnt/e/last-aticol/data/raw/era5/pressure-levels/geopotential/950hPa/monthly,cds__era5_pl_monthly__ERA5__reanalysis__z950__950hPa__monthly__2013-2013__m04__NH0_90__grid_1p0.grib,/mnt/e/last-aticol/data/raw/era5/pressure-levels/geopotential/950hPa/monthly/cds__era5_pl_monthly__ERA5__reanalysis__z950__950hPa__monthly__2013-2013__m04__NH0_90__grid_1p0.grib,65628,1776357325
2026-04-17T10:18:26Z,/mnt/e/last-aticol/data/raw/era5/pressure-levels/geopotential/950hPa/monthly,cds__era5_pl_monthly__ERA5__reanalysis__z950__950hPa__monthly__2013-2013__m05__NH0_90__grid_1p0.grib,/mnt/e/last-aticol/data/raw/era5/pressure-levels/geopotential/950hPa/monthly/cds__era5_pl_monthly__ERA5__reanalysis__z950__950hPa__monthly__2013-2013__m05__NH0_90__grid_1p0.grib,65628,1776357348
2026-04-17T10:18:26Z,/mnt/e/last-aticol/data/raw/era5/pressure-levels/geopotential/950hPa/monthly,cds__era5_pl_monthly__ERA5__reanalysis__z950__950hPa__monthly__2013-2013__m06__NH0_90__grid_1p0.grib,/mnt/e/last-aticol/data/raw/era5/pressure-levels/geopotential/950hPa/monthly/cds__era5_pl_monthly__ERA5__reanalysis__z950__950hPa__monthly__2013-2013__m06__NH0_90__grid_1p0.grib,65628,1776357370
2026-04-17T10:18:26Z,/mnt/e/last-aticol/data/raw/era5/pressure-levels/geopotential/950hPa/monthly,cds__era5_pl_monthly__ERA5__reanalysis__z950__950hPa__monthly__2013-2013__m07__NH0_90__grid_1p0.grib,/mnt/e/last-aticol/data/raw/era5/pressure-levels/geopotential/950hPa/monthly/cds__era5_pl_monthly__ERA5__reanalysis__z950__950hPa__monthly__2013-2013__m07__NH0_90__grid_1p0.grib,65628,1776357392
2026-04-17T10:18:26Z,/mnt/e/last-aticol/data/raw/era5/pressure-levels/geopotential/950hPa/monthly,cds__era5_pl_monthly__ERA5__reanalysis__z950__950hPa__monthly__2013-2013__m08__NH0_90__grid_1p0.grib,/mnt/e/last-aticol/data/raw/era5/pressure-levels/geopotential/950hPa/monthly/cds__era5_pl_monthly__ERA5__reanalysis__z950__950hPa__monthly__2013-2013__m08__NH0_90__grid_1p0.grib,65628,1776357407
2026-04-17T10:18:26Z,/mnt/e/last-aticol/data/raw/era5/pressure-levels/geopotential/950hPa/monthly,cds__era5_pl_monthly__ERA5__reanalysis__z950__950hPa__monthly__2013-2013__m09__NH0_90__grid_1p0.grib,/mnt/e/last-aticol/data/raw/era5/pressure-levels/geopotential/950hPa/monthly/cds__era5_pl_monthly__ERA5__reanalysis__z950__950hPa__monthly__2013-2013__m09__NH0_90__grid_1p0.grib,65628,1776357429
2026-04-17T10:18:26Z,/mnt/e/last-aticol/data/raw/era5/pressure-levels/geopotential/950hPa/monthly,cds__era5_pl_monthly__ERA5__reanalysis__z950__950hPa__monthly__2013-2013__m10__NH0_90__grid_1p0.grib,/mnt/e/last-aticol/data/raw/era5/pressure-levels/geopotential/950hPa/monthly/cds__era5_pl_monthly__ERA5__reanalysis__z950__950hPa__monthly__2013-2013__m10__NH0_90__grid_1p0.grib,65628,1776357444
2026-04-17T10:18:26Z,/mnt/e/last-aticol/data/raw/era5/pressure-levels/geopotential/950hPa/monthly,cds__era5_pl_monthly__ERA5__reanalysis__z950__950hPa__monthly__2013-2013__m11__NH0_90__grid_1p0.grib,/mnt/e/last-aticol/data/raw/era5/pressure-levels/geopotential/950hPa/monthly/cds__era5_pl_monthly__ERA5__reanalysis__z950__950hPa__monthly__2013-2013__m11__NH0_90__grid_1p0.grib,65628,1776357459
2026-04-17T10:18:26Z,/mnt/e/last-aticol/data/raw/era5/pressure-levels/geopotential/950hPa/monthly,cds__era5_pl_monthly__ERA5__reanalysis__z950__950hPa__monthly__2013-2013__m12__NH0_90__grid_1p0.grib,/mnt/e/last-aticol/data/raw/era5/pressure-levels/geopotential/950hPa/monthly/cds__era5_pl_monthly__ERA5__reanalysis__z950__950hPa__monthly__2013-2013__m12__NH0_90__grid_1p0.grib,65628,1776357481
2026-04-17T10:18:26Z,/mnt/e/last-aticol/data/raw/era5/pressure-levels/geopotential/950hPa/monthly,cds__era5_pl_monthly__ERA5__reanalysis__z950__950hPa__monthly__2014-2014__m01__NH0_90__grid_1p0.grib,/mnt/e/last-aticol/data/raw/era5/pressure-levels/geopotential/950hPa/monthly/cds__era5_pl_monthly__ERA5__reanalysis__z950__950hPa__monthly__2014-2014__m01__NH0_90__grid_1p0.grib,65628,1776357514
2026-04-17T10:18:26Z,/mnt/e/last-aticol/data/raw/era5/pressure-levels/geopotential/950hPa/monthly,cds__era5_pl_monthly__ERA5__reanalysis__z950__950hPa__monthly__2014-2014__m02__NH0_90__grid_1p0.grib,/mnt/e/last-aticol/data/raw/era5/pressure-levels/geopotential/950hPa/monthly/cds__era5_pl_monthly__ERA5__reanalysis__z950__950hPa__monthly__2014-2014__m02__NH0_90__grid_1p0.grib,65628,1776357529
2026-04-17T10:18:26Z,/mnt/e/last-aticol/data/raw/era5/pressure-levels/geopotential/950hPa/monthly,cds__era5_pl_monthly__ERA5__reanalysis__z950__950hPa__monthly__2014-2014__m03__NH0_90__grid_1p0.grib,/mnt/e/last-aticol/data/raw/era5/pressure-levels/geopotential/950hPa/monthly/cds__era5_pl_monthly__ERA5__reanalysis__z950__950hPa__monthly__2014-2014__m03__NH0_90__grid_1p0.grib,65628,1776357544
2026-04-17T10:18:26Z,/mnt/e/last-aticol/data/raw/era5/pressure-levels/geopotential/950hPa/monthly,cds__era5_pl_monthly__ERA5__reanalysis__z950__950hPa__monthly__2014-2014__m04__NH0_90__grid_1p0.grib,/mnt/e/last-aticol/data/raw/era5/pressure-levels/geopotential/950hPa/monthly/cds__era5_pl_monthly__ERA5__reanalysis__z950__950hPa__monthly__2014-2014__m04__NH0_90__grid_1p0.grib,65628,1776357559
2026-04-17T10:18:26Z,/mnt/e/last-aticol/data/raw/era5/pressure-levels/geopotential/950hPa/monthly,cds__era5_pl_monthly__ERA5__reanalysis__z950__950hPa__monthly__2014-2014__m05__NH0_90__grid_1p0.grib,/mnt/e/last-aticol/data/raw/era5/pressure-levels/geopotential/950hPa/monthly/cds__era5_pl_monthly__ERA5__reanalysis__z950__950hPa__monthly__2014-2014__m05__NH0_90__grid_1p0.grib,65628,1776357573
2026-04-17T10:18:26Z,/mnt/e/last-aticol/data/raw/era5/pressure-levels/geopotential/950hPa/monthly,cds__era5_pl_monthly__ERA5__reanalysis__z950__950hPa__monthly__2014-2014__m06__NH0_90__grid_1p0.grib,/mnt/e/last-aticol/data/raw/era5/pressure-levels/geopotential/950hPa/monthly/cds__era5_pl_monthly__ERA5__reanalysis__z950__950hPa__monthly__2014-2014__m06__NH0_90__grid_1p0.grib,65628,1776357595
2026-04-17T10:18:26Z,/mnt/e/last-aticol/data/raw/era5/pressure-levels/geopotential/950hPa/monthly,cds__era5_pl_monthly__ERA5__reanalysis__z950__950hPa__monthly__2014-2014__m07__NH0_90__grid_1p0.grib,/mnt/e/last-aticol/data/raw/era5/pressure-levels/geopotential/950hPa/monthly/cds__era5_pl_monthly__ERA5__reanalysis__z950__950hPa__monthly__2014-2014__m07__NH0_90__grid_1p0.grib,65628,1776357617
2026-04-17T10:18:26Z,/mnt/e/last-aticol/data/raw/era5/pressure-levels/geopotential/950hPa/monthly,cds__era5_pl_monthly__ERA5__reanalysis__z950__950hPa__monthly__2014-2014__m08__NH0_90__grid_1p0.grib,/mnt/e/last-aticol/data/raw/era5/pressure-levels/geopotential/950hPa/monthly/cds__era5_pl_monthly__ERA5__reanalysis__z950__950hPa__monthly__2014-2014__m08__NH0_90__grid_1p0.grib,65628,1776357632
2026-04-17T10:18:26Z,/mnt/e/last-aticol/data/raw/era5/pressure-levels/geopotential/950hPa/monthly,cds__era5_pl_monthly__ERA5__reanalysis__z950__950hPa__monthly__2014-2014__m09__NH0_90__grid_1p0.grib,/mnt/e/last-aticol/data/raw/era5/pressure-levels/geopotential/950hPa/monthly/cds__era5_pl_monthly__ERA5__reanalysis__z950__950hPa__monthly__2014-2014__m09__NH0_90__grid_1p0.grib,65628,1776357646
2026-04-17T10:18:26Z,/mnt/e/last-aticol/data/raw/era5/pressure-levels/geopotential/950hPa/monthly,cds__era5_pl_monthly__ERA5__reanalysis__z950__950hPa__monthly__2014-2014__m10__NH0_90__grid_1p0.grib,/mnt/e/last-aticol/data/raw/era5/pressure-levels/geopotential/950hPa/monthly/cds__era5_pl_monthly__ERA5__reanalysis__z950__950hPa__monthly__2014-2014__m10__NH0_90__grid_1p0.grib,65628,1776357668
2026-04-17T10:18:26Z,/mnt/e/last-aticol/data/raw/era5/pressure-levels/geopotential/950hPa/monthly,cds__era5_pl_monthly__ERA5__reanalysis__z950__950hPa__monthly__2014-2014__m11__NH0_90__grid_1p0.grib,/mnt/e/last-aticol/data/raw/era5/pressure-levels/geopotential/950hPa/monthly/cds__era5_pl_monthly__ERA5__reanalysis__z950__950hPa__monthly__2014-2014__m11__NH0_90__grid_1p0.grib,65628,1776357701
2026-04-17T10:18:26Z,/mnt/e/last-aticol/data/raw/era5/pressure-levels/geopotential/950hPa/monthly,cds__era5_pl_monthly__ERA5__reanalysis__z950__950hPa__monthly__2014-2014__m12__NH0_90__grid_1p0.grib,/mnt/e/last-aticol/data/raw/era5/pressure-levels/geopotential/950hPa/monthly/cds__era5_pl_monthly__ERA5__reanalysis__z950__950hPa__monthly__2014-2014__m12__NH0_90__grid_1p0.grib,65628,1776357715
2026-04-17T10:18:26Z,/mnt/e/last-aticol/data/raw/era5/pressure-levels/geopotential/950hPa/monthly,cds__era5_pl_monthly__ERA5__reanalysis__z950__950hPa__monthly__2015-2015__m01__NH0_90__grid_1p0.grib,/mnt/e/last-aticol/data/raw/era5/pressure-levels/geopotential/950hPa/monthly/cds__era5_pl_monthly__ERA5__reanalysis__z950__950hPa__monthly__2015-2015__m01__NH0_90__grid_1p0.grib,65628,1776357731
2026-04-17T10:18:26Z,/mnt/e/last-aticol/data/raw/era5/pressure-levels/geopotential/950hPa/monthly,cds__era5_pl_monthly__ERA5__reanalysis__z950__950hPa__monthly__2015-2015__m02__NH0_90__grid_1p0.grib,/mnt/e/last-aticol/data/raw/era5/pressure-levels/geopotential/950hPa/monthly/cds__era5_pl_monthly__ERA5__reanalysis__z950__950hPa__monthly__2015-2015__m02__NH0_90__grid_1p0.grib,65628,1776357753
2026-04-17T10:18:26Z,/mnt/e/last-aticol/data/raw/era5/pressure-levels/geopotential/950hPa/monthly,cds__era5_pl_monthly__ERA5__reanalysis__z950__950hPa__monthly__2015-2015__m03__NH0_90__grid_1p0.grib,/mnt/e/last-aticol/data/raw/era5/pressure-levels/geopotential/950hPa/monthly/cds__era5_pl_monthly__ERA5__reanalysis__z950__950hPa__monthly__2015-2015__m03__NH0_90__grid_1p0.grib,65628,1776357775
2026-04-17T10:18:26Z,/mnt/e/last-aticol/data/raw/era5/pressure-levels/geopotential/950hPa/monthly,cds__era5_pl_monthly__ERA5__reanalysis__z950__950hPa__monthly__2015-2015__m04__NH0_90__grid_1p0.grib,/mnt/e/last-aticol/data/raw/era5/pressure-levels/geopotential/950hPa/monthly/cds__era5_pl_monthly__ERA5__reanalysis__z950__950hPa__monthly__2015-2015__m04__NH0_90__grid_1p0.grib,65628,1776357797
2026-04-17T10:18:26Z,/mnt/e/last-aticol/data/raw/era5/pressure-levels/geopotential/950hPa/monthly,cds__era5_pl_monthly__ERA5__reanalysis__z950__950hPa__monthly__2015-2015__m05__NH0_90__grid_1p0.grib,/mnt/e/last-aticol/data/raw/era5/pressure-levels/geopotential/950hPa/monthly/cds__era5_pl_monthly__ERA5__reanalysis__z950__950hPa__monthly__2015-2015__m05__NH0_90__grid_1p0.grib,65628,1776357811
2026-04-17T10:18:26Z,/mnt/e/last-aticol/data/raw/era5/pressure-levels/geopotential/950hPa/monthly,cds__era5_pl_monthly__ERA5__reanalysis__z950__950hPa__monthly__2015-2015__m06__NH0_90__grid_1p0.grib,/mnt/e/last-aticol/data/raw/era5/pressure-levels/geopotential/950hPa/monthly/cds__era5_pl_monthly__ERA5__reanalysis__z950__950hPa__monthly__2015-2015__m06__NH0_90__grid_1p0.grib,65628,1776357846
2026-04-17T10:18:26Z,/mnt/e/last-aticol/data/raw/era5/pressure-levels/geopotential/950hPa/monthly,cds__era5_pl_monthly__ERA5__reanalysis__z950__950hPa__monthly__2015-2015__m07__NH0_90__grid_1p0.grib,/mnt/e/last-aticol/data/raw/era5/pressure-levels/geopotential/950hPa/monthly/cds__era5_pl_monthly__ERA5__reanalysis__z950__950hPa__monthly__2015-2015__m07__NH0_90__grid_1p0.grib,65628,1776357868
2026-04-17T10:18:26Z,/mnt/e/last-aticol/data/raw/era5/pressure-levels/geopotential/950hPa/monthly,cds__era5_pl_monthly__ERA5__reanalysis__z950__950hPa__monthly__2015-2015__m08__NH0_90__grid_1p0.grib,/mnt/e/last-aticol/data/raw/era5/pressure-levels/geopotential/950hPa/monthly/cds__era5_pl_monthly__ERA5__reanalysis__z950__950hPa__monthly__2015-2015__m08__NH0_90__grid_1p0.grib,65628,1776357883
2026-04-17T10:18:27Z,/mnt/e/last-aticol/data/raw/era5/pressure-levels/geopotential/950hPa/monthly,cds__era5_pl_monthly__ERA5__reanalysis__z950__950hPa__monthly__2015-2015__m09__NH0_90__grid_1p0.grib,/mnt/e/last-aticol/data/raw/era5/pressure-levels/geopotential/950hPa/monthly/cds__era5_pl_monthly__ERA5__reanalysis__z950__950hPa__monthly__2015-2015__m09__NH0_90__grid_1p0.grib,65628,1776357904
2026-04-17T10:18:27Z,/mnt/e/last-aticol/data/raw/era5/pressure-levels/geopotential/950hPa/monthly,cds__era5_pl_monthly__ERA5__reanalysis__z950__950hPa__monthly__2015-2015__m10__NH0_90__grid_1p0.grib,/mnt/e/last-aticol/data/raw/era5/pressure-levels/geopotential/950hPa/monthly/cds__era5_pl_monthly__ERA5__reanalysis__z950__950hPa__monthly__2015-2015__m10__NH0_90__grid_1p0.grib,65628,1776357927
2026-04-17T10:18:27Z,/mnt/e/last-aticol/data/raw/era5/pressure-levels/geopotential/950hPa/monthly,cds__era5_pl_monthly__ERA5__reanalysis__z950__950hPa__monthly__2015-2015__m11__NH0_90__grid_1p0.grib,/mnt/e/last-aticol/data/raw/era5/pressure-levels/geopotential/950hPa/monthly/cds__era5_pl_monthly__ERA5__reanalysis__z950__950hPa__monthly__2015-2015__m11__NH0_90__grid_1p0.grib,65628,1776357942
2026-04-17T10:18:27Z,/mnt/e/last-aticol/data/raw/era5/pressure-levels/geopotential/950hPa/monthly,cds__era5_pl_monthly__ERA5__reanalysis__z950__950hPa__monthly__2015-2015__m12__NH0_90__grid_1p0.grib,/mnt/e/last-aticol/data/raw/era5/pressure-levels/geopotential/950hPa/monthly/cds__era5_pl_monthly__ERA5__reanalysis__z950__950hPa__monthly__2015-2015__m12__NH0_90__grid_1p0.grib,65628,1776357963
2026-04-17T10:18:27Z,/mnt/e/last-aticol/data/raw/era5/pressure-levels/geopotential/950hPa/monthly,cds__era5_pl_monthly__ERA5__reanalysis__z950__950hPa__monthly__2016-2016__m01__NH0_90__grid_1p0.grib,/mnt/e/last-aticol/data/raw/era5/pressure-levels/geopotential/950hPa/monthly/cds__era5_pl_monthly__ERA5__reanalysis__z950__950hPa__monthly__2016-2016__m01__NH0_90__grid_1p0.grib,65628,1776357996
2026-04-17T10:18:27Z,/mnt/e/last-aticol/data/raw/era5/pressure-levels/geopotential/950hPa/monthly,cds__era5_pl_monthly__ERA5__reanalysis__z950__950hPa__monthly__2016-2016__m02__NH0_90__grid_1p0.grib,/mnt/e/last-aticol/data/raw/era5/pressure-levels/geopotential/950hPa/monthly/cds__era5_pl_monthly__ERA5__reanalysis__z950__950hPa__monthly__2016-2016__m02__NH0_90__grid_1p0.grib,65628,1776358045
2026-04-17T10:18:27Z,/mnt/e/last-aticol/data/raw/era5/pressure-levels/geopotential/950hPa/monthly,cds__era5_pl_monthly__ERA5__reanalysis__z950__950hPa__monthly__2016-2016__m03__NH0_90__grid_1p0.grib,/mnt/e/last-aticol/data/raw/era5/pressure-levels/geopotential/950hPa/monthly/cds__era5_pl_monthly__ERA5__reanalysis__z950__950hPa__monthly__2016-2016__m03__NH0_90__grid_1p0.grib,65628,1776358059
2026-04-17T10:18:27Z,/mnt/e/last-aticol/data/raw/era5/pressure-levels/geopotential/950hPa/monthly,cds__era5_pl_monthly__ERA5__reanalysis__z950__950hPa__monthly__2016-2016__m04__NH0_90__grid_1p0.grib,/mnt/e/last-aticol/data/raw/era5/pressure-levels/geopotential/950hPa/monthly/cds__era5_pl_monthly__ERA5__reanalysis__z950__950hPa__monthly__2016-2016__m04__NH0_90__grid_1p0.grib,65628,1776358082
2026-04-17T10:18:27Z,/mnt/e/last-aticol/data/raw/era5/pressure-levels/geopotential/950hPa/monthly,cds__era5_pl_monthly__ERA5__reanalysis__z950__950hPa__monthly__2016-2016__m05__NH0_90__grid_1p0.grib,/mnt/e/last-aticol/data/raw/era5/pressure-levels/geopotential/950hPa/monthly/cds__era5_pl_monthly__ERA5__reanalysis__z950__950hPa__monthly__2016-2016__m05__NH0_90__grid_1p0.grib,65628,1776358097
2026-04-17T10:18:27Z,/mnt/e/last-aticol/data/raw/era5/pressure-levels/geopotential/950hPa/monthly,cds__era5_pl_monthly__ERA5__reanalysis__z950__950hPa__monthly__2016-2016__m06__NH0_90__grid_1p0.grib,/mnt/e/last-aticol/data/raw/era5/pressure-levels/geopotential/950hPa/monthly/cds__era5_pl_monthly__ERA5__reanalysis__z950__950hPa__monthly__2016-2016__m06__NH0_90__grid_1p0.grib,65628,1776358119
2026-04-17T10:18:27Z,/mnt/e/last-aticol/data/raw/era5/pressure-levels/geopotential/950hPa/monthly,cds__era5_pl_monthly__ERA5__reanalysis__z950__950hPa__monthly__2016-2016__m07__NH0_90__grid_1p0.grib,/mnt/e/last-aticol/data/raw/era5/pressure-levels/geopotential/950hPa/monthly/cds__era5_pl_monthly__ERA5__reanalysis__z950__950hPa__monthly__2016-2016__m07__NH0_90__grid_1p0.grib,65628,1776358141
2026-04-17T10:18:27Z,/mnt/e/last-aticol/data/raw/era5/pressure-levels/geopotential/950hPa/monthly,cds__era5_pl_monthly__ERA5__reanalysis__z950__950hPa__monthly__2016-2016__m08__NH0_90__grid_1p0.grib,/mnt/e/last-aticol/data/raw/era5/pressure-levels/geopotential/950hPa/monthly/cds__era5_pl_monthly__ERA5__reanalysis__z950__950hPa__monthly__2016-2016__m08__NH0_90__grid_1p0.grib,65628,1776358156
2026-04-17T10:18:27Z,/mnt/e/last-aticol/data/raw/era5/pressure-levels/geopotential/950hPa/monthly,cds__era5_pl_monthly__ERA5__reanalysis__z950__950hPa__monthly__2016-2016__m09__NH0_90__grid_1p0.grib,/mnt/e/last-aticol/data/raw/era5/pressure-levels/geopotential/950hPa/monthly/cds__era5_pl_monthly__ERA5__reanalysis__z950__950hPa__monthly__2016-2016__m09__NH0_90__grid_1p0.grib,65628,1776358171
2026-04-17T10:18:27Z,/mnt/e/last-aticol/data/raw/era5/pressure-levels/geopotential/950hPa/monthly,cds__era5_pl_monthly__ERA5__reanalysis__z950__950hPa__monthly__2016-2016__m10__NH0_90__grid_1p0.grib,/mnt/e/last-aticol/data/raw/era5/pressure-levels/geopotential/950hPa/monthly/cds__era5_pl_monthly__ERA5__reanalysis__z950__950hPa__monthly__2016-2016__m10__NH0_90__grid_1p0.grib,65628,1776358185
2026-04-17T10:18:27Z,/mnt/e/last-aticol/data/raw/era5/pressure-levels/geopotential/950hPa/monthly,cds__era5_pl_monthly__ERA5__reanalysis__z950__950hPa__monthly__2016-2016__m11__NH0_90__grid_1p0.grib,/mnt/e/last-aticol/data/raw/era5/pressure-levels/geopotential/950hPa/monthly/cds__era5_pl_monthly__ERA5__reanalysis__z950__950hPa__monthly__2016-2016__m11__NH0_90__grid_1p0.grib,65628,1776358207
2026-04-17T10:18:27Z,/mnt/e/last-aticol/data/raw/era5/pressure-levels/geopotential/950hPa/monthly,cds__era5_pl_monthly__ERA5__reanalysis__z950__950hPa__monthly__2016-2016__m12__NH0_90__grid_1p0.grib,/mnt/e/last-aticol/data/raw/era5/pressure-levels/geopotential/950hPa/monthly/cds__era5_pl_monthly__ERA5__reanalysis__z950__950hPa__monthly__2016-2016__m12__NH0_90__grid_1p0.grib,65628,1776358229
2026-04-17T10:18:27Z,/mnt/e/last-aticol/data/raw/era5/pressure-levels/geopotential/950hPa/monthly,cds__era5_pl_monthly__ERA5__reanalysis__z950__950hPa__monthly__2017-2017__m01__NH0_90__grid_1p0.grib,/mnt/e/last-aticol/data/raw/era5/pressure-levels/geopotential/950hPa/monthly/cds__era5_pl_monthly__ERA5__reanalysis__z950__950hPa__monthly__2017-2017__m01__NH0_90__grid_1p0.grib,65628,1776358245
2026-04-17T10:18:27Z,/mnt/e/last-aticol/data/raw/era5/pressure-levels/geopotential/950hPa/monthly,cds__era5_pl_monthly__ERA5__reanalysis__z950__950hPa__monthly__2017-2017__m02__NH0_90__grid_1p0.grib,/mnt/e/last-aticol/data/raw/era5/pressure-levels/geopotential/950hPa/monthly/cds__era5_pl_monthly__ERA5__reanalysis__z950__950hPa__monthly__2017-2017__m02__NH0_90__grid_1p0.grib,65628,1776358266
2026-04-17T10:18:27Z,/mnt/e/last-aticol/data/raw/era5/pressure-levels/geopotential/950hPa/monthly,cds__era5_pl_monthly__ERA5__reanalysis__z950__950hPa__monthly__2017-2017__m03__NH0_90__grid_1p0.grib,/mnt/e/last-aticol/data/raw/era5/pressure-levels/geopotential/950hPa/monthly/cds__era5_pl_monthly__ERA5__reanalysis__z950__950hPa__monthly__2017-2017__m03__NH0_90__grid_1p0.grib,65628,1776358288
2026-04-17T10:18:27Z,/mnt/e/last-aticol/data/raw/era5/pressure-levels/geopotential/950hPa/monthly,cds__era5_pl_monthly__ERA5__reanalysis__z950__950hPa__monthly__2017-2017__m04__NH0_90__grid_1p0.grib,/mnt/e/last-aticol/data/raw/era5/pressure-levels/geopotential/950hPa/monthly/cds__era5_pl_monthly__ERA5__reanalysis__z950__950hPa__monthly__2017-2017__m04__NH0_90__grid_1p0.grib,65628,1776358311
2026-04-17T10:18:27Z,/mnt/e/last-aticol/data/raw/era5/pressure-levels/geopotential/950hPa/monthly,cds__era5_pl_monthly__ERA5__reanalysis__z950__950hPa__monthly__2017-2017__m05__NH0_90__grid_1p0.grib,/mnt/e/last-aticol/data/raw/era5/pressure-levels/geopotential/950hPa/monthly/cds__era5_pl_monthly__ERA5__reanalysis__z950__950hPa__monthly__2017-2017__m05__NH0_90__grid_1p0.grib,65628,1776358333
2026-04-17T10:18:27Z,/mnt/e/last-aticol/data/raw/era5/pressure-levels/geopotential/950hPa/monthly,cds__era5_pl_monthly__ERA5__reanalysis__z950__950hPa__monthly__2017-2017__m06__NH0_90__grid_1p0.grib,/mnt/e/last-aticol/data/raw/era5/pressure-levels/geopotential/950hPa/monthly/cds__era5_pl_monthly__ERA5__reanalysis__z950__950hPa__monthly__2017-2017__m06__NH0_90__grid_1p0.grib,65628,1776358354
2026-04-17T10:18:27Z,/mnt/e/last-aticol/data/raw/era5/pressure-levels/geopotential/950hPa/monthly,cds__era5_pl_monthly__ERA5__reanalysis__z950__950hPa__monthly__2017-2017__m07__NH0_90__grid_1p0.grib,/mnt/e/last-aticol/data/raw/era5/pressure-levels/geopotential/950hPa/monthly/cds__era5_pl_monthly__ERA5__reanalysis__z950__950hPa__monthly__2017-2017__m07__NH0_90__grid_1p0.grib,65628,1776358377
2026-04-17T10:18:27Z,/mnt/e/last-aticol/data/raw/era5/pressure-levels/geopotential/950hPa/monthly,cds__era5_pl_monthly__ERA5__reanalysis__z950__950hPa__monthly__2017-2017__m08__NH0_90__grid_1p0.grib,/mnt/e/last-aticol/data/raw/era5/pressure-levels/geopotential/950hPa/monthly/cds__era5_pl_monthly__ERA5__reanalysis__z950__950hPa__monthly__2017-2017__m08__NH0_90__grid_1p0.grib,65628,1776358400
2026-04-17T10:18:27Z,/mnt/e/last-aticol/data/raw/era5/pressure-levels/geopotential/950hPa/monthly,cds__era5_pl_monthly__ERA5__reanalysis__z950__950hPa__monthly__2017-2017__m09__NH0_90__grid_1p0.grib,/mnt/e/last-aticol/data/raw/era5/pressure-levels/geopotential/950hPa/monthly/cds__era5_pl_monthly__ERA5__reanalysis__z950__950hPa__monthly__2017-2017__m09__NH0_90__grid_1p0.grib,65628,1776358415
2026-04-17T10:18:27Z,/mnt/e/last-aticol/data/raw/era5/pressure-levels/geopotential/950hPa/monthly,cds__era5_pl_monthly__ERA5__reanalysis__z950__950hPa__monthly__2017-2017__m10__NH0_90__grid_1p0.grib,/mnt/e/last-aticol/data/raw/era5/pressure-levels/geopotential/950hPa/monthly/cds__era5_pl_monthly__ERA5__reanalysis__z950__950hPa__monthly__2017-2017__m10__NH0_90__grid_1p0.grib,65628,1776358437
2026-04-17T10:18:27Z,/mnt/e/last-aticol/data/raw/era5/pressure-levels/geopotential/950hPa/monthly,cds__era5_pl_monthly__ERA5__reanalysis__z950__950hPa__monthly__2017-2017__m11__NH0_90__grid_1p0.grib,/mnt/e/last-aticol/data/raw/era5/pressure-levels/geopotential/950hPa/monthly/cds__era5_pl_monthly__ERA5__reanalysis__z950__950hPa__monthly__2017-2017__m11__NH0_90__grid_1p0.grib,65628,1776358459
2026-04-17T10:18:27Z,/mnt/e/last-aticol/data/raw/era5/pressure-levels/geopotential/950hPa/monthly,cds__era5_pl_monthly__ERA5__reanalysis__z950__950hPa__monthly__2017-2017__m12__NH0_90__grid_1p0.grib,/mnt/e/last-aticol/data/raw/era5/pressure-levels/geopotential/950hPa/monthly/cds__era5_pl_monthly__ERA5__reanalysis__z950__950hPa__monthly__2017-2017__m12__NH0_90__grid_1p0.grib,65628,1776358473
2026-04-17T10:18:27Z,/mnt/e/last-aticol/data/raw/era5/pressure-levels/geopotential/950hPa/monthly,cds__era5_pl_monthly__ERA5__reanalysis__z950__950hPa__monthly__2018-2018__m01__NH0_90__grid_1p0.grib,/mnt/e/last-aticol/data/raw/era5/pressure-levels/geopotential/950hPa/monthly/cds__era5_pl_monthly__ERA5__reanalysis__z950__950hPa__monthly__2018-2018__m01__NH0_90__grid_1p0.grib,65628,1776358489
2026-04-17T10:18:27Z,/mnt/e/last-aticol/data/raw/era5/pressure-levels/geopotential/950hPa/monthly,cds__era5_pl_monthly__ERA5__reanalysis__z950__950hPa__monthly__2018-2018__m02__NH0_90__grid_1p0.grib,/mnt/e/last-aticol/data/raw/era5/pressure-levels/geopotential/950hPa/monthly/cds__era5_pl_monthly__ERA5__reanalysis__z950__950hPa__monthly__2018-2018__m02__NH0_90__grid_1p0.grib,65628,1776358511
2026-04-17T10:18:27Z,/mnt/e/last-aticol/data/raw/era5/pressure-levels/geopotential/950hPa/monthly,cds__era5_pl_monthly__ERA5__reanalysis__z950__950hPa__monthly__2018-2018__m03__NH0_90__grid_1p0.grib,/mnt/e/last-aticol/data/raw/era5/pressure-levels/geopotential/950hPa/monthly/cds__era5_pl_monthly__ERA5__reanalysis__z950__950hPa__monthly__2018-2018__m03__NH0_90__grid_1p0.grib,65628,1776358533
2026-04-17T10:18:27Z,/mnt/e/last-aticol/data/raw/era5/pressure-levels/geopotential/950hPa/monthly,cds__era5_pl_monthly__ERA5__reanalysis__z950__950hPa__monthly__2018-2018__m04__NH0_90__grid_1p0.grib,/mnt/e/last-aticol/data/raw/era5/pressure-levels/geopotential/950hPa/monthly/cds__era5_pl_monthly__ERA5__reanalysis__z950__950hPa__monthly__2018-2018__m04__NH0_90__grid_1p0.grib,65628,1776358555
2026-04-17T10:18:27Z,/mnt/e/last-aticol/data/raw/era5/pressure-levels/geopotential/950hPa/monthly,cds__era5_pl_monthly__ERA5__reanalysis__z950__950hPa__monthly__2018-2018__m05__NH0_90__grid_1p0.grib,/mnt/e/last-aticol/data/raw/era5/pressure-levels/geopotential/950hPa/monthly/cds__era5_pl_monthly__ERA5__reanalysis__z950__950hPa__monthly__2018-2018__m05__NH0_90__grid_1p0.grib,65628,1776358570
2026-04-17T10:18:27Z,/mnt/e/last-aticol/data/raw/era5/pressure-levels/geopotential/950hPa/monthly,cds__era5_pl_monthly__ERA5__reanalysis__z950__950hPa__monthly__2018-2018__m06__NH0_90__grid_1p0.grib,/mnt/e/last-aticol/data/raw/era5/pressure-levels/geopotential/950hPa/monthly/cds__era5_pl_monthly__ERA5__reanalysis__z950__950hPa__monthly__2018-2018__m06__NH0_90__grid_1p0.grib,65628,1776358585
2026-04-17T10:18:27Z,/mnt/e/last-aticol/data/raw/era5/pressure-levels/geopotential/950hPa/monthly,cds__era5_pl_monthly__ERA5__reanalysis__z950__950hPa__monthly__2018-2018__m07__NH0_90__grid_1p0.grib,/mnt/e/last-aticol/data/raw/era5/pressure-levels/geopotential/950hPa/monthly/cds__era5_pl_monthly__ERA5__reanalysis__z950__950hPa__monthly__2018-2018__m07__NH0_90__grid_1p0.grib,65628,1776358600
2026-04-17T10:18:27Z,/mnt/e/last-aticol/data/raw/era5/pressure-levels/geopotential/950hPa/monthly,cds__era5_pl_monthly__ERA5__reanalysis__z950__950hPa__monthly__2018-2018__m08__NH0_90__grid_1p0.grib,/mnt/e/last-aticol/data/raw/era5/pressure-levels/geopotential/950hPa/monthly/cds__era5_pl_monthly__ERA5__reanalysis__z950__950hPa__monthly__2018-2018__m08__NH0_90__grid_1p0.grib,65628,1776358622
2026-04-17T10:18:27Z,/mnt/e/last-aticol/data/raw/era5/pressure-levels/geopotential/950hPa/monthly,cds__era5_pl_monthly__ERA5__reanalysis__z950__950hPa__monthly__2018-2018__m09__NH0_90__grid_1p0.grib,/mnt/e/last-aticol/data/raw/era5/pressure-levels/geopotential/950hPa/monthly/cds__era5_pl_monthly__ERA5__reanalysis__z950__950hPa__monthly__2018-2018__m09__NH0_90__grid_1p0.grib,65628,1776358643
2026-04-17T10:18:27Z,/mnt/e/last-aticol/data/raw/era5/pressure-levels/geopotential/950hPa/monthly,cds__era5_pl_monthly__ERA5__reanalysis__z950__950hPa__monthly__2018-2018__m10__NH0_90__grid_1p0.grib,/mnt/e/last-aticol/data/raw/era5/pressure-levels/geopotential/950hPa/monthly/cds__era5_pl_monthly__ERA5__reanalysis__z950__950hPa__monthly__2018-2018__m10__NH0_90__grid_1p0.grib,65628,1776358665
2026-04-17T10:18:27Z,/mnt/e/last-aticol/data/raw/era5/pressure-levels/geopotential/950hPa/monthly,cds__era5_pl_monthly__ERA5__reanalysis__z950__950hPa__monthly__2018-2018__m11__NH0_90__grid_1p0.grib,/mnt/e/last-aticol/data/raw/era5/pressure-levels/geopotential/950hPa/monthly/cds__era5_pl_monthly__ERA5__reanalysis__z950__950hPa__monthly__2018-2018__m11__NH0_90__grid_1p0.grib,65628,1776358680
2026-04-17T10:18:27Z,/mnt/e/last-aticol/data/raw/era5/pressure-levels/geopotential/950hPa/monthly,cds__era5_pl_monthly__ERA5__reanalysis__z950__950hPa__monthly__2018-2018__m12__NH0_90__grid_1p0.grib,/mnt/e/last-aticol/data/raw/era5/pressure-levels/geopotential/950hPa/monthly/cds__era5_pl_monthly__ERA5__reanalysis__z950__950hPa__monthly__2018-2018__m12__NH0_90__grid_1p0.grib,65628,1776358702
2026-04-17T10:18:27Z,/mnt/e/last-aticol/data/raw/era5/pressure-levels/geopotential/950hPa/monthly,cds__era5_pl_monthly__ERA5__reanalysis__z950__950hPa__monthly__2019-2019__m01__NH0_90__grid_1p0.grib,/mnt/e/last-aticol/data/raw/era5/pressure-levels/geopotential/950hPa/monthly/cds__era5_pl_monthly__ERA5__reanalysis__z950__950hPa__monthly__2019-2019__m01__NH0_90__grid_1p0.grib,65628,1776358724
2026-04-17T10:18:27Z,/mnt/e/last-aticol/data/raw/era5/pressure-levels/geopotential/950hPa/monthly,cds__era5_pl_monthly__ERA5__reanalysis__z950__950hPa__monthly__2019-2019__m02__NH0_90__grid_1p0.grib,/mnt/e/last-aticol/data/raw/era5/pressure-levels/geopotential/950hPa/monthly/cds__era5_pl_monthly__ERA5__reanalysis__z950__950hPa__monthly__2019-2019__m02__NH0_90__grid_1p0.grib,65628,1776358739
2026-04-17T10:18:27Z,/mnt/e/last-aticol/data/raw/era5/pressure-levels/geopotential/950hPa/monthly,cds__era5_pl_monthly__ERA5__reanalysis__z950__950hPa__monthly__2019-2019__m03__NH0_90__grid_1p0.grib,/mnt/e/last-aticol/data/raw/era5/pressure-levels/geopotential/950hPa/monthly/cds__era5_pl_monthly__ERA5__reanalysis__z950__950hPa__monthly__2019-2019__m03__NH0_90__grid_1p0.grib,65628,1776358760
2026-04-17T10:18:27Z,/mnt/e/last-aticol/data/raw/era5/pressure-levels/geopotential/950hPa/monthly,cds__era5_pl_monthly__ERA5__reanalysis__z950__950hPa__monthly__2019-2019__m04__NH0_90__grid_1p0.grib,/mnt/e/last-aticol/data/raw/era5/pressure-levels/geopotential/950hPa/monthly/cds__era5_pl_monthly__ERA5__reanalysis__z950__950hPa__monthly__2019-2019__m04__NH0_90__grid_1p0.grib,65628,1776358782
2026-04-17T10:18:27Z,/mnt/e/last-aticol/data/raw/era5/pressure-levels/geopotential/950hPa/monthly,cds__era5_pl_monthly__ERA5__reanalysis__z950__950hPa__monthly__2019-2019__m05__NH0_90__grid_1p0.grib,/mnt/e/last-aticol/data/raw/era5/pressure-levels/geopotential/950hPa/monthly/cds__era5_pl_monthly__ERA5__reanalysis__z950__950hPa__monthly__2019-2019__m05__NH0_90__grid_1p0.grib,65628,1776358797
2026-04-17T10:18:27Z,/mnt/e/last-aticol/data/raw/era5/pressure-levels/geopotential/950hPa/monthly,cds__era5_pl_monthly__ERA5__reanalysis__z950__950hPa__monthly__2019-2019__m06__NH0_90__grid_1p0.grib,/mnt/e/last-aticol/data/raw/era5/pressure-levels/geopotential/950hPa/monthly/cds__era5_pl_monthly__ERA5__reanalysis__z950__950hPa__monthly__2019-2019__m06__NH0_90__grid_1p0.grib,65628,1776358818
2026-04-17T10:18:27Z,/mnt/e/last-aticol/data/raw/era5/pressure-levels/geopotential/950hPa/monthly,cds__era5_pl_monthly__ERA5__reanalysis__z950__950hPa__monthly__2019-2019__m07__NH0_90__grid_1p0.grib,/mnt/e/last-aticol/data/raw/era5/pressure-levels/geopotential/950hPa/monthly/cds__era5_pl_monthly__ERA5__reanalysis__z950__950hPa__monthly__2019-2019__m07__NH0_90__grid_1p0.grib,65628,1776358833
2026-04-17T10:18:27Z,/mnt/e/last-aticol/data/raw/era5/pressure-levels/geopotential/950hPa/monthly,cds__era5_pl_monthly__ERA5__reanalysis__z950__950hPa__monthly__2019-2019__m08__NH0_90__grid_1p0.grib,/mnt/e/last-aticol/data/raw/era5/pressure-levels/geopotential/950hPa/monthly/cds__era5_pl_monthly__ERA5__reanalysis__z950__950hPa__monthly__2019-2019__m08__NH0_90__grid_1p0.grib,65628,1776358856
2026-04-17T10:18:27Z,/mnt/e/last-aticol/data/raw/era5/pressure-levels/geopotential/950hPa/monthly,cds__era5_pl_monthly__ERA5__reanalysis__z950__950hPa__monthly__2019-2019__m09__NH0_90__grid_1p0.grib,/mnt/e/last-aticol/data/raw/era5/pressure-levels/geopotential/950hPa/monthly/cds__era5_pl_monthly__ERA5__reanalysis__z950__950hPa__monthly__2019-2019__m09__NH0_90__grid_1p0.grib,65628,1776358877
2026-04-17T10:18:27Z,/mnt/e/last-aticol/data/raw/era5/pressure-levels/geopotential/950hPa/monthly,cds__era5_pl_monthly__ERA5__reanalysis__z950__950hPa__monthly__2019-2019__m10__NH0_90__grid_1p0.grib,/mnt/e/last-aticol/data/raw/era5/pressure-levels/geopotential/950hPa/monthly/cds__era5_pl_monthly__ERA5__reanalysis__z950__950hPa__monthly__2019-2019__m10__NH0_90__grid_1p0.grib,65628,1776358900
2026-04-17T10:18:27Z,/mnt/e/last-aticol/data/raw/era5/pressure-levels/geopotential/950hPa/monthly,cds__era5_pl_monthly__ERA5__reanalysis__z950__950hPa__monthly__2019-2019__m11__NH0_90__grid_1p0.grib,/mnt/e/last-aticol/data/raw/era5/pressure-levels/geopotential/950hPa/monthly/cds__era5_pl_monthly__ERA5__reanalysis__z950__950hPa__monthly__2019-2019__m11__NH0_90__grid_1p0.grib,65628,1776358914
2026-04-17T10:18:27Z,/mnt/e/last-aticol/data/raw/era5/pressure-levels/geopotential/950hPa/monthly,cds__era5_pl_monthly__ERA5__reanalysis__z950__950hPa__monthly__2019-2019__m12__NH0_90__grid_1p0.grib,/mnt/e/last-aticol/data/raw/era5/pressure-levels/geopotential/950hPa/monthly/cds__era5_pl_monthly__ERA5__reanalysis__z950__950hPa__monthly__2019-2019__m12__NH0_90__grid_1p0.grib,65628,1776358929
2026-04-17T10:18:27Z,/mnt/e/last-aticol/data/raw/era5/pressure-levels/geopotential/950hPa/monthly,cds__era5_pl_monthly__ERA5__reanalysis__z950__950hPa__monthly__2020-2020__m01__NH0_90__grid_1p0.grib,/mnt/e/last-aticol/data/raw/era5/pressure-levels/geopotential/950hPa/monthly/cds__era5_pl_monthly__ERA5__reanalysis__z950__950hPa__monthly__2020-2020__m01__NH0_90__grid_1p0.grib,65628,1776358951
2026-04-17T10:18:27Z,/mnt/e/last-aticol/data/raw/era5/pressure-levels/geopotential/950hPa/monthly,cds__era5_pl_monthly__ERA5__reanalysis__z950__950hPa__monthly__2020-2020__m02__NH0_90__grid_1p0.grib,/mnt/e/last-aticol/data/raw/era5/pressure-levels/geopotential/950hPa/monthly/cds__era5_pl_monthly__ERA5__reanalysis__z950__950hPa__monthly__2020-2020__m02__NH0_90__grid_1p0.grib,65628,1776358974
2026-04-17T10:18:27Z,/mnt/e/last-aticol/data/raw/era5/pressure-levels/geopotential/950hPa/monthly,cds__era5_pl_monthly__ERA5__reanalysis__z950__950hPa__monthly__2020-2020__m03__NH0_90__grid_1p0.grib,/mnt/e/last-aticol/data/raw/era5/pressure-levels/geopotential/950hPa/monthly/cds__era5_pl_monthly__ERA5__reanalysis__z950__950hPa__monthly__2020-2020__m03__NH0_90__grid_1p0.grib,65628,1776358996
2026-04-17T10:18:27Z,/mnt/e/last-aticol/data/raw/era5/pressure-levels/geopotential/950hPa/monthly,cds__era5_pl_monthly__ERA5__reanalysis__z950__950hPa__monthly__2020-2020__m04__NH0_90__grid_1p0.grib,/mnt/e/last-aticol/data/raw/era5/pressure-levels/geopotential/950hPa/monthly/cds__era5_pl_monthly__ERA5__reanalysis__z950__950hPa__monthly__2020-2020__m04__NH0_90__grid_1p0.grib,65628,1776359017
2026-04-17T10:18:27Z,/mnt/e/last-aticol/data/raw/era5/pressure-levels/geopotential/950hPa/monthly,cds__era5_pl_monthly__ERA5__reanalysis__z950__950hPa__monthly__2020-2020__m05__NH0_90__grid_1p0.grib,/mnt/e/last-aticol/data/raw/era5/pressure-levels/geopotential/950hPa/monthly/cds__era5_pl_monthly__ERA5__reanalysis__z950__950hPa__monthly__2020-2020__m05__NH0_90__grid_1p0.grib,65628,1776359050
2026-04-17T10:18:27Z,/mnt/e/last-aticol/data/raw/era5/pressure-levels/geopotential/950hPa/monthly,cds__era5_pl_monthly__ERA5__reanalysis__z950__950hPa__monthly__2020-2020__m06__NH0_90__grid_1p0.grib,/mnt/e/last-aticol/data/raw/era5/pressure-levels/geopotential/950hPa/monthly/cds__era5_pl_monthly__ERA5__reanalysis__z950__950hPa__monthly__2020-2020__m06__NH0_90__grid_1p0.grib,65628,1776359072
2026-04-17T10:18:27Z,/mnt/e/last-aticol/data/raw/era5/pressure-levels/geopotential/950hPa/monthly,cds__era5_pl_monthly__ERA5__reanalysis__z950__950hPa__monthly__2020-2020__m07__NH0_90__grid_1p0.grib,/mnt/e/last-aticol/data/raw/era5/pressure-levels/geopotential/950hPa/monthly/cds__era5_pl_monthly__ERA5__reanalysis__z950__950hPa__monthly__2020-2020__m07__NH0_90__grid_1p0.grib,65628,1776359093
2026-04-17T10:18:27Z,/mnt/e/last-aticol/data/raw/era5/pressure-levels/geopotential/950hPa/monthly,cds__era5_pl_monthly__ERA5__reanalysis__z950__950hPa__monthly__2020-2020__m08__NH0_90__grid_1p0.grib,/mnt/e/last-aticol/data/raw/era5/pressure-levels/geopotential/950hPa/monthly/cds__era5_pl_monthly__ERA5__reanalysis__z950__950hPa__monthly__2020-2020__m08__NH0_90__grid_1p0.grib,65628,1776359115
2026-04-17T10:18:27Z,/mnt/e/last-aticol/data/raw/era5/pressure-levels/geopotential/950hPa/monthly,cds__era5_pl_monthly__ERA5__reanalysis__z950__950hPa__monthly__2020-2020__m09__NH0_90__grid_1p0.grib,/mnt/e/last-aticol/data/raw/era5/pressure-levels/geopotential/950hPa/monthly/cds__era5_pl_monthly__ERA5__reanalysis__z950__950hPa__monthly__2020-2020__m09__NH0_90__grid_1p0.grib,65628,1776359137
2026-04-17T10:18:27Z,/mnt/e/last-aticol/data/raw/era5/pressure-levels/geopotential/950hPa/monthly,cds__era5_pl_monthly__ERA5__reanalysis__z950__950hPa__monthly__2020-2020__m10__NH0_90__grid_1p0.grib,/mnt/e/last-aticol/data/raw/era5/pressure-levels/geopotential/950hPa/monthly/cds__era5_pl_monthly__ERA5__reanalysis__z950__950hPa__monthly__2020-2020__m10__NH0_90__grid_1p0.grib,65628,1776359151
2026-04-17T10:18:27Z,/mnt/e/last-aticol/data/raw/era5/pressure-levels/geopotential/950hPa/monthly,cds__era5_pl_monthly__ERA5__reanalysis__z950__950hPa__monthly__2020-2020__m11__NH0_90__grid_1p0.grib,/mnt/e/last-aticol/data/raw/era5/pressure-levels/geopotential/950hPa/monthly/cds__era5_pl_monthly__ERA5__reanalysis__z950__950hPa__monthly__2020-2020__m11__NH0_90__grid_1p0.grib,65628,1776359174
2026-04-17T10:18:27Z,/mnt/e/last-aticol/data/raw/era5/pressure-levels/geopotential/950hPa/monthly,cds__era5_pl_monthly__ERA5__reanalysis__z950__950hPa__monthly__2020-2020__m12__NH0_90__grid_1p0.grib,/mnt/e/last-aticol/data/raw/era5/pressure-levels/geopotential/950hPa/monthly/cds__era5_pl_monthly__ERA5__reanalysis__z950__950hPa__monthly__2020-2020__m12__NH0_90__grid_1p0.grib,65628,1776359196
2026-04-17T10:18:27Z,/mnt/e/last-aticol/data/raw/era5/pressure-levels/geopotential/950hPa/monthly,cds__era5_pl_monthly__ERA5__reanalysis__z950__950hPa__monthly__2021-2021__m01__NH0_90__grid_1p0.grib,/mnt/e/last-aticol/data/raw/era5/pressure-levels/geopotential/950hPa/monthly/cds__era5_pl_monthly__ERA5__reanalysis__z950__950hPa__monthly__2021-2021__m01__NH0_90__grid_1p0.grib,65628,1776359218
2026-04-17T10:18:27Z,/mnt/e/last-aticol/data/raw/era5/pressure-levels/geopotential/950hPa/monthly,cds__era5_pl_monthly__ERA5__reanalysis__z950__950hPa__monthly__2021-2021__m02__NH0_90__grid_1p0.grib,/mnt/e/last-aticol/data/raw/era5/pressure-levels/geopotential/950hPa/monthly/cds__era5_pl_monthly__ERA5__reanalysis__z950__950hPa__monthly__2021-2021__m02__NH0_90__grid_1p0.grib,65628,1776359240
2026-04-17T10:18:27Z,/mnt/e/last-aticol/data/raw/era5/pressure-levels/geopotential/950hPa/monthly,cds__era5_pl_monthly__ERA5__reanalysis__z950__950hPa__monthly__2021-2021__m03__NH0_90__grid_1p0.grib,/mnt/e/last-aticol/data/raw/era5/pressure-levels/geopotential/950hPa/monthly/cds__era5_pl_monthly__ERA5__reanalysis__z950__950hPa__monthly__2021-2021__m03__NH0_90__grid_1p0.grib,65628,1776359255
2026-04-17T10:18:27Z,/mnt/e/last-aticol/data/raw/era5/pressure-levels/geopotential/950hPa/monthly,cds__era5_pl_monthly__ERA5__reanalysis__z950__950hPa__monthly__2021-2021__m04__NH0_90__grid_1p0.grib,/mnt/e/last-aticol/data/raw/era5/pressure-levels/geopotential/950hPa/monthly/cds__era5_pl_monthly__ERA5__reanalysis__z950__950hPa__monthly__2021-2021__m04__NH0_90__grid_1p0.grib,65628,1776359277
2026-04-17T10:18:27Z,/mnt/e/last-aticol/data/raw/era5/pressure-levels/geopotential/950hPa/monthly,cds__era5_pl_monthly__ERA5__reanalysis__z950__950hPa__monthly__2021-2021__m05__NH0_90__grid_1p0.grib,/mnt/e/last-aticol/data/raw/era5/pressure-levels/geopotential/950hPa/monthly/cds__era5_pl_monthly__ERA5__reanalysis__z950__950hPa__monthly__2021-2021__m05__NH0_90__grid_1p0.grib,65628,1776359299
2026-04-17T10:18:27Z,/mnt/e/last-aticol/data/raw/era5/pressure-levels/geopotential/950hPa/monthly,cds__era5_pl_monthly__ERA5__reanalysis__z950__950hPa__monthly__2021-2021__m06__NH0_90__grid_1p0.grib,/mnt/e/last-aticol/data/raw/era5/pressure-levels/geopotential/950hPa/monthly/cds__era5_pl_monthly__ERA5__reanalysis__z950__950hPa__monthly__2021-2021__m06__NH0_90__grid_1p0.grib,65628,1776359331
2026-04-17T10:18:27Z,/mnt/e/last-aticol/data/raw/era5/pressure-levels/geopotential/950hPa/monthly,cds__era5_pl_monthly__ERA5__reanalysis__z950__950hPa__monthly__2021-2021__m07__NH0_90__grid_1p0.grib,/mnt/e/last-aticol/data/raw/era5/pressure-levels/geopotential/950hPa/monthly/cds__era5_pl_monthly__ERA5__reanalysis__z950__950hPa__monthly__2021-2021__m07__NH0_90__grid_1p0.grib,65628,1776359353
2026-04-17T10:18:27Z,/mnt/e/last-aticol/data/raw/era5/pressure-levels/geopotential/950hPa/monthly,cds__era5_pl_monthly__ERA5__reanalysis__z950__950hPa__monthly__2021-2021__m08__NH0_90__grid_1p0.grib,/mnt/e/last-aticol/data/raw/era5/pressure-levels/geopotential/950hPa/monthly/cds__era5_pl_monthly__ERA5__reanalysis__z950__950hPa__monthly__2021-2021__m08__NH0_90__grid_1p0.grib,65628,1776359375
2026-04-17T10:18:27Z,/mnt/e/last-aticol/data/raw/era5/pressure-levels/geopotential/950hPa/monthly,cds__era5_pl_monthly__ERA5__reanalysis__z950__950hPa__monthly__2021-2021__m09__NH0_90__grid_1p0.grib,/mnt/e/last-aticol/data/raw/era5/pressure-levels/geopotential/950hPa/monthly/cds__era5_pl_monthly__ERA5__reanalysis__z950__950hPa__monthly__2021-2021__m09__NH0_90__grid_1p0.grib,65628,1776359390
2026-04-17T10:18:27Z,/mnt/e/last-aticol/data/raw/era5/pressure-levels/geopotential/950hPa/monthly,cds__era5_pl_monthly__ERA5__reanalysis__z950__950hPa__monthly__2021-2021__m10__NH0_90__grid_1p0.grib,/mnt/e/last-aticol/data/raw/era5/pressure-levels/geopotential/950hPa/monthly/cds__era5_pl_monthly__ERA5__reanalysis__z950__950hPa__monthly__2021-2021__m10__NH0_90__grid_1p0.grib,65628,1776359412
2026-04-17T10:18:27Z,/mnt/e/last-aticol/data/raw/era5/pressure-levels/geopotential/950hPa/monthly,cds__era5_pl_monthly__ERA5__reanalysis__z950__950hPa__monthly__2021-2021__m11__NH0_90__grid_1p0.grib,/mnt/e/last-aticol/data/raw/era5/pressure-levels/geopotential/950hPa/monthly/cds__era5_pl_monthly__ERA5__reanalysis__z950__950hPa__monthly__2021-2021__m11__NH0_90__grid_1p0.grib,65628,1776359445
2026-04-17T10:18:27Z,/mnt/e/last-aticol/data/raw/era5/pressure-levels/geopotential/950hPa/monthly,cds__era5_pl_monthly__ERA5__reanalysis__z950__950hPa__monthly__2021-2021__m12__NH0_90__grid_1p0.grib,/mnt/e/last-aticol/data/raw/era5/pressure-levels/geopotential/950hPa/monthly/cds__era5_pl_monthly__ERA5__reanalysis__z950__950hPa__monthly__2021-2021__m12__NH0_90__grid_1p0.grib,65628,1776359467
2026-04-17T10:18:27Z,/mnt/e/last-aticol/data/raw/era5/pressure-levels/geopotential/950hPa/monthly,cds__era5_pl_monthly__ERA5__reanalysis__z950__950hPa__monthly__2022-2022__m01__NH0_90__grid_1p0.grib,/mnt/e/last-aticol/data/raw/era5/pressure-levels/geopotential/950hPa/monthly/cds__era5_pl_monthly__ERA5__reanalysis__z950__950hPa__monthly__2022-2022__m01__NH0_90__grid_1p0.grib,65628,1776359482
2026-04-17T10:18:27Z,/mnt/e/last-aticol/data/raw/era5/pressure-levels/geopotential/950hPa/monthly,cds__era5_pl_monthly__ERA5__reanalysis__z950__950hPa__monthly__2022-2022__m02__NH0_90__grid_1p0.grib,/mnt/e/last-aticol/data/raw/era5/pressure-levels/geopotential/950hPa/monthly/cds__era5_pl_monthly__ERA5__reanalysis__z950__950hPa__monthly__2022-2022__m02__NH0_90__grid_1p0.grib,65628,1776359504
2026-04-17T10:18:27Z,/mnt/e/last-aticol/data/raw/era5/pressure-levels/geopotential/950hPa/monthly,cds__era5_pl_monthly__ERA5__reanalysis__z950__950hPa__monthly__2022-2022__m03__NH0_90__grid_1p0.grib,/mnt/e/last-aticol/data/raw/era5/pressure-levels/geopotential/950hPa/monthly/cds__era5_pl_monthly__ERA5__reanalysis__z950__950hPa__monthly__2022-2022__m03__NH0_90__grid_1p0.grib,65628,1776359526
2026-04-17T10:18:27Z,/mnt/e/last-aticol/data/raw/era5/pressure-levels/geopotential/950hPa/monthly,cds__era5_pl_monthly__ERA5__reanalysis__z950__950hPa__monthly__2022-2022__m04__NH0_90__grid_1p0.grib,/mnt/e/last-aticol/data/raw/era5/pressure-levels/geopotential/950hPa/monthly/cds__era5_pl_monthly__ERA5__reanalysis__z950__950hPa__monthly__2022-2022__m04__NH0_90__grid_1p0.grib,65628,1776359548
2026-04-17T10:18:27Z,/mnt/e/last-aticol/data/raw/era5/pressure-levels/geopotential/950hPa/monthly,cds__era5_pl_monthly__ERA5__reanalysis__z950__950hPa__monthly__2022-2022__m05__NH0_90__grid_1p0.grib,/mnt/e/last-aticol/data/raw/era5/pressure-levels/geopotential/950hPa/monthly/cds__era5_pl_monthly__ERA5__reanalysis__z950__950hPa__monthly__2022-2022__m05__NH0_90__grid_1p0.grib,65628,1776359563
2026-04-17T10:18:27Z,/mnt/e/last-aticol/data/raw/era5/pressure-levels/geopotential/950hPa/monthly,cds__era5_pl_monthly__ERA5__reanalysis__z950__950hPa__monthly__2022-2022__m06__NH0_90__grid_1p0.grib,/mnt/e/last-aticol/data/raw/era5/pressure-levels/geopotential/950hPa/monthly/cds__era5_pl_monthly__ERA5__reanalysis__z950__950hPa__monthly__2022-2022__m06__NH0_90__grid_1p0.grib,65628,1776359585
2026-04-17T10:18:27Z,/mnt/e/last-aticol/data/raw/era5/pressure-levels/geopotential/950hPa/monthly,cds__era5_pl_monthly__ERA5__reanalysis__z950__950hPa__monthly__2022-2022__m07__NH0_90__grid_1p0.grib,/mnt/e/last-aticol/data/raw/era5/pressure-levels/geopotential/950hPa/monthly/cds__era5_pl_monthly__ERA5__reanalysis__z950__950hPa__monthly__2022-2022__m07__NH0_90__grid_1p0.grib,65628,1776359617
2026-04-17T10:18:27Z,/mnt/e/last-aticol/data/raw/era5/pressure-levels/geopotential/950hPa/monthly,cds__era5_pl_monthly__ERA5__reanalysis__z950__950hPa__monthly__2022-2022__m08__NH0_90__grid_1p0.grib,/mnt/e/last-aticol/data/raw/era5/pressure-levels/geopotential/950hPa/monthly/cds__era5_pl_monthly__ERA5__reanalysis__z950__950hPa__monthly__2022-2022__m08__NH0_90__grid_1p0.grib,65628,1776359640
2026-04-17T10:18:27Z,/mnt/e/last-aticol/data/raw/era5/pressure-levels/geopotential/950hPa/monthly,cds__era5_pl_monthly__ERA5__reanalysis__z950__950hPa__monthly__2022-2022__m09__NH0_90__grid_1p0.grib,/mnt/e/last-aticol/data/raw/era5/pressure-levels/geopotential/950hPa/monthly/cds__era5_pl_monthly__ERA5__reanalysis__z950__950hPa__monthly__2022-2022__m09__NH0_90__grid_1p0.grib,65628,1776359662
2026-04-17T10:18:27Z,/mnt/e/last-aticol/data/raw/era5/pressure-levels/geopotential/950hPa/monthly,cds__era5_pl_monthly__ERA5__reanalysis__z950__950hPa__monthly__2022-2022__m10__NH0_90__grid_1p0.grib,/mnt/e/last-aticol/data/raw/era5/pressure-levels/geopotential/950hPa/monthly/cds__era5_pl_monthly__ERA5__reanalysis__z950__950hPa__monthly__2022-2022__m10__NH0_90__grid_1p0.grib,65628,1776359677
2026-04-17T10:18:27Z,/mnt/e/last-aticol/data/raw/era5/pressure-levels/geopotential/950hPa/monthly,cds__era5_pl_monthly__ERA5__reanalysis__z950__950hPa__monthly__2022-2022__m11__NH0_90__grid_1p0.grib,/mnt/e/last-aticol/data/raw/era5/pressure-levels/geopotential/950hPa/monthly/cds__era5_pl_monthly__ERA5__reanalysis__z950__950hPa__monthly__2022-2022__m11__NH0_90__grid_1p0.grib,65628,1776359698
2026-04-17T10:18:28Z,/mnt/e/last-aticol/data/raw/era5/pressure-levels/geopotential/950hPa/monthly,cds__era5_pl_monthly__ERA5__reanalysis__z950__950hPa__monthly__2022-2022__m12__NH0_90__grid_1p0.grib,/mnt/e/last-aticol/data/raw/era5/pressure-levels/geopotential/950hPa/monthly/cds__era5_pl_monthly__ERA5__reanalysis__z950__950hPa__monthly__2022-2022__m12__NH0_90__grid_1p0.grib,65628,1776359720
2026-04-17T10:18:28Z,/mnt/e/last-aticol/data/raw/era5/pressure-levels/geopotential/950hPa/monthly,cds__era5_pl_monthly__ERA5__reanalysis__z950__950hPa__monthly__2023-2023__m01__NH0_90__grid_1p0.grib,/mnt/e/last-aticol/data/raw/era5/pressure-levels/geopotential/950hPa/monthly/cds__era5_pl_monthly__ERA5__reanalysis__z950__950hPa__monthly__2023-2023__m01__NH0_90__grid_1p0.grib,65628,1776359735
2026-04-17T10:18:28Z,/mnt/e/last-aticol/data/raw/era5/pressure-levels/geopotential/950hPa/monthly,cds__era5_pl_monthly__ERA5__reanalysis__z950__950hPa__monthly__2023-2023__m02__NH0_90__grid_1p0.grib,/mnt/e/last-aticol/data/raw/era5/pressure-levels/geopotential/950hPa/monthly/cds__era5_pl_monthly__ERA5__reanalysis__z950__950hPa__monthly__2023-2023__m02__NH0_90__grid_1p0.grib,65628,1776359750
2026-04-17T10:18:28Z,/mnt/e/last-aticol/data/raw/era5/pressure-levels/geopotential/950hPa/monthly,cds__era5_pl_monthly__ERA5__reanalysis__z950__950hPa__monthly__2023-2023__m03__NH0_90__grid_1p0.grib,/mnt/e/last-aticol/data/raw/era5/pressure-levels/geopotential/950hPa/monthly/cds__era5_pl_monthly__ERA5__reanalysis__z950__950hPa__monthly__2023-2023__m03__NH0_90__grid_1p0.grib,65628,1776359769
2026-04-17T10:18:28Z,/mnt/e/last-aticol/data/raw/era5/pressure-levels/geopotential/950hPa/monthly,cds__era5_pl_monthly__ERA5__reanalysis__z950__950hPa__monthly__2023-2023__m04__NH0_90__grid_1p0.grib,/mnt/e/last-aticol/data/raw/era5/pressure-levels/geopotential/950hPa/monthly/cds__era5_pl_monthly__ERA5__reanalysis__z950__950hPa__monthly__2023-2023__m04__NH0_90__grid_1p0.grib,65628,1776359791
2026-04-17T10:18:28Z,/mnt/e/last-aticol/data/raw/era5/pressure-levels/geopotential/950hPa/monthly,cds__era5_pl_monthly__ERA5__reanalysis__z950__950hPa__monthly__2023-2023__m05__NH0_90__grid_1p0.grib,/mnt/e/last-aticol/data/raw/era5/pressure-levels/geopotential/950hPa/monthly/cds__era5_pl_monthly__ERA5__reanalysis__z950__950hPa__monthly__2023-2023__m05__NH0_90__grid_1p0.grib,65628,1776359813
2026-04-17T10:18:28Z,/mnt/e/last-aticol/data/raw/era5/pressure-levels/geopotential/950hPa/monthly,cds__era5_pl_monthly__ERA5__reanalysis__z950__950hPa__monthly__2023-2023__m06__NH0_90__grid_1p0.grib,/mnt/e/last-aticol/data/raw/era5/pressure-levels/geopotential/950hPa/monthly/cds__era5_pl_monthly__ERA5__reanalysis__z950__950hPa__monthly__2023-2023__m06__NH0_90__grid_1p0.grib,65628,1776359835
2026-04-17T10:18:28Z,/mnt/e/last-aticol/data/raw/era5/pressure-levels/geopotential/950hPa/monthly,cds__era5_pl_monthly__ERA5__reanalysis__z950__950hPa__monthly__2023-2023__m07__NH0_90__grid_1p0.grib,/mnt/e/last-aticol/data/raw/era5/pressure-levels/geopotential/950hPa/monthly/cds__era5_pl_monthly__ERA5__reanalysis__z950__950hPa__monthly__2023-2023__m07__NH0_90__grid_1p0.grib,65628,1776359850
2026-04-17T10:18:28Z,/mnt/e/last-aticol/data/raw/era5/pressure-levels/geopotential/950hPa/monthly,cds__era5_pl_monthly__ERA5__reanalysis__z950__950hPa__monthly__2023-2023__m08__NH0_90__grid_1p0.grib,/mnt/e/last-aticol/data/raw/era5/pressure-levels/geopotential/950hPa/monthly/cds__era5_pl_monthly__ERA5__reanalysis__z950__950hPa__monthly__2023-2023__m08__NH0_90__grid_1p0.grib,65628,1776359872
2026-04-17T10:18:28Z,/mnt/e/last-aticol/data/raw/era5/pressure-levels/geopotential/950hPa/monthly,cds__era5_pl_monthly__ERA5__reanalysis__z950__950hPa__monthly__2023-2023__m09__NH0_90__grid_1p0.grib,/mnt/e/last-aticol/data/raw/era5/pressure-levels/geopotential/950hPa/monthly/cds__era5_pl_monthly__ERA5__reanalysis__z950__950hPa__monthly__2023-2023__m09__NH0_90__grid_1p0.grib,65628,1776359894
2026-04-17T10:18:28Z,/mnt/e/last-aticol/data/raw/era5/pressure-levels/geopotential/950hPa/monthly,cds__era5_pl_monthly__ERA5__reanalysis__z950__950hPa__monthly__2023-2023__m10__NH0_90__grid_1p0.grib,/mnt/e/last-aticol/data/raw/era5/pressure-levels/geopotential/950hPa/monthly/cds__era5_pl_monthly__ERA5__reanalysis__z950__950hPa__monthly__2023-2023__m10__NH0_90__grid_1p0.grib,65628,1776359927
2026-04-17T10:18:28Z,/mnt/e/last-aticol/data/raw/era5/pressure-levels/geopotential/950hPa/monthly,cds__era5_pl_monthly__ERA5__reanalysis__z950__950hPa__monthly__2023-2023__m11__NH0_90__grid_1p0.grib,/mnt/e/last-aticol/data/raw/era5/pressure-levels/geopotential/950hPa/monthly/cds__era5_pl_monthly__ERA5__reanalysis__z950__950hPa__monthly__2023-2023__m11__NH0_90__grid_1p0.grib,65628,1776359949
2026-04-17T10:18:28Z,/mnt/e/last-aticol/data/raw/era5/pressure-levels/geopotential/950hPa/monthly,cds__era5_pl_monthly__ERA5__reanalysis__z950__950hPa__monthly__2023-2023__m12__NH0_90__grid_1p0.grib,/mnt/e/last-aticol/data/raw/era5/pressure-levels/geopotential/950hPa/monthly/cds__era5_pl_monthly__ERA5__reanalysis__z950__950hPa__monthly__2023-2023__m12__NH0_90__grid_1p0.grib,65628,1776359981
2026-04-17T10:18:28Z,/mnt/e/last-aticol/data/raw/era5/pressure-levels/geopotential/950hPa/monthly,cds__era5_pl_monthly__ERA5__reanalysis__z950__950hPa__monthly__2024-2024__m01__NH0_90__grid_1p0.grib,/mnt/e/last-aticol/data/raw/era5/pressure-levels/geopotential/950hPa/monthly/cds__era5_pl_monthly__ERA5__reanalysis__z950__950hPa__monthly__2024-2024__m01__NH0_90__grid_1p0.grib,65628,1776359996
2026-04-17T10:18:28Z,/mnt/e/last-aticol/data/raw/era5/pressure-levels/geopotential/950hPa/monthly,cds__era5_pl_monthly__ERA5__reanalysis__z950__950hPa__monthly__2024-2024__m02__NH0_90__grid_1p0.grib,/mnt/e/last-aticol/data/raw/era5/pressure-levels/geopotential/950hPa/monthly/cds__era5_pl_monthly__ERA5__reanalysis__z950__950hPa__monthly__2024-2024__m02__NH0_90__grid_1p0.grib,65628,1776360018
2026-04-17T10:18:28Z,/mnt/e/last-aticol/data/raw/era5/pressure-levels/geopotential/950hPa/monthly,cds__era5_pl_monthly__ERA5__reanalysis__z950__950hPa__monthly__2024-2024__m03__NH0_90__grid_1p0.grib,/mnt/e/last-aticol/data/raw/era5/pressure-levels/geopotential/950hPa/monthly/cds__era5_pl_monthly__ERA5__reanalysis__z950__950hPa__monthly__2024-2024__m03__NH0_90__grid_1p0.grib,65628,1776360040
2026-04-17T10:18:28Z,/mnt/e/last-aticol/data/raw/era5/pressure-levels/geopotential/950hPa/monthly,cds__era5_pl_monthly__ERA5__reanalysis__z950__950hPa__monthly__2024-2024__m04__NH0_90__grid_1p0.grib,/mnt/e/last-aticol/data/raw/era5/pressure-levels/geopotential/950hPa/monthly/cds__era5_pl_monthly__ERA5__reanalysis__z950__950hPa__monthly__2024-2024__m04__NH0_90__grid_1p0.grib,65628,1776360055
2026-04-17T10:18:28Z,/mnt/e/last-aticol/data/raw/era5/pressure-levels/geopotential/950hPa/monthly,cds__era5_pl_monthly__ERA5__reanalysis__z950__950hPa__monthly__2024-2024__m05__NH0_90__grid_1p0.grib,/mnt/e/last-aticol/data/raw/era5/pressure-levels/geopotential/950hPa/monthly/cds__era5_pl_monthly__ERA5__reanalysis__z950__950hPa__monthly__2024-2024__m05__NH0_90__grid_1p0.grib,65628,1776360076
2026-04-17T10:18:28Z,/mnt/e/last-aticol/data/raw/era5/pressure-levels/geopotential/950hPa/monthly,cds__era5_pl_monthly__ERA5__reanalysis__z950__950hPa__monthly__2024-2024__m06__NH0_90__grid_1p0.grib,/mnt/e/last-aticol/data/raw/era5/pressure-levels/geopotential/950hPa/monthly/cds__era5_pl_monthly__ERA5__reanalysis__z950__950hPa__monthly__2024-2024__m06__NH0_90__grid_1p0.grib,65628,1776360098
2026-04-17T10:18:28Z,/mnt/e/last-aticol/data/raw/era5/pressure-levels/geopotential/950hPa/monthly,cds__era5_pl_monthly__ERA5__reanalysis__z950__950hPa__monthly__2024-2024__m07__NH0_90__grid_1p0.grib,/mnt/e/last-aticol/data/raw/era5/pressure-levels/geopotential/950hPa/monthly/cds__era5_pl_monthly__ERA5__reanalysis__z950__950hPa__monthly__2024-2024__m07__NH0_90__grid_1p0.grib,65628,1776360113
2026-04-17T10:18:28Z,/mnt/e/last-aticol/data/raw/era5/pressure-levels/geopotential/950hPa/monthly,cds__era5_pl_monthly__ERA5__reanalysis__z950__950hPa__monthly__2024-2024__m08__NH0_90__grid_1p0.grib,/mnt/e/last-aticol/data/raw/era5/pressure-levels/geopotential/950hPa/monthly/cds__era5_pl_monthly__ERA5__reanalysis__z950__950hPa__monthly__2024-2024__m08__NH0_90__grid_1p0.grib,65628,1776360128
2026-04-17T10:18:28Z,/mnt/e/last-aticol/data/raw/era5/pressure-levels/geopotential/950hPa/monthly,cds__era5_pl_monthly__ERA5__reanalysis__z950__950hPa__monthly__2024-2024__m09__NH0_90__grid_1p0.grib,/mnt/e/last-aticol/data/raw/era5/pressure-levels/geopotential/950hPa/monthly/cds__era5_pl_monthly__ERA5__reanalysis__z950__950hPa__monthly__2024-2024__m09__NH0_90__grid_1p0.grib,65628,1776360150
2026-04-17T10:18:28Z,/mnt/e/last-aticol/data/raw/era5/pressure-levels/geopotential/950hPa/monthly,cds__era5_pl_monthly__ERA5__reanalysis__z950__950hPa__monthly__2024-2024__m10__NH0_90__grid_1p0.grib,/mnt/e/last-aticol/data/raw/era5/pressure-levels/geopotential/950hPa/monthly/cds__era5_pl_monthly__ERA5__reanalysis__z950__950hPa__monthly__2024-2024__m10__NH0_90__grid_1p0.grib,65628,1776360165
2026-04-17T10:18:28Z,/mnt/e/last-aticol/data/raw/era5/pressure-levels/geopotential/950hPa/monthly,cds__era5_pl_monthly__ERA5__reanalysis__z950__950hPa__monthly__2024-2024__m11__NH0_90__grid_1p0.grib,/mnt/e/last-aticol/data/raw/era5/pressure-levels/geopotential/950hPa/monthly/cds__era5_pl_monthly__ERA5__reanalysis__z950__950hPa__monthly__2024-2024__m11__NH0_90__grid_1p0.grib,65628,1776360186
2026-04-17T10:18:28Z,/mnt/e/last-aticol/data/raw/era5/pressure-levels/geopotential/950hPa/monthly,cds__era5_pl_monthly__ERA5__reanalysis__z950__950hPa__monthly__2024-2024__m12__NH0_90__grid_1p0.grib,/mnt/e/last-aticol/data/raw/era5/pressure-levels/geopotential/950hPa/monthly/cds__era5_pl_monthly__ERA5__reanalysis__z950__950hPa__monthly__2024-2024__m12__NH0_90__grid_1p0.grib,65628,1776360208
2026-04-17T10:18:28Z,/mnt/e/last-aticol/data/raw/era5/pressure-levels/geopotential/950hPa/monthly,cds__era5_pl_monthly__ERA5__reanalysis__z950__950hPa__monthly__2025-2025__m01__NH0_90__grid_1p0.grib,/mnt/e/last-aticol/data/raw/era5/pressure-levels/geopotential/950hPa/monthly/cds__era5_pl_monthly__ERA5__reanalysis__z950__950hPa__monthly__2025-2025__m01__NH0_90__grid_1p0.grib,65628,1776360223
2026-04-17T10:18:28Z,/mnt/e/last-aticol/data/raw/era5/pressure-levels/geopotential/950hPa/monthly,cds__era5_pl_monthly__ERA5__reanalysis__z950__950hPa__monthly__2025-2025__m02__NH0_90__grid_1p0.grib,/mnt/e/last-aticol/data/raw/era5/pressure-levels/geopotential/950hPa/monthly/cds__era5_pl_monthly__ERA5__reanalysis__z950__950hPa__monthly__2025-2025__m02__NH0_90__grid_1p0.grib,65628,1776360255
2026-04-17T10:18:28Z,/mnt/e/last-aticol/data/raw/era5/pressure-levels/geopotential/950hPa/monthly,cds__era5_pl_monthly__ERA5__reanalysis__z950__950hPa__monthly__2025-2025__m03__NH0_90__grid_1p0.grib,/mnt/e/last-aticol/data/raw/era5/pressure-levels/geopotential/950hPa/monthly/cds__era5_pl_monthly__ERA5__reanalysis__z950__950hPa__monthly__2025-2025__m03__NH0_90__grid_1p0.grib,65628,1776360327
2026-04-17T10:18:28Z,/mnt/e/last-aticol/data/raw/era5/pressure-levels/geopotential/950hPa/monthly,cds__era5_pl_monthly__ERA5__reanalysis__z950__950hPa__monthly__2025-2025__m04__NH0_90__grid_1p0.grib,/mnt/e/last-aticol/data/raw/era5/pressure-levels/geopotential/950hPa/monthly/cds__era5_pl_monthly__ERA5__reanalysis__z950__950hPa__monthly__2025-2025__m04__NH0_90__grid_1p0.grib,65628,1776360349
2026-04-17T10:18:28Z,/mnt/e/last-aticol/data/raw/era5/pressure-levels/geopotential/950hPa/monthly,cds__era5_pl_monthly__ERA5__reanalysis__z950__950hPa__monthly__2025-2025__m05__NH0_90__grid_1p0.grib,/mnt/e/last-aticol/data/raw/era5/pressure-levels/geopotential/950hPa/monthly/cds__era5_pl_monthly__ERA5__reanalysis__z950__950hPa__monthly__2025-2025__m05__NH0_90__grid_1p0.grib,65628,1776360455
2026-04-17T10:18:28Z,/mnt/e/last-aticol/data/raw/era5/pressure-levels/geopotential/950hPa/monthly,cds__era5_pl_monthly__ERA5__reanalysis__z950__950hPa__monthly__2025-2025__m06__NH0_90__grid_1p0.grib,/mnt/e/last-aticol/data/raw/era5/pressure-levels/geopotential/950hPa/monthly/cds__era5_pl_monthly__ERA5__reanalysis__z950__950hPa__monthly__2025-2025__m06__NH0_90__grid_1p0.grib,65628,1776360561
2026-04-17T10:18:28Z,/mnt/e/last-aticol/data/raw/era5/pressure-levels/geopotential/950hPa/monthly,cds__era5_pl_monthly__ERA5__reanalysis__z950__950hPa__monthly__2025-2025__m07__NH0_90__grid_1p0.grib,/mnt/e/last-aticol/data/raw/era5/pressure-levels/geopotential/950hPa/monthly/cds__era5_pl_monthly__ERA5__reanalysis__z950__950hPa__monthly__2025-2025__m07__NH0_90__grid_1p0.grib,65628,1776360583
2026-04-17T10:18:28Z,/mnt/e/last-aticol/data/raw/era5/pressure-levels/geopotential/950hPa/monthly,cds__era5_pl_monthly__ERA5__reanalysis__z950__950hPa__monthly__2025-2025__m08__NH0_90__grid_1p0.grib,/mnt/e/last-aticol/data/raw/era5/pressure-levels/geopotential/950hPa/monthly/cds__era5_pl_monthly__ERA5__reanalysis__z950__950hPa__monthly__2025-2025__m08__NH0_90__grid_1p0.grib,65628,1776360606
2026-04-17T10:18:28Z,/mnt/e/last-aticol/data/raw/era5/pressure-levels/geopotential/950hPa/monthly,cds__era5_pl_monthly__ERA5__reanalysis__z950__950hPa__monthly__2025-2025__m09__NH0_90__grid_1p0.grib,/mnt/e/last-aticol/data/raw/era5/pressure-levels/geopotential/950hPa/monthly/cds__era5_pl_monthly__ERA5__reanalysis__z950__950hPa__monthly__2025-2025__m09__NH0_90__grid_1p0.grib,65628,1776360628
2026-04-17T10:18:28Z,/mnt/e/last-aticol/data/raw/era5/pressure-levels/geopotential/950hPa/monthly,cds__era5_pl_monthly__ERA5__reanalysis__z950__950hPa__monthly__2025-2025__m10__NH0_90__grid_1p0.grib,/mnt/e/last-aticol/data/raw/era5/pressure-levels/geopotential/950hPa/monthly/cds__era5_pl_monthly__ERA5__reanalysis__z950__950hPa__monthly__2025-2025__m10__NH0_90__grid_1p0.grib,65628,1776360650
2026-04-17T10:18:28Z,/mnt/e/last-aticol/data/raw/era5/pressure-levels/geopotential/950hPa/monthly,cds__era5_pl_monthly__ERA5__reanalysis__z950__950hPa__monthly__2025-2025__m11__NH0_90__grid_1p0.grib,/mnt/e/last-aticol/data/raw/era5/pressure-levels/geopotential/950hPa/monthly/cds__era5_pl_monthly__ERA5__reanalysis__z950__950hPa__monthly__2025-2025__m11__NH0_90__grid_1p0.grib,65628,1776360665
2026-04-17T10:18:28Z,/mnt/e/last-aticol/data/raw/era5/pressure-levels/geopotential/950hPa/monthly,cds__era5_pl_monthly__ERA5__reanalysis__z950__950hPa__monthly__2025-2025__m12__NH0_90__grid_1p0.grib,/mnt/e/last-aticol/data/raw/era5/pressure-levels/geopotential/950hPa/monthly/cds__era5_pl_monthly__ERA5__reanalysis__z950__950hPa__monthly__2025-2025__m12__NH0_90__grid_1p0.grib,65628,1776360686
