scanned_at_utc,root,filename,absolute_path,size_bytes,mtime_epoch
2026-04-15T16:39:57Z,/mnt/e/last-aticol/data/raw/era5/single-levels/10m_wind_speed/monthly,cds__era5_sl_monthly__ERA5__reanalysis__ws10m__surface__monthly__2000-2000__m01__NH0_90__grid_1p0.grib,/mnt/e/last-aticol/data/raw/era5/single-levels/10m_wind_speed/monthly/cds__era5_sl_monthly__ERA5__reanalysis__ws10m__surface__monthly__2000-2000__m01__NH0_90__grid_1p0.grib,65628,1776256186
2026-04-15T16:39:57Z,/mnt/e/last-aticol/data/raw/era5/single-levels/10m_wind_speed/monthly,cds__era5_sl_monthly__ERA5__reanalysis__ws10m__surface__monthly__2000-2000__m02__NH0_90__grid_1p0.grib,/mnt/e/last-aticol/data/raw/era5/single-levels/10m_wind_speed/monthly/cds__era5_sl_monthly__ERA5__reanalysis__ws10m__surface__monthly__2000-2000__m02__NH0_90__grid_1p0.grib,65628,1776256201
2026-04-15T16:39:57Z,/mnt/e/last-aticol/data/raw/era5/single-levels/10m_wind_speed/monthly,cds__era5_sl_monthly__ERA5__reanalysis__ws10m__surface__monthly__2000-2000__m03__NH0_90__grid_1p0.grib,/mnt/e/last-aticol/data/raw/era5/single-levels/10m_wind_speed/monthly/cds__era5_sl_monthly__ERA5__reanalysis__ws10m__surface__monthly__2000-2000__m03__NH0_90__grid_1p0.grib,65628,1776256376
2026-04-15T16:39:57Z,/mnt/e/last-aticol/data/raw/era5/single-levels/10m_wind_speed/monthly,cds__era5_sl_monthly__ERA5__reanalysis__ws10m__surface__monthly__2000-2000__m04__NH0_90__grid_1p0.grib,/mnt/e/last-aticol/data/raw/era5/single-levels/10m_wind_speed/monthly/cds__era5_sl_monthly__ERA5__reanalysis__ws10m__surface__monthly__2000-2000__m04__NH0_90__grid_1p0.grib,65628,1776256399
2026-04-15T16:39:57Z,/mnt/e/last-aticol/data/raw/era5/single-levels/10m_wind_speed/monthly,cds__era5_sl_monthly__ERA5__reanalysis__ws10m__surface__monthly__2000-2000__m05__NH0_90__grid_1p0.grib,/mnt/e/last-aticol/data/raw/era5/single-levels/10m_wind_speed/monthly/cds__era5_sl_monthly__ERA5__reanalysis__ws10m__surface__monthly__2000-2000__m05__NH0_90__grid_1p0.grib,65628,1776256421
2026-04-15T16:39:57Z,/mnt/e/last-aticol/data/raw/era5/single-levels/10m_wind_speed/monthly,cds__era5_sl_monthly__ERA5__reanalysis__ws10m__surface__monthly__2000-2000__m06__NH0_90__grid_1p0.grib,/mnt/e/last-aticol/data/raw/era5/single-levels/10m_wind_speed/monthly/cds__era5_sl_monthly__ERA5__reanalysis__ws10m__surface__monthly__2000-2000__m06__NH0_90__grid_1p0.grib,65628,1776256454
2026-04-15T16:39:57Z,/mnt/e/last-aticol/data/raw/era5/single-levels/10m_wind_speed/monthly,cds__era5_sl_monthly__ERA5__reanalysis__ws10m__surface__monthly__2000-2000__m07__NH0_90__grid_1p0.grib,/mnt/e/last-aticol/data/raw/era5/single-levels/10m_wind_speed/monthly/cds__era5_sl_monthly__ERA5__reanalysis__ws10m__surface__monthly__2000-2000__m07__NH0_90__grid_1p0.grib,65628,1776256488
2026-04-15T16:39:57Z,/mnt/e/last-aticol/data/raw/era5/single-levels/10m_wind_speed/monthly,cds__era5_sl_monthly__ERA5__reanalysis__ws10m__surface__monthly__2000-2000__m08__NH0_90__grid_1p0.grib,/mnt/e/last-aticol/data/raw/era5/single-levels/10m_wind_speed/monthly/cds__era5_sl_monthly__ERA5__reanalysis__ws10m__surface__monthly__2000-2000__m08__NH0_90__grid_1p0.grib,65628,1776256510
2026-04-15T16:39:57Z,/mnt/e/last-aticol/data/raw/era5/single-levels/10m_wind_speed/monthly,cds__era5_sl_monthly__ERA5__reanalysis__ws10m__surface__monthly__2000-2000__m09__NH0_90__grid_1p0.grib,/mnt/e/last-aticol/data/raw/era5/single-levels/10m_wind_speed/monthly/cds__era5_sl_monthly__ERA5__reanalysis__ws10m__surface__monthly__2000-2000__m09__NH0_90__grid_1p0.grib,65628,1776256543
2026-04-15T16:39:57Z,/mnt/e/last-aticol/data/raw/era5/single-levels/10m_wind_speed/monthly,cds__era5_sl_monthly__ERA5__reanalysis__ws10m__surface__monthly__2000-2000__m10__NH0_90__grid_1p0.grib,/mnt/e/last-aticol/data/raw/era5/single-levels/10m_wind_speed/monthly/cds__era5_sl_monthly__ERA5__reanalysis__ws10m__surface__monthly__2000-2000__m10__NH0_90__grid_1p0.grib,65628,1776256566
2026-04-15T16:39:57Z,/mnt/e/last-aticol/data/raw/era5/single-levels/10m_wind_speed/monthly,cds__era5_sl_monthly__ERA5__reanalysis__ws10m__surface__monthly__2000-2000__m11__NH0_90__grid_1p0.grib,/mnt/e/last-aticol/data/raw/era5/single-levels/10m_wind_speed/monthly/cds__era5_sl_monthly__ERA5__reanalysis__ws10m__surface__monthly__2000-2000__m11__NH0_90__grid_1p0.grib,65628,1776256581
2026-04-15T16:39:57Z,/mnt/e/last-aticol/data/raw/era5/single-levels/10m_wind_speed/monthly,cds__era5_sl_monthly__ERA5__reanalysis__ws10m__surface__monthly__2000-2000__m12__NH0_90__grid_1p0.grib,/mnt/e/last-aticol/data/raw/era5/single-levels/10m_wind_speed/monthly/cds__era5_sl_monthly__ERA5__reanalysis__ws10m__surface__monthly__2000-2000__m12__NH0_90__grid_1p0.grib,65628,1776256614
2026-04-15T16:39:57Z,/mnt/e/last-aticol/data/raw/era5/single-levels/10m_wind_speed/monthly,cds__era5_sl_monthly__ERA5__reanalysis__ws10m__surface__monthly__2001-2001__m01__NH0_90__grid_1p0.grib,/mnt/e/last-aticol/data/raw/era5/single-levels/10m_wind_speed/monthly/cds__era5_sl_monthly__ERA5__reanalysis__ws10m__surface__monthly__2001-2001__m01__NH0_90__grid_1p0.grib,65628,1776256637
2026-04-15T16:39:57Z,/mnt/e/last-aticol/data/raw/era5/single-levels/10m_wind_speed/monthly,cds__era5_sl_monthly__ERA5__reanalysis__ws10m__surface__monthly__2001-2001__m02__NH0_90__grid_1p0.grib,/mnt/e/last-aticol/data/raw/era5/single-levels/10m_wind_speed/monthly/cds__era5_sl_monthly__ERA5__reanalysis__ws10m__surface__monthly__2001-2001__m02__NH0_90__grid_1p0.grib,65628,1776256671
2026-04-15T16:39:57Z,/mnt/e/last-aticol/data/raw/era5/single-levels/10m_wind_speed/monthly,cds__era5_sl_monthly__ERA5__reanalysis__ws10m__surface__monthly__2001-2001__m03__NH0_90__grid_1p0.grib,/mnt/e/last-aticol/data/raw/era5/single-levels/10m_wind_speed/monthly/cds__era5_sl_monthly__ERA5__reanalysis__ws10m__surface__monthly__2001-2001__m03__NH0_90__grid_1p0.grib,65628,1776256693
2026-04-15T16:39:57Z,/mnt/e/last-aticol/data/raw/era5/single-levels/10m_wind_speed/monthly,cds__era5_sl_monthly__ERA5__reanalysis__ws10m__surface__monthly__2001-2001__m04__NH0_90__grid_1p0.grib,/mnt/e/last-aticol/data/raw/era5/single-levels/10m_wind_speed/monthly/cds__era5_sl_monthly__ERA5__reanalysis__ws10m__surface__monthly__2001-2001__m04__NH0_90__grid_1p0.grib,65628,1776256716
2026-04-15T16:39:57Z,/mnt/e/last-aticol/data/raw/era5/single-levels/10m_wind_speed/monthly,cds__era5_sl_monthly__ERA5__reanalysis__ws10m__surface__monthly__2001-2001__m05__NH0_90__grid_1p0.grib,/mnt/e/last-aticol/data/raw/era5/single-levels/10m_wind_speed/monthly/cds__era5_sl_monthly__ERA5__reanalysis__ws10m__surface__monthly__2001-2001__m05__NH0_90__grid_1p0.grib,65628,1776256738
2026-04-15T16:39:57Z,/mnt/e/last-aticol/data/raw/era5/single-levels/10m_wind_speed/monthly,cds__era5_sl_monthly__ERA5__reanalysis__ws10m__surface__monthly__2001-2001__m06__NH0_90__grid_1p0.grib,/mnt/e/last-aticol/data/raw/era5/single-levels/10m_wind_speed/monthly/cds__era5_sl_monthly__ERA5__reanalysis__ws10m__surface__monthly__2001-2001__m06__NH0_90__grid_1p0.grib,65628,1776256761
2026-04-15T16:39:57Z,/mnt/e/last-aticol/data/raw/era5/single-levels/10m_wind_speed/monthly,cds__era5_sl_monthly__ERA5__reanalysis__ws10m__surface__monthly__2001-2001__m07__NH0_90__grid_1p0.grib,/mnt/e/last-aticol/data/raw/era5/single-levels/10m_wind_speed/monthly/cds__era5_sl_monthly__ERA5__reanalysis__ws10m__surface__monthly__2001-2001__m07__NH0_90__grid_1p0.grib,65628,1776256795
2026-04-15T16:39:57Z,/mnt/e/last-aticol/data/raw/era5/single-levels/10m_wind_speed/monthly,cds__era5_sl_monthly__ERA5__reanalysis__ws10m__surface__monthly__2001-2001__m08__NH0_90__grid_1p0.grib,/mnt/e/last-aticol/data/raw/era5/single-levels/10m_wind_speed/monthly/cds__era5_sl_monthly__ERA5__reanalysis__ws10m__surface__monthly__2001-2001__m08__NH0_90__grid_1p0.grib,65628,1776256818
2026-04-15T16:39:57Z,/mnt/e/last-aticol/data/raw/era5/single-levels/10m_wind_speed/monthly,cds__era5_sl_monthly__ERA5__reanalysis__ws10m__surface__monthly__2001-2001__m09__NH0_90__grid_1p0.grib,/mnt/e/last-aticol/data/raw/era5/single-levels/10m_wind_speed/monthly/cds__era5_sl_monthly__ERA5__reanalysis__ws10m__surface__monthly__2001-2001__m09__NH0_90__grid_1p0.grib,65628,1776256851
2026-04-15T16:39:57Z,/mnt/e/last-aticol/data/raw/era5/single-levels/10m_wind_speed/monthly,cds__era5_sl_monthly__ERA5__reanalysis__ws10m__surface__monthly__2001-2001__m10__NH0_90__grid_1p0.grib,/mnt/e/last-aticol/data/raw/era5/single-levels/10m_wind_speed/monthly/cds__era5_sl_monthly__ERA5__reanalysis__ws10m__surface__monthly__2001-2001__m10__NH0_90__grid_1p0.grib,65628,1776256874
2026-04-15T16:39:57Z,/mnt/e/last-aticol/data/raw/era5/single-levels/10m_wind_speed/monthly,cds__era5_sl_monthly__ERA5__reanalysis__ws10m__surface__monthly__2001-2001__m11__NH0_90__grid_1p0.grib,/mnt/e/last-aticol/data/raw/era5/single-levels/10m_wind_speed/monthly/cds__era5_sl_monthly__ERA5__reanalysis__ws10m__surface__monthly__2001-2001__m11__NH0_90__grid_1p0.grib,65628,1776256909
2026-04-15T16:39:57Z,/mnt/e/last-aticol/data/raw/era5/single-levels/10m_wind_speed/monthly,cds__era5_sl_monthly__ERA5__reanalysis__ws10m__surface__monthly__2001-2001__m12__NH0_90__grid_1p0.grib,/mnt/e/last-aticol/data/raw/era5/single-levels/10m_wind_speed/monthly/cds__era5_sl_monthly__ERA5__reanalysis__ws10m__surface__monthly__2001-2001__m12__NH0_90__grid_1p0.grib,65628,1776256932
2026-04-15T16:39:57Z,/mnt/e/last-aticol/data/raw/era5/single-levels/10m_wind_speed/monthly,cds__era5_sl_monthly__ERA5__reanalysis__ws10m__surface__monthly__2002-2002__m01__NH0_90__grid_1p0.grib,/mnt/e/last-aticol/data/raw/era5/single-levels/10m_wind_speed/monthly/cds__era5_sl_monthly__ERA5__reanalysis__ws10m__surface__monthly__2002-2002__m01__NH0_90__grid_1p0.grib,65628,1776256954
2026-04-15T16:39:57Z,/mnt/e/last-aticol/data/raw/era5/single-levels/10m_wind_speed/monthly,cds__era5_sl_monthly__ERA5__reanalysis__ws10m__surface__monthly__2002-2002__m02__NH0_90__grid_1p0.grib,/mnt/e/last-aticol/data/raw/era5/single-levels/10m_wind_speed/monthly/cds__era5_sl_monthly__ERA5__reanalysis__ws10m__surface__monthly__2002-2002__m02__NH0_90__grid_1p0.grib,65628,1776256977
2026-04-15T16:39:57Z,/mnt/e/last-aticol/data/raw/era5/single-levels/10m_wind_speed/monthly,cds__era5_sl_monthly__ERA5__reanalysis__ws10m__surface__monthly__2002-2002__m03__NH0_90__grid_1p0.grib,/mnt/e/last-aticol/data/raw/era5/single-levels/10m_wind_speed/monthly/cds__era5_sl_monthly__ERA5__reanalysis__ws10m__surface__monthly__2002-2002__m03__NH0_90__grid_1p0.grib,65628,1776256999
2026-04-15T16:39:57Z,/mnt/e/last-aticol/data/raw/era5/single-levels/10m_wind_speed/monthly,cds__era5_sl_monthly__ERA5__reanalysis__ws10m__surface__monthly__2002-2002__m04__NH0_90__grid_1p0.grib,/mnt/e/last-aticol/data/raw/era5/single-levels/10m_wind_speed/monthly/cds__era5_sl_monthly__ERA5__reanalysis__ws10m__surface__monthly__2002-2002__m04__NH0_90__grid_1p0.grib,65628,1776257024
2026-04-15T16:39:57Z,/mnt/e/last-aticol/data/raw/era5/single-levels/10m_wind_speed/monthly,cds__era5_sl_monthly__ERA5__reanalysis__ws10m__surface__monthly__2002-2002__m05__NH0_90__grid_1p0.grib,/mnt/e/last-aticol/data/raw/era5/single-levels/10m_wind_speed/monthly/cds__era5_sl_monthly__ERA5__reanalysis__ws10m__surface__monthly__2002-2002__m05__NH0_90__grid_1p0.grib,65628,1776257046
2026-04-15T16:39:57Z,/mnt/e/last-aticol/data/raw/era5/single-levels/10m_wind_speed/monthly,cds__era5_sl_monthly__ERA5__reanalysis__ws10m__surface__monthly__2002-2002__m06__NH0_90__grid_1p0.grib,/mnt/e/last-aticol/data/raw/era5/single-levels/10m_wind_speed/monthly/cds__era5_sl_monthly__ERA5__reanalysis__ws10m__surface__monthly__2002-2002__m06__NH0_90__grid_1p0.grib,65628,1776257064
2026-04-15T16:39:57Z,/mnt/e/last-aticol/data/raw/era5/single-levels/10m_wind_speed/monthly,cds__era5_sl_monthly__ERA5__reanalysis__ws10m__surface__monthly__2002-2002__m07__NH0_90__grid_1p0.grib,/mnt/e/last-aticol/data/raw/era5/single-levels/10m_wind_speed/monthly/cds__era5_sl_monthly__ERA5__reanalysis__ws10m__surface__monthly__2002-2002__m07__NH0_90__grid_1p0.grib,65628,1776257101
2026-04-15T16:39:57Z,/mnt/e/last-aticol/data/raw/era5/single-levels/10m_wind_speed/monthly,cds__era5_sl_monthly__ERA5__reanalysis__ws10m__surface__monthly__2002-2002__m08__NH0_90__grid_1p0.grib,/mnt/e/last-aticol/data/raw/era5/single-levels/10m_wind_speed/monthly/cds__era5_sl_monthly__ERA5__reanalysis__ws10m__surface__monthly__2002-2002__m08__NH0_90__grid_1p0.grib,65628,1776257124
2026-04-15T16:39:57Z,/mnt/e/last-aticol/data/raw/era5/single-levels/10m_wind_speed/monthly,cds__era5_sl_monthly__ERA5__reanalysis__ws10m__surface__monthly__2002-2002__m09__NH0_90__grid_1p0.grib,/mnt/e/last-aticol/data/raw/era5/single-levels/10m_wind_speed/monthly/cds__era5_sl_monthly__ERA5__reanalysis__ws10m__surface__monthly__2002-2002__m09__NH0_90__grid_1p0.grib,65628,1776257146
2026-04-15T16:39:57Z,/mnt/e/last-aticol/data/raw/era5/single-levels/10m_wind_speed/monthly,cds__era5_sl_monthly__ERA5__reanalysis__ws10m__surface__monthly__2002-2002__m10__NH0_90__grid_1p0.grib,/mnt/e/last-aticol/data/raw/era5/single-levels/10m_wind_speed/monthly/cds__era5_sl_monthly__ERA5__reanalysis__ws10m__surface__monthly__2002-2002__m10__NH0_90__grid_1p0.grib,65628,1776257179
2026-04-15T16:39:57Z,/mnt/e/last-aticol/data/raw/era5/single-levels/10m_wind_speed/monthly,cds__era5_sl_monthly__ERA5__reanalysis__ws10m__surface__monthly__2002-2002__m11__NH0_90__grid_1p0.grib,/mnt/e/last-aticol/data/raw/era5/single-levels/10m_wind_speed/monthly/cds__era5_sl_monthly__ERA5__reanalysis__ws10m__surface__monthly__2002-2002__m11__NH0_90__grid_1p0.grib,65628,1776257207
2026-04-15T16:39:58Z,/mnt/e/last-aticol/data/raw/era5/single-levels/10m_wind_speed/monthly,cds__era5_sl_monthly__ERA5__reanalysis__ws10m__surface__monthly__2002-2002__m12__NH0_90__grid_1p0.grib,/mnt/e/last-aticol/data/raw/era5/single-levels/10m_wind_speed/monthly/cds__era5_sl_monthly__ERA5__reanalysis__ws10m__surface__monthly__2002-2002__m12__NH0_90__grid_1p0.grib,65628,1776257240
2026-04-15T16:39:58Z,/mnt/e/last-aticol/data/raw/era5/single-levels/10m_wind_speed/monthly,cds__era5_sl_monthly__ERA5__reanalysis__ws10m__surface__monthly__2003-2003__m01__NH0_90__grid_1p0.grib,/mnt/e/last-aticol/data/raw/era5/single-levels/10m_wind_speed/monthly/cds__era5_sl_monthly__ERA5__reanalysis__ws10m__surface__monthly__2003-2003__m01__NH0_90__grid_1p0.grib,65628,1776257263
2026-04-15T16:39:58Z,/mnt/e/last-aticol/data/raw/era5/single-levels/10m_wind_speed/monthly,cds__era5_sl_monthly__ERA5__reanalysis__ws10m__surface__monthly__2003-2003__m02__NH0_90__grid_1p0.grib,/mnt/e/last-aticol/data/raw/era5/single-levels/10m_wind_speed/monthly/cds__era5_sl_monthly__ERA5__reanalysis__ws10m__surface__monthly__2003-2003__m02__NH0_90__grid_1p0.grib,65628,1776257278
2026-04-15T16:39:58Z,/mnt/e/last-aticol/data/raw/era5/single-levels/10m_wind_speed/monthly,cds__era5_sl_monthly__ERA5__reanalysis__ws10m__surface__monthly__2003-2003__m03__NH0_90__grid_1p0.grib,/mnt/e/last-aticol/data/raw/era5/single-levels/10m_wind_speed/monthly/cds__era5_sl_monthly__ERA5__reanalysis__ws10m__surface__monthly__2003-2003__m03__NH0_90__grid_1p0.grib,65628,1776257300
2026-04-15T16:39:58Z,/mnt/e/last-aticol/data/raw/era5/single-levels/10m_wind_speed/monthly,cds__era5_sl_monthly__ERA5__reanalysis__ws10m__surface__monthly__2003-2003__m04__NH0_90__grid_1p0.grib,/mnt/e/last-aticol/data/raw/era5/single-levels/10m_wind_speed/monthly/cds__era5_sl_monthly__ERA5__reanalysis__ws10m__surface__monthly__2003-2003__m04__NH0_90__grid_1p0.grib,65628,1776257324
2026-04-15T16:39:58Z,/mnt/e/last-aticol/data/raw/era5/single-levels/10m_wind_speed/monthly,cds__era5_sl_monthly__ERA5__reanalysis__ws10m__surface__monthly__2003-2003__m05__NH0_90__grid_1p0.grib,/mnt/e/last-aticol/data/raw/era5/single-levels/10m_wind_speed/monthly/cds__era5_sl_monthly__ERA5__reanalysis__ws10m__surface__monthly__2003-2003__m05__NH0_90__grid_1p0.grib,65628,1776257339
2026-04-15T16:39:58Z,/mnt/e/last-aticol/data/raw/era5/single-levels/10m_wind_speed/monthly,cds__era5_sl_monthly__ERA5__reanalysis__ws10m__surface__monthly__2003-2003__m06__NH0_90__grid_1p0.grib,/mnt/e/last-aticol/data/raw/era5/single-levels/10m_wind_speed/monthly/cds__era5_sl_monthly__ERA5__reanalysis__ws10m__surface__monthly__2003-2003__m06__NH0_90__grid_1p0.grib,65628,1776257362
2026-04-15T16:39:58Z,/mnt/e/last-aticol/data/raw/era5/single-levels/10m_wind_speed/monthly,cds__era5_sl_monthly__ERA5__reanalysis__ws10m__surface__monthly__2003-2003__m07__NH0_90__grid_1p0.grib,/mnt/e/last-aticol/data/raw/era5/single-levels/10m_wind_speed/monthly/cds__era5_sl_monthly__ERA5__reanalysis__ws10m__surface__monthly__2003-2003__m07__NH0_90__grid_1p0.grib,65628,1776257395
2026-04-15T16:39:58Z,/mnt/e/last-aticol/data/raw/era5/single-levels/10m_wind_speed/monthly,cds__era5_sl_monthly__ERA5__reanalysis__ws10m__surface__monthly__2003-2003__m08__NH0_90__grid_1p0.grib,/mnt/e/last-aticol/data/raw/era5/single-levels/10m_wind_speed/monthly/cds__era5_sl_monthly__ERA5__reanalysis__ws10m__surface__monthly__2003-2003__m08__NH0_90__grid_1p0.grib,65628,1776257452
2026-04-15T16:39:58Z,/mnt/e/last-aticol/data/raw/era5/single-levels/10m_wind_speed/monthly,cds__era5_sl_monthly__ERA5__reanalysis__ws10m__surface__monthly__2003-2003__m09__NH0_90__grid_1p0.grib,/mnt/e/last-aticol/data/raw/era5/single-levels/10m_wind_speed/monthly/cds__era5_sl_monthly__ERA5__reanalysis__ws10m__surface__monthly__2003-2003__m09__NH0_90__grid_1p0.grib,65628,1776257476
2026-04-15T16:39:58Z,/mnt/e/last-aticol/data/raw/era5/single-levels/10m_wind_speed/monthly,cds__era5_sl_monthly__ERA5__reanalysis__ws10m__surface__monthly__2003-2003__m10__NH0_90__grid_1p0.grib,/mnt/e/last-aticol/data/raw/era5/single-levels/10m_wind_speed/monthly/cds__era5_sl_monthly__ERA5__reanalysis__ws10m__surface__monthly__2003-2003__m10__NH0_90__grid_1p0.grib,65628,1776257498
2026-04-15T16:39:58Z,/mnt/e/last-aticol/data/raw/era5/single-levels/10m_wind_speed/monthly,cds__era5_sl_monthly__ERA5__reanalysis__ws10m__surface__monthly__2003-2003__m11__NH0_90__grid_1p0.grib,/mnt/e/last-aticol/data/raw/era5/single-levels/10m_wind_speed/monthly/cds__era5_sl_monthly__ERA5__reanalysis__ws10m__surface__monthly__2003-2003__m11__NH0_90__grid_1p0.grib,65628,1776257521
2026-04-15T16:39:58Z,/mnt/e/last-aticol/data/raw/era5/single-levels/10m_wind_speed/monthly,cds__era5_sl_monthly__ERA5__reanalysis__ws10m__surface__monthly__2003-2003__m12__NH0_90__grid_1p0.grib,/mnt/e/last-aticol/data/raw/era5/single-levels/10m_wind_speed/monthly/cds__era5_sl_monthly__ERA5__reanalysis__ws10m__surface__monthly__2003-2003__m12__NH0_90__grid_1p0.grib,65628,1776257554
2026-04-15T16:39:58Z,/mnt/e/last-aticol/data/raw/era5/single-levels/10m_wind_speed/monthly,cds__era5_sl_monthly__ERA5__reanalysis__ws10m__surface__monthly__2004-2004__m01__NH0_90__grid_1p0.grib,/mnt/e/last-aticol/data/raw/era5/single-levels/10m_wind_speed/monthly/cds__era5_sl_monthly__ERA5__reanalysis__ws10m__surface__monthly__2004-2004__m01__NH0_90__grid_1p0.grib,65628,1776257576
2026-04-15T16:39:58Z,/mnt/e/last-aticol/data/raw/era5/single-levels/10m_wind_speed/monthly,cds__era5_sl_monthly__ERA5__reanalysis__ws10m__surface__monthly__2004-2004__m02__NH0_90__grid_1p0.grib,/mnt/e/last-aticol/data/raw/era5/single-levels/10m_wind_speed/monthly/cds__era5_sl_monthly__ERA5__reanalysis__ws10m__surface__monthly__2004-2004__m02__NH0_90__grid_1p0.grib,65628,1776257591
2026-04-15T16:39:58Z,/mnt/e/last-aticol/data/raw/era5/single-levels/10m_wind_speed/monthly,cds__era5_sl_monthly__ERA5__reanalysis__ws10m__surface__monthly__2004-2004__m03__NH0_90__grid_1p0.grib,/mnt/e/last-aticol/data/raw/era5/single-levels/10m_wind_speed/monthly/cds__era5_sl_monthly__ERA5__reanalysis__ws10m__surface__monthly__2004-2004__m03__NH0_90__grid_1p0.grib,65628,1776257615
2026-04-15T16:39:58Z,/mnt/e/last-aticol/data/raw/era5/single-levels/10m_wind_speed/monthly,cds__era5_sl_monthly__ERA5__reanalysis__ws10m__surface__monthly__2004-2004__m04__NH0_90__grid_1p0.grib,/mnt/e/last-aticol/data/raw/era5/single-levels/10m_wind_speed/monthly/cds__era5_sl_monthly__ERA5__reanalysis__ws10m__surface__monthly__2004-2004__m04__NH0_90__grid_1p0.grib,65628,1776257636
2026-04-15T16:39:58Z,/mnt/e/last-aticol/data/raw/era5/single-levels/10m_wind_speed/monthly,cds__era5_sl_monthly__ERA5__reanalysis__ws10m__surface__monthly__2004-2004__m05__NH0_90__grid_1p0.grib,/mnt/e/last-aticol/data/raw/era5/single-levels/10m_wind_speed/monthly/cds__era5_sl_monthly__ERA5__reanalysis__ws10m__surface__monthly__2004-2004__m05__NH0_90__grid_1p0.grib,65628,1776257669
2026-04-15T16:39:58Z,/mnt/e/last-aticol/data/raw/era5/single-levels/10m_wind_speed/monthly,cds__era5_sl_monthly__ERA5__reanalysis__ws10m__surface__monthly__2004-2004__m06__NH0_90__grid_1p0.grib,/mnt/e/last-aticol/data/raw/era5/single-levels/10m_wind_speed/monthly/cds__era5_sl_monthly__ERA5__reanalysis__ws10m__surface__monthly__2004-2004__m06__NH0_90__grid_1p0.grib,65628,1776257684
2026-04-15T16:39:58Z,/mnt/e/last-aticol/data/raw/era5/single-levels/10m_wind_speed/monthly,cds__era5_sl_monthly__ERA5__reanalysis__ws10m__surface__monthly__2004-2004__m07__NH0_90__grid_1p0.grib,/mnt/e/last-aticol/data/raw/era5/single-levels/10m_wind_speed/monthly/cds__era5_sl_monthly__ERA5__reanalysis__ws10m__surface__monthly__2004-2004__m07__NH0_90__grid_1p0.grib,65628,1776257710
2026-04-15T16:39:58Z,/mnt/e/last-aticol/data/raw/era5/single-levels/10m_wind_speed/monthly,cds__era5_sl_monthly__ERA5__reanalysis__ws10m__surface__monthly__2004-2004__m08__NH0_90__grid_1p0.grib,/mnt/e/last-aticol/data/raw/era5/single-levels/10m_wind_speed/monthly/cds__era5_sl_monthly__ERA5__reanalysis__ws10m__surface__monthly__2004-2004__m08__NH0_90__grid_1p0.grib,65628,1776257743
2026-04-15T16:39:58Z,/mnt/e/last-aticol/data/raw/era5/single-levels/10m_wind_speed/monthly,cds__era5_sl_monthly__ERA5__reanalysis__ws10m__surface__monthly__2004-2004__m09__NH0_90__grid_1p0.grib,/mnt/e/last-aticol/data/raw/era5/single-levels/10m_wind_speed/monthly/cds__era5_sl_monthly__ERA5__reanalysis__ws10m__surface__monthly__2004-2004__m09__NH0_90__grid_1p0.grib,65628,1776257768
2026-04-15T16:39:58Z,/mnt/e/last-aticol/data/raw/era5/single-levels/10m_wind_speed/monthly,cds__era5_sl_monthly__ERA5__reanalysis__ws10m__surface__monthly__2004-2004__m10__NH0_90__grid_1p0.grib,/mnt/e/last-aticol/data/raw/era5/single-levels/10m_wind_speed/monthly/cds__era5_sl_monthly__ERA5__reanalysis__ws10m__surface__monthly__2004-2004__m10__NH0_90__grid_1p0.grib,65628,1776257791
2026-04-15T16:39:58Z,/mnt/e/last-aticol/data/raw/era5/single-levels/10m_wind_speed/monthly,cds__era5_sl_monthly__ERA5__reanalysis__ws10m__surface__monthly__2004-2004__m11__NH0_90__grid_1p0.grib,/mnt/e/last-aticol/data/raw/era5/single-levels/10m_wind_speed/monthly/cds__era5_sl_monthly__ERA5__reanalysis__ws10m__surface__monthly__2004-2004__m11__NH0_90__grid_1p0.grib,65628,1776257815
2026-04-15T16:39:58Z,/mnt/e/last-aticol/data/raw/era5/single-levels/10m_wind_speed/monthly,cds__era5_sl_monthly__ERA5__reanalysis__ws10m__surface__monthly__2004-2004__m12__NH0_90__grid_1p0.grib,/mnt/e/last-aticol/data/raw/era5/single-levels/10m_wind_speed/monthly/cds__era5_sl_monthly__ERA5__reanalysis__ws10m__surface__monthly__2004-2004__m12__NH0_90__grid_1p0.grib,65628,1776257840
2026-04-15T16:39:58Z,/mnt/e/last-aticol/data/raw/era5/single-levels/10m_wind_speed/monthly,cds__era5_sl_monthly__ERA5__reanalysis__ws10m__surface__monthly__2005-2005__m01__NH0_90__grid_1p0.grib,/mnt/e/last-aticol/data/raw/era5/single-levels/10m_wind_speed/monthly/cds__era5_sl_monthly__ERA5__reanalysis__ws10m__surface__monthly__2005-2005__m01__NH0_90__grid_1p0.grib,65628,1776257859
2026-04-15T16:39:58Z,/mnt/e/last-aticol/data/raw/era5/single-levels/10m_wind_speed/monthly,cds__era5_sl_monthly__ERA5__reanalysis__ws10m__surface__monthly__2005-2005__m02__NH0_90__grid_1p0.grib,/mnt/e/last-aticol/data/raw/era5/single-levels/10m_wind_speed/monthly/cds__era5_sl_monthly__ERA5__reanalysis__ws10m__surface__monthly__2005-2005__m02__NH0_90__grid_1p0.grib,65628,1776257881
2026-04-15T16:39:58Z,/mnt/e/last-aticol/data/raw/era5/single-levels/10m_wind_speed/monthly,cds__era5_sl_monthly__ERA5__reanalysis__ws10m__surface__monthly__2005-2005__m03__NH0_90__grid_1p0.grib,/mnt/e/last-aticol/data/raw/era5/single-levels/10m_wind_speed/monthly/cds__era5_sl_monthly__ERA5__reanalysis__ws10m__surface__monthly__2005-2005__m03__NH0_90__grid_1p0.grib,65628,1776257911
2026-04-15T16:39:58Z,/mnt/e/last-aticol/data/raw/era5/single-levels/10m_wind_speed/monthly,cds__era5_sl_monthly__ERA5__reanalysis__ws10m__surface__monthly__2005-2005__m04__NH0_90__grid_1p0.grib,/mnt/e/last-aticol/data/raw/era5/single-levels/10m_wind_speed/monthly/cds__era5_sl_monthly__ERA5__reanalysis__ws10m__surface__monthly__2005-2005__m04__NH0_90__grid_1p0.grib,65628,1776257948
2026-04-15T16:39:58Z,/mnt/e/last-aticol/data/raw/era5/single-levels/10m_wind_speed/monthly,cds__era5_sl_monthly__ERA5__reanalysis__ws10m__surface__monthly__2005-2005__m05__NH0_90__grid_1p0.grib,/mnt/e/last-aticol/data/raw/era5/single-levels/10m_wind_speed/monthly/cds__era5_sl_monthly__ERA5__reanalysis__ws10m__surface__monthly__2005-2005__m05__NH0_90__grid_1p0.grib,65628,1776257966
2026-04-15T16:39:58Z,/mnt/e/last-aticol/data/raw/era5/single-levels/10m_wind_speed/monthly,cds__era5_sl_monthly__ERA5__reanalysis__ws10m__surface__monthly__2005-2005__m06__NH0_90__grid_1p0.grib,/mnt/e/last-aticol/data/raw/era5/single-levels/10m_wind_speed/monthly/cds__era5_sl_monthly__ERA5__reanalysis__ws10m__surface__monthly__2005-2005__m06__NH0_90__grid_1p0.grib,65628,1776257988
2026-04-15T16:39:58Z,/mnt/e/last-aticol/data/raw/era5/single-levels/10m_wind_speed/monthly,cds__era5_sl_monthly__ERA5__reanalysis__ws10m__surface__monthly__2005-2005__m07__NH0_90__grid_1p0.grib,/mnt/e/last-aticol/data/raw/era5/single-levels/10m_wind_speed/monthly/cds__era5_sl_monthly__ERA5__reanalysis__ws10m__surface__monthly__2005-2005__m07__NH0_90__grid_1p0.grib,65628,1776258898
2026-04-15T16:39:58Z,/mnt/e/last-aticol/data/raw/era5/single-levels/10m_wind_speed/monthly,cds__era5_sl_monthly__ERA5__reanalysis__ws10m__surface__monthly__2005-2005__m08__NH0_90__grid_1p0.grib,/mnt/e/last-aticol/data/raw/era5/single-levels/10m_wind_speed/monthly/cds__era5_sl_monthly__ERA5__reanalysis__ws10m__surface__monthly__2005-2005__m08__NH0_90__grid_1p0.grib,65628,1776259086
2026-04-15T16:39:58Z,/mnt/e/last-aticol/data/raw/era5/single-levels/10m_wind_speed/monthly,cds__era5_sl_monthly__ERA5__reanalysis__ws10m__surface__monthly__2005-2005__m09__NH0_90__grid_1p0.grib,/mnt/e/last-aticol/data/raw/era5/single-levels/10m_wind_speed/monthly/cds__era5_sl_monthly__ERA5__reanalysis__ws10m__surface__monthly__2005-2005__m09__NH0_90__grid_1p0.grib,65628,1776259108
2026-04-15T16:39:58Z,/mnt/e/last-aticol/data/raw/era5/single-levels/10m_wind_speed/monthly,cds__era5_sl_monthly__ERA5__reanalysis__ws10m__surface__monthly__2005-2005__m10__NH0_90__grid_1p0.grib,/mnt/e/last-aticol/data/raw/era5/single-levels/10m_wind_speed/monthly/cds__era5_sl_monthly__ERA5__reanalysis__ws10m__surface__monthly__2005-2005__m10__NH0_90__grid_1p0.grib,65628,1776259130
2026-04-15T16:39:58Z,/mnt/e/last-aticol/data/raw/era5/single-levels/10m_wind_speed/monthly,cds__era5_sl_monthly__ERA5__reanalysis__ws10m__surface__monthly__2005-2005__m11__NH0_90__grid_1p0.grib,/mnt/e/last-aticol/data/raw/era5/single-levels/10m_wind_speed/monthly/cds__era5_sl_monthly__ERA5__reanalysis__ws10m__surface__monthly__2005-2005__m11__NH0_90__grid_1p0.grib,65628,1776259163
2026-04-15T16:39:58Z,/mnt/e/last-aticol/data/raw/era5/single-levels/10m_wind_speed/monthly,cds__era5_sl_monthly__ERA5__reanalysis__ws10m__surface__monthly__2005-2005__m12__NH0_90__grid_1p0.grib,/mnt/e/last-aticol/data/raw/era5/single-levels/10m_wind_speed/monthly/cds__era5_sl_monthly__ERA5__reanalysis__ws10m__surface__monthly__2005-2005__m12__NH0_90__grid_1p0.grib,65628,1776259186
2026-04-15T16:39:58Z,/mnt/e/last-aticol/data/raw/era5/single-levels/10m_wind_speed/monthly,cds__era5_sl_monthly__ERA5__reanalysis__ws10m__surface__monthly__2006-2006__m01__NH0_90__grid_1p0.grib,/mnt/e/last-aticol/data/raw/era5/single-levels/10m_wind_speed/monthly/cds__era5_sl_monthly__ERA5__reanalysis__ws10m__surface__monthly__2006-2006__m01__NH0_90__grid_1p0.grib,65628,1776259209
2026-04-15T16:39:58Z,/mnt/e/last-aticol/data/raw/era5/single-levels/10m_wind_speed/monthly,cds__era5_sl_monthly__ERA5__reanalysis__ws10m__surface__monthly__2006-2006__m02__NH0_90__grid_1p0.grib,/mnt/e/last-aticol/data/raw/era5/single-levels/10m_wind_speed/monthly/cds__era5_sl_monthly__ERA5__reanalysis__ws10m__surface__monthly__2006-2006__m02__NH0_90__grid_1p0.grib,65628,1776259242
2026-04-15T16:39:58Z,/mnt/e/last-aticol/data/raw/era5/single-levels/10m_wind_speed/monthly,cds__era5_sl_monthly__ERA5__reanalysis__ws10m__surface__monthly__2006-2006__m03__NH0_90__grid_1p0.grib,/mnt/e/last-aticol/data/raw/era5/single-levels/10m_wind_speed/monthly/cds__era5_sl_monthly__ERA5__reanalysis__ws10m__surface__monthly__2006-2006__m03__NH0_90__grid_1p0.grib,65628,1776259264
2026-04-15T16:39:58Z,/mnt/e/last-aticol/data/raw/era5/single-levels/10m_wind_speed/monthly,cds__era5_sl_monthly__ERA5__reanalysis__ws10m__surface__monthly__2006-2006__m04__NH0_90__grid_1p0.grib,/mnt/e/last-aticol/data/raw/era5/single-levels/10m_wind_speed/monthly/cds__era5_sl_monthly__ERA5__reanalysis__ws10m__surface__monthly__2006-2006__m04__NH0_90__grid_1p0.grib,65628,1776259286
2026-04-15T16:39:58Z,/mnt/e/last-aticol/data/raw/era5/single-levels/10m_wind_speed/monthly,cds__era5_sl_monthly__ERA5__reanalysis__ws10m__surface__monthly__2006-2006__m05__NH0_90__grid_1p0.grib,/mnt/e/last-aticol/data/raw/era5/single-levels/10m_wind_speed/monthly/cds__era5_sl_monthly__ERA5__reanalysis__ws10m__surface__monthly__2006-2006__m05__NH0_90__grid_1p0.grib,65628,1776259319
2026-04-15T16:39:58Z,/mnt/e/last-aticol/data/raw/era5/single-levels/10m_wind_speed/monthly,cds__era5_sl_monthly__ERA5__reanalysis__ws10m__surface__monthly__2006-2006__m06__NH0_90__grid_1p0.grib,/mnt/e/last-aticol/data/raw/era5/single-levels/10m_wind_speed/monthly/cds__era5_sl_monthly__ERA5__reanalysis__ws10m__surface__monthly__2006-2006__m06__NH0_90__grid_1p0.grib,65628,1776259341
2026-04-15T16:39:58Z,/mnt/e/last-aticol/data/raw/era5/single-levels/10m_wind_speed/monthly,cds__era5_sl_monthly__ERA5__reanalysis__ws10m__surface__monthly__2006-2006__m07__NH0_90__grid_1p0.grib,/mnt/e/last-aticol/data/raw/era5/single-levels/10m_wind_speed/monthly/cds__era5_sl_monthly__ERA5__reanalysis__ws10m__surface__monthly__2006-2006__m07__NH0_90__grid_1p0.grib,65628,1776259363
2026-04-15T16:39:58Z,/mnt/e/last-aticol/data/raw/era5/single-levels/10m_wind_speed/monthly,cds__era5_sl_monthly__ERA5__reanalysis__ws10m__surface__monthly__2006-2006__m08__NH0_90__grid_1p0.grib,/mnt/e/last-aticol/data/raw/era5/single-levels/10m_wind_speed/monthly/cds__era5_sl_monthly__ERA5__reanalysis__ws10m__surface__monthly__2006-2006__m08__NH0_90__grid_1p0.grib,65628,1776259386
2026-04-15T16:39:58Z,/mnt/e/last-aticol/data/raw/era5/single-levels/10m_wind_speed/monthly,cds__era5_sl_monthly__ERA5__reanalysis__ws10m__surface__monthly__2006-2006__m09__NH0_90__grid_1p0.grib,/mnt/e/last-aticol/data/raw/era5/single-levels/10m_wind_speed/monthly/cds__era5_sl_monthly__ERA5__reanalysis__ws10m__surface__monthly__2006-2006__m09__NH0_90__grid_1p0.grib,65628,1776259418
2026-04-15T16:39:58Z,/mnt/e/last-aticol/data/raw/era5/single-levels/10m_wind_speed/monthly,cds__era5_sl_monthly__ERA5__reanalysis__ws10m__surface__monthly__2006-2006__m10__NH0_90__grid_1p0.grib,/mnt/e/last-aticol/data/raw/era5/single-levels/10m_wind_speed/monthly/cds__era5_sl_monthly__ERA5__reanalysis__ws10m__surface__monthly__2006-2006__m10__NH0_90__grid_1p0.grib,65628,1776259440
2026-04-15T16:39:58Z,/mnt/e/last-aticol/data/raw/era5/single-levels/10m_wind_speed/monthly,cds__era5_sl_monthly__ERA5__reanalysis__ws10m__surface__monthly__2006-2006__m11__NH0_90__grid_1p0.grib,/mnt/e/last-aticol/data/raw/era5/single-levels/10m_wind_speed/monthly/cds__era5_sl_monthly__ERA5__reanalysis__ws10m__surface__monthly__2006-2006__m11__NH0_90__grid_1p0.grib,65628,1776259462
2026-04-15T16:39:58Z,/mnt/e/last-aticol/data/raw/era5/single-levels/10m_wind_speed/monthly,cds__era5_sl_monthly__ERA5__reanalysis__ws10m__surface__monthly__2006-2006__m12__NH0_90__grid_1p0.grib,/mnt/e/last-aticol/data/raw/era5/single-levels/10m_wind_speed/monthly/cds__era5_sl_monthly__ERA5__reanalysis__ws10m__surface__monthly__2006-2006__m12__NH0_90__grid_1p0.grib,65628,1776259484
2026-04-15T16:39:58Z,/mnt/e/last-aticol/data/raw/era5/single-levels/10m_wind_speed/monthly,cds__era5_sl_monthly__ERA5__reanalysis__ws10m__surface__monthly__2007-2007__m01__NH0_90__grid_1p0.grib,/mnt/e/last-aticol/data/raw/era5/single-levels/10m_wind_speed/monthly/cds__era5_sl_monthly__ERA5__reanalysis__ws10m__surface__monthly__2007-2007__m01__NH0_90__grid_1p0.grib,65628,1776259506
2026-04-15T16:39:58Z,/mnt/e/last-aticol/data/raw/era5/single-levels/10m_wind_speed/monthly,cds__era5_sl_monthly__ERA5__reanalysis__ws10m__surface__monthly__2007-2007__m02__NH0_90__grid_1p0.grib,/mnt/e/last-aticol/data/raw/era5/single-levels/10m_wind_speed/monthly/cds__era5_sl_monthly__ERA5__reanalysis__ws10m__surface__monthly__2007-2007__m02__NH0_90__grid_1p0.grib,65628,1776259539
2026-04-15T16:39:58Z,/mnt/e/last-aticol/data/raw/era5/single-levels/10m_wind_speed/monthly,cds__era5_sl_monthly__ERA5__reanalysis__ws10m__surface__monthly__2007-2007__m03__NH0_90__grid_1p0.grib,/mnt/e/last-aticol/data/raw/era5/single-levels/10m_wind_speed/monthly/cds__era5_sl_monthly__ERA5__reanalysis__ws10m__surface__monthly__2007-2007__m03__NH0_90__grid_1p0.grib,65628,1776259562
2026-04-15T16:39:58Z,/mnt/e/last-aticol/data/raw/era5/single-levels/10m_wind_speed/monthly,cds__era5_sl_monthly__ERA5__reanalysis__ws10m__surface__monthly__2007-2007__m04__NH0_90__grid_1p0.grib,/mnt/e/last-aticol/data/raw/era5/single-levels/10m_wind_speed/monthly/cds__era5_sl_monthly__ERA5__reanalysis__ws10m__surface__monthly__2007-2007__m04__NH0_90__grid_1p0.grib,65628,1776259595
2026-04-15T16:39:58Z,/mnt/e/last-aticol/data/raw/era5/single-levels/10m_wind_speed/monthly,cds__era5_sl_monthly__ERA5__reanalysis__ws10m__surface__monthly__2007-2007__m05__NH0_90__grid_1p0.grib,/mnt/e/last-aticol/data/raw/era5/single-levels/10m_wind_speed/monthly/cds__era5_sl_monthly__ERA5__reanalysis__ws10m__surface__monthly__2007-2007__m05__NH0_90__grid_1p0.grib,65628,1776259666
2026-04-15T16:39:58Z,/mnt/e/last-aticol/data/raw/era5/single-levels/10m_wind_speed/monthly,cds__era5_sl_monthly__ERA5__reanalysis__ws10m__surface__monthly__2007-2007__m06__NH0_90__grid_1p0.grib,/mnt/e/last-aticol/data/raw/era5/single-levels/10m_wind_speed/monthly/cds__era5_sl_monthly__ERA5__reanalysis__ws10m__surface__monthly__2007-2007__m06__NH0_90__grid_1p0.grib,65628,1776259699
2026-04-15T16:39:58Z,/mnt/e/last-aticol/data/raw/era5/single-levels/10m_wind_speed/monthly,cds__era5_sl_monthly__ERA5__reanalysis__ws10m__surface__monthly__2007-2007__m07__NH0_90__grid_1p0.grib,/mnt/e/last-aticol/data/raw/era5/single-levels/10m_wind_speed/monthly/cds__era5_sl_monthly__ERA5__reanalysis__ws10m__surface__monthly__2007-2007__m07__NH0_90__grid_1p0.grib,65628,1776259721
2026-04-15T16:39:58Z,/mnt/e/last-aticol/data/raw/era5/single-levels/10m_wind_speed/monthly,cds__era5_sl_monthly__ERA5__reanalysis__ws10m__surface__monthly__2007-2007__m08__NH0_90__grid_1p0.grib,/mnt/e/last-aticol/data/raw/era5/single-levels/10m_wind_speed/monthly/cds__era5_sl_monthly__ERA5__reanalysis__ws10m__surface__monthly__2007-2007__m08__NH0_90__grid_1p0.grib,65628,1776259743
2026-04-15T16:39:58Z,/mnt/e/last-aticol/data/raw/era5/single-levels/10m_wind_speed/monthly,cds__era5_sl_monthly__ERA5__reanalysis__ws10m__surface__monthly__2007-2007__m09__NH0_90__grid_1p0.grib,/mnt/e/last-aticol/data/raw/era5/single-levels/10m_wind_speed/monthly/cds__era5_sl_monthly__ERA5__reanalysis__ws10m__surface__monthly__2007-2007__m09__NH0_90__grid_1p0.grib,65628,1776259765
2026-04-15T16:39:58Z,/mnt/e/last-aticol/data/raw/era5/single-levels/10m_wind_speed/monthly,cds__era5_sl_monthly__ERA5__reanalysis__ws10m__surface__monthly__2007-2007__m10__NH0_90__grid_1p0.grib,/mnt/e/last-aticol/data/raw/era5/single-levels/10m_wind_speed/monthly/cds__era5_sl_monthly__ERA5__reanalysis__ws10m__surface__monthly__2007-2007__m10__NH0_90__grid_1p0.grib,65628,1776259798
2026-04-15T16:39:58Z,/mnt/e/last-aticol/data/raw/era5/single-levels/10m_wind_speed/monthly,cds__era5_sl_monthly__ERA5__reanalysis__ws10m__surface__monthly__2007-2007__m11__NH0_90__grid_1p0.grib,/mnt/e/last-aticol/data/raw/era5/single-levels/10m_wind_speed/monthly/cds__era5_sl_monthly__ERA5__reanalysis__ws10m__surface__monthly__2007-2007__m11__NH0_90__grid_1p0.grib,65628,1776259820
2026-04-15T16:39:58Z,/mnt/e/last-aticol/data/raw/era5/single-levels/10m_wind_speed/monthly,cds__era5_sl_monthly__ERA5__reanalysis__ws10m__surface__monthly__2007-2007__m12__NH0_90__grid_1p0.grib,/mnt/e/last-aticol/data/raw/era5/single-levels/10m_wind_speed/monthly/cds__era5_sl_monthly__ERA5__reanalysis__ws10m__surface__monthly__2007-2007__m12__NH0_90__grid_1p0.grib,65628,1776259856
2026-04-15T16:39:58Z,/mnt/e/last-aticol/data/raw/era5/single-levels/10m_wind_speed/monthly,cds__era5_sl_monthly__ERA5__reanalysis__ws10m__surface__monthly__2008-2008__m01__NH0_90__grid_1p0.grib,/mnt/e/last-aticol/data/raw/era5/single-levels/10m_wind_speed/monthly/cds__era5_sl_monthly__ERA5__reanalysis__ws10m__surface__monthly__2008-2008__m01__NH0_90__grid_1p0.grib,65628,1776259890
2026-04-15T16:39:58Z,/mnt/e/last-aticol/data/raw/era5/single-levels/10m_wind_speed/monthly,cds__era5_sl_monthly__ERA5__reanalysis__ws10m__surface__monthly__2008-2008__m02__NH0_90__grid_1p0.grib,/mnt/e/last-aticol/data/raw/era5/single-levels/10m_wind_speed/monthly/cds__era5_sl_monthly__ERA5__reanalysis__ws10m__surface__monthly__2008-2008__m02__NH0_90__grid_1p0.grib,65628,1776259912
2026-04-15T16:39:58Z,/mnt/e/last-aticol/data/raw/era5/single-levels/10m_wind_speed/monthly,cds__era5_sl_monthly__ERA5__reanalysis__ws10m__surface__monthly__2008-2008__m03__NH0_90__grid_1p0.grib,/mnt/e/last-aticol/data/raw/era5/single-levels/10m_wind_speed/monthly/cds__era5_sl_monthly__ERA5__reanalysis__ws10m__surface__monthly__2008-2008__m03__NH0_90__grid_1p0.grib,65628,1776259935
2026-04-15T16:39:58Z,/mnt/e/last-aticol/data/raw/era5/single-levels/10m_wind_speed/monthly,cds__era5_sl_monthly__ERA5__reanalysis__ws10m__surface__monthly__2008-2008__m04__NH0_90__grid_1p0.grib,/mnt/e/last-aticol/data/raw/era5/single-levels/10m_wind_speed/monthly/cds__era5_sl_monthly__ERA5__reanalysis__ws10m__surface__monthly__2008-2008__m04__NH0_90__grid_1p0.grib,65628,1776259968
2026-04-15T16:39:58Z,/mnt/e/last-aticol/data/raw/era5/single-levels/10m_wind_speed/monthly,cds__era5_sl_monthly__ERA5__reanalysis__ws10m__surface__monthly__2008-2008__m05__NH0_90__grid_1p0.grib,/mnt/e/last-aticol/data/raw/era5/single-levels/10m_wind_speed/monthly/cds__era5_sl_monthly__ERA5__reanalysis__ws10m__surface__monthly__2008-2008__m05__NH0_90__grid_1p0.grib,65628,1776259990
2026-04-15T16:39:58Z,/mnt/e/last-aticol/data/raw/era5/single-levels/10m_wind_speed/monthly,cds__era5_sl_monthly__ERA5__reanalysis__ws10m__surface__monthly__2008-2008__m06__NH0_90__grid_1p0.grib,/mnt/e/last-aticol/data/raw/era5/single-levels/10m_wind_speed/monthly/cds__era5_sl_monthly__ERA5__reanalysis__ws10m__surface__monthly__2008-2008__m06__NH0_90__grid_1p0.grib,65628,1776260025
2026-04-15T16:39:58Z,/mnt/e/last-aticol/data/raw/era5/single-levels/10m_wind_speed/monthly,cds__era5_sl_monthly__ERA5__reanalysis__ws10m__surface__monthly__2008-2008__m07__NH0_90__grid_1p0.grib,/mnt/e/last-aticol/data/raw/era5/single-levels/10m_wind_speed/monthly/cds__era5_sl_monthly__ERA5__reanalysis__ws10m__surface__monthly__2008-2008__m07__NH0_90__grid_1p0.grib,65628,1776260048
2026-04-15T16:39:58Z,/mnt/e/last-aticol/data/raw/era5/single-levels/10m_wind_speed/monthly,cds__era5_sl_monthly__ERA5__reanalysis__ws10m__surface__monthly__2008-2008__m08__NH0_90__grid_1p0.grib,/mnt/e/last-aticol/data/raw/era5/single-levels/10m_wind_speed/monthly/cds__era5_sl_monthly__ERA5__reanalysis__ws10m__surface__monthly__2008-2008__m08__NH0_90__grid_1p0.grib,65628,1776260081
2026-04-15T16:39:58Z,/mnt/e/last-aticol/data/raw/era5/single-levels/10m_wind_speed/monthly,cds__era5_sl_monthly__ERA5__reanalysis__ws10m__surface__monthly__2008-2008__m09__NH0_90__grid_1p0.grib,/mnt/e/last-aticol/data/raw/era5/single-levels/10m_wind_speed/monthly/cds__era5_sl_monthly__ERA5__reanalysis__ws10m__surface__monthly__2008-2008__m09__NH0_90__grid_1p0.grib,65628,1776260103
2026-04-15T16:39:58Z,/mnt/e/last-aticol/data/raw/era5/single-levels/10m_wind_speed/monthly,cds__era5_sl_monthly__ERA5__reanalysis__ws10m__surface__monthly__2008-2008__m10__NH0_90__grid_1p0.grib,/mnt/e/last-aticol/data/raw/era5/single-levels/10m_wind_speed/monthly/cds__era5_sl_monthly__ERA5__reanalysis__ws10m__surface__monthly__2008-2008__m10__NH0_90__grid_1p0.grib,65628,1776260125
2026-04-15T16:39:58Z,/mnt/e/last-aticol/data/raw/era5/single-levels/10m_wind_speed/monthly,cds__era5_sl_monthly__ERA5__reanalysis__ws10m__surface__monthly__2008-2008__m11__NH0_90__grid_1p0.grib,/mnt/e/last-aticol/data/raw/era5/single-levels/10m_wind_speed/monthly/cds__era5_sl_monthly__ERA5__reanalysis__ws10m__surface__monthly__2008-2008__m11__NH0_90__grid_1p0.grib,65628,1776260157
2026-04-15T16:39:58Z,/mnt/e/last-aticol/data/raw/era5/single-levels/10m_wind_speed/monthly,cds__era5_sl_monthly__ERA5__reanalysis__ws10m__surface__monthly__2008-2008__m12__NH0_90__grid_1p0.grib,/mnt/e/last-aticol/data/raw/era5/single-levels/10m_wind_speed/monthly/cds__era5_sl_monthly__ERA5__reanalysis__ws10m__surface__monthly__2008-2008__m12__NH0_90__grid_1p0.grib,65628,1776260204
2026-04-15T16:39:58Z,/mnt/e/last-aticol/data/raw/era5/single-levels/10m_wind_speed/monthly,cds__era5_sl_monthly__ERA5__reanalysis__ws10m__surface__monthly__2009-2009__m01__NH0_90__grid_1p0.grib,/mnt/e/last-aticol/data/raw/era5/single-levels/10m_wind_speed/monthly/cds__era5_sl_monthly__ERA5__reanalysis__ws10m__surface__monthly__2009-2009__m01__NH0_90__grid_1p0.grib,65628,1776260227
2026-04-15T16:39:58Z,/mnt/e/last-aticol/data/raw/era5/single-levels/10m_wind_speed/monthly,cds__era5_sl_monthly__ERA5__reanalysis__ws10m__surface__monthly__2009-2009__m02__NH0_90__grid_1p0.grib,/mnt/e/last-aticol/data/raw/era5/single-levels/10m_wind_speed/monthly/cds__era5_sl_monthly__ERA5__reanalysis__ws10m__surface__monthly__2009-2009__m02__NH0_90__grid_1p0.grib,65628,1776260249
2026-04-15T16:39:58Z,/mnt/e/last-aticol/data/raw/era5/single-levels/10m_wind_speed/monthly,cds__era5_sl_monthly__ERA5__reanalysis__ws10m__surface__monthly__2009-2009__m03__NH0_90__grid_1p0.grib,/mnt/e/last-aticol/data/raw/era5/single-levels/10m_wind_speed/monthly/cds__era5_sl_monthly__ERA5__reanalysis__ws10m__surface__monthly__2009-2009__m03__NH0_90__grid_1p0.grib,65628,1776260271
2026-04-15T16:39:58Z,/mnt/e/last-aticol/data/raw/era5/single-levels/10m_wind_speed/monthly,cds__era5_sl_monthly__ERA5__reanalysis__ws10m__surface__monthly__2009-2009__m04__NH0_90__grid_1p0.grib,/mnt/e/last-aticol/data/raw/era5/single-levels/10m_wind_speed/monthly/cds__era5_sl_monthly__ERA5__reanalysis__ws10m__surface__monthly__2009-2009__m04__NH0_90__grid_1p0.grib,65628,1776260303
2026-04-15T16:39:58Z,/mnt/e/last-aticol/data/raw/era5/single-levels/10m_wind_speed/monthly,cds__era5_sl_monthly__ERA5__reanalysis__ws10m__surface__monthly__2009-2009__m05__NH0_90__grid_1p0.grib,/mnt/e/last-aticol/data/raw/era5/single-levels/10m_wind_speed/monthly/cds__era5_sl_monthly__ERA5__reanalysis__ws10m__surface__monthly__2009-2009__m05__NH0_90__grid_1p0.grib,65628,1776260337
2026-04-15T16:39:58Z,/mnt/e/last-aticol/data/raw/era5/single-levels/10m_wind_speed/monthly,cds__era5_sl_monthly__ERA5__reanalysis__ws10m__surface__monthly__2009-2009__m06__NH0_90__grid_1p0.grib,/mnt/e/last-aticol/data/raw/era5/single-levels/10m_wind_speed/monthly/cds__era5_sl_monthly__ERA5__reanalysis__ws10m__surface__monthly__2009-2009__m06__NH0_90__grid_1p0.grib,65628,1776260370
2026-04-15T16:39:58Z,/mnt/e/last-aticol/data/raw/era5/single-levels/10m_wind_speed/monthly,cds__era5_sl_monthly__ERA5__reanalysis__ws10m__surface__monthly__2009-2009__m07__NH0_90__grid_1p0.grib,/mnt/e/last-aticol/data/raw/era5/single-levels/10m_wind_speed/monthly/cds__era5_sl_monthly__ERA5__reanalysis__ws10m__surface__monthly__2009-2009__m07__NH0_90__grid_1p0.grib,65628,1776260403
2026-04-15T16:39:58Z,/mnt/e/last-aticol/data/raw/era5/single-levels/10m_wind_speed/monthly,cds__era5_sl_monthly__ERA5__reanalysis__ws10m__surface__monthly__2009-2009__m08__NH0_90__grid_1p0.grib,/mnt/e/last-aticol/data/raw/era5/single-levels/10m_wind_speed/monthly/cds__era5_sl_monthly__ERA5__reanalysis__ws10m__surface__monthly__2009-2009__m08__NH0_90__grid_1p0.grib,65628,1776260435
2026-04-15T16:39:58Z,/mnt/e/last-aticol/data/raw/era5/single-levels/10m_wind_speed/monthly,cds__era5_sl_monthly__ERA5__reanalysis__ws10m__surface__monthly__2009-2009__m09__NH0_90__grid_1p0.grib,/mnt/e/last-aticol/data/raw/era5/single-levels/10m_wind_speed/monthly/cds__era5_sl_monthly__ERA5__reanalysis__ws10m__surface__monthly__2009-2009__m09__NH0_90__grid_1p0.grib,65628,1776260468
2026-04-15T16:39:58Z,/mnt/e/last-aticol/data/raw/era5/single-levels/10m_wind_speed/monthly,cds__era5_sl_monthly__ERA5__reanalysis__ws10m__surface__monthly__2009-2009__m10__NH0_90__grid_1p0.grib,/mnt/e/last-aticol/data/raw/era5/single-levels/10m_wind_speed/monthly/cds__era5_sl_monthly__ERA5__reanalysis__ws10m__surface__monthly__2009-2009__m10__NH0_90__grid_1p0.grib,65628,1776260492
2026-04-15T16:39:58Z,/mnt/e/last-aticol/data/raw/era5/single-levels/10m_wind_speed/monthly,cds__era5_sl_monthly__ERA5__reanalysis__ws10m__surface__monthly__2009-2009__m11__NH0_90__grid_1p0.grib,/mnt/e/last-aticol/data/raw/era5/single-levels/10m_wind_speed/monthly/cds__era5_sl_monthly__ERA5__reanalysis__ws10m__surface__monthly__2009-2009__m11__NH0_90__grid_1p0.grib,65628,1776260644
2026-04-15T16:39:58Z,/mnt/e/last-aticol/data/raw/era5/single-levels/10m_wind_speed/monthly,cds__era5_sl_monthly__ERA5__reanalysis__ws10m__surface__monthly__2009-2009__m12__NH0_90__grid_1p0.grib,/mnt/e/last-aticol/data/raw/era5/single-levels/10m_wind_speed/monthly/cds__era5_sl_monthly__ERA5__reanalysis__ws10m__surface__monthly__2009-2009__m12__NH0_90__grid_1p0.grib,65628,1776260667
2026-04-15T16:39:58Z,/mnt/e/last-aticol/data/raw/era5/single-levels/10m_wind_speed/monthly,cds__era5_sl_monthly__ERA5__reanalysis__ws10m__surface__monthly__2010-2010__m01__NH0_90__grid_1p0.grib,/mnt/e/last-aticol/data/raw/era5/single-levels/10m_wind_speed/monthly/cds__era5_sl_monthly__ERA5__reanalysis__ws10m__surface__monthly__2010-2010__m01__NH0_90__grid_1p0.grib,65628,1776260690
2026-04-15T16:39:58Z,/mnt/e/last-aticol/data/raw/era5/single-levels/10m_wind_speed/monthly,cds__era5_sl_monthly__ERA5__reanalysis__ws10m__surface__monthly__2010-2010__m02__NH0_90__grid_1p0.grib,/mnt/e/last-aticol/data/raw/era5/single-levels/10m_wind_speed/monthly/cds__era5_sl_monthly__ERA5__reanalysis__ws10m__surface__monthly__2010-2010__m02__NH0_90__grid_1p0.grib,65628,1776260705
2026-04-15T16:39:58Z,/mnt/e/last-aticol/data/raw/era5/single-levels/10m_wind_speed/monthly,cds__era5_sl_monthly__ERA5__reanalysis__ws10m__surface__monthly__2010-2010__m03__NH0_90__grid_1p0.grib,/mnt/e/last-aticol/data/raw/era5/single-levels/10m_wind_speed/monthly/cds__era5_sl_monthly__ERA5__reanalysis__ws10m__surface__monthly__2010-2010__m03__NH0_90__grid_1p0.grib,65628,1776260843
2026-04-15T16:39:58Z,/mnt/e/last-aticol/data/raw/era5/single-levels/10m_wind_speed/monthly,cds__era5_sl_monthly__ERA5__reanalysis__ws10m__surface__monthly__2010-2010__m04__NH0_90__grid_1p0.grib,/mnt/e/last-aticol/data/raw/era5/single-levels/10m_wind_speed/monthly/cds__era5_sl_monthly__ERA5__reanalysis__ws10m__surface__monthly__2010-2010__m04__NH0_90__grid_1p0.grib,65628,1776260866
2026-04-15T16:39:58Z,/mnt/e/last-aticol/data/raw/era5/single-levels/10m_wind_speed/monthly,cds__era5_sl_monthly__ERA5__reanalysis__ws10m__surface__monthly__2010-2010__m05__NH0_90__grid_1p0.grib,/mnt/e/last-aticol/data/raw/era5/single-levels/10m_wind_speed/monthly/cds__era5_sl_monthly__ERA5__reanalysis__ws10m__surface__monthly__2010-2010__m05__NH0_90__grid_1p0.grib,65628,1776260899
2026-04-15T16:39:58Z,/mnt/e/last-aticol/data/raw/era5/single-levels/10m_wind_speed/monthly,cds__era5_sl_monthly__ERA5__reanalysis__ws10m__surface__monthly__2010-2010__m06__NH0_90__grid_1p0.grib,/mnt/e/last-aticol/data/raw/era5/single-levels/10m_wind_speed/monthly/cds__era5_sl_monthly__ERA5__reanalysis__ws10m__surface__monthly__2010-2010__m06__NH0_90__grid_1p0.grib,65628,1776260921
2026-04-15T16:39:58Z,/mnt/e/last-aticol/data/raw/era5/single-levels/10m_wind_speed/monthly,cds__era5_sl_monthly__ERA5__reanalysis__ws10m__surface__monthly__2010-2010__m07__NH0_90__grid_1p0.grib,/mnt/e/last-aticol/data/raw/era5/single-levels/10m_wind_speed/monthly/cds__era5_sl_monthly__ERA5__reanalysis__ws10m__surface__monthly__2010-2010__m07__NH0_90__grid_1p0.grib,65628,1776260954
2026-04-15T16:39:58Z,/mnt/e/last-aticol/data/raw/era5/single-levels/10m_wind_speed/monthly,cds__era5_sl_monthly__ERA5__reanalysis__ws10m__surface__monthly__2010-2010__m08__NH0_90__grid_1p0.grib,/mnt/e/last-aticol/data/raw/era5/single-levels/10m_wind_speed/monthly/cds__era5_sl_monthly__ERA5__reanalysis__ws10m__surface__monthly__2010-2010__m08__NH0_90__grid_1p0.grib,65628,1776260986
2026-04-15T16:39:58Z,/mnt/e/last-aticol/data/raw/era5/single-levels/10m_wind_speed/monthly,cds__era5_sl_monthly__ERA5__reanalysis__ws10m__surface__monthly__2010-2010__m09__NH0_90__grid_1p0.grib,/mnt/e/last-aticol/data/raw/era5/single-levels/10m_wind_speed/monthly/cds__era5_sl_monthly__ERA5__reanalysis__ws10m__surface__monthly__2010-2010__m09__NH0_90__grid_1p0.grib,65628,1776261009
2026-04-15T16:39:58Z,/mnt/e/last-aticol/data/raw/era5/single-levels/10m_wind_speed/monthly,cds__era5_sl_monthly__ERA5__reanalysis__ws10m__surface__monthly__2010-2010__m10__NH0_90__grid_1p0.grib,/mnt/e/last-aticol/data/raw/era5/single-levels/10m_wind_speed/monthly/cds__era5_sl_monthly__ERA5__reanalysis__ws10m__surface__monthly__2010-2010__m10__NH0_90__grid_1p0.grib,65628,1776261041
2026-04-15T16:39:59Z,/mnt/e/last-aticol/data/raw/era5/single-levels/10m_wind_speed/monthly,cds__era5_sl_monthly__ERA5__reanalysis__ws10m__surface__monthly__2010-2010__m11__NH0_90__grid_1p0.grib,/mnt/e/last-aticol/data/raw/era5/single-levels/10m_wind_speed/monthly/cds__era5_sl_monthly__ERA5__reanalysis__ws10m__surface__monthly__2010-2010__m11__NH0_90__grid_1p0.grib,65628,1776261074
2026-04-15T16:39:59Z,/mnt/e/last-aticol/data/raw/era5/single-levels/10m_wind_speed/monthly,cds__era5_sl_monthly__ERA5__reanalysis__ws10m__surface__monthly__2010-2010__m12__NH0_90__grid_1p0.grib,/mnt/e/last-aticol/data/raw/era5/single-levels/10m_wind_speed/monthly/cds__era5_sl_monthly__ERA5__reanalysis__ws10m__surface__monthly__2010-2010__m12__NH0_90__grid_1p0.grib,65628,1776261096
2026-04-15T16:39:59Z,/mnt/e/last-aticol/data/raw/era5/single-levels/10m_wind_speed/monthly,cds__era5_sl_monthly__ERA5__reanalysis__ws10m__surface__monthly__2011-2011__m01__NH0_90__grid_1p0.grib,/mnt/e/last-aticol/data/raw/era5/single-levels/10m_wind_speed/monthly/cds__era5_sl_monthly__ERA5__reanalysis__ws10m__surface__monthly__2011-2011__m01__NH0_90__grid_1p0.grib,65628,1776261118
2026-04-15T16:39:59Z,/mnt/e/last-aticol/data/raw/era5/single-levels/10m_wind_speed/monthly,cds__era5_sl_monthly__ERA5__reanalysis__ws10m__surface__monthly__2011-2011__m02__NH0_90__grid_1p0.grib,/mnt/e/last-aticol/data/raw/era5/single-levels/10m_wind_speed/monthly/cds__era5_sl_monthly__ERA5__reanalysis__ws10m__surface__monthly__2011-2011__m02__NH0_90__grid_1p0.grib,65628,1776261140
2026-04-15T16:39:59Z,/mnt/e/last-aticol/data/raw/era5/single-levels/10m_wind_speed/monthly,cds__era5_sl_monthly__ERA5__reanalysis__ws10m__surface__monthly__2011-2011__m03__NH0_90__grid_1p0.grib,/mnt/e/last-aticol/data/raw/era5/single-levels/10m_wind_speed/monthly/cds__era5_sl_monthly__ERA5__reanalysis__ws10m__surface__monthly__2011-2011__m03__NH0_90__grid_1p0.grib,65628,1776261162
2026-04-15T16:39:59Z,/mnt/e/last-aticol/data/raw/era5/single-levels/10m_wind_speed/monthly,cds__era5_sl_monthly__ERA5__reanalysis__ws10m__surface__monthly__2011-2011__m04__NH0_90__grid_1p0.grib,/mnt/e/last-aticol/data/raw/era5/single-levels/10m_wind_speed/monthly/cds__era5_sl_monthly__ERA5__reanalysis__ws10m__surface__monthly__2011-2011__m04__NH0_90__grid_1p0.grib,65628,1776261184
2026-04-15T16:39:59Z,/mnt/e/last-aticol/data/raw/era5/single-levels/10m_wind_speed/monthly,cds__era5_sl_monthly__ERA5__reanalysis__ws10m__surface__monthly__2011-2011__m05__NH0_90__grid_1p0.grib,/mnt/e/last-aticol/data/raw/era5/single-levels/10m_wind_speed/monthly/cds__era5_sl_monthly__ERA5__reanalysis__ws10m__surface__monthly__2011-2011__m05__NH0_90__grid_1p0.grib,65628,1776261206
2026-04-15T16:39:59Z,/mnt/e/last-aticol/data/raw/era5/single-levels/10m_wind_speed/monthly,cds__era5_sl_monthly__ERA5__reanalysis__ws10m__surface__monthly__2011-2011__m06__NH0_90__grid_1p0.grib,/mnt/e/last-aticol/data/raw/era5/single-levels/10m_wind_speed/monthly/cds__era5_sl_monthly__ERA5__reanalysis__ws10m__surface__monthly__2011-2011__m06__NH0_90__grid_1p0.grib,65628,1776261221
2026-04-15T16:39:59Z,/mnt/e/last-aticol/data/raw/era5/single-levels/10m_wind_speed/monthly,cds__era5_sl_monthly__ERA5__reanalysis__ws10m__surface__monthly__2011-2011__m07__NH0_90__grid_1p0.grib,/mnt/e/last-aticol/data/raw/era5/single-levels/10m_wind_speed/monthly/cds__era5_sl_monthly__ERA5__reanalysis__ws10m__surface__monthly__2011-2011__m07__NH0_90__grid_1p0.grib,65628,1776261244
2026-04-15T16:39:59Z,/mnt/e/last-aticol/data/raw/era5/single-levels/10m_wind_speed/monthly,cds__era5_sl_monthly__ERA5__reanalysis__ws10m__surface__monthly__2011-2011__m08__NH0_90__grid_1p0.grib,/mnt/e/last-aticol/data/raw/era5/single-levels/10m_wind_speed/monthly/cds__era5_sl_monthly__ERA5__reanalysis__ws10m__surface__monthly__2011-2011__m08__NH0_90__grid_1p0.grib,65628,1776261267
2026-04-15T16:39:59Z,/mnt/e/last-aticol/data/raw/era5/single-levels/10m_wind_speed/monthly,cds__era5_sl_monthly__ERA5__reanalysis__ws10m__surface__monthly__2011-2011__m09__NH0_90__grid_1p0.grib,/mnt/e/last-aticol/data/raw/era5/single-levels/10m_wind_speed/monthly/cds__era5_sl_monthly__ERA5__reanalysis__ws10m__surface__monthly__2011-2011__m09__NH0_90__grid_1p0.grib,65628,1776261283
2026-04-15T16:39:59Z,/mnt/e/last-aticol/data/raw/era5/single-levels/10m_wind_speed/monthly,cds__era5_sl_monthly__ERA5__reanalysis__ws10m__surface__monthly__2011-2011__m10__NH0_90__grid_1p0.grib,/mnt/e/last-aticol/data/raw/era5/single-levels/10m_wind_speed/monthly/cds__era5_sl_monthly__ERA5__reanalysis__ws10m__surface__monthly__2011-2011__m10__NH0_90__grid_1p0.grib,65628,1776261298
2026-04-15T16:39:59Z,/mnt/e/last-aticol/data/raw/era5/single-levels/10m_wind_speed/monthly,cds__era5_sl_monthly__ERA5__reanalysis__ws10m__surface__monthly__2011-2011__m11__NH0_90__grid_1p0.grib,/mnt/e/last-aticol/data/raw/era5/single-levels/10m_wind_speed/monthly/cds__era5_sl_monthly__ERA5__reanalysis__ws10m__surface__monthly__2011-2011__m11__NH0_90__grid_1p0.grib,65628,1776261330
2026-04-15T16:39:59Z,/mnt/e/last-aticol/data/raw/era5/single-levels/10m_wind_speed/monthly,cds__era5_sl_monthly__ERA5__reanalysis__ws10m__surface__monthly__2011-2011__m12__NH0_90__grid_1p0.grib,/mnt/e/last-aticol/data/raw/era5/single-levels/10m_wind_speed/monthly/cds__era5_sl_monthly__ERA5__reanalysis__ws10m__surface__monthly__2011-2011__m12__NH0_90__grid_1p0.grib,65628,1776261353
2026-04-15T16:39:59Z,/mnt/e/last-aticol/data/raw/era5/single-levels/10m_wind_speed/monthly,cds__era5_sl_monthly__ERA5__reanalysis__ws10m__surface__monthly__2012-2012__m01__NH0_90__grid_1p0.grib,/mnt/e/last-aticol/data/raw/era5/single-levels/10m_wind_speed/monthly/cds__era5_sl_monthly__ERA5__reanalysis__ws10m__surface__monthly__2012-2012__m01__NH0_90__grid_1p0.grib,65628,1776261375
2026-04-15T16:39:59Z,/mnt/e/last-aticol/data/raw/era5/single-levels/10m_wind_speed/monthly,cds__era5_sl_monthly__ERA5__reanalysis__ws10m__surface__monthly__2012-2012__m02__NH0_90__grid_1p0.grib,/mnt/e/last-aticol/data/raw/era5/single-levels/10m_wind_speed/monthly/cds__era5_sl_monthly__ERA5__reanalysis__ws10m__surface__monthly__2012-2012__m02__NH0_90__grid_1p0.grib,65628,1776261399
2026-04-15T16:39:59Z,/mnt/e/last-aticol/data/raw/era5/single-levels/10m_wind_speed/monthly,cds__era5_sl_monthly__ERA5__reanalysis__ws10m__surface__monthly__2012-2012__m03__NH0_90__grid_1p0.grib,/mnt/e/last-aticol/data/raw/era5/single-levels/10m_wind_speed/monthly/cds__era5_sl_monthly__ERA5__reanalysis__ws10m__surface__monthly__2012-2012__m03__NH0_90__grid_1p0.grib,65628,1776261421
2026-04-15T16:39:59Z,/mnt/e/last-aticol/data/raw/era5/single-levels/10m_wind_speed/monthly,cds__era5_sl_monthly__ERA5__reanalysis__ws10m__surface__monthly__2012-2012__m04__NH0_90__grid_1p0.grib,/mnt/e/last-aticol/data/raw/era5/single-levels/10m_wind_speed/monthly/cds__era5_sl_monthly__ERA5__reanalysis__ws10m__surface__monthly__2012-2012__m04__NH0_90__grid_1p0.grib,65628,1776261443
2026-04-15T16:39:59Z,/mnt/e/last-aticol/data/raw/era5/single-levels/10m_wind_speed/monthly,cds__era5_sl_monthly__ERA5__reanalysis__ws10m__surface__monthly__2012-2012__m05__NH0_90__grid_1p0.grib,/mnt/e/last-aticol/data/raw/era5/single-levels/10m_wind_speed/monthly/cds__era5_sl_monthly__ERA5__reanalysis__ws10m__surface__monthly__2012-2012__m05__NH0_90__grid_1p0.grib,65628,1776261465
2026-04-15T16:39:59Z,/mnt/e/last-aticol/data/raw/era5/single-levels/10m_wind_speed/monthly,cds__era5_sl_monthly__ERA5__reanalysis__ws10m__surface__monthly__2012-2012__m06__NH0_90__grid_1p0.grib,/mnt/e/last-aticol/data/raw/era5/single-levels/10m_wind_speed/monthly/cds__era5_sl_monthly__ERA5__reanalysis__ws10m__surface__monthly__2012-2012__m06__NH0_90__grid_1p0.grib,65628,1776261498
2026-04-15T16:39:59Z,/mnt/e/last-aticol/data/raw/era5/single-levels/10m_wind_speed/monthly,cds__era5_sl_monthly__ERA5__reanalysis__ws10m__surface__monthly__2012-2012__m07__NH0_90__grid_1p0.grib,/mnt/e/last-aticol/data/raw/era5/single-levels/10m_wind_speed/monthly/cds__era5_sl_monthly__ERA5__reanalysis__ws10m__surface__monthly__2012-2012__m07__NH0_90__grid_1p0.grib,65628,1776261531
2026-04-15T16:39:59Z,/mnt/e/last-aticol/data/raw/era5/single-levels/10m_wind_speed/monthly,cds__era5_sl_monthly__ERA5__reanalysis__ws10m__surface__monthly__2012-2012__m08__NH0_90__grid_1p0.grib,/mnt/e/last-aticol/data/raw/era5/single-levels/10m_wind_speed/monthly/cds__era5_sl_monthly__ERA5__reanalysis__ws10m__surface__monthly__2012-2012__m08__NH0_90__grid_1p0.grib,65628,1776261553
2026-04-15T16:39:59Z,/mnt/e/last-aticol/data/raw/era5/single-levels/10m_wind_speed/monthly,cds__era5_sl_monthly__ERA5__reanalysis__ws10m__surface__monthly__2012-2012__m09__NH0_90__grid_1p0.grib,/mnt/e/last-aticol/data/raw/era5/single-levels/10m_wind_speed/monthly/cds__era5_sl_monthly__ERA5__reanalysis__ws10m__surface__monthly__2012-2012__m09__NH0_90__grid_1p0.grib,65628,1776261575
2026-04-15T16:39:59Z,/mnt/e/last-aticol/data/raw/era5/single-levels/10m_wind_speed/monthly,cds__era5_sl_monthly__ERA5__reanalysis__ws10m__surface__monthly__2012-2012__m10__NH0_90__grid_1p0.grib,/mnt/e/last-aticol/data/raw/era5/single-levels/10m_wind_speed/monthly/cds__era5_sl_monthly__ERA5__reanalysis__ws10m__surface__monthly__2012-2012__m10__NH0_90__grid_1p0.grib,65628,1776261597
2026-04-15T16:39:59Z,/mnt/e/last-aticol/data/raw/era5/single-levels/10m_wind_speed/monthly,cds__era5_sl_monthly__ERA5__reanalysis__ws10m__surface__monthly__2012-2012__m11__NH0_90__grid_1p0.grib,/mnt/e/last-aticol/data/raw/era5/single-levels/10m_wind_speed/monthly/cds__era5_sl_monthly__ERA5__reanalysis__ws10m__surface__monthly__2012-2012__m11__NH0_90__grid_1p0.grib,65628,1776261619
2026-04-15T16:39:59Z,/mnt/e/last-aticol/data/raw/era5/single-levels/10m_wind_speed/monthly,cds__era5_sl_monthly__ERA5__reanalysis__ws10m__surface__monthly__2012-2012__m12__NH0_90__grid_1p0.grib,/mnt/e/last-aticol/data/raw/era5/single-levels/10m_wind_speed/monthly/cds__era5_sl_monthly__ERA5__reanalysis__ws10m__surface__monthly__2012-2012__m12__NH0_90__grid_1p0.grib,65628,1776261803
2026-04-15T16:39:59Z,/mnt/e/last-aticol/data/raw/era5/single-levels/10m_wind_speed/monthly,cds__era5_sl_monthly__ERA5__reanalysis__ws10m__surface__monthly__2013-2013__m01__NH0_90__grid_1p0.grib,/mnt/e/last-aticol/data/raw/era5/single-levels/10m_wind_speed/monthly/cds__era5_sl_monthly__ERA5__reanalysis__ws10m__surface__monthly__2013-2013__m01__NH0_90__grid_1p0.grib,65628,1776261826
2026-04-15T16:39:59Z,/mnt/e/last-aticol/data/raw/era5/single-levels/10m_wind_speed/monthly,cds__era5_sl_monthly__ERA5__reanalysis__ws10m__surface__monthly__2013-2013__m02__NH0_90__grid_1p0.grib,/mnt/e/last-aticol/data/raw/era5/single-levels/10m_wind_speed/monthly/cds__era5_sl_monthly__ERA5__reanalysis__ws10m__surface__monthly__2013-2013__m02__NH0_90__grid_1p0.grib,65628,1776261859
2026-04-15T16:39:59Z,/mnt/e/last-aticol/data/raw/era5/single-levels/10m_wind_speed/monthly,cds__era5_sl_monthly__ERA5__reanalysis__ws10m__surface__monthly__2013-2013__m03__NH0_90__grid_1p0.grib,/mnt/e/last-aticol/data/raw/era5/single-levels/10m_wind_speed/monthly/cds__era5_sl_monthly__ERA5__reanalysis__ws10m__surface__monthly__2013-2013__m03__NH0_90__grid_1p0.grib,65628,1776261881
2026-04-15T16:39:59Z,/mnt/e/last-aticol/data/raw/era5/single-levels/10m_wind_speed/monthly,cds__era5_sl_monthly__ERA5__reanalysis__ws10m__surface__monthly__2013-2013__m04__NH0_90__grid_1p0.grib,/mnt/e/last-aticol/data/raw/era5/single-levels/10m_wind_speed/monthly/cds__era5_sl_monthly__ERA5__reanalysis__ws10m__surface__monthly__2013-2013__m04__NH0_90__grid_1p0.grib,65628,1776261903
2026-04-15T16:39:59Z,/mnt/e/last-aticol/data/raw/era5/single-levels/10m_wind_speed/monthly,cds__era5_sl_monthly__ERA5__reanalysis__ws10m__surface__monthly__2013-2013__m05__NH0_90__grid_1p0.grib,/mnt/e/last-aticol/data/raw/era5/single-levels/10m_wind_speed/monthly/cds__era5_sl_monthly__ERA5__reanalysis__ws10m__surface__monthly__2013-2013__m05__NH0_90__grid_1p0.grib,65628,1776261918
2026-04-15T16:39:59Z,/mnt/e/last-aticol/data/raw/era5/single-levels/10m_wind_speed/monthly,cds__era5_sl_monthly__ERA5__reanalysis__ws10m__surface__monthly__2013-2013__m06__NH0_90__grid_1p0.grib,/mnt/e/last-aticol/data/raw/era5/single-levels/10m_wind_speed/monthly/cds__era5_sl_monthly__ERA5__reanalysis__ws10m__surface__monthly__2013-2013__m06__NH0_90__grid_1p0.grib,65628,1776261940
2026-04-15T16:39:59Z,/mnt/e/last-aticol/data/raw/era5/single-levels/10m_wind_speed/monthly,cds__era5_sl_monthly__ERA5__reanalysis__ws10m__surface__monthly__2013-2013__m07__NH0_90__grid_1p0.grib,/mnt/e/last-aticol/data/raw/era5/single-levels/10m_wind_speed/monthly/cds__era5_sl_monthly__ERA5__reanalysis__ws10m__surface__monthly__2013-2013__m07__NH0_90__grid_1p0.grib,65628,1776261962
2026-04-15T16:39:59Z,/mnt/e/last-aticol/data/raw/era5/single-levels/10m_wind_speed/monthly,cds__era5_sl_monthly__ERA5__reanalysis__ws10m__surface__monthly__2013-2013__m08__NH0_90__grid_1p0.grib,/mnt/e/last-aticol/data/raw/era5/single-levels/10m_wind_speed/monthly/cds__era5_sl_monthly__ERA5__reanalysis__ws10m__surface__monthly__2013-2013__m08__NH0_90__grid_1p0.grib,65628,1776261984
2026-04-15T16:39:59Z,/mnt/e/last-aticol/data/raw/era5/single-levels/10m_wind_speed/monthly,cds__era5_sl_monthly__ERA5__reanalysis__ws10m__surface__monthly__2013-2013__m09__NH0_90__grid_1p0.grib,/mnt/e/last-aticol/data/raw/era5/single-levels/10m_wind_speed/monthly/cds__era5_sl_monthly__ERA5__reanalysis__ws10m__surface__monthly__2013-2013__m09__NH0_90__grid_1p0.grib,65628,1776262017
2026-04-15T16:39:59Z,/mnt/e/last-aticol/data/raw/era5/single-levels/10m_wind_speed/monthly,cds__era5_sl_monthly__ERA5__reanalysis__ws10m__surface__monthly__2013-2013__m10__NH0_90__grid_1p0.grib,/mnt/e/last-aticol/data/raw/era5/single-levels/10m_wind_speed/monthly/cds__era5_sl_monthly__ERA5__reanalysis__ws10m__surface__monthly__2013-2013__m10__NH0_90__grid_1p0.grib,65628,1776262039
2026-04-15T16:39:59Z,/mnt/e/last-aticol/data/raw/era5/single-levels/10m_wind_speed/monthly,cds__era5_sl_monthly__ERA5__reanalysis__ws10m__surface__monthly__2013-2013__m11__NH0_90__grid_1p0.grib,/mnt/e/last-aticol/data/raw/era5/single-levels/10m_wind_speed/monthly/cds__era5_sl_monthly__ERA5__reanalysis__ws10m__surface__monthly__2013-2013__m11__NH0_90__grid_1p0.grib,65628,1776262072
2026-04-15T16:39:59Z,/mnt/e/last-aticol/data/raw/era5/single-levels/10m_wind_speed/monthly,cds__era5_sl_monthly__ERA5__reanalysis__ws10m__surface__monthly__2013-2013__m12__NH0_90__grid_1p0.grib,/mnt/e/last-aticol/data/raw/era5/single-levels/10m_wind_speed/monthly/cds__era5_sl_monthly__ERA5__reanalysis__ws10m__surface__monthly__2013-2013__m12__NH0_90__grid_1p0.grib,65628,1776262094
2026-04-15T16:39:59Z,/mnt/e/last-aticol/data/raw/era5/single-levels/10m_wind_speed/monthly,cds__era5_sl_monthly__ERA5__reanalysis__ws10m__surface__monthly__2014-2014__m01__NH0_90__grid_1p0.grib,/mnt/e/last-aticol/data/raw/era5/single-levels/10m_wind_speed/monthly/cds__era5_sl_monthly__ERA5__reanalysis__ws10m__surface__monthly__2014-2014__m01__NH0_90__grid_1p0.grib,65628,1776262117
2026-04-15T16:39:59Z,/mnt/e/last-aticol/data/raw/era5/single-levels/10m_wind_speed/monthly,cds__era5_sl_monthly__ERA5__reanalysis__ws10m__surface__monthly__2014-2014__m02__NH0_90__grid_1p0.grib,/mnt/e/last-aticol/data/raw/era5/single-levels/10m_wind_speed/monthly/cds__era5_sl_monthly__ERA5__reanalysis__ws10m__surface__monthly__2014-2014__m02__NH0_90__grid_1p0.grib,65628,1776262149
2026-04-15T16:39:59Z,/mnt/e/last-aticol/data/raw/era5/single-levels/10m_wind_speed/monthly,cds__era5_sl_monthly__ERA5__reanalysis__ws10m__surface__monthly__2014-2014__m03__NH0_90__grid_1p0.grib,/mnt/e/last-aticol/data/raw/era5/single-levels/10m_wind_speed/monthly/cds__era5_sl_monthly__ERA5__reanalysis__ws10m__surface__monthly__2014-2014__m03__NH0_90__grid_1p0.grib,65628,1776262171
2026-04-15T16:39:59Z,/mnt/e/last-aticol/data/raw/era5/single-levels/10m_wind_speed/monthly,cds__era5_sl_monthly__ERA5__reanalysis__ws10m__surface__monthly__2014-2014__m04__NH0_90__grid_1p0.grib,/mnt/e/last-aticol/data/raw/era5/single-levels/10m_wind_speed/monthly/cds__era5_sl_monthly__ERA5__reanalysis__ws10m__surface__monthly__2014-2014__m04__NH0_90__grid_1p0.grib,65628,1776262204
2026-04-15T16:39:59Z,/mnt/e/last-aticol/data/raw/era5/single-levels/10m_wind_speed/monthly,cds__era5_sl_monthly__ERA5__reanalysis__ws10m__surface__monthly__2014-2014__m05__NH0_90__grid_1p0.grib,/mnt/e/last-aticol/data/raw/era5/single-levels/10m_wind_speed/monthly/cds__era5_sl_monthly__ERA5__reanalysis__ws10m__surface__monthly__2014-2014__m05__NH0_90__grid_1p0.grib,65628,1776262226
2026-04-15T16:39:59Z,/mnt/e/last-aticol/data/raw/era5/single-levels/10m_wind_speed/monthly,cds__era5_sl_monthly__ERA5__reanalysis__ws10m__surface__monthly__2014-2014__m06__NH0_90__grid_1p0.grib,/mnt/e/last-aticol/data/raw/era5/single-levels/10m_wind_speed/monthly/cds__era5_sl_monthly__ERA5__reanalysis__ws10m__surface__monthly__2014-2014__m06__NH0_90__grid_1p0.grib,65628,1776262248
2026-04-15T16:39:59Z,/mnt/e/last-aticol/data/raw/era5/single-levels/10m_wind_speed/monthly,cds__era5_sl_monthly__ERA5__reanalysis__ws10m__surface__monthly__2014-2014__m07__NH0_90__grid_1p0.grib,/mnt/e/last-aticol/data/raw/era5/single-levels/10m_wind_speed/monthly/cds__era5_sl_monthly__ERA5__reanalysis__ws10m__surface__monthly__2014-2014__m07__NH0_90__grid_1p0.grib,65628,1776262270
2026-04-15T16:39:59Z,/mnt/e/last-aticol/data/raw/era5/single-levels/10m_wind_speed/monthly,cds__era5_sl_monthly__ERA5__reanalysis__ws10m__surface__monthly__2014-2014__m08__NH0_90__grid_1p0.grib,/mnt/e/last-aticol/data/raw/era5/single-levels/10m_wind_speed/monthly/cds__era5_sl_monthly__ERA5__reanalysis__ws10m__surface__monthly__2014-2014__m08__NH0_90__grid_1p0.grib,65628,1776262292
2026-04-15T16:39:59Z,/mnt/e/last-aticol/data/raw/era5/single-levels/10m_wind_speed/monthly,cds__era5_sl_monthly__ERA5__reanalysis__ws10m__surface__monthly__2014-2014__m09__NH0_90__grid_1p0.grib,/mnt/e/last-aticol/data/raw/era5/single-levels/10m_wind_speed/monthly/cds__era5_sl_monthly__ERA5__reanalysis__ws10m__surface__monthly__2014-2014__m09__NH0_90__grid_1p0.grib,65628,1776262324
2026-04-15T16:39:59Z,/mnt/e/last-aticol/data/raw/era5/single-levels/10m_wind_speed/monthly,cds__era5_sl_monthly__ERA5__reanalysis__ws10m__surface__monthly__2014-2014__m10__NH0_90__grid_1p0.grib,/mnt/e/last-aticol/data/raw/era5/single-levels/10m_wind_speed/monthly/cds__era5_sl_monthly__ERA5__reanalysis__ws10m__surface__monthly__2014-2014__m10__NH0_90__grid_1p0.grib,65628,1776262346
2026-04-15T16:39:59Z,/mnt/e/last-aticol/data/raw/era5/single-levels/10m_wind_speed/monthly,cds__era5_sl_monthly__ERA5__reanalysis__ws10m__surface__monthly__2014-2014__m11__NH0_90__grid_1p0.grib,/mnt/e/last-aticol/data/raw/era5/single-levels/10m_wind_speed/monthly/cds__era5_sl_monthly__ERA5__reanalysis__ws10m__surface__monthly__2014-2014__m11__NH0_90__grid_1p0.grib,65628,1776262368
2026-04-15T16:39:59Z,/mnt/e/last-aticol/data/raw/era5/single-levels/10m_wind_speed/monthly,cds__era5_sl_monthly__ERA5__reanalysis__ws10m__surface__monthly__2014-2014__m12__NH0_90__grid_1p0.grib,/mnt/e/last-aticol/data/raw/era5/single-levels/10m_wind_speed/monthly/cds__era5_sl_monthly__ERA5__reanalysis__ws10m__surface__monthly__2014-2014__m12__NH0_90__grid_1p0.grib,65628,1776262400
2026-04-15T16:39:59Z,/mnt/e/last-aticol/data/raw/era5/single-levels/10m_wind_speed/monthly,cds__era5_sl_monthly__ERA5__reanalysis__ws10m__surface__monthly__2015-2015__m01__NH0_90__grid_1p0.grib,/mnt/e/last-aticol/data/raw/era5/single-levels/10m_wind_speed/monthly/cds__era5_sl_monthly__ERA5__reanalysis__ws10m__surface__monthly__2015-2015__m01__NH0_90__grid_1p0.grib,65628,1776262473
2026-04-15T16:39:59Z,/mnt/e/last-aticol/data/raw/era5/single-levels/10m_wind_speed/monthly,cds__era5_sl_monthly__ERA5__reanalysis__ws10m__surface__monthly__2015-2015__m02__NH0_90__grid_1p0.grib,/mnt/e/last-aticol/data/raw/era5/single-levels/10m_wind_speed/monthly/cds__era5_sl_monthly__ERA5__reanalysis__ws10m__surface__monthly__2015-2015__m02__NH0_90__grid_1p0.grib,65628,1776262495
2026-04-15T16:39:59Z,/mnt/e/last-aticol/data/raw/era5/single-levels/10m_wind_speed/monthly,cds__era5_sl_monthly__ERA5__reanalysis__ws10m__surface__monthly__2015-2015__m03__NH0_90__grid_1p0.grib,/mnt/e/last-aticol/data/raw/era5/single-levels/10m_wind_speed/monthly/cds__era5_sl_monthly__ERA5__reanalysis__ws10m__surface__monthly__2015-2015__m03__NH0_90__grid_1p0.grib,65628,1776262513
2026-04-15T16:39:59Z,/mnt/e/last-aticol/data/raw/era5/single-levels/10m_wind_speed/monthly,cds__era5_sl_monthly__ERA5__reanalysis__ws10m__surface__monthly__2015-2015__m04__NH0_90__grid_1p0.grib,/mnt/e/last-aticol/data/raw/era5/single-levels/10m_wind_speed/monthly/cds__era5_sl_monthly__ERA5__reanalysis__ws10m__surface__monthly__2015-2015__m04__NH0_90__grid_1p0.grib,65628,1776262535
2026-04-15T16:39:59Z,/mnt/e/last-aticol/data/raw/era5/single-levels/10m_wind_speed/monthly,cds__era5_sl_monthly__ERA5__reanalysis__ws10m__surface__monthly__2015-2015__m05__NH0_90__grid_1p0.grib,/mnt/e/last-aticol/data/raw/era5/single-levels/10m_wind_speed/monthly/cds__era5_sl_monthly__ERA5__reanalysis__ws10m__surface__monthly__2015-2015__m05__NH0_90__grid_1p0.grib,65628,1776262557
2026-04-15T16:39:59Z,/mnt/e/last-aticol/data/raw/era5/single-levels/10m_wind_speed/monthly,cds__era5_sl_monthly__ERA5__reanalysis__ws10m__surface__monthly__2015-2015__m06__NH0_90__grid_1p0.grib,/mnt/e/last-aticol/data/raw/era5/single-levels/10m_wind_speed/monthly/cds__era5_sl_monthly__ERA5__reanalysis__ws10m__surface__monthly__2015-2015__m06__NH0_90__grid_1p0.grib,65628,1776262579
2026-04-15T16:39:59Z,/mnt/e/last-aticol/data/raw/era5/single-levels/10m_wind_speed/monthly,cds__era5_sl_monthly__ERA5__reanalysis__ws10m__surface__monthly__2015-2015__m07__NH0_90__grid_1p0.grib,/mnt/e/last-aticol/data/raw/era5/single-levels/10m_wind_speed/monthly/cds__era5_sl_monthly__ERA5__reanalysis__ws10m__surface__monthly__2015-2015__m07__NH0_90__grid_1p0.grib,65628,1776262602
2026-04-15T16:39:59Z,/mnt/e/last-aticol/data/raw/era5/single-levels/10m_wind_speed/monthly,cds__era5_sl_monthly__ERA5__reanalysis__ws10m__surface__monthly__2015-2015__m08__NH0_90__grid_1p0.grib,/mnt/e/last-aticol/data/raw/era5/single-levels/10m_wind_speed/monthly/cds__era5_sl_monthly__ERA5__reanalysis__ws10m__surface__monthly__2015-2015__m08__NH0_90__grid_1p0.grib,65628,1776262624
2026-04-15T16:39:59Z,/mnt/e/last-aticol/data/raw/era5/single-levels/10m_wind_speed/monthly,cds__era5_sl_monthly__ERA5__reanalysis__ws10m__surface__monthly__2015-2015__m09__NH0_90__grid_1p0.grib,/mnt/e/last-aticol/data/raw/era5/single-levels/10m_wind_speed/monthly/cds__era5_sl_monthly__ERA5__reanalysis__ws10m__surface__monthly__2015-2015__m09__NH0_90__grid_1p0.grib,65628,1776262646
2026-04-15T16:39:59Z,/mnt/e/last-aticol/data/raw/era5/single-levels/10m_wind_speed/monthly,cds__era5_sl_monthly__ERA5__reanalysis__ws10m__surface__monthly__2015-2015__m10__NH0_90__grid_1p0.grib,/mnt/e/last-aticol/data/raw/era5/single-levels/10m_wind_speed/monthly/cds__era5_sl_monthly__ERA5__reanalysis__ws10m__surface__monthly__2015-2015__m10__NH0_90__grid_1p0.grib,65628,1776262668
2026-04-15T16:39:59Z,/mnt/e/last-aticol/data/raw/era5/single-levels/10m_wind_speed/monthly,cds__era5_sl_monthly__ERA5__reanalysis__ws10m__surface__monthly__2015-2015__m11__NH0_90__grid_1p0.grib,/mnt/e/last-aticol/data/raw/era5/single-levels/10m_wind_speed/monthly/cds__era5_sl_monthly__ERA5__reanalysis__ws10m__surface__monthly__2015-2015__m11__NH0_90__grid_1p0.grib,65628,1776262690
2026-04-15T16:39:59Z,/mnt/e/last-aticol/data/raw/era5/single-levels/10m_wind_speed/monthly,cds__era5_sl_monthly__ERA5__reanalysis__ws10m__surface__monthly__2015-2015__m12__NH0_90__grid_1p0.grib,/mnt/e/last-aticol/data/raw/era5/single-levels/10m_wind_speed/monthly/cds__era5_sl_monthly__ERA5__reanalysis__ws10m__surface__monthly__2015-2015__m12__NH0_90__grid_1p0.grib,65628,1776262723
2026-04-15T16:39:59Z,/mnt/e/last-aticol/data/raw/era5/single-levels/10m_wind_speed/monthly,cds__era5_sl_monthly__ERA5__reanalysis__ws10m__surface__monthly__2016-2016__m01__NH0_90__grid_1p0.grib,/mnt/e/last-aticol/data/raw/era5/single-levels/10m_wind_speed/monthly/cds__era5_sl_monthly__ERA5__reanalysis__ws10m__surface__monthly__2016-2016__m01__NH0_90__grid_1p0.grib,65628,1776262745
2026-04-15T16:39:59Z,/mnt/e/last-aticol/data/raw/era5/single-levels/10m_wind_speed/monthly,cds__era5_sl_monthly__ERA5__reanalysis__ws10m__surface__monthly__2016-2016__m02__NH0_90__grid_1p0.grib,/mnt/e/last-aticol/data/raw/era5/single-levels/10m_wind_speed/monthly/cds__era5_sl_monthly__ERA5__reanalysis__ws10m__surface__monthly__2016-2016__m02__NH0_90__grid_1p0.grib,65628,1776262768
2026-04-15T16:39:59Z,/mnt/e/last-aticol/data/raw/era5/single-levels/10m_wind_speed/monthly,cds__era5_sl_monthly__ERA5__reanalysis__ws10m__surface__monthly__2016-2016__m03__NH0_90__grid_1p0.grib,/mnt/e/last-aticol/data/raw/era5/single-levels/10m_wind_speed/monthly/cds__era5_sl_monthly__ERA5__reanalysis__ws10m__surface__monthly__2016-2016__m03__NH0_90__grid_1p0.grib,65628,1776262790
2026-04-15T16:39:59Z,/mnt/e/last-aticol/data/raw/era5/single-levels/10m_wind_speed/monthly,cds__era5_sl_monthly__ERA5__reanalysis__ws10m__surface__monthly__2016-2016__m04__NH0_90__grid_1p0.grib,/mnt/e/last-aticol/data/raw/era5/single-levels/10m_wind_speed/monthly/cds__era5_sl_monthly__ERA5__reanalysis__ws10m__surface__monthly__2016-2016__m04__NH0_90__grid_1p0.grib,65628,1776262836
2026-04-15T16:39:59Z,/mnt/e/last-aticol/data/raw/era5/single-levels/10m_wind_speed/monthly,cds__era5_sl_monthly__ERA5__reanalysis__ws10m__surface__monthly__2016-2016__m05__NH0_90__grid_1p0.grib,/mnt/e/last-aticol/data/raw/era5/single-levels/10m_wind_speed/monthly/cds__era5_sl_monthly__ERA5__reanalysis__ws10m__surface__monthly__2016-2016__m05__NH0_90__grid_1p0.grib,65628,1776262869
2026-04-15T16:39:59Z,/mnt/e/last-aticol/data/raw/era5/single-levels/10m_wind_speed/monthly,cds__era5_sl_monthly__ERA5__reanalysis__ws10m__surface__monthly__2016-2016__m06__NH0_90__grid_1p0.grib,/mnt/e/last-aticol/data/raw/era5/single-levels/10m_wind_speed/monthly/cds__era5_sl_monthly__ERA5__reanalysis__ws10m__surface__monthly__2016-2016__m06__NH0_90__grid_1p0.grib,65628,1776262891
2026-04-15T16:39:59Z,/mnt/e/last-aticol/data/raw/era5/single-levels/10m_wind_speed/monthly,cds__era5_sl_monthly__ERA5__reanalysis__ws10m__surface__monthly__2016-2016__m07__NH0_90__grid_1p0.grib,/mnt/e/last-aticol/data/raw/era5/single-levels/10m_wind_speed/monthly/cds__era5_sl_monthly__ERA5__reanalysis__ws10m__surface__monthly__2016-2016__m07__NH0_90__grid_1p0.grib,65628,1776262906
2026-04-15T16:39:59Z,/mnt/e/last-aticol/data/raw/era5/single-levels/10m_wind_speed/monthly,cds__era5_sl_monthly__ERA5__reanalysis__ws10m__surface__monthly__2016-2016__m08__NH0_90__grid_1p0.grib,/mnt/e/last-aticol/data/raw/era5/single-levels/10m_wind_speed/monthly/cds__era5_sl_monthly__ERA5__reanalysis__ws10m__surface__monthly__2016-2016__m08__NH0_90__grid_1p0.grib,65628,1776262928
2026-04-15T16:39:59Z,/mnt/e/last-aticol/data/raw/era5/single-levels/10m_wind_speed/monthly,cds__era5_sl_monthly__ERA5__reanalysis__ws10m__surface__monthly__2016-2016__m09__NH0_90__grid_1p0.grib,/mnt/e/last-aticol/data/raw/era5/single-levels/10m_wind_speed/monthly/cds__era5_sl_monthly__ERA5__reanalysis__ws10m__surface__monthly__2016-2016__m09__NH0_90__grid_1p0.grib,65628,1776262950
2026-04-15T16:39:59Z,/mnt/e/last-aticol/data/raw/era5/single-levels/10m_wind_speed/monthly,cds__era5_sl_monthly__ERA5__reanalysis__ws10m__surface__monthly__2016-2016__m10__NH0_90__grid_1p0.grib,/mnt/e/last-aticol/data/raw/era5/single-levels/10m_wind_speed/monthly/cds__era5_sl_monthly__ERA5__reanalysis__ws10m__surface__monthly__2016-2016__m10__NH0_90__grid_1p0.grib,65628,1776262982
2026-04-15T16:39:59Z,/mnt/e/last-aticol/data/raw/era5/single-levels/10m_wind_speed/monthly,cds__era5_sl_monthly__ERA5__reanalysis__ws10m__surface__monthly__2016-2016__m11__NH0_90__grid_1p0.grib,/mnt/e/last-aticol/data/raw/era5/single-levels/10m_wind_speed/monthly/cds__era5_sl_monthly__ERA5__reanalysis__ws10m__surface__monthly__2016-2016__m11__NH0_90__grid_1p0.grib,65628,1776263362
2026-04-15T16:39:59Z,/mnt/e/last-aticol/data/raw/era5/single-levels/10m_wind_speed/monthly,cds__era5_sl_monthly__ERA5__reanalysis__ws10m__surface__monthly__2016-2016__m12__NH0_90__grid_1p0.grib,/mnt/e/last-aticol/data/raw/era5/single-levels/10m_wind_speed/monthly/cds__era5_sl_monthly__ERA5__reanalysis__ws10m__surface__monthly__2016-2016__m12__NH0_90__grid_1p0.grib,65628,1776263384
2026-04-15T16:39:59Z,/mnt/e/last-aticol/data/raw/era5/single-levels/10m_wind_speed/monthly,cds__era5_sl_monthly__ERA5__reanalysis__ws10m__surface__monthly__2017-2017__m01__NH0_90__grid_1p0.grib,/mnt/e/last-aticol/data/raw/era5/single-levels/10m_wind_speed/monthly/cds__era5_sl_monthly__ERA5__reanalysis__ws10m__surface__monthly__2017-2017__m01__NH0_90__grid_1p0.grib,65628,1776263406
2026-04-15T16:39:59Z,/mnt/e/last-aticol/data/raw/era5/single-levels/10m_wind_speed/monthly,cds__era5_sl_monthly__ERA5__reanalysis__ws10m__surface__monthly__2017-2017__m02__NH0_90__grid_1p0.grib,/mnt/e/last-aticol/data/raw/era5/single-levels/10m_wind_speed/monthly/cds__era5_sl_monthly__ERA5__reanalysis__ws10m__surface__monthly__2017-2017__m02__NH0_90__grid_1p0.grib,65628,1776263594
2026-04-15T16:39:59Z,/mnt/e/last-aticol/data/raw/era5/single-levels/10m_wind_speed/monthly,cds__era5_sl_monthly__ERA5__reanalysis__ws10m__surface__monthly__2017-2017__m03__NH0_90__grid_1p0.grib,/mnt/e/last-aticol/data/raw/era5/single-levels/10m_wind_speed/monthly/cds__era5_sl_monthly__ERA5__reanalysis__ws10m__surface__monthly__2017-2017__m03__NH0_90__grid_1p0.grib,65628,1776263616
2026-04-15T16:39:59Z,/mnt/e/last-aticol/data/raw/era5/single-levels/10m_wind_speed/monthly,cds__era5_sl_monthly__ERA5__reanalysis__ws10m__surface__monthly__2017-2017__m04__NH0_90__grid_1p0.grib,/mnt/e/last-aticol/data/raw/era5/single-levels/10m_wind_speed/monthly/cds__era5_sl_monthly__ERA5__reanalysis__ws10m__surface__monthly__2017-2017__m04__NH0_90__grid_1p0.grib,65628,1776263638
2026-04-15T16:39:59Z,/mnt/e/last-aticol/data/raw/era5/single-levels/10m_wind_speed/monthly,cds__era5_sl_monthly__ERA5__reanalysis__ws10m__surface__monthly__2017-2017__m05__NH0_90__grid_1p0.grib,/mnt/e/last-aticol/data/raw/era5/single-levels/10m_wind_speed/monthly/cds__era5_sl_monthly__ERA5__reanalysis__ws10m__surface__monthly__2017-2017__m05__NH0_90__grid_1p0.grib,65628,1776263670
2026-04-15T16:39:59Z,/mnt/e/last-aticol/data/raw/era5/single-levels/10m_wind_speed/monthly,cds__era5_sl_monthly__ERA5__reanalysis__ws10m__surface__monthly__2017-2017__m06__NH0_90__grid_1p0.grib,/mnt/e/last-aticol/data/raw/era5/single-levels/10m_wind_speed/monthly/cds__era5_sl_monthly__ERA5__reanalysis__ws10m__surface__monthly__2017-2017__m06__NH0_90__grid_1p0.grib,65628,1776263692
2026-04-15T16:39:59Z,/mnt/e/last-aticol/data/raw/era5/single-levels/10m_wind_speed/monthly,cds__era5_sl_monthly__ERA5__reanalysis__ws10m__surface__monthly__2017-2017__m07__NH0_90__grid_1p0.grib,/mnt/e/last-aticol/data/raw/era5/single-levels/10m_wind_speed/monthly/cds__era5_sl_monthly__ERA5__reanalysis__ws10m__surface__monthly__2017-2017__m07__NH0_90__grid_1p0.grib,65628,1776263714
2026-04-15T16:39:59Z,/mnt/e/last-aticol/data/raw/era5/single-levels/10m_wind_speed/monthly,cds__era5_sl_monthly__ERA5__reanalysis__ws10m__surface__monthly__2017-2017__m08__NH0_90__grid_1p0.grib,/mnt/e/last-aticol/data/raw/era5/single-levels/10m_wind_speed/monthly/cds__era5_sl_monthly__ERA5__reanalysis__ws10m__surface__monthly__2017-2017__m08__NH0_90__grid_1p0.grib,65628,1776263747
2026-04-15T16:39:59Z,/mnt/e/last-aticol/data/raw/era5/single-levels/10m_wind_speed/monthly,cds__era5_sl_monthly__ERA5__reanalysis__ws10m__surface__monthly__2017-2017__m09__NH0_90__grid_1p0.grib,/mnt/e/last-aticol/data/raw/era5/single-levels/10m_wind_speed/monthly/cds__era5_sl_monthly__ERA5__reanalysis__ws10m__surface__monthly__2017-2017__m09__NH0_90__grid_1p0.grib,65628,1776263780
2026-04-15T16:39:59Z,/mnt/e/last-aticol/data/raw/era5/single-levels/10m_wind_speed/monthly,cds__era5_sl_monthly__ERA5__reanalysis__ws10m__surface__monthly__2017-2017__m10__NH0_90__grid_1p0.grib,/mnt/e/last-aticol/data/raw/era5/single-levels/10m_wind_speed/monthly/cds__era5_sl_monthly__ERA5__reanalysis__ws10m__surface__monthly__2017-2017__m10__NH0_90__grid_1p0.grib,65628,1776263812
2026-04-15T16:39:59Z,/mnt/e/last-aticol/data/raw/era5/single-levels/10m_wind_speed/monthly,cds__era5_sl_monthly__ERA5__reanalysis__ws10m__surface__monthly__2017-2017__m11__NH0_90__grid_1p0.grib,/mnt/e/last-aticol/data/raw/era5/single-levels/10m_wind_speed/monthly/cds__era5_sl_monthly__ERA5__reanalysis__ws10m__surface__monthly__2017-2017__m11__NH0_90__grid_1p0.grib,65628,1776263835
2026-04-15T16:39:59Z,/mnt/e/last-aticol/data/raw/era5/single-levels/10m_wind_speed/monthly,cds__era5_sl_monthly__ERA5__reanalysis__ws10m__surface__monthly__2017-2017__m12__NH0_90__grid_1p0.grib,/mnt/e/last-aticol/data/raw/era5/single-levels/10m_wind_speed/monthly/cds__era5_sl_monthly__ERA5__reanalysis__ws10m__surface__monthly__2017-2017__m12__NH0_90__grid_1p0.grib,65628,1776263868
2026-04-15T16:39:59Z,/mnt/e/last-aticol/data/raw/era5/single-levels/10m_wind_speed/monthly,cds__era5_sl_monthly__ERA5__reanalysis__ws10m__surface__monthly__2018-2018__m01__NH0_90__grid_1p0.grib,/mnt/e/last-aticol/data/raw/era5/single-levels/10m_wind_speed/monthly/cds__era5_sl_monthly__ERA5__reanalysis__ws10m__surface__monthly__2018-2018__m01__NH0_90__grid_1p0.grib,65628,1776263914
2026-04-15T16:39:59Z,/mnt/e/last-aticol/data/raw/era5/single-levels/10m_wind_speed/monthly,cds__era5_sl_monthly__ERA5__reanalysis__ws10m__surface__monthly__2018-2018__m02__NH0_90__grid_1p0.grib,/mnt/e/last-aticol/data/raw/era5/single-levels/10m_wind_speed/monthly/cds__era5_sl_monthly__ERA5__reanalysis__ws10m__surface__monthly__2018-2018__m02__NH0_90__grid_1p0.grib,65628,1776263950
2026-04-15T16:39:59Z,/mnt/e/last-aticol/data/raw/era5/single-levels/10m_wind_speed/monthly,cds__era5_sl_monthly__ERA5__reanalysis__ws10m__surface__monthly__2018-2018__m03__NH0_90__grid_1p0.grib,/mnt/e/last-aticol/data/raw/era5/single-levels/10m_wind_speed/monthly/cds__era5_sl_monthly__ERA5__reanalysis__ws10m__surface__monthly__2018-2018__m03__NH0_90__grid_1p0.grib,65628,1776264036
2026-04-15T16:39:59Z,/mnt/e/last-aticol/data/raw/era5/single-levels/10m_wind_speed/monthly,cds__era5_sl_monthly__ERA5__reanalysis__ws10m__surface__monthly__2018-2018__m04__NH0_90__grid_1p0.grib,/mnt/e/last-aticol/data/raw/era5/single-levels/10m_wind_speed/monthly/cds__era5_sl_monthly__ERA5__reanalysis__ws10m__surface__monthly__2018-2018__m04__NH0_90__grid_1p0.grib,65628,1776264068
2026-04-15T16:40:00Z,/mnt/e/last-aticol/data/raw/era5/single-levels/10m_wind_speed/monthly,cds__era5_sl_monthly__ERA5__reanalysis__ws10m__surface__monthly__2018-2018__m05__NH0_90__grid_1p0.grib,/mnt/e/last-aticol/data/raw/era5/single-levels/10m_wind_speed/monthly/cds__era5_sl_monthly__ERA5__reanalysis__ws10m__surface__monthly__2018-2018__m05__NH0_90__grid_1p0.grib,65628,1776264090
2026-04-15T16:40:00Z,/mnt/e/last-aticol/data/raw/era5/single-levels/10m_wind_speed/monthly,cds__era5_sl_monthly__ERA5__reanalysis__ws10m__surface__monthly__2018-2018__m06__NH0_90__grid_1p0.grib,/mnt/e/last-aticol/data/raw/era5/single-levels/10m_wind_speed/monthly/cds__era5_sl_monthly__ERA5__reanalysis__ws10m__surface__monthly__2018-2018__m06__NH0_90__grid_1p0.grib,65628,1776264113
2026-04-15T16:40:00Z,/mnt/e/last-aticol/data/raw/era5/single-levels/10m_wind_speed/monthly,cds__era5_sl_monthly__ERA5__reanalysis__ws10m__surface__monthly__2018-2018__m07__NH0_90__grid_1p0.grib,/mnt/e/last-aticol/data/raw/era5/single-levels/10m_wind_speed/monthly/cds__era5_sl_monthly__ERA5__reanalysis__ws10m__surface__monthly__2018-2018__m07__NH0_90__grid_1p0.grib,65628,1776264135
2026-04-15T16:40:00Z,/mnt/e/last-aticol/data/raw/era5/single-levels/10m_wind_speed/monthly,cds__era5_sl_monthly__ERA5__reanalysis__ws10m__surface__monthly__2018-2018__m08__NH0_90__grid_1p0.grib,/mnt/e/last-aticol/data/raw/era5/single-levels/10m_wind_speed/monthly/cds__era5_sl_monthly__ERA5__reanalysis__ws10m__surface__monthly__2018-2018__m08__NH0_90__grid_1p0.grib,65628,1776264184
2026-04-15T16:40:00Z,/mnt/e/last-aticol/data/raw/era5/single-levels/10m_wind_speed/monthly,cds__era5_sl_monthly__ERA5__reanalysis__ws10m__surface__monthly__2018-2018__m09__NH0_90__grid_1p0.grib,/mnt/e/last-aticol/data/raw/era5/single-levels/10m_wind_speed/monthly/cds__era5_sl_monthly__ERA5__reanalysis__ws10m__surface__monthly__2018-2018__m09__NH0_90__grid_1p0.grib,65628,1776264207
2026-04-15T16:40:00Z,/mnt/e/last-aticol/data/raw/era5/single-levels/10m_wind_speed/monthly,cds__era5_sl_monthly__ERA5__reanalysis__ws10m__surface__monthly__2018-2018__m10__NH0_90__grid_1p0.grib,/mnt/e/last-aticol/data/raw/era5/single-levels/10m_wind_speed/monthly/cds__era5_sl_monthly__ERA5__reanalysis__ws10m__surface__monthly__2018-2018__m10__NH0_90__grid_1p0.grib,65628,1776264229
2026-04-15T16:40:00Z,/mnt/e/last-aticol/data/raw/era5/single-levels/10m_wind_speed/monthly,cds__era5_sl_monthly__ERA5__reanalysis__ws10m__surface__monthly__2018-2018__m11__NH0_90__grid_1p0.grib,/mnt/e/last-aticol/data/raw/era5/single-levels/10m_wind_speed/monthly/cds__era5_sl_monthly__ERA5__reanalysis__ws10m__surface__monthly__2018-2018__m11__NH0_90__grid_1p0.grib,65628,1776264262
2026-04-15T16:40:00Z,/mnt/e/last-aticol/data/raw/era5/single-levels/10m_wind_speed/monthly,cds__era5_sl_monthly__ERA5__reanalysis__ws10m__surface__monthly__2018-2018__m12__NH0_90__grid_1p0.grib,/mnt/e/last-aticol/data/raw/era5/single-levels/10m_wind_speed/monthly/cds__era5_sl_monthly__ERA5__reanalysis__ws10m__surface__monthly__2018-2018__m12__NH0_90__grid_1p0.grib,65628,1776264295
2026-04-15T16:40:00Z,/mnt/e/last-aticol/data/raw/era5/single-levels/10m_wind_speed/monthly,cds__era5_sl_monthly__ERA5__reanalysis__ws10m__surface__monthly__2019-2019__m01__NH0_90__grid_1p0.grib,/mnt/e/last-aticol/data/raw/era5/single-levels/10m_wind_speed/monthly/cds__era5_sl_monthly__ERA5__reanalysis__ws10m__surface__monthly__2019-2019__m01__NH0_90__grid_1p0.grib,65628,1776264311
2026-04-15T16:40:00Z,/mnt/e/last-aticol/data/raw/era5/single-levels/10m_wind_speed/monthly,cds__era5_sl_monthly__ERA5__reanalysis__ws10m__surface__monthly__2019-2019__m02__NH0_90__grid_1p0.grib,/mnt/e/last-aticol/data/raw/era5/single-levels/10m_wind_speed/monthly/cds__era5_sl_monthly__ERA5__reanalysis__ws10m__surface__monthly__2019-2019__m02__NH0_90__grid_1p0.grib,65628,1776264740
2026-04-15T16:40:00Z,/mnt/e/last-aticol/data/raw/era5/single-levels/10m_wind_speed/monthly,cds__era5_sl_monthly__ERA5__reanalysis__ws10m__surface__monthly__2019-2019__m03__NH0_90__grid_1p0.grib,/mnt/e/last-aticol/data/raw/era5/single-levels/10m_wind_speed/monthly/cds__era5_sl_monthly__ERA5__reanalysis__ws10m__surface__monthly__2019-2019__m03__NH0_90__grid_1p0.grib,65628,1776264762
2026-04-15T16:40:00Z,/mnt/e/last-aticol/data/raw/era5/single-levels/10m_wind_speed/monthly,cds__era5_sl_monthly__ERA5__reanalysis__ws10m__surface__monthly__2019-2019__m04__NH0_90__grid_1p0.grib,/mnt/e/last-aticol/data/raw/era5/single-levels/10m_wind_speed/monthly/cds__era5_sl_monthly__ERA5__reanalysis__ws10m__surface__monthly__2019-2019__m04__NH0_90__grid_1p0.grib,65628,1776264778
2026-04-15T16:40:00Z,/mnt/e/last-aticol/data/raw/era5/single-levels/10m_wind_speed/monthly,cds__era5_sl_monthly__ERA5__reanalysis__ws10m__surface__monthly__2019-2019__m05__NH0_90__grid_1p0.grib,/mnt/e/last-aticol/data/raw/era5/single-levels/10m_wind_speed/monthly/cds__era5_sl_monthly__ERA5__reanalysis__ws10m__surface__monthly__2019-2019__m05__NH0_90__grid_1p0.grib,65628,1776264800
2026-04-15T16:40:00Z,/mnt/e/last-aticol/data/raw/era5/single-levels/10m_wind_speed/monthly,cds__era5_sl_monthly__ERA5__reanalysis__ws10m__surface__monthly__2019-2019__m06__NH0_90__grid_1p0.grib,/mnt/e/last-aticol/data/raw/era5/single-levels/10m_wind_speed/monthly/cds__era5_sl_monthly__ERA5__reanalysis__ws10m__surface__monthly__2019-2019__m06__NH0_90__grid_1p0.grib,65628,1776264833
2026-04-15T16:40:00Z,/mnt/e/last-aticol/data/raw/era5/single-levels/10m_wind_speed/monthly,cds__era5_sl_monthly__ERA5__reanalysis__ws10m__surface__monthly__2019-2019__m07__NH0_90__grid_1p0.grib,/mnt/e/last-aticol/data/raw/era5/single-levels/10m_wind_speed/monthly/cds__era5_sl_monthly__ERA5__reanalysis__ws10m__surface__monthly__2019-2019__m07__NH0_90__grid_1p0.grib,65628,1776264855
2026-04-15T16:39:57Z,/mnt/e/last-aticol/data/raw/era5/single-levels/10m_wind_speed/monthly,cds__era5_sl_monthly__ERA5__reanalysis__ws10m__surface__monthly__2019-2019__m08__NH0_90__grid_1p0.grib,/mnt/e/last-aticol/data/raw/era5/single-levels/10m_wind_speed/monthly/cds__era5_sl_monthly__ERA5__reanalysis__ws10m__surface__monthly__2019-2019__m08__NH0_90__grid_1p0.grib,65628,1776264878
2026-04-15T16:39:57Z,/mnt/e/last-aticol/data/raw/era5/single-levels/10m_wind_speed/monthly,cds__era5_sl_monthly__ERA5__reanalysis__ws10m__surface__monthly__2019-2019__m09__NH0_90__grid_1p0.grib,/mnt/e/last-aticol/data/raw/era5/single-levels/10m_wind_speed/monthly/cds__era5_sl_monthly__ERA5__reanalysis__ws10m__surface__monthly__2019-2019__m09__NH0_90__grid_1p0.grib,65628,1776264900
2026-04-15T16:39:57Z,/mnt/e/last-aticol/data/raw/era5/single-levels/10m_wind_speed/monthly,cds__era5_sl_monthly__ERA5__reanalysis__ws10m__surface__monthly__2019-2019__m10__NH0_90__grid_1p0.grib,/mnt/e/last-aticol/data/raw/era5/single-levels/10m_wind_speed/monthly/cds__era5_sl_monthly__ERA5__reanalysis__ws10m__surface__monthly__2019-2019__m10__NH0_90__grid_1p0.grib,65628,1776264923
2026-04-15T16:39:57Z,/mnt/e/last-aticol/data/raw/era5/single-levels/10m_wind_speed/monthly,cds__era5_sl_monthly__ERA5__reanalysis__ws10m__surface__monthly__2019-2019__m11__NH0_90__grid_1p0.grib,/mnt/e/last-aticol/data/raw/era5/single-levels/10m_wind_speed/monthly/cds__era5_sl_monthly__ERA5__reanalysis__ws10m__surface__monthly__2019-2019__m11__NH0_90__grid_1p0.grib,65628,1776264955
2026-04-15T16:39:57Z,/mnt/e/last-aticol/data/raw/era5/single-levels/10m_wind_speed/monthly,cds__era5_sl_monthly__ERA5__reanalysis__ws10m__surface__monthly__2019-2019__m12__NH0_90__grid_1p0.grib,/mnt/e/last-aticol/data/raw/era5/single-levels/10m_wind_speed/monthly/cds__era5_sl_monthly__ERA5__reanalysis__ws10m__surface__monthly__2019-2019__m12__NH0_90__grid_1p0.grib,65628,1776264978
2026-04-15T16:39:57Z,/mnt/e/last-aticol/data/raw/era5/single-levels/10m_wind_speed/monthly,cds__era5_sl_monthly__ERA5__reanalysis__ws10m__surface__monthly__2020-2020__m01__NH0_90__grid_1p0.grib,/mnt/e/last-aticol/data/raw/era5/single-levels/10m_wind_speed/monthly/cds__era5_sl_monthly__ERA5__reanalysis__ws10m__surface__monthly__2020-2020__m01__NH0_90__grid_1p0.grib,65628,1776265000
2026-04-15T16:39:57Z,/mnt/e/last-aticol/data/raw/era5/single-levels/10m_wind_speed/monthly,cds__era5_sl_monthly__ERA5__reanalysis__ws10m__surface__monthly__2020-2020__m02__NH0_90__grid_1p0.grib,/mnt/e/last-aticol/data/raw/era5/single-levels/10m_wind_speed/monthly/cds__era5_sl_monthly__ERA5__reanalysis__ws10m__surface__monthly__2020-2020__m02__NH0_90__grid_1p0.grib,65628,1776265246
2026-04-15T16:39:57Z,/mnt/e/last-aticol/data/raw/era5/single-levels/10m_wind_speed/monthly,cds__era5_sl_monthly__ERA5__reanalysis__ws10m__surface__monthly__2020-2020__m03__NH0_90__grid_1p0.grib,/mnt/e/last-aticol/data/raw/era5/single-levels/10m_wind_speed/monthly/cds__era5_sl_monthly__ERA5__reanalysis__ws10m__surface__monthly__2020-2020__m03__NH0_90__grid_1p0.grib,65628,1776265280
2026-04-15T16:39:57Z,/mnt/e/last-aticol/data/raw/era5/single-levels/10m_wind_speed/monthly,cds__era5_sl_monthly__ERA5__reanalysis__ws10m__surface__monthly__2020-2020__m04__NH0_90__grid_1p0.grib,/mnt/e/last-aticol/data/raw/era5/single-levels/10m_wind_speed/monthly/cds__era5_sl_monthly__ERA5__reanalysis__ws10m__surface__monthly__2020-2020__m04__NH0_90__grid_1p0.grib,65628,1776265317
2026-04-15T16:39:57Z,/mnt/e/last-aticol/data/raw/era5/single-levels/10m_wind_speed/monthly,cds__era5_sl_monthly__ERA5__reanalysis__ws10m__surface__monthly__2020-2020__m05__NH0_90__grid_1p0.grib,/mnt/e/last-aticol/data/raw/era5/single-levels/10m_wind_speed/monthly/cds__era5_sl_monthly__ERA5__reanalysis__ws10m__surface__monthly__2020-2020__m05__NH0_90__grid_1p0.grib,65628,1776265350
2026-04-15T16:39:57Z,/mnt/e/last-aticol/data/raw/era5/single-levels/10m_wind_speed/monthly,cds__era5_sl_monthly__ERA5__reanalysis__ws10m__surface__monthly__2020-2020__m06__NH0_90__grid_1p0.grib,/mnt/e/last-aticol/data/raw/era5/single-levels/10m_wind_speed/monthly/cds__era5_sl_monthly__ERA5__reanalysis__ws10m__surface__monthly__2020-2020__m06__NH0_90__grid_1p0.grib,65628,1776265375
2026-04-15T16:39:57Z,/mnt/e/last-aticol/data/raw/era5/single-levels/10m_wind_speed/monthly,cds__era5_sl_monthly__ERA5__reanalysis__ws10m__surface__monthly__2020-2020__m07__NH0_90__grid_1p0.grib,/mnt/e/last-aticol/data/raw/era5/single-levels/10m_wind_speed/monthly/cds__era5_sl_monthly__ERA5__reanalysis__ws10m__surface__monthly__2020-2020__m07__NH0_90__grid_1p0.grib,65628,1776265408
2026-04-15T16:39:57Z,/mnt/e/last-aticol/data/raw/era5/single-levels/10m_wind_speed/monthly,cds__era5_sl_monthly__ERA5__reanalysis__ws10m__surface__monthly__2020-2020__m08__NH0_90__grid_1p0.grib,/mnt/e/last-aticol/data/raw/era5/single-levels/10m_wind_speed/monthly/cds__era5_sl_monthly__ERA5__reanalysis__ws10m__surface__monthly__2020-2020__m08__NH0_90__grid_1p0.grib,65628,1776265431
2026-04-15T16:39:57Z,/mnt/e/last-aticol/data/raw/era5/single-levels/10m_wind_speed/monthly,cds__era5_sl_monthly__ERA5__reanalysis__ws10m__surface__monthly__2020-2020__m09__NH0_90__grid_1p0.grib,/mnt/e/last-aticol/data/raw/era5/single-levels/10m_wind_speed/monthly/cds__era5_sl_monthly__ERA5__reanalysis__ws10m__surface__monthly__2020-2020__m09__NH0_90__grid_1p0.grib,65628,1776265465
2026-04-15T16:39:57Z,/mnt/e/last-aticol/data/raw/era5/single-levels/10m_wind_speed/monthly,cds__era5_sl_monthly__ERA5__reanalysis__ws10m__surface__monthly__2020-2020__m10__NH0_90__grid_1p0.grib,/mnt/e/last-aticol/data/raw/era5/single-levels/10m_wind_speed/monthly/cds__era5_sl_monthly__ERA5__reanalysis__ws10m__surface__monthly__2020-2020__m10__NH0_90__grid_1p0.grib,65628,1776265498
2026-04-15T16:39:57Z,/mnt/e/last-aticol/data/raw/era5/single-levels/10m_wind_speed/monthly,cds__era5_sl_monthly__ERA5__reanalysis__ws10m__surface__monthly__2020-2020__m11__NH0_90__grid_1p0.grib,/mnt/e/last-aticol/data/raw/era5/single-levels/10m_wind_speed/monthly/cds__era5_sl_monthly__ERA5__reanalysis__ws10m__surface__monthly__2020-2020__m11__NH0_90__grid_1p0.grib,65628,1776265514
2026-04-15T16:39:57Z,/mnt/e/last-aticol/data/raw/era5/single-levels/10m_wind_speed/monthly,cds__era5_sl_monthly__ERA5__reanalysis__ws10m__surface__monthly__2020-2020__m12__NH0_90__grid_1p0.grib,/mnt/e/last-aticol/data/raw/era5/single-levels/10m_wind_speed/monthly/cds__era5_sl_monthly__ERA5__reanalysis__ws10m__surface__monthly__2020-2020__m12__NH0_90__grid_1p0.grib,65628,1776265536
2026-04-15T16:39:57Z,/mnt/e/last-aticol/data/raw/era5/single-levels/10m_wind_speed/monthly,cds__era5_sl_monthly__ERA5__reanalysis__ws10m__surface__monthly__2021-2021__m01__NH0_90__grid_1p0.grib,/mnt/e/last-aticol/data/raw/era5/single-levels/10m_wind_speed/monthly/cds__era5_sl_monthly__ERA5__reanalysis__ws10m__surface__monthly__2021-2021__m01__NH0_90__grid_1p0.grib,65628,1776265561
2026-04-15T16:39:57Z,/mnt/e/last-aticol/data/raw/era5/single-levels/10m_wind_speed/monthly,cds__era5_sl_monthly__ERA5__reanalysis__ws10m__surface__monthly__2021-2021__m02__NH0_90__grid_1p0.grib,/mnt/e/last-aticol/data/raw/era5/single-levels/10m_wind_speed/monthly/cds__era5_sl_monthly__ERA5__reanalysis__ws10m__surface__monthly__2021-2021__m02__NH0_90__grid_1p0.grib,65628,1776265595
2026-04-15T16:39:57Z,/mnt/e/last-aticol/data/raw/era5/single-levels/10m_wind_speed/monthly,cds__era5_sl_monthly__ERA5__reanalysis__ws10m__surface__monthly__2021-2021__m03__NH0_90__grid_1p0.grib,/mnt/e/last-aticol/data/raw/era5/single-levels/10m_wind_speed/monthly/cds__era5_sl_monthly__ERA5__reanalysis__ws10m__surface__monthly__2021-2021__m03__NH0_90__grid_1p0.grib,65628,1776265628
2026-04-15T16:39:57Z,/mnt/e/last-aticol/data/raw/era5/single-levels/10m_wind_speed/monthly,cds__era5_sl_monthly__ERA5__reanalysis__ws10m__surface__monthly__2021-2021__m04__NH0_90__grid_1p0.grib,/mnt/e/last-aticol/data/raw/era5/single-levels/10m_wind_speed/monthly/cds__era5_sl_monthly__ERA5__reanalysis__ws10m__surface__monthly__2021-2021__m04__NH0_90__grid_1p0.grib,65628,1776265651
2026-04-15T16:39:57Z,/mnt/e/last-aticol/data/raw/era5/single-levels/10m_wind_speed/monthly,cds__era5_sl_monthly__ERA5__reanalysis__ws10m__surface__monthly__2021-2021__m05__NH0_90__grid_1p0.grib,/mnt/e/last-aticol/data/raw/era5/single-levels/10m_wind_speed/monthly/cds__era5_sl_monthly__ERA5__reanalysis__ws10m__surface__monthly__2021-2021__m05__NH0_90__grid_1p0.grib,65628,1776265674
2026-04-15T16:39:57Z,/mnt/e/last-aticol/data/raw/era5/single-levels/10m_wind_speed/monthly,cds__era5_sl_monthly__ERA5__reanalysis__ws10m__surface__monthly__2021-2021__m06__NH0_90__grid_1p0.grib,/mnt/e/last-aticol/data/raw/era5/single-levels/10m_wind_speed/monthly/cds__era5_sl_monthly__ERA5__reanalysis__ws10m__surface__monthly__2021-2021__m06__NH0_90__grid_1p0.grib,65628,1776265696
2026-04-15T16:39:57Z,/mnt/e/last-aticol/data/raw/era5/single-levels/10m_wind_speed/monthly,cds__era5_sl_monthly__ERA5__reanalysis__ws10m__surface__monthly__2021-2021__m07__NH0_90__grid_1p0.grib,/mnt/e/last-aticol/data/raw/era5/single-levels/10m_wind_speed/monthly/cds__era5_sl_monthly__ERA5__reanalysis__ws10m__surface__monthly__2021-2021__m07__NH0_90__grid_1p0.grib,65628,1776265712
2026-04-15T16:39:57Z,/mnt/e/last-aticol/data/raw/era5/single-levels/10m_wind_speed/monthly,cds__era5_sl_monthly__ERA5__reanalysis__ws10m__surface__monthly__2021-2021__m08__NH0_90__grid_1p0.grib,/mnt/e/last-aticol/data/raw/era5/single-levels/10m_wind_speed/monthly/cds__era5_sl_monthly__ERA5__reanalysis__ws10m__surface__monthly__2021-2021__m08__NH0_90__grid_1p0.grib,65628,1776265734
2026-04-15T16:39:57Z,/mnt/e/last-aticol/data/raw/era5/single-levels/10m_wind_speed/monthly,cds__era5_sl_monthly__ERA5__reanalysis__ws10m__surface__monthly__2021-2021__m09__NH0_90__grid_1p0.grib,/mnt/e/last-aticol/data/raw/era5/single-levels/10m_wind_speed/monthly/cds__era5_sl_monthly__ERA5__reanalysis__ws10m__surface__monthly__2021-2021__m09__NH0_90__grid_1p0.grib,65628,1776265756
2026-04-15T16:39:57Z,/mnt/e/last-aticol/data/raw/era5/single-levels/10m_wind_speed/monthly,cds__era5_sl_monthly__ERA5__reanalysis__ws10m__surface__monthly__2021-2021__m10__NH0_90__grid_1p0.grib,/mnt/e/last-aticol/data/raw/era5/single-levels/10m_wind_speed/monthly/cds__era5_sl_monthly__ERA5__reanalysis__ws10m__surface__monthly__2021-2021__m10__NH0_90__grid_1p0.grib,65628,1776265789
2026-04-15T16:39:57Z,/mnt/e/last-aticol/data/raw/era5/single-levels/10m_wind_speed/monthly,cds__era5_sl_monthly__ERA5__reanalysis__ws10m__surface__monthly__2021-2021__m11__NH0_90__grid_1p0.grib,/mnt/e/last-aticol/data/raw/era5/single-levels/10m_wind_speed/monthly/cds__era5_sl_monthly__ERA5__reanalysis__ws10m__surface__monthly__2021-2021__m11__NH0_90__grid_1p0.grib,65628,1776265811
2026-04-15T16:39:57Z,/mnt/e/last-aticol/data/raw/era5/single-levels/10m_wind_speed/monthly,cds__era5_sl_monthly__ERA5__reanalysis__ws10m__surface__monthly__2021-2021__m12__NH0_90__grid_1p0.grib,/mnt/e/last-aticol/data/raw/era5/single-levels/10m_wind_speed/monthly/cds__era5_sl_monthly__ERA5__reanalysis__ws10m__surface__monthly__2021-2021__m12__NH0_90__grid_1p0.grib,65628,1776265833
2026-04-15T16:39:57Z,/mnt/e/last-aticol/data/raw/era5/single-levels/10m_wind_speed/monthly,cds__era5_sl_monthly__ERA5__reanalysis__ws10m__surface__monthly__2022-2022__m01__NH0_90__grid_1p0.grib,/mnt/e/last-aticol/data/raw/era5/single-levels/10m_wind_speed/monthly/cds__era5_sl_monthly__ERA5__reanalysis__ws10m__surface__monthly__2022-2022__m01__NH0_90__grid_1p0.grib,65628,1776265881
2026-04-15T16:39:58Z,/mnt/e/last-aticol/data/raw/era5/single-levels/10m_wind_speed/monthly,cds__era5_sl_monthly__ERA5__reanalysis__ws10m__surface__monthly__2022-2022__m02__NH0_90__grid_1p0.grib,/mnt/e/last-aticol/data/raw/era5/single-levels/10m_wind_speed/monthly/cds__era5_sl_monthly__ERA5__reanalysis__ws10m__surface__monthly__2022-2022__m02__NH0_90__grid_1p0.grib,65628,1776265917
2026-04-15T16:39:58Z,/mnt/e/last-aticol/data/raw/era5/single-levels/10m_wind_speed/monthly,cds__era5_sl_monthly__ERA5__reanalysis__ws10m__surface__monthly__2022-2022__m03__NH0_90__grid_1p0.grib,/mnt/e/last-aticol/data/raw/era5/single-levels/10m_wind_speed/monthly/cds__era5_sl_monthly__ERA5__reanalysis__ws10m__surface__monthly__2022-2022__m03__NH0_90__grid_1p0.grib,65628,1776265955
2026-04-15T16:39:58Z,/mnt/e/last-aticol/data/raw/era5/single-levels/10m_wind_speed/monthly,cds__era5_sl_monthly__ERA5__reanalysis__ws10m__surface__monthly__2022-2022__m04__NH0_90__grid_1p0.grib,/mnt/e/last-aticol/data/raw/era5/single-levels/10m_wind_speed/monthly/cds__era5_sl_monthly__ERA5__reanalysis__ws10m__surface__monthly__2022-2022__m04__NH0_90__grid_1p0.grib,65628,1776266001
2026-04-15T16:39:58Z,/mnt/e/last-aticol/data/raw/era5/single-levels/10m_wind_speed/monthly,cds__era5_sl_monthly__ERA5__reanalysis__ws10m__surface__monthly__2022-2022__m05__NH0_90__grid_1p0.grib,/mnt/e/last-aticol/data/raw/era5/single-levels/10m_wind_speed/monthly/cds__era5_sl_monthly__ERA5__reanalysis__ws10m__surface__monthly__2022-2022__m05__NH0_90__grid_1p0.grib,65628,1776266045
2026-04-15T16:39:58Z,/mnt/e/last-aticol/data/raw/era5/single-levels/10m_wind_speed/monthly,cds__era5_sl_monthly__ERA5__reanalysis__ws10m__surface__monthly__2022-2022__m06__NH0_90__grid_1p0.grib,/mnt/e/last-aticol/data/raw/era5/single-levels/10m_wind_speed/monthly/cds__era5_sl_monthly__ERA5__reanalysis__ws10m__surface__monthly__2022-2022__m06__NH0_90__grid_1p0.grib,65628,1776266068
2026-04-15T16:39:58Z,/mnt/e/last-aticol/data/raw/era5/single-levels/10m_wind_speed/monthly,cds__era5_sl_monthly__ERA5__reanalysis__ws10m__surface__monthly__2022-2022__m07__NH0_90__grid_1p0.grib,/mnt/e/last-aticol/data/raw/era5/single-levels/10m_wind_speed/monthly/cds__era5_sl_monthly__ERA5__reanalysis__ws10m__surface__monthly__2022-2022__m07__NH0_90__grid_1p0.grib,65628,1776266100
2026-04-15T16:39:58Z,/mnt/e/last-aticol/data/raw/era5/single-levels/10m_wind_speed/monthly,cds__era5_sl_monthly__ERA5__reanalysis__ws10m__surface__monthly__2022-2022__m08__NH0_90__grid_1p0.grib,/mnt/e/last-aticol/data/raw/era5/single-levels/10m_wind_speed/monthly/cds__era5_sl_monthly__ERA5__reanalysis__ws10m__surface__monthly__2022-2022__m08__NH0_90__grid_1p0.grib,65628,1776266122
2026-04-15T16:39:58Z,/mnt/e/last-aticol/data/raw/era5/single-levels/10m_wind_speed/monthly,cds__era5_sl_monthly__ERA5__reanalysis__ws10m__surface__monthly__2022-2022__m09__NH0_90__grid_1p0.grib,/mnt/e/last-aticol/data/raw/era5/single-levels/10m_wind_speed/monthly/cds__era5_sl_monthly__ERA5__reanalysis__ws10m__surface__monthly__2022-2022__m09__NH0_90__grid_1p0.grib,65628,1776266375
2026-04-15T16:39:58Z,/mnt/e/last-aticol/data/raw/era5/single-levels/10m_wind_speed/monthly,cds__era5_sl_monthly__ERA5__reanalysis__ws10m__surface__monthly__2022-2022__m10__NH0_90__grid_1p0.grib,/mnt/e/last-aticol/data/raw/era5/single-levels/10m_wind_speed/monthly/cds__era5_sl_monthly__ERA5__reanalysis__ws10m__surface__monthly__2022-2022__m10__NH0_90__grid_1p0.grib,65628,1776266397
2026-04-15T16:39:58Z,/mnt/e/last-aticol/data/raw/era5/single-levels/10m_wind_speed/monthly,cds__era5_sl_monthly__ERA5__reanalysis__ws10m__surface__monthly__2022-2022__m11__NH0_90__grid_1p0.grib,/mnt/e/last-aticol/data/raw/era5/single-levels/10m_wind_speed/monthly/cds__era5_sl_monthly__ERA5__reanalysis__ws10m__surface__monthly__2022-2022__m11__NH0_90__grid_1p0.grib,65628,1776266419
2026-04-15T16:39:58Z,/mnt/e/last-aticol/data/raw/era5/single-levels/10m_wind_speed/monthly,cds__era5_sl_monthly__ERA5__reanalysis__ws10m__surface__monthly__2022-2022__m12__NH0_90__grid_1p0.grib,/mnt/e/last-aticol/data/raw/era5/single-levels/10m_wind_speed/monthly/cds__era5_sl_monthly__ERA5__reanalysis__ws10m__surface__monthly__2022-2022__m12__NH0_90__grid_1p0.grib,65628,1776266445
2026-04-15T16:39:58Z,/mnt/e/last-aticol/data/raw/era5/single-levels/10m_wind_speed/monthly,cds__era5_sl_monthly__ERA5__reanalysis__ws10m__surface__monthly__2023-2023__m01__NH0_90__grid_1p0.grib,/mnt/e/last-aticol/data/raw/era5/single-levels/10m_wind_speed/monthly/cds__era5_sl_monthly__ERA5__reanalysis__ws10m__surface__monthly__2023-2023__m01__NH0_90__grid_1p0.grib,65628,1776266519
2026-04-15T16:39:58Z,/mnt/e/last-aticol/data/raw/era5/single-levels/10m_wind_speed/monthly,cds__era5_sl_monthly__ERA5__reanalysis__ws10m__surface__monthly__2023-2023__m02__NH0_90__grid_1p0.grib,/mnt/e/last-aticol/data/raw/era5/single-levels/10m_wind_speed/monthly/cds__era5_sl_monthly__ERA5__reanalysis__ws10m__surface__monthly__2023-2023__m02__NH0_90__grid_1p0.grib,65628,1776266543
2026-04-15T16:39:58Z,/mnt/e/last-aticol/data/raw/era5/single-levels/10m_wind_speed/monthly,cds__era5_sl_monthly__ERA5__reanalysis__ws10m__surface__monthly__2023-2023__m03__NH0_90__grid_1p0.grib,/mnt/e/last-aticol/data/raw/era5/single-levels/10m_wind_speed/monthly/cds__era5_sl_monthly__ERA5__reanalysis__ws10m__surface__monthly__2023-2023__m03__NH0_90__grid_1p0.grib,65628,1776266566
2026-04-15T16:39:58Z,/mnt/e/last-aticol/data/raw/era5/single-levels/10m_wind_speed/monthly,cds__era5_sl_monthly__ERA5__reanalysis__ws10m__surface__monthly__2023-2023__m04__NH0_90__grid_1p0.grib,/mnt/e/last-aticol/data/raw/era5/single-levels/10m_wind_speed/monthly/cds__era5_sl_monthly__ERA5__reanalysis__ws10m__surface__monthly__2023-2023__m04__NH0_90__grid_1p0.grib,65628,1776266581
2026-04-15T16:39:58Z,/mnt/e/last-aticol/data/raw/era5/single-levels/10m_wind_speed/monthly,cds__era5_sl_monthly__ERA5__reanalysis__ws10m__surface__monthly__2023-2023__m05__NH0_90__grid_1p0.grib,/mnt/e/last-aticol/data/raw/era5/single-levels/10m_wind_speed/monthly/cds__era5_sl_monthly__ERA5__reanalysis__ws10m__surface__monthly__2023-2023__m05__NH0_90__grid_1p0.grib,65628,1776266615
2026-04-15T16:39:58Z,/mnt/e/last-aticol/data/raw/era5/single-levels/10m_wind_speed/monthly,cds__era5_sl_monthly__ERA5__reanalysis__ws10m__surface__monthly__2023-2023__m06__NH0_90__grid_1p0.grib,/mnt/e/last-aticol/data/raw/era5/single-levels/10m_wind_speed/monthly/cds__era5_sl_monthly__ERA5__reanalysis__ws10m__surface__monthly__2023-2023__m06__NH0_90__grid_1p0.grib,65628,1776266648
2026-04-15T16:39:58Z,/mnt/e/last-aticol/data/raw/era5/single-levels/10m_wind_speed/monthly,cds__era5_sl_monthly__ERA5__reanalysis__ws10m__surface__monthly__2023-2023__m07__NH0_90__grid_1p0.grib,/mnt/e/last-aticol/data/raw/era5/single-levels/10m_wind_speed/monthly/cds__era5_sl_monthly__ERA5__reanalysis__ws10m__surface__monthly__2023-2023__m07__NH0_90__grid_1p0.grib,65628,1776266673
2026-04-15T16:39:58Z,/mnt/e/last-aticol/data/raw/era5/single-levels/10m_wind_speed/monthly,cds__era5_sl_monthly__ERA5__reanalysis__ws10m__surface__monthly__2023-2023__m08__NH0_90__grid_1p0.grib,/mnt/e/last-aticol/data/raw/era5/single-levels/10m_wind_speed/monthly/cds__era5_sl_monthly__ERA5__reanalysis__ws10m__surface__monthly__2023-2023__m08__NH0_90__grid_1p0.grib,65628,1776266706
2026-04-15T16:39:58Z,/mnt/e/last-aticol/data/raw/era5/single-levels/10m_wind_speed/monthly,cds__era5_sl_monthly__ERA5__reanalysis__ws10m__surface__monthly__2023-2023__m09__NH0_90__grid_1p0.grib,/mnt/e/last-aticol/data/raw/era5/single-levels/10m_wind_speed/monthly/cds__era5_sl_monthly__ERA5__reanalysis__ws10m__surface__monthly__2023-2023__m09__NH0_90__grid_1p0.grib,65628,1776266740
2026-04-15T16:39:58Z,/mnt/e/last-aticol/data/raw/era5/single-levels/10m_wind_speed/monthly,cds__era5_sl_monthly__ERA5__reanalysis__ws10m__surface__monthly__2023-2023__m10__NH0_90__grid_1p0.grib,/mnt/e/last-aticol/data/raw/era5/single-levels/10m_wind_speed/monthly/cds__era5_sl_monthly__ERA5__reanalysis__ws10m__surface__monthly__2023-2023__m10__NH0_90__grid_1p0.grib,65628,1776266774
2026-04-15T16:39:58Z,/mnt/e/last-aticol/data/raw/era5/single-levels/10m_wind_speed/monthly,cds__era5_sl_monthly__ERA5__reanalysis__ws10m__surface__monthly__2023-2023__m11__NH0_90__grid_1p0.grib,/mnt/e/last-aticol/data/raw/era5/single-levels/10m_wind_speed/monthly/cds__era5_sl_monthly__ERA5__reanalysis__ws10m__surface__monthly__2023-2023__m11__NH0_90__grid_1p0.grib,65628,1776266796
2026-04-15T16:39:58Z,/mnt/e/last-aticol/data/raw/era5/single-levels/10m_wind_speed/monthly,cds__era5_sl_monthly__ERA5__reanalysis__ws10m__surface__monthly__2023-2023__m12__NH0_90__grid_1p0.grib,/mnt/e/last-aticol/data/raw/era5/single-levels/10m_wind_speed/monthly/cds__era5_sl_monthly__ERA5__reanalysis__ws10m__surface__monthly__2023-2023__m12__NH0_90__grid_1p0.grib,65628,1776266819
2026-04-15T16:39:58Z,/mnt/e/last-aticol/data/raw/era5/single-levels/10m_wind_speed/monthly,cds__era5_sl_monthly__ERA5__reanalysis__ws10m__surface__monthly__2024-2024__m01__NH0_90__grid_1p0.grib,/mnt/e/last-aticol/data/raw/era5/single-levels/10m_wind_speed/monthly/cds__era5_sl_monthly__ERA5__reanalysis__ws10m__surface__monthly__2024-2024__m01__NH0_90__grid_1p0.grib,65628,1776266841
2026-04-15T16:39:58Z,/mnt/e/last-aticol/data/raw/era5/single-levels/10m_wind_speed/monthly,cds__era5_sl_monthly__ERA5__reanalysis__ws10m__surface__monthly__2024-2024__m02__NH0_90__grid_1p0.grib,/mnt/e/last-aticol/data/raw/era5/single-levels/10m_wind_speed/monthly/cds__era5_sl_monthly__ERA5__reanalysis__ws10m__surface__monthly__2024-2024__m02__NH0_90__grid_1p0.grib,65628,1776266864
2026-04-15T16:39:58Z,/mnt/e/last-aticol/data/raw/era5/single-levels/10m_wind_speed/monthly,cds__era5_sl_monthly__ERA5__reanalysis__ws10m__surface__monthly__2024-2024__m03__NH0_90__grid_1p0.grib,/mnt/e/last-aticol/data/raw/era5/single-levels/10m_wind_speed/monthly/cds__era5_sl_monthly__ERA5__reanalysis__ws10m__surface__monthly__2024-2024__m03__NH0_90__grid_1p0.grib,65628,1776266886
2026-04-15T16:39:58Z,/mnt/e/last-aticol/data/raw/era5/single-levels/10m_wind_speed/monthly,cds__era5_sl_monthly__ERA5__reanalysis__ws10m__surface__monthly__2024-2024__m04__NH0_90__grid_1p0.grib,/mnt/e/last-aticol/data/raw/era5/single-levels/10m_wind_speed/monthly/cds__era5_sl_monthly__ERA5__reanalysis__ws10m__surface__monthly__2024-2024__m04__NH0_90__grid_1p0.grib,65628,1776266908
2026-04-15T16:39:58Z,/mnt/e/last-aticol/data/raw/era5/single-levels/10m_wind_speed/monthly,cds__era5_sl_monthly__ERA5__reanalysis__ws10m__surface__monthly__2024-2024__m05__NH0_90__grid_1p0.grib,/mnt/e/last-aticol/data/raw/era5/single-levels/10m_wind_speed/monthly/cds__era5_sl_monthly__ERA5__reanalysis__ws10m__surface__monthly__2024-2024__m05__NH0_90__grid_1p0.grib,65628,1776266931
2026-04-15T16:39:58Z,/mnt/e/last-aticol/data/raw/era5/single-levels/10m_wind_speed/monthly,cds__era5_sl_monthly__ERA5__reanalysis__ws10m__surface__monthly__2024-2024__m06__NH0_90__grid_1p0.grib,/mnt/e/last-aticol/data/raw/era5/single-levels/10m_wind_speed/monthly/cds__era5_sl_monthly__ERA5__reanalysis__ws10m__surface__monthly__2024-2024__m06__NH0_90__grid_1p0.grib,65628,1776266953
2026-04-15T16:39:58Z,/mnt/e/last-aticol/data/raw/era5/single-levels/10m_wind_speed/monthly,cds__era5_sl_monthly__ERA5__reanalysis__ws10m__surface__monthly__2024-2024__m07__NH0_90__grid_1p0.grib,/mnt/e/last-aticol/data/raw/era5/single-levels/10m_wind_speed/monthly/cds__era5_sl_monthly__ERA5__reanalysis__ws10m__surface__monthly__2024-2024__m07__NH0_90__grid_1p0.grib,65628,1776266976
2026-04-15T16:39:58Z,/mnt/e/last-aticol/data/raw/era5/single-levels/10m_wind_speed/monthly,cds__era5_sl_monthly__ERA5__reanalysis__ws10m__surface__monthly__2024-2024__m08__NH0_90__grid_1p0.grib,/mnt/e/last-aticol/data/raw/era5/single-levels/10m_wind_speed/monthly/cds__era5_sl_monthly__ERA5__reanalysis__ws10m__surface__monthly__2024-2024__m08__NH0_90__grid_1p0.grib,65628,1776267009
2026-04-15T16:39:58Z,/mnt/e/last-aticol/data/raw/era5/single-levels/10m_wind_speed/monthly,cds__era5_sl_monthly__ERA5__reanalysis__ws10m__surface__monthly__2024-2024__m09__NH0_90__grid_1p0.grib,/mnt/e/last-aticol/data/raw/era5/single-levels/10m_wind_speed/monthly/cds__era5_sl_monthly__ERA5__reanalysis__ws10m__surface__monthly__2024-2024__m09__NH0_90__grid_1p0.grib,65628,1776267042
2026-04-15T16:39:58Z,/mnt/e/last-aticol/data/raw/era5/single-levels/10m_wind_speed/monthly,cds__era5_sl_monthly__ERA5__reanalysis__ws10m__surface__monthly__2024-2024__m10__NH0_90__grid_1p0.grib,/mnt/e/last-aticol/data/raw/era5/single-levels/10m_wind_speed/monthly/cds__era5_sl_monthly__ERA5__reanalysis__ws10m__surface__monthly__2024-2024__m10__NH0_90__grid_1p0.grib,65628,1776267076
2026-04-15T16:39:58Z,/mnt/e/last-aticol/data/raw/era5/single-levels/10m_wind_speed/monthly,cds__era5_sl_monthly__ERA5__reanalysis__ws10m__surface__monthly__2024-2024__m11__NH0_90__grid_1p0.grib,/mnt/e/last-aticol/data/raw/era5/single-levels/10m_wind_speed/monthly/cds__era5_sl_monthly__ERA5__reanalysis__ws10m__surface__monthly__2024-2024__m11__NH0_90__grid_1p0.grib,65628,1776267098
2026-04-15T16:39:58Z,/mnt/e/last-aticol/data/raw/era5/single-levels/10m_wind_speed/monthly,cds__era5_sl_monthly__ERA5__reanalysis__ws10m__surface__monthly__2024-2024__m12__NH0_90__grid_1p0.grib,/mnt/e/last-aticol/data/raw/era5/single-levels/10m_wind_speed/monthly/cds__era5_sl_monthly__ERA5__reanalysis__ws10m__surface__monthly__2024-2024__m12__NH0_90__grid_1p0.grib,65628,1776267121
2026-04-15T16:39:58Z,/mnt/e/last-aticol/data/raw/era5/single-levels/10m_wind_speed/monthly,cds__era5_sl_monthly__ERA5__reanalysis__ws10m__surface__monthly__2025-2025__m01__NH0_90__grid_1p0.grib,/mnt/e/last-aticol/data/raw/era5/single-levels/10m_wind_speed/monthly/cds__era5_sl_monthly__ERA5__reanalysis__ws10m__surface__monthly__2025-2025__m01__NH0_90__grid_1p0.grib,65628,1776267144
2026-04-15T16:39:58Z,/mnt/e/last-aticol/data/raw/era5/single-levels/10m_wind_speed/monthly,cds__era5_sl_monthly__ERA5__reanalysis__ws10m__surface__monthly__2025-2025__m02__NH0_90__grid_1p0.grib,/mnt/e/last-aticol/data/raw/era5/single-levels/10m_wind_speed/monthly/cds__era5_sl_monthly__ERA5__reanalysis__ws10m__surface__monthly__2025-2025__m02__NH0_90__grid_1p0.grib,65628,1776267167
2026-04-15T16:39:58Z,/mnt/e/last-aticol/data/raw/era5/single-levels/10m_wind_speed/monthly,cds__era5_sl_monthly__ERA5__reanalysis__ws10m__surface__monthly__2025-2025__m03__NH0_90__grid_1p0.grib,/mnt/e/last-aticol/data/raw/era5/single-levels/10m_wind_speed/monthly/cds__era5_sl_monthly__ERA5__reanalysis__ws10m__surface__monthly__2025-2025__m03__NH0_90__grid_1p0.grib,65628,1776267189
2026-04-15T16:39:58Z,/mnt/e/last-aticol/data/raw/era5/single-levels/10m_wind_speed/monthly,cds__era5_sl_monthly__ERA5__reanalysis__ws10m__surface__monthly__2025-2025__m04__NH0_90__grid_1p0.grib,/mnt/e/last-aticol/data/raw/era5/single-levels/10m_wind_speed/monthly/cds__era5_sl_monthly__ERA5__reanalysis__ws10m__surface__monthly__2025-2025__m04__NH0_90__grid_1p0.grib,65628,1776267212
2026-04-15T16:39:58Z,/mnt/e/last-aticol/data/raw/era5/single-levels/10m_wind_speed/monthly,cds__era5_sl_monthly__ERA5__reanalysis__ws10m__surface__monthly__2025-2025__m05__NH0_90__grid_1p0.grib,/mnt/e/last-aticol/data/raw/era5/single-levels/10m_wind_speed/monthly/cds__era5_sl_monthly__ERA5__reanalysis__ws10m__surface__monthly__2025-2025__m05__NH0_90__grid_1p0.grib,65628,1776267234
2026-04-15T16:39:58Z,/mnt/e/last-aticol/data/raw/era5/single-levels/10m_wind_speed/monthly,cds__era5_sl_monthly__ERA5__reanalysis__ws10m__surface__monthly__2025-2025__m06__NH0_90__grid_1p0.grib,/mnt/e/last-aticol/data/raw/era5/single-levels/10m_wind_speed/monthly/cds__era5_sl_monthly__ERA5__reanalysis__ws10m__surface__monthly__2025-2025__m06__NH0_90__grid_1p0.grib,65628,1776267249
2026-04-15T16:39:58Z,/mnt/e/last-aticol/data/raw/era5/single-levels/10m_wind_speed/monthly,cds__era5_sl_monthly__ERA5__reanalysis__ws10m__surface__monthly__2025-2025__m07__NH0_90__grid_1p0.grib,/mnt/e/last-aticol/data/raw/era5/single-levels/10m_wind_speed/monthly/cds__era5_sl_monthly__ERA5__reanalysis__ws10m__surface__monthly__2025-2025__m07__NH0_90__grid_1p0.grib,65628,1776267272
2026-04-15T16:39:58Z,/mnt/e/last-aticol/data/raw/era5/single-levels/10m_wind_speed/monthly,cds__era5_sl_monthly__ERA5__reanalysis__ws10m__surface__monthly__2025-2025__m08__NH0_90__grid_1p0.grib,/mnt/e/last-aticol/data/raw/era5/single-levels/10m_wind_speed/monthly/cds__era5_sl_monthly__ERA5__reanalysis__ws10m__surface__monthly__2025-2025__m08__NH0_90__grid_1p0.grib,65628,1776267304
2026-04-15T16:39:58Z,/mnt/e/last-aticol/data/raw/era5/single-levels/10m_wind_speed/monthly,cds__era5_sl_monthly__ERA5__reanalysis__ws10m__surface__monthly__2025-2025__m09__NH0_90__grid_1p0.grib,/mnt/e/last-aticol/data/raw/era5/single-levels/10m_wind_speed/monthly/cds__era5_sl_monthly__ERA5__reanalysis__ws10m__surface__monthly__2025-2025__m09__NH0_90__grid_1p0.grib,65628,1776267339
2026-04-15T16:39:58Z,/mnt/e/last-aticol/data/raw/era5/single-levels/10m_wind_speed/monthly,cds__era5_sl_monthly__ERA5__reanalysis__ws10m__surface__monthly__2025-2025__m10__NH0_90__grid_1p0.grib,/mnt/e/last-aticol/data/raw/era5/single-levels/10m_wind_speed/monthly/cds__era5_sl_monthly__ERA5__reanalysis__ws10m__surface__monthly__2025-2025__m10__NH0_90__grid_1p0.grib,65628,1776267372
2026-04-15T16:39:58Z,/mnt/e/last-aticol/data/raw/era5/single-levels/10m_wind_speed/monthly,cds__era5_sl_monthly__ERA5__reanalysis__ws10m__surface__monthly__2025-2025__m11__NH0_90__grid_1p0.grib,/mnt/e/last-aticol/data/raw/era5/single-levels/10m_wind_speed/monthly/cds__era5_sl_monthly__ERA5__reanalysis__ws10m__surface__monthly__2025-2025__m11__NH0_90__grid_1p0.grib,65628,1776267394
2026-04-15T16:39:58Z,/mnt/e/last-aticol/data/raw/era5/single-levels/10m_wind_speed/monthly,cds__era5_sl_monthly__ERA5__reanalysis__ws10m__surface__monthly__2025-2025__m12__NH0_90__grid_1p0.grib,/mnt/e/last-aticol/data/raw/era5/single-levels/10m_wind_speed/monthly/cds__era5_sl_monthly__ERA5__reanalysis__ws10m__surface__monthly__2025-2025__m12__NH0_90__grid_1p0.grib,65628,1776267416
