scanned_at_utc,root,filename,absolute_path,size_bytes,mtime_epoch
2026-04-14T14:07:58Z,/mnt/e/last-aticol/data/raw/era5/single-levels/total_precipitation/monthly,cds__era5_sl_monthly__ERA5__reanalysis__tp__surface__monthly__2000-2000__m01__NH0_90__grid_1p0.grib,/mnt/e/last-aticol/data/raw/era5/single-levels/total_precipitation/monthly/cds__era5_sl_monthly__ERA5__reanalysis__tp__surface__monthly__2000-2000__m01__NH0_90__grid_1p0.grib,65628,1776110211
2026-04-14T14:07:58Z,/mnt/e/last-aticol/data/raw/era5/single-levels/total_precipitation/monthly,cds__era5_sl_monthly__ERA5__reanalysis__tp__surface__monthly__2000-2000__m02__NH0_90__grid_1p0.grib,/mnt/e/last-aticol/data/raw/era5/single-levels/total_precipitation/monthly/cds__era5_sl_monthly__ERA5__reanalysis__tp__surface__monthly__2000-2000__m02__NH0_90__grid_1p0.grib,65628,1776110233
2026-04-14T14:07:58Z,/mnt/e/last-aticol/data/raw/era5/single-levels/total_precipitation/monthly,cds__era5_sl_monthly__ERA5__reanalysis__tp__surface__monthly__2000-2000__m03__NH0_90__grid_1p0.grib,/mnt/e/last-aticol/data/raw/era5/single-levels/total_precipitation/monthly/cds__era5_sl_monthly__ERA5__reanalysis__tp__surface__monthly__2000-2000__m03__NH0_90__grid_1p0.grib,65628,1776110248
2026-04-14T14:07:58Z,/mnt/e/last-aticol/data/raw/era5/single-levels/total_precipitation/monthly,cds__era5_sl_monthly__ERA5__reanalysis__tp__surface__monthly__2000-2000__m04__NH0_90__grid_1p0.grib,/mnt/e/last-aticol/data/raw/era5/single-levels/total_precipitation/monthly/cds__era5_sl_monthly__ERA5__reanalysis__tp__surface__monthly__2000-2000__m04__NH0_90__grid_1p0.grib,65628,1776110271
2026-04-14T14:07:58Z,/mnt/e/last-aticol/data/raw/era5/single-levels/total_precipitation/monthly,cds__era5_sl_monthly__ERA5__reanalysis__tp__surface__monthly__2000-2000__m05__NH0_90__grid_1p0.grib,/mnt/e/last-aticol/data/raw/era5/single-levels/total_precipitation/monthly/cds__era5_sl_monthly__ERA5__reanalysis__tp__surface__monthly__2000-2000__m05__NH0_90__grid_1p0.grib,65628,1776110293
2026-04-14T14:07:58Z,/mnt/e/last-aticol/data/raw/era5/single-levels/total_precipitation/monthly,cds__era5_sl_monthly__ERA5__reanalysis__tp__surface__monthly__2000-2000__m06__NH0_90__grid_1p0.grib,/mnt/e/last-aticol/data/raw/era5/single-levels/total_precipitation/monthly/cds__era5_sl_monthly__ERA5__reanalysis__tp__surface__monthly__2000-2000__m06__NH0_90__grid_1p0.grib,65628,1776110342
2026-04-14T14:07:58Z,/mnt/e/last-aticol/data/raw/era5/single-levels/total_precipitation/monthly,cds__era5_sl_monthly__ERA5__reanalysis__tp__surface__monthly__2000-2000__m07__NH0_90__grid_1p0.grib,/mnt/e/last-aticol/data/raw/era5/single-levels/total_precipitation/monthly/cds__era5_sl_monthly__ERA5__reanalysis__tp__surface__monthly__2000-2000__m07__NH0_90__grid_1p0.grib,65628,1776110357
2026-04-14T14:07:58Z,/mnt/e/last-aticol/data/raw/era5/single-levels/total_precipitation/monthly,cds__era5_sl_monthly__ERA5__reanalysis__tp__surface__monthly__2000-2000__m08__NH0_90__grid_1p0.grib,/mnt/e/last-aticol/data/raw/era5/single-levels/total_precipitation/monthly/cds__era5_sl_monthly__ERA5__reanalysis__tp__surface__monthly__2000-2000__m08__NH0_90__grid_1p0.grib,65628,1776110390
2026-04-14T14:07:59Z,/mnt/e/last-aticol/data/raw/era5/single-levels/total_precipitation/monthly,cds__era5_sl_monthly__ERA5__reanalysis__tp__surface__monthly__2000-2000__m09__NH0_90__grid_1p0.grib,/mnt/e/last-aticol/data/raw/era5/single-levels/total_precipitation/monthly/cds__era5_sl_monthly__ERA5__reanalysis__tp__surface__monthly__2000-2000__m09__NH0_90__grid_1p0.grib,65628,1776110440
2026-04-14T14:07:59Z,/mnt/e/last-aticol/data/raw/era5/single-levels/total_precipitation/monthly,cds__era5_sl_monthly__ERA5__reanalysis__tp__surface__monthly__2000-2000__m10__NH0_90__grid_1p0.grib,/mnt/e/last-aticol/data/raw/era5/single-levels/total_precipitation/monthly/cds__era5_sl_monthly__ERA5__reanalysis__tp__surface__monthly__2000-2000__m10__NH0_90__grid_1p0.grib,65628,1776110463
2026-04-14T14:07:59Z,/mnt/e/last-aticol/data/raw/era5/single-levels/total_precipitation/monthly,cds__era5_sl_monthly__ERA5__reanalysis__tp__surface__monthly__2000-2000__m11__NH0_90__grid_1p0.grib,/mnt/e/last-aticol/data/raw/era5/single-levels/total_precipitation/monthly/cds__era5_sl_monthly__ERA5__reanalysis__tp__surface__monthly__2000-2000__m11__NH0_90__grid_1p0.grib,65628,1776110486
2026-04-14T14:07:59Z,/mnt/e/last-aticol/data/raw/era5/single-levels/total_precipitation/monthly,cds__era5_sl_monthly__ERA5__reanalysis__tp__surface__monthly__2000-2000__m12__NH0_90__grid_1p0.grib,/mnt/e/last-aticol/data/raw/era5/single-levels/total_precipitation/monthly/cds__era5_sl_monthly__ERA5__reanalysis__tp__surface__monthly__2000-2000__m12__NH0_90__grid_1p0.grib,65628,1776110509
2026-04-14T14:07:59Z,/mnt/e/last-aticol/data/raw/era5/single-levels/total_precipitation/monthly,cds__era5_sl_monthly__ERA5__reanalysis__tp__surface__monthly__2001-2001__m01__NH0_90__grid_1p0.grib,/mnt/e/last-aticol/data/raw/era5/single-levels/total_precipitation/monthly/cds__era5_sl_monthly__ERA5__reanalysis__tp__surface__monthly__2001-2001__m01__NH0_90__grid_1p0.grib,65628,1776110525
2026-04-14T14:07:59Z,/mnt/e/last-aticol/data/raw/era5/single-levels/total_precipitation/monthly,cds__era5_sl_monthly__ERA5__reanalysis__tp__surface__monthly__2001-2001__m02__NH0_90__grid_1p0.grib,/mnt/e/last-aticol/data/raw/era5/single-levels/total_precipitation/monthly/cds__era5_sl_monthly__ERA5__reanalysis__tp__surface__monthly__2001-2001__m02__NH0_90__grid_1p0.grib,65628,1776110541
2026-04-14T14:07:59Z,/mnt/e/last-aticol/data/raw/era5/single-levels/total_precipitation/monthly,cds__era5_sl_monthly__ERA5__reanalysis__tp__surface__monthly__2001-2001__m03__NH0_90__grid_1p0.grib,/mnt/e/last-aticol/data/raw/era5/single-levels/total_precipitation/monthly/cds__era5_sl_monthly__ERA5__reanalysis__tp__surface__monthly__2001-2001__m03__NH0_90__grid_1p0.grib,65628,1776110556
2026-04-14T14:07:59Z,/mnt/e/last-aticol/data/raw/era5/single-levels/total_precipitation/monthly,cds__era5_sl_monthly__ERA5__reanalysis__tp__surface__monthly__2001-2001__m04__NH0_90__grid_1p0.grib,/mnt/e/last-aticol/data/raw/era5/single-levels/total_precipitation/monthly/cds__era5_sl_monthly__ERA5__reanalysis__tp__surface__monthly__2001-2001__m04__NH0_90__grid_1p0.grib,65628,1776110579
2026-04-14T14:07:59Z,/mnt/e/last-aticol/data/raw/era5/single-levels/total_precipitation/monthly,cds__era5_sl_monthly__ERA5__reanalysis__tp__surface__monthly__2001-2001__m05__NH0_90__grid_1p0.grib,/mnt/e/last-aticol/data/raw/era5/single-levels/total_precipitation/monthly/cds__era5_sl_monthly__ERA5__reanalysis__tp__surface__monthly__2001-2001__m05__NH0_90__grid_1p0.grib,65628,1776110601
2026-04-14T14:07:59Z,/mnt/e/last-aticol/data/raw/era5/single-levels/total_precipitation/monthly,cds__era5_sl_monthly__ERA5__reanalysis__tp__surface__monthly__2001-2001__m06__NH0_90__grid_1p0.grib,/mnt/e/last-aticol/data/raw/era5/single-levels/total_precipitation/monthly/cds__era5_sl_monthly__ERA5__reanalysis__tp__surface__monthly__2001-2001__m06__NH0_90__grid_1p0.grib,65628,1776110633
2026-04-14T14:07:59Z,/mnt/e/last-aticol/data/raw/era5/single-levels/total_precipitation/monthly,cds__era5_sl_monthly__ERA5__reanalysis__tp__surface__monthly__2001-2001__m07__NH0_90__grid_1p0.grib,/mnt/e/last-aticol/data/raw/era5/single-levels/total_precipitation/monthly/cds__era5_sl_monthly__ERA5__reanalysis__tp__surface__monthly__2001-2001__m07__NH0_90__grid_1p0.grib,65628,1776110657
2026-04-14T14:07:59Z,/mnt/e/last-aticol/data/raw/era5/single-levels/total_precipitation/monthly,cds__era5_sl_monthly__ERA5__reanalysis__tp__surface__monthly__2001-2001__m08__NH0_90__grid_1p0.grib,/mnt/e/last-aticol/data/raw/era5/single-levels/total_precipitation/monthly/cds__era5_sl_monthly__ERA5__reanalysis__tp__surface__monthly__2001-2001__m08__NH0_90__grid_1p0.grib,65628,1776110690
2026-04-14T14:07:59Z,/mnt/e/last-aticol/data/raw/era5/single-levels/total_precipitation/monthly,cds__era5_sl_monthly__ERA5__reanalysis__tp__surface__monthly__2001-2001__m09__NH0_90__grid_1p0.grib,/mnt/e/last-aticol/data/raw/era5/single-levels/total_precipitation/monthly/cds__era5_sl_monthly__ERA5__reanalysis__tp__surface__monthly__2001-2001__m09__NH0_90__grid_1p0.grib,65628,1776110723
2026-04-14T14:07:59Z,/mnt/e/last-aticol/data/raw/era5/single-levels/total_precipitation/monthly,cds__era5_sl_monthly__ERA5__reanalysis__tp__surface__monthly__2001-2001__m10__NH0_90__grid_1p0.grib,/mnt/e/last-aticol/data/raw/era5/single-levels/total_precipitation/monthly/cds__era5_sl_monthly__ERA5__reanalysis__tp__surface__monthly__2001-2001__m10__NH0_90__grid_1p0.grib,65628,1776110744
2026-04-14T14:07:59Z,/mnt/e/last-aticol/data/raw/era5/single-levels/total_precipitation/monthly,cds__era5_sl_monthly__ERA5__reanalysis__tp__surface__monthly__2001-2001__m11__NH0_90__grid_1p0.grib,/mnt/e/last-aticol/data/raw/era5/single-levels/total_precipitation/monthly/cds__era5_sl_monthly__ERA5__reanalysis__tp__surface__monthly__2001-2001__m11__NH0_90__grid_1p0.grib,65628,1776110766
2026-04-14T14:07:59Z,/mnt/e/last-aticol/data/raw/era5/single-levels/total_precipitation/monthly,cds__era5_sl_monthly__ERA5__reanalysis__tp__surface__monthly__2001-2001__m12__NH0_90__grid_1p0.grib,/mnt/e/last-aticol/data/raw/era5/single-levels/total_precipitation/monthly/cds__era5_sl_monthly__ERA5__reanalysis__tp__surface__monthly__2001-2001__m12__NH0_90__grid_1p0.grib,65628,1776110788
2026-04-14T14:07:59Z,/mnt/e/last-aticol/data/raw/era5/single-levels/total_precipitation/monthly,cds__era5_sl_monthly__ERA5__reanalysis__tp__surface__monthly__2002-2002__m01__NH0_90__grid_1p0.grib,/mnt/e/last-aticol/data/raw/era5/single-levels/total_precipitation/monthly/cds__era5_sl_monthly__ERA5__reanalysis__tp__surface__monthly__2002-2002__m01__NH0_90__grid_1p0.grib,65628,1776110810
2026-04-14T14:07:59Z,/mnt/e/last-aticol/data/raw/era5/single-levels/total_precipitation/monthly,cds__era5_sl_monthly__ERA5__reanalysis__tp__surface__monthly__2002-2002__m02__NH0_90__grid_1p0.grib,/mnt/e/last-aticol/data/raw/era5/single-levels/total_precipitation/monthly/cds__era5_sl_monthly__ERA5__reanalysis__tp__surface__monthly__2002-2002__m02__NH0_90__grid_1p0.grib,65628,1776110843
2026-04-14T14:07:59Z,/mnt/e/last-aticol/data/raw/era5/single-levels/total_precipitation/monthly,cds__era5_sl_monthly__ERA5__reanalysis__tp__surface__monthly__2002-2002__m03__NH0_90__grid_1p0.grib,/mnt/e/last-aticol/data/raw/era5/single-levels/total_precipitation/monthly/cds__era5_sl_monthly__ERA5__reanalysis__tp__surface__monthly__2002-2002__m03__NH0_90__grid_1p0.grib,65628,1776110876
2026-04-14T14:07:59Z,/mnt/e/last-aticol/data/raw/era5/single-levels/total_precipitation/monthly,cds__era5_sl_monthly__ERA5__reanalysis__tp__surface__monthly__2002-2002__m04__NH0_90__grid_1p0.grib,/mnt/e/last-aticol/data/raw/era5/single-levels/total_precipitation/monthly/cds__era5_sl_monthly__ERA5__reanalysis__tp__surface__monthly__2002-2002__m04__NH0_90__grid_1p0.grib,65628,1776110891
2026-04-14T14:07:59Z,/mnt/e/last-aticol/data/raw/era5/single-levels/total_precipitation/monthly,cds__era5_sl_monthly__ERA5__reanalysis__tp__surface__monthly__2002-2002__m05__NH0_90__grid_1p0.grib,/mnt/e/last-aticol/data/raw/era5/single-levels/total_precipitation/monthly/cds__era5_sl_monthly__ERA5__reanalysis__tp__surface__monthly__2002-2002__m05__NH0_90__grid_1p0.grib,65628,1776110914
2026-04-14T14:07:59Z,/mnt/e/last-aticol/data/raw/era5/single-levels/total_precipitation/monthly,cds__era5_sl_monthly__ERA5__reanalysis__tp__surface__monthly__2002-2002__m06__NH0_90__grid_1p0.grib,/mnt/e/last-aticol/data/raw/era5/single-levels/total_precipitation/monthly/cds__era5_sl_monthly__ERA5__reanalysis__tp__surface__monthly__2002-2002__m06__NH0_90__grid_1p0.grib,65628,1776110936
2026-04-14T14:07:59Z,/mnt/e/last-aticol/data/raw/era5/single-levels/total_precipitation/monthly,cds__era5_sl_monthly__ERA5__reanalysis__tp__surface__monthly__2002-2002__m07__NH0_90__grid_1p0.grib,/mnt/e/last-aticol/data/raw/era5/single-levels/total_precipitation/monthly/cds__era5_sl_monthly__ERA5__reanalysis__tp__surface__monthly__2002-2002__m07__NH0_90__grid_1p0.grib,65628,1776110959
2026-04-14T14:07:59Z,/mnt/e/last-aticol/data/raw/era5/single-levels/total_precipitation/monthly,cds__era5_sl_monthly__ERA5__reanalysis__tp__surface__monthly__2002-2002__m08__NH0_90__grid_1p0.grib,/mnt/e/last-aticol/data/raw/era5/single-levels/total_precipitation/monthly/cds__era5_sl_monthly__ERA5__reanalysis__tp__surface__monthly__2002-2002__m08__NH0_90__grid_1p0.grib,65628,1776110981
2026-04-14T14:07:59Z,/mnt/e/last-aticol/data/raw/era5/single-levels/total_precipitation/monthly,cds__era5_sl_monthly__ERA5__reanalysis__tp__surface__monthly__2002-2002__m09__NH0_90__grid_1p0.grib,/mnt/e/last-aticol/data/raw/era5/single-levels/total_precipitation/monthly/cds__era5_sl_monthly__ERA5__reanalysis__tp__surface__monthly__2002-2002__m09__NH0_90__grid_1p0.grib,65628,1776111014
2026-04-14T14:07:59Z,/mnt/e/last-aticol/data/raw/era5/single-levels/total_precipitation/monthly,cds__era5_sl_monthly__ERA5__reanalysis__tp__surface__monthly__2002-2002__m10__NH0_90__grid_1p0.grib,/mnt/e/last-aticol/data/raw/era5/single-levels/total_precipitation/monthly/cds__era5_sl_monthly__ERA5__reanalysis__tp__surface__monthly__2002-2002__m10__NH0_90__grid_1p0.grib,65628,1776111036
2026-04-14T14:07:59Z,/mnt/e/last-aticol/data/raw/era5/single-levels/total_precipitation/monthly,cds__era5_sl_monthly__ERA5__reanalysis__tp__surface__monthly__2002-2002__m11__NH0_90__grid_1p0.grib,/mnt/e/last-aticol/data/raw/era5/single-levels/total_precipitation/monthly/cds__era5_sl_monthly__ERA5__reanalysis__tp__surface__monthly__2002-2002__m11__NH0_90__grid_1p0.grib,65628,1776111109
2026-04-14T14:07:59Z,/mnt/e/last-aticol/data/raw/era5/single-levels/total_precipitation/monthly,cds__era5_sl_monthly__ERA5__reanalysis__tp__surface__monthly__2002-2002__m12__NH0_90__grid_1p0.grib,/mnt/e/last-aticol/data/raw/era5/single-levels/total_precipitation/monthly/cds__era5_sl_monthly__ERA5__reanalysis__tp__surface__monthly__2002-2002__m12__NH0_90__grid_1p0.grib,65628,1776111123
2026-04-14T14:07:59Z,/mnt/e/last-aticol/data/raw/era5/single-levels/total_precipitation/monthly,cds__era5_sl_monthly__ERA5__reanalysis__tp__surface__monthly__2003-2003__m01__NH0_90__grid_1p0.grib,/mnt/e/last-aticol/data/raw/era5/single-levels/total_precipitation/monthly/cds__era5_sl_monthly__ERA5__reanalysis__tp__surface__monthly__2003-2003__m01__NH0_90__grid_1p0.grib,65628,1776111146
2026-04-14T14:07:59Z,/mnt/e/last-aticol/data/raw/era5/single-levels/total_precipitation/monthly,cds__era5_sl_monthly__ERA5__reanalysis__tp__surface__monthly__2003-2003__m02__NH0_90__grid_1p0.grib,/mnt/e/last-aticol/data/raw/era5/single-levels/total_precipitation/monthly/cds__era5_sl_monthly__ERA5__reanalysis__tp__surface__monthly__2003-2003__m02__NH0_90__grid_1p0.grib,65628,1776111168
2026-04-14T14:07:59Z,/mnt/e/last-aticol/data/raw/era5/single-levels/total_precipitation/monthly,cds__era5_sl_monthly__ERA5__reanalysis__tp__surface__monthly__2003-2003__m03__NH0_90__grid_1p0.grib,/mnt/e/last-aticol/data/raw/era5/single-levels/total_precipitation/monthly/cds__era5_sl_monthly__ERA5__reanalysis__tp__surface__monthly__2003-2003__m03__NH0_90__grid_1p0.grib,65628,1776111190
2026-04-14T14:07:59Z,/mnt/e/last-aticol/data/raw/era5/single-levels/total_precipitation/monthly,cds__era5_sl_monthly__ERA5__reanalysis__tp__surface__monthly__2003-2003__m04__NH0_90__grid_1p0.grib,/mnt/e/last-aticol/data/raw/era5/single-levels/total_precipitation/monthly/cds__era5_sl_monthly__ERA5__reanalysis__tp__surface__monthly__2003-2003__m04__NH0_90__grid_1p0.grib,65628,1776111205
2026-04-14T14:07:59Z,/mnt/e/last-aticol/data/raw/era5/single-levels/total_precipitation/monthly,cds__era5_sl_monthly__ERA5__reanalysis__tp__surface__monthly__2003-2003__m05__NH0_90__grid_1p0.grib,/mnt/e/last-aticol/data/raw/era5/single-levels/total_precipitation/monthly/cds__era5_sl_monthly__ERA5__reanalysis__tp__surface__monthly__2003-2003__m05__NH0_90__grid_1p0.grib,65628,1776111227
2026-04-14T14:07:59Z,/mnt/e/last-aticol/data/raw/era5/single-levels/total_precipitation/monthly,cds__era5_sl_monthly__ERA5__reanalysis__tp__surface__monthly__2003-2003__m06__NH0_90__grid_1p0.grib,/mnt/e/last-aticol/data/raw/era5/single-levels/total_precipitation/monthly/cds__era5_sl_monthly__ERA5__reanalysis__tp__surface__monthly__2003-2003__m06__NH0_90__grid_1p0.grib,65628,1776111250
2026-04-14T14:07:59Z,/mnt/e/last-aticol/data/raw/era5/single-levels/total_precipitation/monthly,cds__era5_sl_monthly__ERA5__reanalysis__tp__surface__monthly__2003-2003__m07__NH0_90__grid_1p0.grib,/mnt/e/last-aticol/data/raw/era5/single-levels/total_precipitation/monthly/cds__era5_sl_monthly__ERA5__reanalysis__tp__surface__monthly__2003-2003__m07__NH0_90__grid_1p0.grib,65628,1776111264
2026-04-14T14:07:59Z,/mnt/e/last-aticol/data/raw/era5/single-levels/total_precipitation/monthly,cds__era5_sl_monthly__ERA5__reanalysis__tp__surface__monthly__2003-2003__m08__NH0_90__grid_1p0.grib,/mnt/e/last-aticol/data/raw/era5/single-levels/total_precipitation/monthly/cds__era5_sl_monthly__ERA5__reanalysis__tp__surface__monthly__2003-2003__m08__NH0_90__grid_1p0.grib,65628,1776111286
2026-04-14T14:07:59Z,/mnt/e/last-aticol/data/raw/era5/single-levels/total_precipitation/monthly,cds__era5_sl_monthly__ERA5__reanalysis__tp__surface__monthly__2003-2003__m09__NH0_90__grid_1p0.grib,/mnt/e/last-aticol/data/raw/era5/single-levels/total_precipitation/monthly/cds__era5_sl_monthly__ERA5__reanalysis__tp__surface__monthly__2003-2003__m09__NH0_90__grid_1p0.grib,65628,1776111308
2026-04-14T14:07:59Z,/mnt/e/last-aticol/data/raw/era5/single-levels/total_precipitation/monthly,cds__era5_sl_monthly__ERA5__reanalysis__tp__surface__monthly__2003-2003__m10__NH0_90__grid_1p0.grib,/mnt/e/last-aticol/data/raw/era5/single-levels/total_precipitation/monthly/cds__era5_sl_monthly__ERA5__reanalysis__tp__surface__monthly__2003-2003__m10__NH0_90__grid_1p0.grib,65628,1776111323
2026-04-14T14:07:59Z,/mnt/e/last-aticol/data/raw/era5/single-levels/total_precipitation/monthly,cds__era5_sl_monthly__ERA5__reanalysis__tp__surface__monthly__2003-2003__m11__NH0_90__grid_1p0.grib,/mnt/e/last-aticol/data/raw/era5/single-levels/total_precipitation/monthly/cds__era5_sl_monthly__ERA5__reanalysis__tp__surface__monthly__2003-2003__m11__NH0_90__grid_1p0.grib,65628,1776111345
2026-04-14T14:07:59Z,/mnt/e/last-aticol/data/raw/era5/single-levels/total_precipitation/monthly,cds__era5_sl_monthly__ERA5__reanalysis__tp__surface__monthly__2003-2003__m12__NH0_90__grid_1p0.grib,/mnt/e/last-aticol/data/raw/era5/single-levels/total_precipitation/monthly/cds__era5_sl_monthly__ERA5__reanalysis__tp__surface__monthly__2003-2003__m12__NH0_90__grid_1p0.grib,65628,1776111367
2026-04-14T14:07:59Z,/mnt/e/last-aticol/data/raw/era5/single-levels/total_precipitation/monthly,cds__era5_sl_monthly__ERA5__reanalysis__tp__surface__monthly__2004-2004__m01__NH0_90__grid_1p0.grib,/mnt/e/last-aticol/data/raw/era5/single-levels/total_precipitation/monthly/cds__era5_sl_monthly__ERA5__reanalysis__tp__surface__monthly__2004-2004__m01__NH0_90__grid_1p0.grib,65628,1776111389
2026-04-14T14:07:59Z,/mnt/e/last-aticol/data/raw/era5/single-levels/total_precipitation/monthly,cds__era5_sl_monthly__ERA5__reanalysis__tp__surface__monthly__2004-2004__m02__NH0_90__grid_1p0.grib,/mnt/e/last-aticol/data/raw/era5/single-levels/total_precipitation/monthly/cds__era5_sl_monthly__ERA5__reanalysis__tp__surface__monthly__2004-2004__m02__NH0_90__grid_1p0.grib,65628,1776111403
2026-04-14T14:07:59Z,/mnt/e/last-aticol/data/raw/era5/single-levels/total_precipitation/monthly,cds__era5_sl_monthly__ERA5__reanalysis__tp__surface__monthly__2004-2004__m03__NH0_90__grid_1p0.grib,/mnt/e/last-aticol/data/raw/era5/single-levels/total_precipitation/monthly/cds__era5_sl_monthly__ERA5__reanalysis__tp__surface__monthly__2004-2004__m03__NH0_90__grid_1p0.grib,65628,1776111436
2026-04-14T14:07:59Z,/mnt/e/last-aticol/data/raw/era5/single-levels/total_precipitation/monthly,cds__era5_sl_monthly__ERA5__reanalysis__tp__surface__monthly__2004-2004__m04__NH0_90__grid_1p0.grib,/mnt/e/last-aticol/data/raw/era5/single-levels/total_precipitation/monthly/cds__era5_sl_monthly__ERA5__reanalysis__tp__surface__monthly__2004-2004__m04__NH0_90__grid_1p0.grib,65628,1776111458
2026-04-14T14:07:59Z,/mnt/e/last-aticol/data/raw/era5/single-levels/total_precipitation/monthly,cds__era5_sl_monthly__ERA5__reanalysis__tp__surface__monthly__2004-2004__m05__NH0_90__grid_1p0.grib,/mnt/e/last-aticol/data/raw/era5/single-levels/total_precipitation/monthly/cds__era5_sl_monthly__ERA5__reanalysis__tp__surface__monthly__2004-2004__m05__NH0_90__grid_1p0.grib,65628,1776111490
2026-04-14T14:07:59Z,/mnt/e/last-aticol/data/raw/era5/single-levels/total_precipitation/monthly,cds__era5_sl_monthly__ERA5__reanalysis__tp__surface__monthly__2004-2004__m06__NH0_90__grid_1p0.grib,/mnt/e/last-aticol/data/raw/era5/single-levels/total_precipitation/monthly/cds__era5_sl_monthly__ERA5__reanalysis__tp__surface__monthly__2004-2004__m06__NH0_90__grid_1p0.grib,65628,1776111512
2026-04-14T14:07:59Z,/mnt/e/last-aticol/data/raw/era5/single-levels/total_precipitation/monthly,cds__era5_sl_monthly__ERA5__reanalysis__tp__surface__monthly__2004-2004__m07__NH0_90__grid_1p0.grib,/mnt/e/last-aticol/data/raw/era5/single-levels/total_precipitation/monthly/cds__era5_sl_monthly__ERA5__reanalysis__tp__surface__monthly__2004-2004__m07__NH0_90__grid_1p0.grib,65628,1776111585
2026-04-14T14:07:59Z,/mnt/e/last-aticol/data/raw/era5/single-levels/total_precipitation/monthly,cds__era5_sl_monthly__ERA5__reanalysis__tp__surface__monthly__2004-2004__m08__NH0_90__grid_1p0.grib,/mnt/e/last-aticol/data/raw/era5/single-levels/total_precipitation/monthly/cds__era5_sl_monthly__ERA5__reanalysis__tp__surface__monthly__2004-2004__m08__NH0_90__grid_1p0.grib,65628,1776111618
2026-04-14T14:07:59Z,/mnt/e/last-aticol/data/raw/era5/single-levels/total_precipitation/monthly,cds__era5_sl_monthly__ERA5__reanalysis__tp__surface__monthly__2004-2004__m09__NH0_90__grid_1p0.grib,/mnt/e/last-aticol/data/raw/era5/single-levels/total_precipitation/monthly/cds__era5_sl_monthly__ERA5__reanalysis__tp__surface__monthly__2004-2004__m09__NH0_90__grid_1p0.grib,65628,1776111640
2026-04-14T14:07:59Z,/mnt/e/last-aticol/data/raw/era5/single-levels/total_precipitation/monthly,cds__era5_sl_monthly__ERA5__reanalysis__tp__surface__monthly__2004-2004__m10__NH0_90__grid_1p0.grib,/mnt/e/last-aticol/data/raw/era5/single-levels/total_precipitation/monthly/cds__era5_sl_monthly__ERA5__reanalysis__tp__surface__monthly__2004-2004__m10__NH0_90__grid_1p0.grib,65628,1776111663
2026-04-14T14:07:59Z,/mnt/e/last-aticol/data/raw/era5/single-levels/total_precipitation/monthly,cds__era5_sl_monthly__ERA5__reanalysis__tp__surface__monthly__2004-2004__m11__NH0_90__grid_1p0.grib,/mnt/e/last-aticol/data/raw/era5/single-levels/total_precipitation/monthly/cds__era5_sl_monthly__ERA5__reanalysis__tp__surface__monthly__2004-2004__m11__NH0_90__grid_1p0.grib,65628,1776111696
2026-04-14T14:07:59Z,/mnt/e/last-aticol/data/raw/era5/single-levels/total_precipitation/monthly,cds__era5_sl_monthly__ERA5__reanalysis__tp__surface__monthly__2004-2004__m12__NH0_90__grid_1p0.grib,/mnt/e/last-aticol/data/raw/era5/single-levels/total_precipitation/monthly/cds__era5_sl_monthly__ERA5__reanalysis__tp__surface__monthly__2004-2004__m12__NH0_90__grid_1p0.grib,65628,1776111718
2026-04-14T14:07:59Z,/mnt/e/last-aticol/data/raw/era5/single-levels/total_precipitation/monthly,cds__era5_sl_monthly__ERA5__reanalysis__tp__surface__monthly__2005-2005__m01__NH0_90__grid_1p0.grib,/mnt/e/last-aticol/data/raw/era5/single-levels/total_precipitation/monthly/cds__era5_sl_monthly__ERA5__reanalysis__tp__surface__monthly__2005-2005__m01__NH0_90__grid_1p0.grib,65628,1776111741
2026-04-14T14:07:59Z,/mnt/e/last-aticol/data/raw/era5/single-levels/total_precipitation/monthly,cds__era5_sl_monthly__ERA5__reanalysis__tp__surface__monthly__2005-2005__m02__NH0_90__grid_1p0.grib,/mnt/e/last-aticol/data/raw/era5/single-levels/total_precipitation/monthly/cds__era5_sl_monthly__ERA5__reanalysis__tp__surface__monthly__2005-2005__m02__NH0_90__grid_1p0.grib,65628,1776111773
2026-04-14T14:07:59Z,/mnt/e/last-aticol/data/raw/era5/single-levels/total_precipitation/monthly,cds__era5_sl_monthly__ERA5__reanalysis__tp__surface__monthly__2005-2005__m03__NH0_90__grid_1p0.grib,/mnt/e/last-aticol/data/raw/era5/single-levels/total_precipitation/monthly/cds__era5_sl_monthly__ERA5__reanalysis__tp__surface__monthly__2005-2005__m03__NH0_90__grid_1p0.grib,65628,1776111788
2026-04-14T14:07:59Z,/mnt/e/last-aticol/data/raw/era5/single-levels/total_precipitation/monthly,cds__era5_sl_monthly__ERA5__reanalysis__tp__surface__monthly__2005-2005__m04__NH0_90__grid_1p0.grib,/mnt/e/last-aticol/data/raw/era5/single-levels/total_precipitation/monthly/cds__era5_sl_monthly__ERA5__reanalysis__tp__surface__monthly__2005-2005__m04__NH0_90__grid_1p0.grib,65628,1776111810
2026-04-14T14:07:59Z,/mnt/e/last-aticol/data/raw/era5/single-levels/total_precipitation/monthly,cds__era5_sl_monthly__ERA5__reanalysis__tp__surface__monthly__2005-2005__m05__NH0_90__grid_1p0.grib,/mnt/e/last-aticol/data/raw/era5/single-levels/total_precipitation/monthly/cds__era5_sl_monthly__ERA5__reanalysis__tp__surface__monthly__2005-2005__m05__NH0_90__grid_1p0.grib,65628,1776112124
2026-04-14T14:07:59Z,/mnt/e/last-aticol/data/raw/era5/single-levels/total_precipitation/monthly,cds__era5_sl_monthly__ERA5__reanalysis__tp__surface__monthly__2005-2005__m06__NH0_90__grid_1p0.grib,/mnt/e/last-aticol/data/raw/era5/single-levels/total_precipitation/monthly/cds__era5_sl_monthly__ERA5__reanalysis__tp__surface__monthly__2005-2005__m06__NH0_90__grid_1p0.grib,65628,1776112144
2026-04-14T14:07:59Z,/mnt/e/last-aticol/data/raw/era5/single-levels/total_precipitation/monthly,cds__era5_sl_monthly__ERA5__reanalysis__tp__surface__monthly__2005-2005__m07__NH0_90__grid_1p0.grib,/mnt/e/last-aticol/data/raw/era5/single-levels/total_precipitation/monthly/cds__era5_sl_monthly__ERA5__reanalysis__tp__surface__monthly__2005-2005__m07__NH0_90__grid_1p0.grib,65628,1776112166
2026-04-14T14:07:59Z,/mnt/e/last-aticol/data/raw/era5/single-levels/total_precipitation/monthly,cds__era5_sl_monthly__ERA5__reanalysis__tp__surface__monthly__2005-2005__m08__NH0_90__grid_1p0.grib,/mnt/e/last-aticol/data/raw/era5/single-levels/total_precipitation/monthly/cds__era5_sl_monthly__ERA5__reanalysis__tp__surface__monthly__2005-2005__m08__NH0_90__grid_1p0.grib,65628,1776112200
2026-04-14T14:07:59Z,/mnt/e/last-aticol/data/raw/era5/single-levels/total_precipitation/monthly,cds__era5_sl_monthly__ERA5__reanalysis__tp__surface__monthly__2005-2005__m09__NH0_90__grid_1p0.grib,/mnt/e/last-aticol/data/raw/era5/single-levels/total_precipitation/monthly/cds__era5_sl_monthly__ERA5__reanalysis__tp__surface__monthly__2005-2005__m09__NH0_90__grid_1p0.grib,65628,1776112224
2026-04-14T14:07:59Z,/mnt/e/last-aticol/data/raw/era5/single-levels/total_precipitation/monthly,cds__era5_sl_monthly__ERA5__reanalysis__tp__surface__monthly__2005-2005__m10__NH0_90__grid_1p0.grib,/mnt/e/last-aticol/data/raw/era5/single-levels/total_precipitation/monthly/cds__era5_sl_monthly__ERA5__reanalysis__tp__surface__monthly__2005-2005__m10__NH0_90__grid_1p0.grib,65628,1776112259
2026-04-14T14:07:59Z,/mnt/e/last-aticol/data/raw/era5/single-levels/total_precipitation/monthly,cds__era5_sl_monthly__ERA5__reanalysis__tp__surface__monthly__2005-2005__m11__NH0_90__grid_1p0.grib,/mnt/e/last-aticol/data/raw/era5/single-levels/total_precipitation/monthly/cds__era5_sl_monthly__ERA5__reanalysis__tp__surface__monthly__2005-2005__m11__NH0_90__grid_1p0.grib,65628,1776112282
2026-04-14T14:07:59Z,/mnt/e/last-aticol/data/raw/era5/single-levels/total_precipitation/monthly,cds__era5_sl_monthly__ERA5__reanalysis__tp__surface__monthly__2005-2005__m12__NH0_90__grid_1p0.grib,/mnt/e/last-aticol/data/raw/era5/single-levels/total_precipitation/monthly/cds__era5_sl_monthly__ERA5__reanalysis__tp__surface__monthly__2005-2005__m12__NH0_90__grid_1p0.grib,65628,1776112306
2026-04-14T14:07:59Z,/mnt/e/last-aticol/data/raw/era5/single-levels/total_precipitation/monthly,cds__era5_sl_monthly__ERA5__reanalysis__tp__surface__monthly__2006-2006__m01__NH0_90__grid_1p0.grib,/mnt/e/last-aticol/data/raw/era5/single-levels/total_precipitation/monthly/cds__era5_sl_monthly__ERA5__reanalysis__tp__surface__monthly__2006-2006__m01__NH0_90__grid_1p0.grib,65628,1776112323
2026-04-14T14:07:59Z,/mnt/e/last-aticol/data/raw/era5/single-levels/total_precipitation/monthly,cds__era5_sl_monthly__ERA5__reanalysis__tp__surface__monthly__2006-2006__m02__NH0_90__grid_1p0.grib,/mnt/e/last-aticol/data/raw/era5/single-levels/total_precipitation/monthly/cds__era5_sl_monthly__ERA5__reanalysis__tp__surface__monthly__2006-2006__m02__NH0_90__grid_1p0.grib,65628,1776112347
2026-04-14T14:07:59Z,/mnt/e/last-aticol/data/raw/era5/single-levels/total_precipitation/monthly,cds__era5_sl_monthly__ERA5__reanalysis__tp__surface__monthly__2006-2006__m03__NH0_90__grid_1p0.grib,/mnt/e/last-aticol/data/raw/era5/single-levels/total_precipitation/monthly/cds__era5_sl_monthly__ERA5__reanalysis__tp__surface__monthly__2006-2006__m03__NH0_90__grid_1p0.grib,65628,1776112363
2026-04-14T14:07:59Z,/mnt/e/last-aticol/data/raw/era5/single-levels/total_precipitation/monthly,cds__era5_sl_monthly__ERA5__reanalysis__tp__surface__monthly__2006-2006__m04__NH0_90__grid_1p0.grib,/mnt/e/last-aticol/data/raw/era5/single-levels/total_precipitation/monthly/cds__era5_sl_monthly__ERA5__reanalysis__tp__surface__monthly__2006-2006__m04__NH0_90__grid_1p0.grib,65628,1776112379
2026-04-14T14:07:59Z,/mnt/e/last-aticol/data/raw/era5/single-levels/total_precipitation/monthly,cds__era5_sl_monthly__ERA5__reanalysis__tp__surface__monthly__2006-2006__m05__NH0_90__grid_1p0.grib,/mnt/e/last-aticol/data/raw/era5/single-levels/total_precipitation/monthly/cds__era5_sl_monthly__ERA5__reanalysis__tp__surface__monthly__2006-2006__m05__NH0_90__grid_1p0.grib,65628,1776112396
2026-04-14T14:07:59Z,/mnt/e/last-aticol/data/raw/era5/single-levels/total_precipitation/monthly,cds__era5_sl_monthly__ERA5__reanalysis__tp__surface__monthly__2006-2006__m06__NH0_90__grid_1p0.grib,/mnt/e/last-aticol/data/raw/era5/single-levels/total_precipitation/monthly/cds__era5_sl_monthly__ERA5__reanalysis__tp__surface__monthly__2006-2006__m06__NH0_90__grid_1p0.grib,65628,1776112412
2026-04-14T14:07:59Z,/mnt/e/last-aticol/data/raw/era5/single-levels/total_precipitation/monthly,cds__era5_sl_monthly__ERA5__reanalysis__tp__surface__monthly__2006-2006__m07__NH0_90__grid_1p0.grib,/mnt/e/last-aticol/data/raw/era5/single-levels/total_precipitation/monthly/cds__era5_sl_monthly__ERA5__reanalysis__tp__surface__monthly__2006-2006__m07__NH0_90__grid_1p0.grib,65628,1776112428
2026-04-14T14:07:59Z,/mnt/e/last-aticol/data/raw/era5/single-levels/total_precipitation/monthly,cds__era5_sl_monthly__ERA5__reanalysis__tp__surface__monthly__2006-2006__m08__NH0_90__grid_1p0.grib,/mnt/e/last-aticol/data/raw/era5/single-levels/total_precipitation/monthly/cds__era5_sl_monthly__ERA5__reanalysis__tp__surface__monthly__2006-2006__m08__NH0_90__grid_1p0.grib,65628,1776112452
2026-04-14T14:07:59Z,/mnt/e/last-aticol/data/raw/era5/single-levels/total_precipitation/monthly,cds__era5_sl_monthly__ERA5__reanalysis__tp__surface__monthly__2006-2006__m09__NH0_90__grid_1p0.grib,/mnt/e/last-aticol/data/raw/era5/single-levels/total_precipitation/monthly/cds__era5_sl_monthly__ERA5__reanalysis__tp__surface__monthly__2006-2006__m09__NH0_90__grid_1p0.grib,65628,1776112468
2026-04-14T14:07:59Z,/mnt/e/last-aticol/data/raw/era5/single-levels/total_precipitation/monthly,cds__era5_sl_monthly__ERA5__reanalysis__tp__surface__monthly__2006-2006__m10__NH0_90__grid_1p0.grib,/mnt/e/last-aticol/data/raw/era5/single-levels/total_precipitation/monthly/cds__era5_sl_monthly__ERA5__reanalysis__tp__surface__monthly__2006-2006__m10__NH0_90__grid_1p0.grib,65628,1776112521
2026-04-14T14:07:59Z,/mnt/e/last-aticol/data/raw/era5/single-levels/total_precipitation/monthly,cds__era5_sl_monthly__ERA5__reanalysis__tp__surface__monthly__2006-2006__m11__NH0_90__grid_1p0.grib,/mnt/e/last-aticol/data/raw/era5/single-levels/total_precipitation/monthly/cds__era5_sl_monthly__ERA5__reanalysis__tp__surface__monthly__2006-2006__m11__NH0_90__grid_1p0.grib,65628,1776112545
2026-04-14T14:07:59Z,/mnt/e/last-aticol/data/raw/era5/single-levels/total_precipitation/monthly,cds__era5_sl_monthly__ERA5__reanalysis__tp__surface__monthly__2006-2006__m12__NH0_90__grid_1p0.grib,/mnt/e/last-aticol/data/raw/era5/single-levels/total_precipitation/monthly/cds__era5_sl_monthly__ERA5__reanalysis__tp__surface__monthly__2006-2006__m12__NH0_90__grid_1p0.grib,65628,1776112569
2026-04-14T14:07:59Z,/mnt/e/last-aticol/data/raw/era5/single-levels/total_precipitation/monthly,cds__era5_sl_monthly__ERA5__reanalysis__tp__surface__monthly__2007-2007__m01__NH0_90__grid_1p0.grib,/mnt/e/last-aticol/data/raw/era5/single-levels/total_precipitation/monthly/cds__era5_sl_monthly__ERA5__reanalysis__tp__surface__monthly__2007-2007__m01__NH0_90__grid_1p0.grib,65628,1776112594
2026-04-14T14:07:59Z,/mnt/e/last-aticol/data/raw/era5/single-levels/total_precipitation/monthly,cds__era5_sl_monthly__ERA5__reanalysis__tp__surface__monthly__2007-2007__m02__NH0_90__grid_1p0.grib,/mnt/e/last-aticol/data/raw/era5/single-levels/total_precipitation/monthly/cds__era5_sl_monthly__ERA5__reanalysis__tp__surface__monthly__2007-2007__m02__NH0_90__grid_1p0.grib,65628,1776112610
2026-04-14T14:07:59Z,/mnt/e/last-aticol/data/raw/era5/single-levels/total_precipitation/monthly,cds__era5_sl_monthly__ERA5__reanalysis__tp__surface__monthly__2007-2007__m03__NH0_90__grid_1p0.grib,/mnt/e/last-aticol/data/raw/era5/single-levels/total_precipitation/monthly/cds__era5_sl_monthly__ERA5__reanalysis__tp__surface__monthly__2007-2007__m03__NH0_90__grid_1p0.grib,65628,1776112634
2026-04-14T14:07:59Z,/mnt/e/last-aticol/data/raw/era5/single-levels/total_precipitation/monthly,cds__era5_sl_monthly__ERA5__reanalysis__tp__surface__monthly__2007-2007__m04__NH0_90__grid_1p0.grib,/mnt/e/last-aticol/data/raw/era5/single-levels/total_precipitation/monthly/cds__era5_sl_monthly__ERA5__reanalysis__tp__surface__monthly__2007-2007__m04__NH0_90__grid_1p0.grib,65628,1776112670
2026-04-14T14:07:59Z,/mnt/e/last-aticol/data/raw/era5/single-levels/total_precipitation/monthly,cds__era5_sl_monthly__ERA5__reanalysis__tp__surface__monthly__2007-2007__m05__NH0_90__grid_1p0.grib,/mnt/e/last-aticol/data/raw/era5/single-levels/total_precipitation/monthly/cds__era5_sl_monthly__ERA5__reanalysis__tp__surface__monthly__2007-2007__m05__NH0_90__grid_1p0.grib,65628,1776112693
2026-04-14T14:07:59Z,/mnt/e/last-aticol/data/raw/era5/single-levels/total_precipitation/monthly,cds__era5_sl_monthly__ERA5__reanalysis__tp__surface__monthly__2007-2007__m06__NH0_90__grid_1p0.grib,/mnt/e/last-aticol/data/raw/era5/single-levels/total_precipitation/monthly/cds__era5_sl_monthly__ERA5__reanalysis__tp__surface__monthly__2007-2007__m06__NH0_90__grid_1p0.grib,65628,1776112910
2026-04-14T14:07:59Z,/mnt/e/last-aticol/data/raw/era5/single-levels/total_precipitation/monthly,cds__era5_sl_monthly__ERA5__reanalysis__tp__surface__monthly__2007-2007__m07__NH0_90__grid_1p0.grib,/mnt/e/last-aticol/data/raw/era5/single-levels/total_precipitation/monthly/cds__era5_sl_monthly__ERA5__reanalysis__tp__surface__monthly__2007-2007__m07__NH0_90__grid_1p0.grib,65628,1776112934
2026-04-14T14:07:59Z,/mnt/e/last-aticol/data/raw/era5/single-levels/total_precipitation/monthly,cds__era5_sl_monthly__ERA5__reanalysis__tp__surface__monthly__2007-2007__m08__NH0_90__grid_1p0.grib,/mnt/e/last-aticol/data/raw/era5/single-levels/total_precipitation/monthly/cds__era5_sl_monthly__ERA5__reanalysis__tp__surface__monthly__2007-2007__m08__NH0_90__grid_1p0.grib,65628,1776112988
2026-04-14T14:07:59Z,/mnt/e/last-aticol/data/raw/era5/single-levels/total_precipitation/monthly,cds__era5_sl_monthly__ERA5__reanalysis__tp__surface__monthly__2007-2007__m09__NH0_90__grid_1p0.grib,/mnt/e/last-aticol/data/raw/era5/single-levels/total_precipitation/monthly/cds__era5_sl_monthly__ERA5__reanalysis__tp__surface__monthly__2007-2007__m09__NH0_90__grid_1p0.grib,65628,1776113012
2026-04-14T14:07:59Z,/mnt/e/last-aticol/data/raw/era5/single-levels/total_precipitation/monthly,cds__era5_sl_monthly__ERA5__reanalysis__tp__surface__monthly__2007-2007__m10__NH0_90__grid_1p0.grib,/mnt/e/last-aticol/data/raw/era5/single-levels/total_precipitation/monthly/cds__era5_sl_monthly__ERA5__reanalysis__tp__surface__monthly__2007-2007__m10__NH0_90__grid_1p0.grib,65628,1776113028
2026-04-14T14:07:59Z,/mnt/e/last-aticol/data/raw/era5/single-levels/total_precipitation/monthly,cds__era5_sl_monthly__ERA5__reanalysis__tp__surface__monthly__2007-2007__m11__NH0_90__grid_1p0.grib,/mnt/e/last-aticol/data/raw/era5/single-levels/total_precipitation/monthly/cds__era5_sl_monthly__ERA5__reanalysis__tp__surface__monthly__2007-2007__m11__NH0_90__grid_1p0.grib,65628,1776113044
2026-04-14T14:07:59Z,/mnt/e/last-aticol/data/raw/era5/single-levels/total_precipitation/monthly,cds__era5_sl_monthly__ERA5__reanalysis__tp__surface__monthly__2007-2007__m12__NH0_90__grid_1p0.grib,/mnt/e/last-aticol/data/raw/era5/single-levels/total_precipitation/monthly/cds__era5_sl_monthly__ERA5__reanalysis__tp__surface__monthly__2007-2007__m12__NH0_90__grid_1p0.grib,65628,1776113060
2026-04-14T14:07:59Z,/mnt/e/last-aticol/data/raw/era5/single-levels/total_precipitation/monthly,cds__era5_sl_monthly__ERA5__reanalysis__tp__surface__monthly__2008-2008__m01__NH0_90__grid_1p0.grib,/mnt/e/last-aticol/data/raw/era5/single-levels/total_precipitation/monthly/cds__era5_sl_monthly__ERA5__reanalysis__tp__surface__monthly__2008-2008__m01__NH0_90__grid_1p0.grib,65628,1776113085
2026-04-14T14:07:59Z,/mnt/e/last-aticol/data/raw/era5/single-levels/total_precipitation/monthly,cds__era5_sl_monthly__ERA5__reanalysis__tp__surface__monthly__2008-2008__m02__NH0_90__grid_1p0.grib,/mnt/e/last-aticol/data/raw/era5/single-levels/total_precipitation/monthly/cds__era5_sl_monthly__ERA5__reanalysis__tp__surface__monthly__2008-2008__m02__NH0_90__grid_1p0.grib,65628,1776113109
2026-04-14T14:07:59Z,/mnt/e/last-aticol/data/raw/era5/single-levels/total_precipitation/monthly,cds__era5_sl_monthly__ERA5__reanalysis__tp__surface__monthly__2008-2008__m03__NH0_90__grid_1p0.grib,/mnt/e/last-aticol/data/raw/era5/single-levels/total_precipitation/monthly/cds__era5_sl_monthly__ERA5__reanalysis__tp__surface__monthly__2008-2008__m03__NH0_90__grid_1p0.grib,65628,1776113122
2026-04-14T14:07:59Z,/mnt/e/last-aticol/data/raw/era5/single-levels/total_precipitation/monthly,cds__era5_sl_monthly__ERA5__reanalysis__tp__surface__monthly__2008-2008__m04__NH0_90__grid_1p0.grib,/mnt/e/last-aticol/data/raw/era5/single-levels/total_precipitation/monthly/cds__era5_sl_monthly__ERA5__reanalysis__tp__surface__monthly__2008-2008__m04__NH0_90__grid_1p0.grib,65628,1776113147
2026-04-14T14:07:59Z,/mnt/e/last-aticol/data/raw/era5/single-levels/total_precipitation/monthly,cds__era5_sl_monthly__ERA5__reanalysis__tp__surface__monthly__2008-2008__m05__NH0_90__grid_1p0.grib,/mnt/e/last-aticol/data/raw/era5/single-levels/total_precipitation/monthly/cds__era5_sl_monthly__ERA5__reanalysis__tp__surface__monthly__2008-2008__m05__NH0_90__grid_1p0.grib,65628,1776113170
2026-04-14T14:07:59Z,/mnt/e/last-aticol/data/raw/era5/single-levels/total_precipitation/monthly,cds__era5_sl_monthly__ERA5__reanalysis__tp__surface__monthly__2008-2008__m06__NH0_90__grid_1p0.grib,/mnt/e/last-aticol/data/raw/era5/single-levels/total_precipitation/monthly/cds__era5_sl_monthly__ERA5__reanalysis__tp__surface__monthly__2008-2008__m06__NH0_90__grid_1p0.grib,65628,1776113186
2026-04-14T14:07:59Z,/mnt/e/last-aticol/data/raw/era5/single-levels/total_precipitation/monthly,cds__era5_sl_monthly__ERA5__reanalysis__tp__surface__monthly__2008-2008__m07__NH0_90__grid_1p0.grib,/mnt/e/last-aticol/data/raw/era5/single-levels/total_precipitation/monthly/cds__era5_sl_monthly__ERA5__reanalysis__tp__surface__monthly__2008-2008__m07__NH0_90__grid_1p0.grib,65628,1776113210
2026-04-14T14:07:59Z,/mnt/e/last-aticol/data/raw/era5/single-levels/total_precipitation/monthly,cds__era5_sl_monthly__ERA5__reanalysis__tp__surface__monthly__2008-2008__m08__NH0_90__grid_1p0.grib,/mnt/e/last-aticol/data/raw/era5/single-levels/total_precipitation/monthly/cds__era5_sl_monthly__ERA5__reanalysis__tp__surface__monthly__2008-2008__m08__NH0_90__grid_1p0.grib,65628,1776113234
2026-04-14T14:08:00Z,/mnt/e/last-aticol/data/raw/era5/single-levels/total_precipitation/monthly,cds__era5_sl_monthly__ERA5__reanalysis__tp__surface__monthly__2008-2008__m09__NH0_90__grid_1p0.grib,/mnt/e/last-aticol/data/raw/era5/single-levels/total_precipitation/monthly/cds__era5_sl_monthly__ERA5__reanalysis__tp__surface__monthly__2008-2008__m09__NH0_90__grid_1p0.grib,65628,1776113269
2026-04-14T14:08:00Z,/mnt/e/last-aticol/data/raw/era5/single-levels/total_precipitation/monthly,cds__era5_sl_monthly__ERA5__reanalysis__tp__surface__monthly__2008-2008__m10__NH0_90__grid_1p0.grib,/mnt/e/last-aticol/data/raw/era5/single-levels/total_precipitation/monthly/cds__era5_sl_monthly__ERA5__reanalysis__tp__surface__monthly__2008-2008__m10__NH0_90__grid_1p0.grib,65628,1776113293
2026-04-14T14:08:00Z,/mnt/e/last-aticol/data/raw/era5/single-levels/total_precipitation/monthly,cds__era5_sl_monthly__ERA5__reanalysis__tp__surface__monthly__2008-2008__m11__NH0_90__grid_1p0.grib,/mnt/e/last-aticol/data/raw/era5/single-levels/total_precipitation/monthly/cds__era5_sl_monthly__ERA5__reanalysis__tp__surface__monthly__2008-2008__m11__NH0_90__grid_1p0.grib,65628,1776113317
2026-04-14T14:08:00Z,/mnt/e/last-aticol/data/raw/era5/single-levels/total_precipitation/monthly,cds__era5_sl_monthly__ERA5__reanalysis__tp__surface__monthly__2008-2008__m12__NH0_90__grid_1p0.grib,/mnt/e/last-aticol/data/raw/era5/single-levels/total_precipitation/monthly/cds__era5_sl_monthly__ERA5__reanalysis__tp__surface__monthly__2008-2008__m12__NH0_90__grid_1p0.grib,65628,1776113333
2026-04-14T14:08:00Z,/mnt/e/last-aticol/data/raw/era5/single-levels/total_precipitation/monthly,cds__era5_sl_monthly__ERA5__reanalysis__tp__surface__monthly__2009-2009__m01__NH0_90__grid_1p0.grib,/mnt/e/last-aticol/data/raw/era5/single-levels/total_precipitation/monthly/cds__era5_sl_monthly__ERA5__reanalysis__tp__surface__monthly__2009-2009__m01__NH0_90__grid_1p0.grib,65628,1776113357
2026-04-14T14:08:00Z,/mnt/e/last-aticol/data/raw/era5/single-levels/total_precipitation/monthly,cds__era5_sl_monthly__ERA5__reanalysis__tp__surface__monthly__2009-2009__m02__NH0_90__grid_1p0.grib,/mnt/e/last-aticol/data/raw/era5/single-levels/total_precipitation/monthly/cds__era5_sl_monthly__ERA5__reanalysis__tp__surface__monthly__2009-2009__m02__NH0_90__grid_1p0.grib,65628,1776113411
2026-04-14T14:08:00Z,/mnt/e/last-aticol/data/raw/era5/single-levels/total_precipitation/monthly,cds__era5_sl_monthly__ERA5__reanalysis__tp__surface__monthly__2009-2009__m03__NH0_90__grid_1p0.grib,/mnt/e/last-aticol/data/raw/era5/single-levels/total_precipitation/monthly/cds__era5_sl_monthly__ERA5__reanalysis__tp__surface__monthly__2009-2009__m03__NH0_90__grid_1p0.grib,65628,1776113446
2026-04-14T14:08:00Z,/mnt/e/last-aticol/data/raw/era5/single-levels/total_precipitation/monthly,cds__era5_sl_monthly__ERA5__reanalysis__tp__surface__monthly__2009-2009__m04__NH0_90__grid_1p0.grib,/mnt/e/last-aticol/data/raw/era5/single-levels/total_precipitation/monthly/cds__era5_sl_monthly__ERA5__reanalysis__tp__surface__monthly__2009-2009__m04__NH0_90__grid_1p0.grib,65628,1776113470
2026-04-14T14:08:00Z,/mnt/e/last-aticol/data/raw/era5/single-levels/total_precipitation/monthly,cds__era5_sl_monthly__ERA5__reanalysis__tp__surface__monthly__2009-2009__m05__NH0_90__grid_1p0.grib,/mnt/e/last-aticol/data/raw/era5/single-levels/total_precipitation/monthly/cds__era5_sl_monthly__ERA5__reanalysis__tp__surface__monthly__2009-2009__m05__NH0_90__grid_1p0.grib,65628,1776113505
2026-04-14T14:08:00Z,/mnt/e/last-aticol/data/raw/era5/single-levels/total_precipitation/monthly,cds__era5_sl_monthly__ERA5__reanalysis__tp__surface__monthly__2009-2009__m06__NH0_90__grid_1p0.grib,/mnt/e/last-aticol/data/raw/era5/single-levels/total_precipitation/monthly/cds__era5_sl_monthly__ERA5__reanalysis__tp__surface__monthly__2009-2009__m06__NH0_90__grid_1p0.grib,65628,1776113529
2026-04-14T14:08:00Z,/mnt/e/last-aticol/data/raw/era5/single-levels/total_precipitation/monthly,cds__era5_sl_monthly__ERA5__reanalysis__tp__surface__monthly__2009-2009__m07__NH0_90__grid_1p0.grib,/mnt/e/last-aticol/data/raw/era5/single-levels/total_precipitation/monthly/cds__era5_sl_monthly__ERA5__reanalysis__tp__surface__monthly__2009-2009__m07__NH0_90__grid_1p0.grib,65628,1776113553
2026-04-14T14:08:00Z,/mnt/e/last-aticol/data/raw/era5/single-levels/total_precipitation/monthly,cds__era5_sl_monthly__ERA5__reanalysis__tp__surface__monthly__2009-2009__m08__NH0_90__grid_1p0.grib,/mnt/e/last-aticol/data/raw/era5/single-levels/total_precipitation/monthly/cds__era5_sl_monthly__ERA5__reanalysis__tp__surface__monthly__2009-2009__m08__NH0_90__grid_1p0.grib,65628,1776113577
2026-04-14T14:08:00Z,/mnt/e/last-aticol/data/raw/era5/single-levels/total_precipitation/monthly,cds__era5_sl_monthly__ERA5__reanalysis__tp__surface__monthly__2009-2009__m09__NH0_90__grid_1p0.grib,/mnt/e/last-aticol/data/raw/era5/single-levels/total_precipitation/monthly/cds__era5_sl_monthly__ERA5__reanalysis__tp__surface__monthly__2009-2009__m09__NH0_90__grid_1p0.grib,65628,1776113593
2026-04-14T14:08:00Z,/mnt/e/last-aticol/data/raw/era5/single-levels/total_precipitation/monthly,cds__era5_sl_monthly__ERA5__reanalysis__tp__surface__monthly__2009-2009__m10__NH0_90__grid_1p0.grib,/mnt/e/last-aticol/data/raw/era5/single-levels/total_precipitation/monthly/cds__era5_sl_monthly__ERA5__reanalysis__tp__surface__monthly__2009-2009__m10__NH0_90__grid_1p0.grib,65628,1776113628
2026-04-14T14:08:00Z,/mnt/e/last-aticol/data/raw/era5/single-levels/total_precipitation/monthly,cds__era5_sl_monthly__ERA5__reanalysis__tp__surface__monthly__2009-2009__m11__NH0_90__grid_1p0.grib,/mnt/e/last-aticol/data/raw/era5/single-levels/total_precipitation/monthly/cds__era5_sl_monthly__ERA5__reanalysis__tp__surface__monthly__2009-2009__m11__NH0_90__grid_1p0.grib,65628,1776113652
2026-04-14T14:08:00Z,/mnt/e/last-aticol/data/raw/era5/single-levels/total_precipitation/monthly,cds__era5_sl_monthly__ERA5__reanalysis__tp__surface__monthly__2009-2009__m12__NH0_90__grid_1p0.grib,/mnt/e/last-aticol/data/raw/era5/single-levels/total_precipitation/monthly/cds__era5_sl_monthly__ERA5__reanalysis__tp__surface__monthly__2009-2009__m12__NH0_90__grid_1p0.grib,65628,1776113676
2026-04-14T14:08:00Z,/mnt/e/last-aticol/data/raw/era5/single-levels/total_precipitation/monthly,cds__era5_sl_monthly__ERA5__reanalysis__tp__surface__monthly__2010-2010__m01__NH0_90__grid_1p0.grib,/mnt/e/last-aticol/data/raw/era5/single-levels/total_precipitation/monthly/cds__era5_sl_monthly__ERA5__reanalysis__tp__surface__monthly__2010-2010__m01__NH0_90__grid_1p0.grib,65628,1776113711
2026-04-14T14:08:00Z,/mnt/e/last-aticol/data/raw/era5/single-levels/total_precipitation/monthly,cds__era5_sl_monthly__ERA5__reanalysis__tp__surface__monthly__2010-2010__m02__NH0_90__grid_1p0.grib,/mnt/e/last-aticol/data/raw/era5/single-levels/total_precipitation/monthly/cds__era5_sl_monthly__ERA5__reanalysis__tp__surface__monthly__2010-2010__m02__NH0_90__grid_1p0.grib,65628,1776113735
2026-04-14T14:08:00Z,/mnt/e/last-aticol/data/raw/era5/single-levels/total_precipitation/monthly,cds__era5_sl_monthly__ERA5__reanalysis__tp__surface__monthly__2010-2010__m03__NH0_90__grid_1p0.grib,/mnt/e/last-aticol/data/raw/era5/single-levels/total_precipitation/monthly/cds__era5_sl_monthly__ERA5__reanalysis__tp__surface__monthly__2010-2010__m03__NH0_90__grid_1p0.grib,65628,1776113770
2026-04-14T14:08:00Z,/mnt/e/last-aticol/data/raw/era5/single-levels/total_precipitation/monthly,cds__era5_sl_monthly__ERA5__reanalysis__tp__surface__monthly__2010-2010__m04__NH0_90__grid_1p0.grib,/mnt/e/last-aticol/data/raw/era5/single-levels/total_precipitation/monthly/cds__era5_sl_monthly__ERA5__reanalysis__tp__surface__monthly__2010-2010__m04__NH0_90__grid_1p0.grib,65628,1776113794
2026-04-14T14:08:00Z,/mnt/e/last-aticol/data/raw/era5/single-levels/total_precipitation/monthly,cds__era5_sl_monthly__ERA5__reanalysis__tp__surface__monthly__2010-2010__m05__NH0_90__grid_1p0.grib,/mnt/e/last-aticol/data/raw/era5/single-levels/total_precipitation/monthly/cds__era5_sl_monthly__ERA5__reanalysis__tp__surface__monthly__2010-2010__m05__NH0_90__grid_1p0.grib,65628,1776113818
2026-04-14T14:08:00Z,/mnt/e/last-aticol/data/raw/era5/single-levels/total_precipitation/monthly,cds__era5_sl_monthly__ERA5__reanalysis__tp__surface__monthly__2010-2010__m06__NH0_90__grid_1p0.grib,/mnt/e/last-aticol/data/raw/era5/single-levels/total_precipitation/monthly/cds__era5_sl_monthly__ERA5__reanalysis__tp__surface__monthly__2010-2010__m06__NH0_90__grid_1p0.grib,65628,1776113996
2026-04-14T14:08:00Z,/mnt/e/last-aticol/data/raw/era5/single-levels/total_precipitation/monthly,cds__era5_sl_monthly__ERA5__reanalysis__tp__surface__monthly__2010-2010__m07__NH0_90__grid_1p0.grib,/mnt/e/last-aticol/data/raw/era5/single-levels/total_precipitation/monthly/cds__era5_sl_monthly__ERA5__reanalysis__tp__surface__monthly__2010-2010__m07__NH0_90__grid_1p0.grib,65628,1776114031
2026-04-14T14:08:00Z,/mnt/e/last-aticol/data/raw/era5/single-levels/total_precipitation/monthly,cds__era5_sl_monthly__ERA5__reanalysis__tp__surface__monthly__2010-2010__m08__NH0_90__grid_1p0.grib,/mnt/e/last-aticol/data/raw/era5/single-levels/total_precipitation/monthly/cds__era5_sl_monthly__ERA5__reanalysis__tp__surface__monthly__2010-2010__m08__NH0_90__grid_1p0.grib,65628,1776114067
2026-04-14T14:08:00Z,/mnt/e/last-aticol/data/raw/era5/single-levels/total_precipitation/monthly,cds__era5_sl_monthly__ERA5__reanalysis__tp__surface__monthly__2010-2010__m09__NH0_90__grid_1p0.grib,/mnt/e/last-aticol/data/raw/era5/single-levels/total_precipitation/monthly/cds__era5_sl_monthly__ERA5__reanalysis__tp__surface__monthly__2010-2010__m09__NH0_90__grid_1p0.grib,65628,1776114092
2026-04-14T14:08:00Z,/mnt/e/last-aticol/data/raw/era5/single-levels/total_precipitation/monthly,cds__era5_sl_monthly__ERA5__reanalysis__tp__surface__monthly__2010-2010__m10__NH0_90__grid_1p0.grib,/mnt/e/last-aticol/data/raw/era5/single-levels/total_precipitation/monthly/cds__era5_sl_monthly__ERA5__reanalysis__tp__surface__monthly__2010-2010__m10__NH0_90__grid_1p0.grib,65628,1776114115
2026-04-14T14:08:00Z,/mnt/e/last-aticol/data/raw/era5/single-levels/total_precipitation/monthly,cds__era5_sl_monthly__ERA5__reanalysis__tp__surface__monthly__2010-2010__m11__NH0_90__grid_1p0.grib,/mnt/e/last-aticol/data/raw/era5/single-levels/total_precipitation/monthly/cds__era5_sl_monthly__ERA5__reanalysis__tp__surface__monthly__2010-2010__m11__NH0_90__grid_1p0.grib,65628,1776114139
2026-04-14T14:08:00Z,/mnt/e/last-aticol/data/raw/era5/single-levels/total_precipitation/monthly,cds__era5_sl_monthly__ERA5__reanalysis__tp__surface__monthly__2010-2010__m12__NH0_90__grid_1p0.grib,/mnt/e/last-aticol/data/raw/era5/single-levels/total_precipitation/monthly/cds__era5_sl_monthly__ERA5__reanalysis__tp__surface__monthly__2010-2010__m12__NH0_90__grid_1p0.grib,65628,1776114193
2026-04-14T14:08:00Z,/mnt/e/last-aticol/data/raw/era5/single-levels/total_precipitation/monthly,cds__era5_sl_monthly__ERA5__reanalysis__tp__surface__monthly__2011-2011__m01__NH0_90__grid_1p0.grib,/mnt/e/last-aticol/data/raw/era5/single-levels/total_precipitation/monthly/cds__era5_sl_monthly__ERA5__reanalysis__tp__surface__monthly__2011-2011__m01__NH0_90__grid_1p0.grib,65628,1776114217
2026-04-14T14:08:00Z,/mnt/e/last-aticol/data/raw/era5/single-levels/total_precipitation/monthly,cds__era5_sl_monthly__ERA5__reanalysis__tp__surface__monthly__2011-2011__m02__NH0_90__grid_1p0.grib,/mnt/e/last-aticol/data/raw/era5/single-levels/total_precipitation/monthly/cds__era5_sl_monthly__ERA5__reanalysis__tp__surface__monthly__2011-2011__m02__NH0_90__grid_1p0.grib,65628,1776114241
2026-04-14T14:08:00Z,/mnt/e/last-aticol/data/raw/era5/single-levels/total_precipitation/monthly,cds__era5_sl_monthly__ERA5__reanalysis__tp__surface__monthly__2011-2011__m03__NH0_90__grid_1p0.grib,/mnt/e/last-aticol/data/raw/era5/single-levels/total_precipitation/monthly/cds__era5_sl_monthly__ERA5__reanalysis__tp__surface__monthly__2011-2011__m03__NH0_90__grid_1p0.grib,65628,1776114296
2026-04-14T14:08:00Z,/mnt/e/last-aticol/data/raw/era5/single-levels/total_precipitation/monthly,cds__era5_sl_monthly__ERA5__reanalysis__tp__surface__monthly__2011-2011__m04__NH0_90__grid_1p0.grib,/mnt/e/last-aticol/data/raw/era5/single-levels/total_precipitation/monthly/cds__era5_sl_monthly__ERA5__reanalysis__tp__surface__monthly__2011-2011__m04__NH0_90__grid_1p0.grib,65628,1776114313
2026-04-14T14:08:00Z,/mnt/e/last-aticol/data/raw/era5/single-levels/total_precipitation/monthly,cds__era5_sl_monthly__ERA5__reanalysis__tp__surface__monthly__2011-2011__m05__NH0_90__grid_1p0.grib,/mnt/e/last-aticol/data/raw/era5/single-levels/total_precipitation/monthly/cds__era5_sl_monthly__ERA5__reanalysis__tp__surface__monthly__2011-2011__m05__NH0_90__grid_1p0.grib,65628,1776114330
2026-04-14T14:08:00Z,/mnt/e/last-aticol/data/raw/era5/single-levels/total_precipitation/monthly,cds__era5_sl_monthly__ERA5__reanalysis__tp__surface__monthly__2011-2011__m06__NH0_90__grid_1p0.grib,/mnt/e/last-aticol/data/raw/era5/single-levels/total_precipitation/monthly/cds__era5_sl_monthly__ERA5__reanalysis__tp__surface__monthly__2011-2011__m06__NH0_90__grid_1p0.grib,65628,1776114365
2026-04-14T14:08:00Z,/mnt/e/last-aticol/data/raw/era5/single-levels/total_precipitation/monthly,cds__era5_sl_monthly__ERA5__reanalysis__tp__surface__monthly__2011-2011__m07__NH0_90__grid_1p0.grib,/mnt/e/last-aticol/data/raw/era5/single-levels/total_precipitation/monthly/cds__era5_sl_monthly__ERA5__reanalysis__tp__surface__monthly__2011-2011__m07__NH0_90__grid_1p0.grib,65628,1776114389
2026-04-14T14:08:00Z,/mnt/e/last-aticol/data/raw/era5/single-levels/total_precipitation/monthly,cds__era5_sl_monthly__ERA5__reanalysis__tp__surface__monthly__2011-2011__m08__NH0_90__grid_1p0.grib,/mnt/e/last-aticol/data/raw/era5/single-levels/total_precipitation/monthly/cds__era5_sl_monthly__ERA5__reanalysis__tp__surface__monthly__2011-2011__m08__NH0_90__grid_1p0.grib,65628,1776114405
2026-04-14T14:08:00Z,/mnt/e/last-aticol/data/raw/era5/single-levels/total_precipitation/monthly,cds__era5_sl_monthly__ERA5__reanalysis__tp__surface__monthly__2011-2011__m09__NH0_90__grid_1p0.grib,/mnt/e/last-aticol/data/raw/era5/single-levels/total_precipitation/monthly/cds__era5_sl_monthly__ERA5__reanalysis__tp__surface__monthly__2011-2011__m09__NH0_90__grid_1p0.grib,65628,1776114429
2026-04-14T14:08:00Z,/mnt/e/last-aticol/data/raw/era5/single-levels/total_precipitation/monthly,cds__era5_sl_monthly__ERA5__reanalysis__tp__surface__monthly__2011-2011__m10__NH0_90__grid_1p0.grib,/mnt/e/last-aticol/data/raw/era5/single-levels/total_precipitation/monthly/cds__era5_sl_monthly__ERA5__reanalysis__tp__surface__monthly__2011-2011__m10__NH0_90__grid_1p0.grib,65628,1776114445
2026-04-14T14:08:00Z,/mnt/e/last-aticol/data/raw/era5/single-levels/total_precipitation/monthly,cds__era5_sl_monthly__ERA5__reanalysis__tp__surface__monthly__2011-2011__m11__NH0_90__grid_1p0.grib,/mnt/e/last-aticol/data/raw/era5/single-levels/total_precipitation/monthly/cds__era5_sl_monthly__ERA5__reanalysis__tp__surface__monthly__2011-2011__m11__NH0_90__grid_1p0.grib,65628,1776114462
2026-04-14T14:08:00Z,/mnt/e/last-aticol/data/raw/era5/single-levels/total_precipitation/monthly,cds__era5_sl_monthly__ERA5__reanalysis__tp__surface__monthly__2011-2011__m12__NH0_90__grid_1p0.grib,/mnt/e/last-aticol/data/raw/era5/single-levels/total_precipitation/monthly/cds__era5_sl_monthly__ERA5__reanalysis__tp__surface__monthly__2011-2011__m12__NH0_90__grid_1p0.grib,65628,1776114478
2026-04-14T14:08:00Z,/mnt/e/last-aticol/data/raw/era5/single-levels/total_precipitation/monthly,cds__era5_sl_monthly__ERA5__reanalysis__tp__surface__monthly__2012-2012__m01__NH0_90__grid_1p0.grib,/mnt/e/last-aticol/data/raw/era5/single-levels/total_precipitation/monthly/cds__era5_sl_monthly__ERA5__reanalysis__tp__surface__monthly__2012-2012__m01__NH0_90__grid_1p0.grib,65628,1776114494
2026-04-14T14:08:00Z,/mnt/e/last-aticol/data/raw/era5/single-levels/total_precipitation/monthly,cds__era5_sl_monthly__ERA5__reanalysis__tp__surface__monthly__2012-2012__m02__NH0_90__grid_1p0.grib,/mnt/e/last-aticol/data/raw/era5/single-levels/total_precipitation/monthly/cds__era5_sl_monthly__ERA5__reanalysis__tp__surface__monthly__2012-2012__m02__NH0_90__grid_1p0.grib,65628,1776114518
2026-04-14T14:08:00Z,/mnt/e/last-aticol/data/raw/era5/single-levels/total_precipitation/monthly,cds__era5_sl_monthly__ERA5__reanalysis__tp__surface__monthly__2012-2012__m03__NH0_90__grid_1p0.grib,/mnt/e/last-aticol/data/raw/era5/single-levels/total_precipitation/monthly/cds__era5_sl_monthly__ERA5__reanalysis__tp__surface__monthly__2012-2012__m03__NH0_90__grid_1p0.grib,65628,1776114717
2026-04-14T14:08:00Z,/mnt/e/last-aticol/data/raw/era5/single-levels/total_precipitation/monthly,cds__era5_sl_monthly__ERA5__reanalysis__tp__surface__monthly__2012-2012__m04__NH0_90__grid_1p0.grib,/mnt/e/last-aticol/data/raw/era5/single-levels/total_precipitation/monthly/cds__era5_sl_monthly__ERA5__reanalysis__tp__surface__monthly__2012-2012__m04__NH0_90__grid_1p0.grib,65628,1776114752
2026-04-14T14:08:00Z,/mnt/e/last-aticol/data/raw/era5/single-levels/total_precipitation/monthly,cds__era5_sl_monthly__ERA5__reanalysis__tp__surface__monthly__2012-2012__m05__NH0_90__grid_1p0.grib,/mnt/e/last-aticol/data/raw/era5/single-levels/total_precipitation/monthly/cds__era5_sl_monthly__ERA5__reanalysis__tp__surface__monthly__2012-2012__m05__NH0_90__grid_1p0.grib,65628,1776114788
2026-04-14T14:08:00Z,/mnt/e/last-aticol/data/raw/era5/single-levels/total_precipitation/monthly,cds__era5_sl_monthly__ERA5__reanalysis__tp__surface__monthly__2012-2012__m06__NH0_90__grid_1p0.grib,/mnt/e/last-aticol/data/raw/era5/single-levels/total_precipitation/monthly/cds__era5_sl_monthly__ERA5__reanalysis__tp__surface__monthly__2012-2012__m06__NH0_90__grid_1p0.grib,65628,1776114804
2026-04-14T14:08:00Z,/mnt/e/last-aticol/data/raw/era5/single-levels/total_precipitation/monthly,cds__era5_sl_monthly__ERA5__reanalysis__tp__surface__monthly__2012-2012__m07__NH0_90__grid_1p0.grib,/mnt/e/last-aticol/data/raw/era5/single-levels/total_precipitation/monthly/cds__era5_sl_monthly__ERA5__reanalysis__tp__surface__monthly__2012-2012__m07__NH0_90__grid_1p0.grib,65628,1776114828
2026-04-14T14:08:00Z,/mnt/e/last-aticol/data/raw/era5/single-levels/total_precipitation/monthly,cds__era5_sl_monthly__ERA5__reanalysis__tp__surface__monthly__2012-2012__m08__NH0_90__grid_1p0.grib,/mnt/e/last-aticol/data/raw/era5/single-levels/total_precipitation/monthly/cds__era5_sl_monthly__ERA5__reanalysis__tp__surface__monthly__2012-2012__m08__NH0_90__grid_1p0.grib,65628,1776114844
2026-04-14T14:08:00Z,/mnt/e/last-aticol/data/raw/era5/single-levels/total_precipitation/monthly,cds__era5_sl_monthly__ERA5__reanalysis__tp__surface__monthly__2012-2012__m09__NH0_90__grid_1p0.grib,/mnt/e/last-aticol/data/raw/era5/single-levels/total_precipitation/monthly/cds__era5_sl_monthly__ERA5__reanalysis__tp__surface__monthly__2012-2012__m09__NH0_90__grid_1p0.grib,65628,1776114868
2026-04-14T14:08:00Z,/mnt/e/last-aticol/data/raw/era5/single-levels/total_precipitation/monthly,cds__era5_sl_monthly__ERA5__reanalysis__tp__surface__monthly__2012-2012__m10__NH0_90__grid_1p0.grib,/mnt/e/last-aticol/data/raw/era5/single-levels/total_precipitation/monthly/cds__era5_sl_monthly__ERA5__reanalysis__tp__surface__monthly__2012-2012__m10__NH0_90__grid_1p0.grib,65628,1776114904
2026-04-14T14:08:00Z,/mnt/e/last-aticol/data/raw/era5/single-levels/total_precipitation/monthly,cds__era5_sl_monthly__ERA5__reanalysis__tp__surface__monthly__2012-2012__m11__NH0_90__grid_1p0.grib,/mnt/e/last-aticol/data/raw/era5/single-levels/total_precipitation/monthly/cds__era5_sl_monthly__ERA5__reanalysis__tp__surface__monthly__2012-2012__m11__NH0_90__grid_1p0.grib,65628,1776114939
2026-04-14T14:08:00Z,/mnt/e/last-aticol/data/raw/era5/single-levels/total_precipitation/monthly,cds__era5_sl_monthly__ERA5__reanalysis__tp__surface__monthly__2012-2012__m12__NH0_90__grid_1p0.grib,/mnt/e/last-aticol/data/raw/era5/single-levels/total_precipitation/monthly/cds__era5_sl_monthly__ERA5__reanalysis__tp__surface__monthly__2012-2012__m12__NH0_90__grid_1p0.grib,65628,1776114963
2026-04-14T14:08:00Z,/mnt/e/last-aticol/data/raw/era5/single-levels/total_precipitation/monthly,cds__era5_sl_monthly__ERA5__reanalysis__tp__surface__monthly__2013-2013__m01__NH0_90__grid_1p0.grib,/mnt/e/last-aticol/data/raw/era5/single-levels/total_precipitation/monthly/cds__era5_sl_monthly__ERA5__reanalysis__tp__surface__monthly__2013-2013__m01__NH0_90__grid_1p0.grib,65628,1776114979
2026-04-14T14:08:00Z,/mnt/e/last-aticol/data/raw/era5/single-levels/total_precipitation/monthly,cds__era5_sl_monthly__ERA5__reanalysis__tp__surface__monthly__2013-2013__m02__NH0_90__grid_1p0.grib,/mnt/e/last-aticol/data/raw/era5/single-levels/total_precipitation/monthly/cds__era5_sl_monthly__ERA5__reanalysis__tp__surface__monthly__2013-2013__m02__NH0_90__grid_1p0.grib,65628,1776115014
2026-04-14T14:08:00Z,/mnt/e/last-aticol/data/raw/era5/single-levels/total_precipitation/monthly,cds__era5_sl_monthly__ERA5__reanalysis__tp__surface__monthly__2013-2013__m03__NH0_90__grid_1p0.grib,/mnt/e/last-aticol/data/raw/era5/single-levels/total_precipitation/monthly/cds__era5_sl_monthly__ERA5__reanalysis__tp__surface__monthly__2013-2013__m03__NH0_90__grid_1p0.grib,65628,1776115038
2026-04-14T14:08:00Z,/mnt/e/last-aticol/data/raw/era5/single-levels/total_precipitation/monthly,cds__era5_sl_monthly__ERA5__reanalysis__tp__surface__monthly__2013-2013__m04__NH0_90__grid_1p0.grib,/mnt/e/last-aticol/data/raw/era5/single-levels/total_precipitation/monthly/cds__era5_sl_monthly__ERA5__reanalysis__tp__surface__monthly__2013-2013__m04__NH0_90__grid_1p0.grib,65628,1776115091
2026-04-14T14:08:00Z,/mnt/e/last-aticol/data/raw/era5/single-levels/total_precipitation/monthly,cds__era5_sl_monthly__ERA5__reanalysis__tp__surface__monthly__2013-2013__m05__NH0_90__grid_1p0.grib,/mnt/e/last-aticol/data/raw/era5/single-levels/total_precipitation/monthly/cds__era5_sl_monthly__ERA5__reanalysis__tp__surface__monthly__2013-2013__m05__NH0_90__grid_1p0.grib,65628,1776115115
2026-04-14T14:08:00Z,/mnt/e/last-aticol/data/raw/era5/single-levels/total_precipitation/monthly,cds__era5_sl_monthly__ERA5__reanalysis__tp__surface__monthly__2013-2013__m06__NH0_90__grid_1p0.grib,/mnt/e/last-aticol/data/raw/era5/single-levels/total_precipitation/monthly/cds__era5_sl_monthly__ERA5__reanalysis__tp__surface__monthly__2013-2013__m06__NH0_90__grid_1p0.grib,65628,1776115152
2026-04-14T14:08:00Z,/mnt/e/last-aticol/data/raw/era5/single-levels/total_precipitation/monthly,cds__era5_sl_monthly__ERA5__reanalysis__tp__surface__monthly__2013-2013__m07__NH0_90__grid_1p0.grib,/mnt/e/last-aticol/data/raw/era5/single-levels/total_precipitation/monthly/cds__era5_sl_monthly__ERA5__reanalysis__tp__surface__monthly__2013-2013__m07__NH0_90__grid_1p0.grib,65628,1776115176
2026-04-14T14:08:00Z,/mnt/e/last-aticol/data/raw/era5/single-levels/total_precipitation/monthly,cds__era5_sl_monthly__ERA5__reanalysis__tp__surface__monthly__2013-2013__m08__NH0_90__grid_1p0.grib,/mnt/e/last-aticol/data/raw/era5/single-levels/total_precipitation/monthly/cds__era5_sl_monthly__ERA5__reanalysis__tp__surface__monthly__2013-2013__m08__NH0_90__grid_1p0.grib,65628,1776115200
2026-04-14T14:08:00Z,/mnt/e/last-aticol/data/raw/era5/single-levels/total_precipitation/monthly,cds__era5_sl_monthly__ERA5__reanalysis__tp__surface__monthly__2013-2013__m09__NH0_90__grid_1p0.grib,/mnt/e/last-aticol/data/raw/era5/single-levels/total_precipitation/monthly/cds__era5_sl_monthly__ERA5__reanalysis__tp__surface__monthly__2013-2013__m09__NH0_90__grid_1p0.grib,65628,1776115215
2026-04-14T14:08:00Z,/mnt/e/last-aticol/data/raw/era5/single-levels/total_precipitation/monthly,cds__era5_sl_monthly__ERA5__reanalysis__tp__surface__monthly__2013-2013__m10__NH0_90__grid_1p0.grib,/mnt/e/last-aticol/data/raw/era5/single-levels/total_precipitation/monthly/cds__era5_sl_monthly__ERA5__reanalysis__tp__surface__monthly__2013-2013__m10__NH0_90__grid_1p0.grib,65628,1776115239
2026-04-14T14:08:00Z,/mnt/e/last-aticol/data/raw/era5/single-levels/total_precipitation/monthly,cds__era5_sl_monthly__ERA5__reanalysis__tp__surface__monthly__2013-2013__m11__NH0_90__grid_1p0.grib,/mnt/e/last-aticol/data/raw/era5/single-levels/total_precipitation/monthly/cds__era5_sl_monthly__ERA5__reanalysis__tp__surface__monthly__2013-2013__m11__NH0_90__grid_1p0.grib,65628,1776115256
2026-04-14T14:08:00Z,/mnt/e/last-aticol/data/raw/era5/single-levels/total_precipitation/monthly,cds__era5_sl_monthly__ERA5__reanalysis__tp__surface__monthly__2013-2013__m12__NH0_90__grid_1p0.grib,/mnt/e/last-aticol/data/raw/era5/single-levels/total_precipitation/monthly/cds__era5_sl_monthly__ERA5__reanalysis__tp__surface__monthly__2013-2013__m12__NH0_90__grid_1p0.grib,65628,1776115280
2026-04-14T14:08:00Z,/mnt/e/last-aticol/data/raw/era5/single-levels/total_precipitation/monthly,cds__era5_sl_monthly__ERA5__reanalysis__tp__surface__monthly__2014-2014__m01__NH0_90__grid_1p0.grib,/mnt/e/last-aticol/data/raw/era5/single-levels/total_precipitation/monthly/cds__era5_sl_monthly__ERA5__reanalysis__tp__surface__monthly__2014-2014__m01__NH0_90__grid_1p0.grib,65628,1776115304
2026-04-14T14:08:00Z,/mnt/e/last-aticol/data/raw/era5/single-levels/total_precipitation/monthly,cds__era5_sl_monthly__ERA5__reanalysis__tp__surface__monthly__2014-2014__m02__NH0_90__grid_1p0.grib,/mnt/e/last-aticol/data/raw/era5/single-levels/total_precipitation/monthly/cds__era5_sl_monthly__ERA5__reanalysis__tp__surface__monthly__2014-2014__m02__NH0_90__grid_1p0.grib,65628,1776115327
2026-04-14T14:08:00Z,/mnt/e/last-aticol/data/raw/era5/single-levels/total_precipitation/monthly,cds__era5_sl_monthly__ERA5__reanalysis__tp__surface__monthly__2014-2014__m03__NH0_90__grid_1p0.grib,/mnt/e/last-aticol/data/raw/era5/single-levels/total_precipitation/monthly/cds__era5_sl_monthly__ERA5__reanalysis__tp__surface__monthly__2014-2014__m03__NH0_90__grid_1p0.grib,65628,1776115343
2026-04-14T14:08:00Z,/mnt/e/last-aticol/data/raw/era5/single-levels/total_precipitation/monthly,cds__era5_sl_monthly__ERA5__reanalysis__tp__surface__monthly__2014-2014__m04__NH0_90__grid_1p0.grib,/mnt/e/last-aticol/data/raw/era5/single-levels/total_precipitation/monthly/cds__era5_sl_monthly__ERA5__reanalysis__tp__surface__monthly__2014-2014__m04__NH0_90__grid_1p0.grib,65628,1776115361
2026-04-14T14:08:00Z,/mnt/e/last-aticol/data/raw/era5/single-levels/total_precipitation/monthly,cds__era5_sl_monthly__ERA5__reanalysis__tp__surface__monthly__2014-2014__m05__NH0_90__grid_1p0.grib,/mnt/e/last-aticol/data/raw/era5/single-levels/total_precipitation/monthly/cds__era5_sl_monthly__ERA5__reanalysis__tp__surface__monthly__2014-2014__m05__NH0_90__grid_1p0.grib,65628,1776115396
2026-04-14T14:08:00Z,/mnt/e/last-aticol/data/raw/era5/single-levels/total_precipitation/monthly,cds__era5_sl_monthly__ERA5__reanalysis__tp__surface__monthly__2014-2014__m06__NH0_90__grid_1p0.grib,/mnt/e/last-aticol/data/raw/era5/single-levels/total_precipitation/monthly/cds__era5_sl_monthly__ERA5__reanalysis__tp__surface__monthly__2014-2014__m06__NH0_90__grid_1p0.grib,65628,1776115420
2026-04-14T14:08:00Z,/mnt/e/last-aticol/data/raw/era5/single-levels/total_precipitation/monthly,cds__era5_sl_monthly__ERA5__reanalysis__tp__surface__monthly__2014-2014__m07__NH0_90__grid_1p0.grib,/mnt/e/last-aticol/data/raw/era5/single-levels/total_precipitation/monthly/cds__era5_sl_monthly__ERA5__reanalysis__tp__surface__monthly__2014-2014__m07__NH0_90__grid_1p0.grib,65628,1776115617
2026-04-14T14:08:00Z,/mnt/e/last-aticol/data/raw/era5/single-levels/total_precipitation/monthly,cds__era5_sl_monthly__ERA5__reanalysis__tp__surface__monthly__2014-2014__m08__NH0_90__grid_1p0.grib,/mnt/e/last-aticol/data/raw/era5/single-levels/total_precipitation/monthly/cds__era5_sl_monthly__ERA5__reanalysis__tp__surface__monthly__2014-2014__m08__NH0_90__grid_1p0.grib,65628,1776115641
2026-04-14T14:08:00Z,/mnt/e/last-aticol/data/raw/era5/single-levels/total_precipitation/monthly,cds__era5_sl_monthly__ERA5__reanalysis__tp__surface__monthly__2014-2014__m09__NH0_90__grid_1p0.grib,/mnt/e/last-aticol/data/raw/era5/single-levels/total_precipitation/monthly/cds__era5_sl_monthly__ERA5__reanalysis__tp__surface__monthly__2014-2014__m09__NH0_90__grid_1p0.grib,65628,1776115665
2026-04-14T14:08:00Z,/mnt/e/last-aticol/data/raw/era5/single-levels/total_precipitation/monthly,cds__era5_sl_monthly__ERA5__reanalysis__tp__surface__monthly__2014-2014__m10__NH0_90__grid_1p0.grib,/mnt/e/last-aticol/data/raw/era5/single-levels/total_precipitation/monthly/cds__era5_sl_monthly__ERA5__reanalysis__tp__surface__monthly__2014-2014__m10__NH0_90__grid_1p0.grib,65628,1776115689
2026-04-14T14:08:00Z,/mnt/e/last-aticol/data/raw/era5/single-levels/total_precipitation/monthly,cds__era5_sl_monthly__ERA5__reanalysis__tp__surface__monthly__2014-2014__m11__NH0_90__grid_1p0.grib,/mnt/e/last-aticol/data/raw/era5/single-levels/total_precipitation/monthly/cds__era5_sl_monthly__ERA5__reanalysis__tp__surface__monthly__2014-2014__m11__NH0_90__grid_1p0.grib,65628,1776115713
2026-04-14T14:08:00Z,/mnt/e/last-aticol/data/raw/era5/single-levels/total_precipitation/monthly,cds__era5_sl_monthly__ERA5__reanalysis__tp__surface__monthly__2014-2014__m12__NH0_90__grid_1p0.grib,/mnt/e/last-aticol/data/raw/era5/single-levels/total_precipitation/monthly/cds__era5_sl_monthly__ERA5__reanalysis__tp__surface__monthly__2014-2014__m12__NH0_90__grid_1p0.grib,65628,1776115737
2026-04-14T14:08:00Z,/mnt/e/last-aticol/data/raw/era5/single-levels/total_precipitation/monthly,cds__era5_sl_monthly__ERA5__reanalysis__tp__surface__monthly__2015-2015__m01__NH0_90__grid_1p0.grib,/mnt/e/last-aticol/data/raw/era5/single-levels/total_precipitation/monthly/cds__era5_sl_monthly__ERA5__reanalysis__tp__surface__monthly__2015-2015__m01__NH0_90__grid_1p0.grib,65628,1776115816
2026-04-14T14:08:00Z,/mnt/e/last-aticol/data/raw/era5/single-levels/total_precipitation/monthly,cds__era5_sl_monthly__ERA5__reanalysis__tp__surface__monthly__2015-2015__m02__NH0_90__grid_1p0.grib,/mnt/e/last-aticol/data/raw/era5/single-levels/total_precipitation/monthly/cds__era5_sl_monthly__ERA5__reanalysis__tp__surface__monthly__2015-2015__m02__NH0_90__grid_1p0.grib,65628,1776115868
2026-04-14T14:08:00Z,/mnt/e/last-aticol/data/raw/era5/single-levels/total_precipitation/monthly,cds__era5_sl_monthly__ERA5__reanalysis__tp__surface__monthly__2015-2015__m03__NH0_90__grid_1p0.grib,/mnt/e/last-aticol/data/raw/era5/single-levels/total_precipitation/monthly/cds__era5_sl_monthly__ERA5__reanalysis__tp__surface__monthly__2015-2015__m03__NH0_90__grid_1p0.grib,65628,1776115893
2026-04-14T14:08:00Z,/mnt/e/last-aticol/data/raw/era5/single-levels/total_precipitation/monthly,cds__era5_sl_monthly__ERA5__reanalysis__tp__surface__monthly__2015-2015__m04__NH0_90__grid_1p0.grib,/mnt/e/last-aticol/data/raw/era5/single-levels/total_precipitation/monthly/cds__era5_sl_monthly__ERA5__reanalysis__tp__surface__monthly__2015-2015__m04__NH0_90__grid_1p0.grib,65628,1776115946
2026-04-14T14:08:00Z,/mnt/e/last-aticol/data/raw/era5/single-levels/total_precipitation/monthly,cds__era5_sl_monthly__ERA5__reanalysis__tp__surface__monthly__2015-2015__m05__NH0_90__grid_1p0.grib,/mnt/e/last-aticol/data/raw/era5/single-levels/total_precipitation/monthly/cds__era5_sl_monthly__ERA5__reanalysis__tp__surface__monthly__2015-2015__m05__NH0_90__grid_1p0.grib,65628,1776115970
2026-04-14T14:08:00Z,/mnt/e/last-aticol/data/raw/era5/single-levels/total_precipitation/monthly,cds__era5_sl_monthly__ERA5__reanalysis__tp__surface__monthly__2015-2015__m06__NH0_90__grid_1p0.grib,/mnt/e/last-aticol/data/raw/era5/single-levels/total_precipitation/monthly/cds__era5_sl_monthly__ERA5__reanalysis__tp__surface__monthly__2015-2015__m06__NH0_90__grid_1p0.grib,65628,1776115986
2026-04-14T14:08:00Z,/mnt/e/last-aticol/data/raw/era5/single-levels/total_precipitation/monthly,cds__era5_sl_monthly__ERA5__reanalysis__tp__surface__monthly__2015-2015__m07__NH0_90__grid_1p0.grib,/mnt/e/last-aticol/data/raw/era5/single-levels/total_precipitation/monthly/cds__era5_sl_monthly__ERA5__reanalysis__tp__surface__monthly__2015-2015__m07__NH0_90__grid_1p0.grib,65628,1776116010
2026-04-14T14:08:00Z,/mnt/e/last-aticol/data/raw/era5/single-levels/total_precipitation/monthly,cds__era5_sl_monthly__ERA5__reanalysis__tp__surface__monthly__2015-2015__m08__NH0_90__grid_1p0.grib,/mnt/e/last-aticol/data/raw/era5/single-levels/total_precipitation/monthly/cds__era5_sl_monthly__ERA5__reanalysis__tp__surface__monthly__2015-2015__m08__NH0_90__grid_1p0.grib,65628,1776116047
2026-04-14T14:08:00Z,/mnt/e/last-aticol/data/raw/era5/single-levels/total_precipitation/monthly,cds__era5_sl_monthly__ERA5__reanalysis__tp__surface__monthly__2015-2015__m09__NH0_90__grid_1p0.grib,/mnt/e/last-aticol/data/raw/era5/single-levels/total_precipitation/monthly/cds__era5_sl_monthly__ERA5__reanalysis__tp__surface__monthly__2015-2015__m09__NH0_90__grid_1p0.grib,65628,1776116071
2026-04-14T14:08:00Z,/mnt/e/last-aticol/data/raw/era5/single-levels/total_precipitation/monthly,cds__era5_sl_monthly__ERA5__reanalysis__tp__surface__monthly__2015-2015__m10__NH0_90__grid_1p0.grib,/mnt/e/last-aticol/data/raw/era5/single-levels/total_precipitation/monthly/cds__era5_sl_monthly__ERA5__reanalysis__tp__surface__monthly__2015-2015__m10__NH0_90__grid_1p0.grib,65628,1776116095
2026-04-14T14:08:00Z,/mnt/e/last-aticol/data/raw/era5/single-levels/total_precipitation/monthly,cds__era5_sl_monthly__ERA5__reanalysis__tp__surface__monthly__2015-2015__m11__NH0_90__grid_1p0.grib,/mnt/e/last-aticol/data/raw/era5/single-levels/total_precipitation/monthly/cds__era5_sl_monthly__ERA5__reanalysis__tp__surface__monthly__2015-2015__m11__NH0_90__grid_1p0.grib,65628,1776116119
2026-04-14T14:08:00Z,/mnt/e/last-aticol/data/raw/era5/single-levels/total_precipitation/monthly,cds__era5_sl_monthly__ERA5__reanalysis__tp__surface__monthly__2015-2015__m12__NH0_90__grid_1p0.grib,/mnt/e/last-aticol/data/raw/era5/single-levels/total_precipitation/monthly/cds__era5_sl_monthly__ERA5__reanalysis__tp__surface__monthly__2015-2015__m12__NH0_90__grid_1p0.grib,65628,1776116142
2026-04-14T14:08:00Z,/mnt/e/last-aticol/data/raw/era5/single-levels/total_precipitation/monthly,cds__era5_sl_monthly__ERA5__reanalysis__tp__surface__monthly__2016-2016__m01__NH0_90__grid_1p0.grib,/mnt/e/last-aticol/data/raw/era5/single-levels/total_precipitation/monthly/cds__era5_sl_monthly__ERA5__reanalysis__tp__surface__monthly__2016-2016__m01__NH0_90__grid_1p0.grib,65628,1776116166
2026-04-14T14:08:00Z,/mnt/e/last-aticol/data/raw/era5/single-levels/total_precipitation/monthly,cds__era5_sl_monthly__ERA5__reanalysis__tp__surface__monthly__2016-2016__m02__NH0_90__grid_1p0.grib,/mnt/e/last-aticol/data/raw/era5/single-levels/total_precipitation/monthly/cds__era5_sl_monthly__ERA5__reanalysis__tp__surface__monthly__2016-2016__m02__NH0_90__grid_1p0.grib,65628,1776116190
2026-04-14T14:08:00Z,/mnt/e/last-aticol/data/raw/era5/single-levels/total_precipitation/monthly,cds__era5_sl_monthly__ERA5__reanalysis__tp__surface__monthly__2016-2016__m03__NH0_90__grid_1p0.grib,/mnt/e/last-aticol/data/raw/era5/single-levels/total_precipitation/monthly/cds__era5_sl_monthly__ERA5__reanalysis__tp__surface__monthly__2016-2016__m03__NH0_90__grid_1p0.grib,65628,1776116214
2026-04-14T14:08:00Z,/mnt/e/last-aticol/data/raw/era5/single-levels/total_precipitation/monthly,cds__era5_sl_monthly__ERA5__reanalysis__tp__surface__monthly__2016-2016__m04__NH0_90__grid_1p0.grib,/mnt/e/last-aticol/data/raw/era5/single-levels/total_precipitation/monthly/cds__era5_sl_monthly__ERA5__reanalysis__tp__surface__monthly__2016-2016__m04__NH0_90__grid_1p0.grib,65628,1776116238
2026-04-14T14:08:00Z,/mnt/e/last-aticol/data/raw/era5/single-levels/total_precipitation/monthly,cds__era5_sl_monthly__ERA5__reanalysis__tp__surface__monthly__2016-2016__m05__NH0_90__grid_1p0.grib,/mnt/e/last-aticol/data/raw/era5/single-levels/total_precipitation/monthly/cds__era5_sl_monthly__ERA5__reanalysis__tp__surface__monthly__2016-2016__m05__NH0_90__grid_1p0.grib,65628,1776116254
2026-04-14T14:08:00Z,/mnt/e/last-aticol/data/raw/era5/single-levels/total_precipitation/monthly,cds__era5_sl_monthly__ERA5__reanalysis__tp__surface__monthly__2016-2016__m06__NH0_90__grid_1p0.grib,/mnt/e/last-aticol/data/raw/era5/single-levels/total_precipitation/monthly/cds__era5_sl_monthly__ERA5__reanalysis__tp__surface__monthly__2016-2016__m06__NH0_90__grid_1p0.grib,65628,1776116272
2026-04-14T14:08:00Z,/mnt/e/last-aticol/data/raw/era5/single-levels/total_precipitation/monthly,cds__era5_sl_monthly__ERA5__reanalysis__tp__surface__monthly__2016-2016__m07__NH0_90__grid_1p0.grib,/mnt/e/last-aticol/data/raw/era5/single-levels/total_precipitation/monthly/cds__era5_sl_monthly__ERA5__reanalysis__tp__surface__monthly__2016-2016__m07__NH0_90__grid_1p0.grib,65628,1776116288
2026-04-14T14:08:00Z,/mnt/e/last-aticol/data/raw/era5/single-levels/total_precipitation/monthly,cds__era5_sl_monthly__ERA5__reanalysis__tp__surface__monthly__2016-2016__m08__NH0_90__grid_1p0.grib,/mnt/e/last-aticol/data/raw/era5/single-levels/total_precipitation/monthly/cds__era5_sl_monthly__ERA5__reanalysis__tp__surface__monthly__2016-2016__m08__NH0_90__grid_1p0.grib,65628,1776116304
2026-04-14T14:08:00Z,/mnt/e/last-aticol/data/raw/era5/single-levels/total_precipitation/monthly,cds__era5_sl_monthly__ERA5__reanalysis__tp__surface__monthly__2016-2016__m09__NH0_90__grid_1p0.grib,/mnt/e/last-aticol/data/raw/era5/single-levels/total_precipitation/monthly/cds__era5_sl_monthly__ERA5__reanalysis__tp__surface__monthly__2016-2016__m09__NH0_90__grid_1p0.grib,65628,1776116329
2026-04-14T14:08:00Z,/mnt/e/last-aticol/data/raw/era5/single-levels/total_precipitation/monthly,cds__era5_sl_monthly__ERA5__reanalysis__tp__surface__monthly__2016-2016__m10__NH0_90__grid_1p0.grib,/mnt/e/last-aticol/data/raw/era5/single-levels/total_precipitation/monthly/cds__era5_sl_monthly__ERA5__reanalysis__tp__surface__monthly__2016-2016__m10__NH0_90__grid_1p0.grib,65628,1776116365
2026-04-14T14:08:01Z,/mnt/e/last-aticol/data/raw/era5/single-levels/total_precipitation/monthly,cds__era5_sl_monthly__ERA5__reanalysis__tp__surface__monthly__2016-2016__m11__NH0_90__grid_1p0.grib,/mnt/e/last-aticol/data/raw/era5/single-levels/total_precipitation/monthly/cds__era5_sl_monthly__ERA5__reanalysis__tp__surface__monthly__2016-2016__m11__NH0_90__grid_1p0.grib,65628,1776116382
2026-04-14T14:08:01Z,/mnt/e/last-aticol/data/raw/era5/single-levels/total_precipitation/monthly,cds__era5_sl_monthly__ERA5__reanalysis__tp__surface__monthly__2016-2016__m12__NH0_90__grid_1p0.grib,/mnt/e/last-aticol/data/raw/era5/single-levels/total_precipitation/monthly/cds__era5_sl_monthly__ERA5__reanalysis__tp__surface__monthly__2016-2016__m12__NH0_90__grid_1p0.grib,65628,1776116405
2026-04-14T14:08:01Z,/mnt/e/last-aticol/data/raw/era5/single-levels/total_precipitation/monthly,cds__era5_sl_monthly__ERA5__reanalysis__tp__surface__monthly__2017-2017__m01__NH0_90__grid_1p0.grib,/mnt/e/last-aticol/data/raw/era5/single-levels/total_precipitation/monthly/cds__era5_sl_monthly__ERA5__reanalysis__tp__surface__monthly__2017-2017__m01__NH0_90__grid_1p0.grib,65628,1776116430
2026-04-14T14:08:01Z,/mnt/e/last-aticol/data/raw/era5/single-levels/total_precipitation/monthly,cds__era5_sl_monthly__ERA5__reanalysis__tp__surface__monthly__2017-2017__m02__NH0_90__grid_1p0.grib,/mnt/e/last-aticol/data/raw/era5/single-levels/total_precipitation/monthly/cds__era5_sl_monthly__ERA5__reanalysis__tp__surface__monthly__2017-2017__m02__NH0_90__grid_1p0.grib,65628,1776116453
2026-04-14T14:08:01Z,/mnt/e/last-aticol/data/raw/era5/single-levels/total_precipitation/monthly,cds__era5_sl_monthly__ERA5__reanalysis__tp__surface__monthly__2017-2017__m03__NH0_90__grid_1p0.grib,/mnt/e/last-aticol/data/raw/era5/single-levels/total_precipitation/monthly/cds__era5_sl_monthly__ERA5__reanalysis__tp__surface__monthly__2017-2017__m03__NH0_90__grid_1p0.grib,65628,1776116478
2026-04-14T14:08:01Z,/mnt/e/last-aticol/data/raw/era5/single-levels/total_precipitation/monthly,cds__era5_sl_monthly__ERA5__reanalysis__tp__surface__monthly__2017-2017__m04__NH0_90__grid_1p0.grib,/mnt/e/last-aticol/data/raw/era5/single-levels/total_precipitation/monthly/cds__era5_sl_monthly__ERA5__reanalysis__tp__surface__monthly__2017-2017__m04__NH0_90__grid_1p0.grib,65628,1776116496
2026-04-14T14:08:01Z,/mnt/e/last-aticol/data/raw/era5/single-levels/total_precipitation/monthly,cds__era5_sl_monthly__ERA5__reanalysis__tp__surface__monthly__2017-2017__m05__NH0_90__grid_1p0.grib,/mnt/e/last-aticol/data/raw/era5/single-levels/total_precipitation/monthly/cds__era5_sl_monthly__ERA5__reanalysis__tp__surface__monthly__2017-2017__m05__NH0_90__grid_1p0.grib,65628,1776116514
2026-04-14T14:08:01Z,/mnt/e/last-aticol/data/raw/era5/single-levels/total_precipitation/monthly,cds__era5_sl_monthly__ERA5__reanalysis__tp__surface__monthly__2017-2017__m06__NH0_90__grid_1p0.grib,/mnt/e/last-aticol/data/raw/era5/single-levels/total_precipitation/monthly/cds__era5_sl_monthly__ERA5__reanalysis__tp__surface__monthly__2017-2017__m06__NH0_90__grid_1p0.grib,65628,1776116532
2026-04-14T14:08:01Z,/mnt/e/last-aticol/data/raw/era5/single-levels/total_precipitation/monthly,cds__era5_sl_monthly__ERA5__reanalysis__tp__surface__monthly__2017-2017__m07__NH0_90__grid_1p0.grib,/mnt/e/last-aticol/data/raw/era5/single-levels/total_precipitation/monthly/cds__era5_sl_monthly__ERA5__reanalysis__tp__surface__monthly__2017-2017__m07__NH0_90__grid_1p0.grib,65628,1776116585
2026-04-14T14:08:01Z,/mnt/e/last-aticol/data/raw/era5/single-levels/total_precipitation/monthly,cds__era5_sl_monthly__ERA5__reanalysis__tp__surface__monthly__2017-2017__m08__NH0_90__grid_1p0.grib,/mnt/e/last-aticol/data/raw/era5/single-levels/total_precipitation/monthly/cds__era5_sl_monthly__ERA5__reanalysis__tp__surface__monthly__2017-2017__m08__NH0_90__grid_1p0.grib,65628,1776116601
2026-04-14T14:08:01Z,/mnt/e/last-aticol/data/raw/era5/single-levels/total_precipitation/monthly,cds__era5_sl_monthly__ERA5__reanalysis__tp__surface__monthly__2017-2017__m09__NH0_90__grid_1p0.grib,/mnt/e/last-aticol/data/raw/era5/single-levels/total_precipitation/monthly/cds__era5_sl_monthly__ERA5__reanalysis__tp__surface__monthly__2017-2017__m09__NH0_90__grid_1p0.grib,65628,1776116619
2026-04-14T14:08:01Z,/mnt/e/last-aticol/data/raw/era5/single-levels/total_precipitation/monthly,cds__era5_sl_monthly__ERA5__reanalysis__tp__surface__monthly__2017-2017__m10__NH0_90__grid_1p0.grib,/mnt/e/last-aticol/data/raw/era5/single-levels/total_precipitation/monthly/cds__era5_sl_monthly__ERA5__reanalysis__tp__surface__monthly__2017-2017__m10__NH0_90__grid_1p0.grib,65628,1776116645
2026-04-14T14:08:01Z,/mnt/e/last-aticol/data/raw/era5/single-levels/total_precipitation/monthly,cds__era5_sl_monthly__ERA5__reanalysis__tp__surface__monthly__2017-2017__m11__NH0_90__grid_1p0.grib,/mnt/e/last-aticol/data/raw/era5/single-levels/total_precipitation/monthly/cds__era5_sl_monthly__ERA5__reanalysis__tp__surface__monthly__2017-2017__m11__NH0_90__grid_1p0.grib,65628,1776116671
2026-04-14T14:08:01Z,/mnt/e/last-aticol/data/raw/era5/single-levels/total_precipitation/monthly,cds__era5_sl_monthly__ERA5__reanalysis__tp__surface__monthly__2017-2017__m12__NH0_90__grid_1p0.grib,/mnt/e/last-aticol/data/raw/era5/single-levels/total_precipitation/monthly/cds__era5_sl_monthly__ERA5__reanalysis__tp__surface__monthly__2017-2017__m12__NH0_90__grid_1p0.grib,65628,1776116695
2026-04-14T14:08:01Z,/mnt/e/last-aticol/data/raw/era5/single-levels/total_precipitation/monthly,cds__era5_sl_monthly__ERA5__reanalysis__tp__surface__monthly__2018-2018__m01__NH0_90__grid_1p0.grib,/mnt/e/last-aticol/data/raw/era5/single-levels/total_precipitation/monthly/cds__era5_sl_monthly__ERA5__reanalysis__tp__surface__monthly__2018-2018__m01__NH0_90__grid_1p0.grib,65628,1776116712
2026-04-14T14:08:01Z,/mnt/e/last-aticol/data/raw/era5/single-levels/total_precipitation/monthly,cds__era5_sl_monthly__ERA5__reanalysis__tp__surface__monthly__2018-2018__m02__NH0_90__grid_1p0.grib,/mnt/e/last-aticol/data/raw/era5/single-levels/total_precipitation/monthly/cds__era5_sl_monthly__ERA5__reanalysis__tp__surface__monthly__2018-2018__m02__NH0_90__grid_1p0.grib,65628,1776116732
2026-04-14T14:08:01Z,/mnt/e/last-aticol/data/raw/era5/single-levels/total_precipitation/monthly,cds__era5_sl_monthly__ERA5__reanalysis__tp__surface__monthly__2018-2018__m03__NH0_90__grid_1p0.grib,/mnt/e/last-aticol/data/raw/era5/single-levels/total_precipitation/monthly/cds__era5_sl_monthly__ERA5__reanalysis__tp__surface__monthly__2018-2018__m03__NH0_90__grid_1p0.grib,65628,1776116748
2026-04-14T14:08:01Z,/mnt/e/last-aticol/data/raw/era5/single-levels/total_precipitation/monthly,cds__era5_sl_monthly__ERA5__reanalysis__tp__surface__monthly__2018-2018__m04__NH0_90__grid_1p0.grib,/mnt/e/last-aticol/data/raw/era5/single-levels/total_precipitation/monthly/cds__era5_sl_monthly__ERA5__reanalysis__tp__surface__monthly__2018-2018__m04__NH0_90__grid_1p0.grib,65628,1776116764
2026-04-14T14:08:01Z,/mnt/e/last-aticol/data/raw/era5/single-levels/total_precipitation/monthly,cds__era5_sl_monthly__ERA5__reanalysis__tp__surface__monthly__2018-2018__m05__NH0_90__grid_1p0.grib,/mnt/e/last-aticol/data/raw/era5/single-levels/total_precipitation/monthly/cds__era5_sl_monthly__ERA5__reanalysis__tp__surface__monthly__2018-2018__m05__NH0_90__grid_1p0.grib,65628,1776116788
2026-04-14T14:08:01Z,/mnt/e/last-aticol/data/raw/era5/single-levels/total_precipitation/monthly,cds__era5_sl_monthly__ERA5__reanalysis__tp__surface__monthly__2018-2018__m06__NH0_90__grid_1p0.grib,/mnt/e/last-aticol/data/raw/era5/single-levels/total_precipitation/monthly/cds__era5_sl_monthly__ERA5__reanalysis__tp__surface__monthly__2018-2018__m06__NH0_90__grid_1p0.grib,65628,1776116804
2026-04-14T14:08:01Z,/mnt/e/last-aticol/data/raw/era5/single-levels/total_precipitation/monthly,cds__era5_sl_monthly__ERA5__reanalysis__tp__surface__monthly__2018-2018__m07__NH0_90__grid_1p0.grib,/mnt/e/last-aticol/data/raw/era5/single-levels/total_precipitation/monthly/cds__era5_sl_monthly__ERA5__reanalysis__tp__surface__monthly__2018-2018__m07__NH0_90__grid_1p0.grib,65628,1776116821
2026-04-14T14:08:01Z,/mnt/e/last-aticol/data/raw/era5/single-levels/total_precipitation/monthly,cds__era5_sl_monthly__ERA5__reanalysis__tp__surface__monthly__2018-2018__m08__NH0_90__grid_1p0.grib,/mnt/e/last-aticol/data/raw/era5/single-levels/total_precipitation/monthly/cds__era5_sl_monthly__ERA5__reanalysis__tp__surface__monthly__2018-2018__m08__NH0_90__grid_1p0.grib,65628,1776116845
2026-04-14T14:08:01Z,/mnt/e/last-aticol/data/raw/era5/single-levels/total_precipitation/monthly,cds__era5_sl_monthly__ERA5__reanalysis__tp__surface__monthly__2018-2018__m09__NH0_90__grid_1p0.grib,/mnt/e/last-aticol/data/raw/era5/single-levels/total_precipitation/monthly/cds__era5_sl_monthly__ERA5__reanalysis__tp__surface__monthly__2018-2018__m09__NH0_90__grid_1p0.grib,65628,1776116869
2026-04-14T14:08:01Z,/mnt/e/last-aticol/data/raw/era5/single-levels/total_precipitation/monthly,cds__era5_sl_monthly__ERA5__reanalysis__tp__surface__monthly__2018-2018__m10__NH0_90__grid_1p0.grib,/mnt/e/last-aticol/data/raw/era5/single-levels/total_precipitation/monthly/cds__era5_sl_monthly__ERA5__reanalysis__tp__surface__monthly__2018-2018__m10__NH0_90__grid_1p0.grib,65628,1776116893
2026-04-14T14:08:01Z,/mnt/e/last-aticol/data/raw/era5/single-levels/total_precipitation/monthly,cds__era5_sl_monthly__ERA5__reanalysis__tp__surface__monthly__2018-2018__m11__NH0_90__grid_1p0.grib,/mnt/e/last-aticol/data/raw/era5/single-levels/total_precipitation/monthly/cds__era5_sl_monthly__ERA5__reanalysis__tp__surface__monthly__2018-2018__m11__NH0_90__grid_1p0.grib,65628,1776116946
2026-04-14T14:08:01Z,/mnt/e/last-aticol/data/raw/era5/single-levels/total_precipitation/monthly,cds__era5_sl_monthly__ERA5__reanalysis__tp__surface__monthly__2018-2018__m12__NH0_90__grid_1p0.grib,/mnt/e/last-aticol/data/raw/era5/single-levels/total_precipitation/monthly/cds__era5_sl_monthly__ERA5__reanalysis__tp__surface__monthly__2018-2018__m12__NH0_90__grid_1p0.grib,65628,1776116970
2026-04-14T14:08:01Z,/mnt/e/last-aticol/data/raw/era5/single-levels/total_precipitation/monthly,cds__era5_sl_monthly__ERA5__reanalysis__tp__surface__monthly__2019-2019__m01__NH0_90__grid_1p0.grib,/mnt/e/last-aticol/data/raw/era5/single-levels/total_precipitation/monthly/cds__era5_sl_monthly__ERA5__reanalysis__tp__surface__monthly__2019-2019__m01__NH0_90__grid_1p0.grib,65628,1776116987
2026-04-14T14:08:01Z,/mnt/e/last-aticol/data/raw/era5/single-levels/total_precipitation/monthly,cds__era5_sl_monthly__ERA5__reanalysis__tp__surface__monthly__2019-2019__m02__NH0_90__grid_1p0.grib,/mnt/e/last-aticol/data/raw/era5/single-levels/total_precipitation/monthly/cds__era5_sl_monthly__ERA5__reanalysis__tp__surface__monthly__2019-2019__m02__NH0_90__grid_1p0.grib,65628,1776117003
2026-04-14T14:08:01Z,/mnt/e/last-aticol/data/raw/era5/single-levels/total_precipitation/monthly,cds__era5_sl_monthly__ERA5__reanalysis__tp__surface__monthly__2019-2019__m03__NH0_90__grid_1p0.grib,/mnt/e/last-aticol/data/raw/era5/single-levels/total_precipitation/monthly/cds__era5_sl_monthly__ERA5__reanalysis__tp__surface__monthly__2019-2019__m03__NH0_90__grid_1p0.grib,65628,1776117027
2026-04-14T14:08:01Z,/mnt/e/last-aticol/data/raw/era5/single-levels/total_precipitation/monthly,cds__era5_sl_monthly__ERA5__reanalysis__tp__surface__monthly__2019-2019__m04__NH0_90__grid_1p0.grib,/mnt/e/last-aticol/data/raw/era5/single-levels/total_precipitation/monthly/cds__era5_sl_monthly__ERA5__reanalysis__tp__surface__monthly__2019-2019__m04__NH0_90__grid_1p0.grib,65628,1776117050
2026-04-14T14:08:01Z,/mnt/e/last-aticol/data/raw/era5/single-levels/total_precipitation/monthly,cds__era5_sl_monthly__ERA5__reanalysis__tp__surface__monthly__2019-2019__m05__NH0_90__grid_1p0.grib,/mnt/e/last-aticol/data/raw/era5/single-levels/total_precipitation/monthly/cds__era5_sl_monthly__ERA5__reanalysis__tp__surface__monthly__2019-2019__m05__NH0_90__grid_1p0.grib,65628,1776117074
2026-04-14T14:08:01Z,/mnt/e/last-aticol/data/raw/era5/single-levels/total_precipitation/monthly,cds__era5_sl_monthly__ERA5__reanalysis__tp__surface__monthly__2019-2019__m06__NH0_90__grid_1p0.grib,/mnt/e/last-aticol/data/raw/era5/single-levels/total_precipitation/monthly/cds__era5_sl_monthly__ERA5__reanalysis__tp__surface__monthly__2019-2019__m06__NH0_90__grid_1p0.grib,65628,1776117109
2026-04-14T14:08:01Z,/mnt/e/last-aticol/data/raw/era5/single-levels/total_precipitation/monthly,cds__era5_sl_monthly__ERA5__reanalysis__tp__surface__monthly__2019-2019__m07__NH0_90__grid_1p0.grib,/mnt/e/last-aticol/data/raw/era5/single-levels/total_precipitation/monthly/cds__era5_sl_monthly__ERA5__reanalysis__tp__surface__monthly__2019-2019__m07__NH0_90__grid_1p0.grib,65628,1776117133
2026-04-14T14:08:01Z,/mnt/e/last-aticol/data/raw/era5/single-levels/total_precipitation/monthly,cds__era5_sl_monthly__ERA5__reanalysis__tp__surface__monthly__2019-2019__m08__NH0_90__grid_1p0.grib,/mnt/e/last-aticol/data/raw/era5/single-levels/total_precipitation/monthly/cds__era5_sl_monthly__ERA5__reanalysis__tp__surface__monthly__2019-2019__m08__NH0_90__grid_1p0.grib,65628,1776117157
2026-04-14T14:08:01Z,/mnt/e/last-aticol/data/raw/era5/single-levels/total_precipitation/monthly,cds__era5_sl_monthly__ERA5__reanalysis__tp__surface__monthly__2019-2019__m09__NH0_90__grid_1p0.grib,/mnt/e/last-aticol/data/raw/era5/single-levels/total_precipitation/monthly/cds__era5_sl_monthly__ERA5__reanalysis__tp__surface__monthly__2019-2019__m09__NH0_90__grid_1p0.grib,65628,1776117180
2026-04-14T14:08:01Z,/mnt/e/last-aticol/data/raw/era5/single-levels/total_precipitation/monthly,cds__era5_sl_monthly__ERA5__reanalysis__tp__surface__monthly__2019-2019__m10__NH0_90__grid_1p0.grib,/mnt/e/last-aticol/data/raw/era5/single-levels/total_precipitation/monthly/cds__era5_sl_monthly__ERA5__reanalysis__tp__surface__monthly__2019-2019__m10__NH0_90__grid_1p0.grib,65628,1776117215
2026-04-14T14:08:01Z,/mnt/e/last-aticol/data/raw/era5/single-levels/total_precipitation/monthly,cds__era5_sl_monthly__ERA5__reanalysis__tp__surface__monthly__2019-2019__m11__NH0_90__grid_1p0.grib,/mnt/e/last-aticol/data/raw/era5/single-levels/total_precipitation/monthly/cds__era5_sl_monthly__ERA5__reanalysis__tp__surface__monthly__2019-2019__m11__NH0_90__grid_1p0.grib,65628,1776117300
2026-04-14T14:08:01Z,/mnt/e/last-aticol/data/raw/era5/single-levels/total_precipitation/monthly,cds__era5_sl_monthly__ERA5__reanalysis__tp__surface__monthly__2019-2019__m12__NH0_90__grid_1p0.grib,/mnt/e/last-aticol/data/raw/era5/single-levels/total_precipitation/monthly/cds__era5_sl_monthly__ERA5__reanalysis__tp__surface__monthly__2019-2019__m12__NH0_90__grid_1p0.grib,65628,1776117328
2026-04-14T14:08:01Z,/mnt/e/last-aticol/data/raw/era5/single-levels/total_precipitation/monthly,cds__era5_sl_monthly__ERA5__reanalysis__tp__surface__monthly__2020-2020__m01__NH0_90__grid_1p0.grib,/mnt/e/last-aticol/data/raw/era5/single-levels/total_precipitation/monthly/cds__era5_sl_monthly__ERA5__reanalysis__tp__surface__monthly__2020-2020__m01__NH0_90__grid_1p0.grib,65628,1776117352
2026-04-14T14:08:01Z,/mnt/e/last-aticol/data/raw/era5/single-levels/total_precipitation/monthly,cds__era5_sl_monthly__ERA5__reanalysis__tp__surface__monthly__2020-2020__m02__NH0_90__grid_1p0.grib,/mnt/e/last-aticol/data/raw/era5/single-levels/total_precipitation/monthly/cds__era5_sl_monthly__ERA5__reanalysis__tp__surface__monthly__2020-2020__m02__NH0_90__grid_1p0.grib,65628,1776117376
2026-04-14T14:08:01Z,/mnt/e/last-aticol/data/raw/era5/single-levels/total_precipitation/monthly,cds__era5_sl_monthly__ERA5__reanalysis__tp__surface__monthly__2020-2020__m03__NH0_90__grid_1p0.grib,/mnt/e/last-aticol/data/raw/era5/single-levels/total_precipitation/monthly/cds__era5_sl_monthly__ERA5__reanalysis__tp__surface__monthly__2020-2020__m03__NH0_90__grid_1p0.grib,65628,1776117411
2026-04-14T14:08:01Z,/mnt/e/last-aticol/data/raw/era5/single-levels/total_precipitation/monthly,cds__era5_sl_monthly__ERA5__reanalysis__tp__surface__monthly__2020-2020__m04__NH0_90__grid_1p0.grib,/mnt/e/last-aticol/data/raw/era5/single-levels/total_precipitation/monthly/cds__era5_sl_monthly__ERA5__reanalysis__tp__surface__monthly__2020-2020__m04__NH0_90__grid_1p0.grib,65628,1776117435
2026-04-14T14:08:01Z,/mnt/e/last-aticol/data/raw/era5/single-levels/total_precipitation/monthly,cds__era5_sl_monthly__ERA5__reanalysis__tp__surface__monthly__2020-2020__m05__NH0_90__grid_1p0.grib,/mnt/e/last-aticol/data/raw/era5/single-levels/total_precipitation/monthly/cds__era5_sl_monthly__ERA5__reanalysis__tp__surface__monthly__2020-2020__m05__NH0_90__grid_1p0.grib,65628,1776117458
2026-04-14T14:08:01Z,/mnt/e/last-aticol/data/raw/era5/single-levels/total_precipitation/monthly,cds__era5_sl_monthly__ERA5__reanalysis__tp__surface__monthly__2020-2020__m06__NH0_90__grid_1p0.grib,/mnt/e/last-aticol/data/raw/era5/single-levels/total_precipitation/monthly/cds__era5_sl_monthly__ERA5__reanalysis__tp__surface__monthly__2020-2020__m06__NH0_90__grid_1p0.grib,65628,1776117494
2026-04-14T14:08:01Z,/mnt/e/last-aticol/data/raw/era5/single-levels/total_precipitation/monthly,cds__era5_sl_monthly__ERA5__reanalysis__tp__surface__monthly__2020-2020__m07__NH0_90__grid_1p0.grib,/mnt/e/last-aticol/data/raw/era5/single-levels/total_precipitation/monthly/cds__era5_sl_monthly__ERA5__reanalysis__tp__surface__monthly__2020-2020__m07__NH0_90__grid_1p0.grib,65628,1776117517
2026-04-14T14:08:01Z,/mnt/e/last-aticol/data/raw/era5/single-levels/total_precipitation/monthly,cds__era5_sl_monthly__ERA5__reanalysis__tp__surface__monthly__2020-2020__m08__NH0_90__grid_1p0.grib,/mnt/e/last-aticol/data/raw/era5/single-levels/total_precipitation/monthly/cds__era5_sl_monthly__ERA5__reanalysis__tp__surface__monthly__2020-2020__m08__NH0_90__grid_1p0.grib,65628,1776117541
2026-04-14T14:08:01Z,/mnt/e/last-aticol/data/raw/era5/single-levels/total_precipitation/monthly,cds__era5_sl_monthly__ERA5__reanalysis__tp__surface__monthly__2020-2020__m09__NH0_90__grid_1p0.grib,/mnt/e/last-aticol/data/raw/era5/single-levels/total_precipitation/monthly/cds__era5_sl_monthly__ERA5__reanalysis__tp__surface__monthly__2020-2020__m09__NH0_90__grid_1p0.grib,65628,1776117576
2026-04-14T14:08:01Z,/mnt/e/last-aticol/data/raw/era5/single-levels/total_precipitation/monthly,cds__era5_sl_monthly__ERA5__reanalysis__tp__surface__monthly__2020-2020__m10__NH0_90__grid_1p0.grib,/mnt/e/last-aticol/data/raw/era5/single-levels/total_precipitation/monthly/cds__era5_sl_monthly__ERA5__reanalysis__tp__surface__monthly__2020-2020__m10__NH0_90__grid_1p0.grib,65628,1776117601
2026-04-14T14:08:01Z,/mnt/e/last-aticol/data/raw/era5/single-levels/total_precipitation/monthly,cds__era5_sl_monthly__ERA5__reanalysis__tp__surface__monthly__2020-2020__m11__NH0_90__grid_1p0.grib,/mnt/e/last-aticol/data/raw/era5/single-levels/total_precipitation/monthly/cds__era5_sl_monthly__ERA5__reanalysis__tp__surface__monthly__2020-2020__m11__NH0_90__grid_1p0.grib,65628,1776117626
2026-04-14T14:08:01Z,/mnt/e/last-aticol/data/raw/era5/single-levels/total_precipitation/monthly,cds__era5_sl_monthly__ERA5__reanalysis__tp__surface__monthly__2020-2020__m12__NH0_90__grid_1p0.grib,/mnt/e/last-aticol/data/raw/era5/single-levels/total_precipitation/monthly/cds__era5_sl_monthly__ERA5__reanalysis__tp__surface__monthly__2020-2020__m12__NH0_90__grid_1p0.grib,65628,1776117705
2026-04-14T14:08:01Z,/mnt/e/last-aticol/data/raw/era5/single-levels/total_precipitation/monthly,cds__era5_sl_monthly__ERA5__reanalysis__tp__surface__monthly__2021-2021__m01__NH0_90__grid_1p0.grib,/mnt/e/last-aticol/data/raw/era5/single-levels/total_precipitation/monthly/cds__era5_sl_monthly__ERA5__reanalysis__tp__surface__monthly__2021-2021__m01__NH0_90__grid_1p0.grib,65628,1776117729
2026-04-14T14:08:01Z,/mnt/e/last-aticol/data/raw/era5/single-levels/total_precipitation/monthly,cds__era5_sl_monthly__ERA5__reanalysis__tp__surface__monthly__2021-2021__m02__NH0_90__grid_1p0.grib,/mnt/e/last-aticol/data/raw/era5/single-levels/total_precipitation/monthly/cds__era5_sl_monthly__ERA5__reanalysis__tp__surface__monthly__2021-2021__m02__NH0_90__grid_1p0.grib,65628,1776117745
2026-04-14T14:08:01Z,/mnt/e/last-aticol/data/raw/era5/single-levels/total_precipitation/monthly,cds__era5_sl_monthly__ERA5__reanalysis__tp__surface__monthly__2021-2021__m03__NH0_90__grid_1p0.grib,/mnt/e/last-aticol/data/raw/era5/single-levels/total_precipitation/monthly/cds__era5_sl_monthly__ERA5__reanalysis__tp__surface__monthly__2021-2021__m03__NH0_90__grid_1p0.grib,65628,1776117781
2026-04-14T14:08:01Z,/mnt/e/last-aticol/data/raw/era5/single-levels/total_precipitation/monthly,cds__era5_sl_monthly__ERA5__reanalysis__tp__surface__monthly__2021-2021__m04__NH0_90__grid_1p0.grib,/mnt/e/last-aticol/data/raw/era5/single-levels/total_precipitation/monthly/cds__era5_sl_monthly__ERA5__reanalysis__tp__surface__monthly__2021-2021__m04__NH0_90__grid_1p0.grib,65628,1776117805
2026-04-14T14:08:01Z,/mnt/e/last-aticol/data/raw/era5/single-levels/total_precipitation/monthly,cds__era5_sl_monthly__ERA5__reanalysis__tp__surface__monthly__2021-2021__m05__NH0_90__grid_1p0.grib,/mnt/e/last-aticol/data/raw/era5/single-levels/total_precipitation/monthly/cds__era5_sl_monthly__ERA5__reanalysis__tp__surface__monthly__2021-2021__m05__NH0_90__grid_1p0.grib,65628,1776117857
2026-04-14T14:08:01Z,/mnt/e/last-aticol/data/raw/era5/single-levels/total_precipitation/monthly,cds__era5_sl_monthly__ERA5__reanalysis__tp__surface__monthly__2021-2021__m06__NH0_90__grid_1p0.grib,/mnt/e/last-aticol/data/raw/era5/single-levels/total_precipitation/monthly/cds__era5_sl_monthly__ERA5__reanalysis__tp__surface__monthly__2021-2021__m06__NH0_90__grid_1p0.grib,65628,1776117880
2026-04-14T14:08:01Z,/mnt/e/last-aticol/data/raw/era5/single-levels/total_precipitation/monthly,cds__era5_sl_monthly__ERA5__reanalysis__tp__surface__monthly__2021-2021__m07__NH0_90__grid_1p0.grib,/mnt/e/last-aticol/data/raw/era5/single-levels/total_precipitation/monthly/cds__era5_sl_monthly__ERA5__reanalysis__tp__surface__monthly__2021-2021__m07__NH0_90__grid_1p0.grib,65628,1776117916
2026-04-14T14:08:01Z,/mnt/e/last-aticol/data/raw/era5/single-levels/total_precipitation/monthly,cds__era5_sl_monthly__ERA5__reanalysis__tp__surface__monthly__2021-2021__m08__NH0_90__grid_1p0.grib,/mnt/e/last-aticol/data/raw/era5/single-levels/total_precipitation/monthly/cds__era5_sl_monthly__ERA5__reanalysis__tp__surface__monthly__2021-2021__m08__NH0_90__grid_1p0.grib,65628,1776117940
2026-04-14T14:08:01Z,/mnt/e/last-aticol/data/raw/era5/single-levels/total_precipitation/monthly,cds__era5_sl_monthly__ERA5__reanalysis__tp__surface__monthly__2021-2021__m09__NH0_90__grid_1p0.grib,/mnt/e/last-aticol/data/raw/era5/single-levels/total_precipitation/monthly/cds__era5_sl_monthly__ERA5__reanalysis__tp__surface__monthly__2021-2021__m09__NH0_90__grid_1p0.grib,65628,1776117964
2026-04-14T14:08:01Z,/mnt/e/last-aticol/data/raw/era5/single-levels/total_precipitation/monthly,cds__era5_sl_monthly__ERA5__reanalysis__tp__surface__monthly__2021-2021__m10__NH0_90__grid_1p0.grib,/mnt/e/last-aticol/data/raw/era5/single-levels/total_precipitation/monthly/cds__era5_sl_monthly__ERA5__reanalysis__tp__surface__monthly__2021-2021__m10__NH0_90__grid_1p0.grib,65628,1776118042
2026-04-14T14:08:01Z,/mnt/e/last-aticol/data/raw/era5/single-levels/total_precipitation/monthly,cds__era5_sl_monthly__ERA5__reanalysis__tp__surface__monthly__2021-2021__m11__NH0_90__grid_1p0.grib,/mnt/e/last-aticol/data/raw/era5/single-levels/total_precipitation/monthly/cds__era5_sl_monthly__ERA5__reanalysis__tp__surface__monthly__2021-2021__m11__NH0_90__grid_1p0.grib,65628,1776118066
2026-04-14T14:08:01Z,/mnt/e/last-aticol/data/raw/era5/single-levels/total_precipitation/monthly,cds__era5_sl_monthly__ERA5__reanalysis__tp__surface__monthly__2021-2021__m12__NH0_90__grid_1p0.grib,/mnt/e/last-aticol/data/raw/era5/single-levels/total_precipitation/monthly/cds__era5_sl_monthly__ERA5__reanalysis__tp__surface__monthly__2021-2021__m12__NH0_90__grid_1p0.grib,65628,1776118101
2026-04-14T14:08:01Z,/mnt/e/last-aticol/data/raw/era5/single-levels/total_precipitation/monthly,cds__era5_sl_monthly__ERA5__reanalysis__tp__surface__monthly__2022-2022__m01__NH0_90__grid_1p0.grib,/mnt/e/last-aticol/data/raw/era5/single-levels/total_precipitation/monthly/cds__era5_sl_monthly__ERA5__reanalysis__tp__surface__monthly__2022-2022__m01__NH0_90__grid_1p0.grib,65628,1776118126
2026-04-14T14:08:01Z,/mnt/e/last-aticol/data/raw/era5/single-levels/total_precipitation/monthly,cds__era5_sl_monthly__ERA5__reanalysis__tp__surface__monthly__2022-2022__m02__NH0_90__grid_1p0.grib,/mnt/e/last-aticol/data/raw/era5/single-levels/total_precipitation/monthly/cds__era5_sl_monthly__ERA5__reanalysis__tp__surface__monthly__2022-2022__m02__NH0_90__grid_1p0.grib,65628,1776118330
2026-04-14T14:08:01Z,/mnt/e/last-aticol/data/raw/era5/single-levels/total_precipitation/monthly,cds__era5_sl_monthly__ERA5__reanalysis__tp__surface__monthly__2022-2022__m03__NH0_90__grid_1p0.grib,/mnt/e/last-aticol/data/raw/era5/single-levels/total_precipitation/monthly/cds__era5_sl_monthly__ERA5__reanalysis__tp__surface__monthly__2022-2022__m03__NH0_90__grid_1p0.grib,65628,1776118354
2026-04-14T14:08:01Z,/mnt/e/last-aticol/data/raw/era5/single-levels/total_precipitation/monthly,cds__era5_sl_monthly__ERA5__reanalysis__tp__surface__monthly__2022-2022__m04__NH0_90__grid_1p0.grib,/mnt/e/last-aticol/data/raw/era5/single-levels/total_precipitation/monthly/cds__era5_sl_monthly__ERA5__reanalysis__tp__surface__monthly__2022-2022__m04__NH0_90__grid_1p0.grib,65628,1776118389
2026-04-14T14:08:01Z,/mnt/e/last-aticol/data/raw/era5/single-levels/total_precipitation/monthly,cds__era5_sl_monthly__ERA5__reanalysis__tp__surface__monthly__2022-2022__m05__NH0_90__grid_1p0.grib,/mnt/e/last-aticol/data/raw/era5/single-levels/total_precipitation/monthly/cds__era5_sl_monthly__ERA5__reanalysis__tp__surface__monthly__2022-2022__m05__NH0_90__grid_1p0.grib,65628,1776118425
2026-04-14T14:08:01Z,/mnt/e/last-aticol/data/raw/era5/single-levels/total_precipitation/monthly,cds__era5_sl_monthly__ERA5__reanalysis__tp__surface__monthly__2022-2022__m06__NH0_90__grid_1p0.grib,/mnt/e/last-aticol/data/raw/era5/single-levels/total_precipitation/monthly/cds__era5_sl_monthly__ERA5__reanalysis__tp__surface__monthly__2022-2022__m06__NH0_90__grid_1p0.grib,65628,1776118441
2026-04-14T14:08:01Z,/mnt/e/last-aticol/data/raw/era5/single-levels/total_precipitation/monthly,cds__era5_sl_monthly__ERA5__reanalysis__tp__surface__monthly__2022-2022__m07__NH0_90__grid_1p0.grib,/mnt/e/last-aticol/data/raw/era5/single-levels/total_precipitation/monthly/cds__era5_sl_monthly__ERA5__reanalysis__tp__surface__monthly__2022-2022__m07__NH0_90__grid_1p0.grib,65628,1776118476
2026-04-14T14:08:01Z,/mnt/e/last-aticol/data/raw/era5/single-levels/total_precipitation/monthly,cds__era5_sl_monthly__ERA5__reanalysis__tp__surface__monthly__2022-2022__m08__NH0_90__grid_1p0.grib,/mnt/e/last-aticol/data/raw/era5/single-levels/total_precipitation/monthly/cds__era5_sl_monthly__ERA5__reanalysis__tp__surface__monthly__2022-2022__m08__NH0_90__grid_1p0.grib,65628,1776118500
2026-04-14T14:08:01Z,/mnt/e/last-aticol/data/raw/era5/single-levels/total_precipitation/monthly,cds__era5_sl_monthly__ERA5__reanalysis__tp__surface__monthly__2022-2022__m09__NH0_90__grid_1p0.grib,/mnt/e/last-aticol/data/raw/era5/single-levels/total_precipitation/monthly/cds__era5_sl_monthly__ERA5__reanalysis__tp__surface__monthly__2022-2022__m09__NH0_90__grid_1p0.grib,65628,1776118524
2026-04-14T14:08:01Z,/mnt/e/last-aticol/data/raw/era5/single-levels/total_precipitation/monthly,cds__era5_sl_monthly__ERA5__reanalysis__tp__surface__monthly__2022-2022__m10__NH0_90__grid_1p0.grib,/mnt/e/last-aticol/data/raw/era5/single-levels/total_precipitation/monthly/cds__era5_sl_monthly__ERA5__reanalysis__tp__surface__monthly__2022-2022__m10__NH0_90__grid_1p0.grib,65628,1776118548
2026-04-14T14:08:01Z,/mnt/e/last-aticol/data/raw/era5/single-levels/total_precipitation/monthly,cds__era5_sl_monthly__ERA5__reanalysis__tp__surface__monthly__2022-2022__m11__NH0_90__grid_1p0.grib,/mnt/e/last-aticol/data/raw/era5/single-levels/total_precipitation/monthly/cds__era5_sl_monthly__ERA5__reanalysis__tp__surface__monthly__2022-2022__m11__NH0_90__grid_1p0.grib,65628,1776118572
2026-04-14T14:08:01Z,/mnt/e/last-aticol/data/raw/era5/single-levels/total_precipitation/monthly,cds__era5_sl_monthly__ERA5__reanalysis__tp__surface__monthly__2022-2022__m12__NH0_90__grid_1p0.grib,/mnt/e/last-aticol/data/raw/era5/single-levels/total_precipitation/monthly/cds__era5_sl_monthly__ERA5__reanalysis__tp__surface__monthly__2022-2022__m12__NH0_90__grid_1p0.grib,65628,1776118595
2026-04-14T14:08:01Z,/mnt/e/last-aticol/data/raw/era5/single-levels/total_precipitation/monthly,cds__era5_sl_monthly__ERA5__reanalysis__tp__surface__monthly__2023-2023__m01__NH0_90__grid_1p0.grib,/mnt/e/last-aticol/data/raw/era5/single-levels/total_precipitation/monthly/cds__era5_sl_monthly__ERA5__reanalysis__tp__surface__monthly__2023-2023__m01__NH0_90__grid_1p0.grib,65628,1776118611
2026-04-14T14:08:01Z,/mnt/e/last-aticol/data/raw/era5/single-levels/total_precipitation/monthly,cds__era5_sl_monthly__ERA5__reanalysis__tp__surface__monthly__2023-2023__m02__NH0_90__grid_1p0.grib,/mnt/e/last-aticol/data/raw/era5/single-levels/total_precipitation/monthly/cds__era5_sl_monthly__ERA5__reanalysis__tp__surface__monthly__2023-2023__m02__NH0_90__grid_1p0.grib,65628,1776118635
2026-04-14T14:08:01Z,/mnt/e/last-aticol/data/raw/era5/single-levels/total_precipitation/monthly,cds__era5_sl_monthly__ERA5__reanalysis__tp__surface__monthly__2023-2023__m03__NH0_90__grid_1p0.grib,/mnt/e/last-aticol/data/raw/era5/single-levels/total_precipitation/monthly/cds__era5_sl_monthly__ERA5__reanalysis__tp__surface__monthly__2023-2023__m03__NH0_90__grid_1p0.grib,65628,1776118671
2026-04-14T14:08:01Z,/mnt/e/last-aticol/data/raw/era5/single-levels/total_precipitation/monthly,cds__era5_sl_monthly__ERA5__reanalysis__tp__surface__monthly__2023-2023__m04__NH0_90__grid_1p0.grib,/mnt/e/last-aticol/data/raw/era5/single-levels/total_precipitation/monthly/cds__era5_sl_monthly__ERA5__reanalysis__tp__surface__monthly__2023-2023__m04__NH0_90__grid_1p0.grib,65628,1776118709
2026-04-14T14:08:01Z,/mnt/e/last-aticol/data/raw/era5/single-levels/total_precipitation/monthly,cds__era5_sl_monthly__ERA5__reanalysis__tp__surface__monthly__2023-2023__m05__NH0_90__grid_1p0.grib,/mnt/e/last-aticol/data/raw/era5/single-levels/total_precipitation/monthly/cds__era5_sl_monthly__ERA5__reanalysis__tp__surface__monthly__2023-2023__m05__NH0_90__grid_1p0.grib,65628,1776118733
2026-04-14T14:08:01Z,/mnt/e/last-aticol/data/raw/era5/single-levels/total_precipitation/monthly,cds__era5_sl_monthly__ERA5__reanalysis__tp__surface__monthly__2023-2023__m06__NH0_90__grid_1p0.grib,/mnt/e/last-aticol/data/raw/era5/single-levels/total_precipitation/monthly/cds__era5_sl_monthly__ERA5__reanalysis__tp__surface__monthly__2023-2023__m06__NH0_90__grid_1p0.grib,65628,1776118757
2026-04-14T14:08:01Z,/mnt/e/last-aticol/data/raw/era5/single-levels/total_precipitation/monthly,cds__era5_sl_monthly__ERA5__reanalysis__tp__surface__monthly__2023-2023__m07__NH0_90__grid_1p0.grib,/mnt/e/last-aticol/data/raw/era5/single-levels/total_precipitation/monthly/cds__era5_sl_monthly__ERA5__reanalysis__tp__surface__monthly__2023-2023__m07__NH0_90__grid_1p0.grib,65628,1776118773
2026-04-14T14:08:01Z,/mnt/e/last-aticol/data/raw/era5/single-levels/total_precipitation/monthly,cds__era5_sl_monthly__ERA5__reanalysis__tp__surface__monthly__2023-2023__m08__NH0_90__grid_1p0.grib,/mnt/e/last-aticol/data/raw/era5/single-levels/total_precipitation/monthly/cds__era5_sl_monthly__ERA5__reanalysis__tp__surface__monthly__2023-2023__m08__NH0_90__grid_1p0.grib,65628,1776118789
2026-04-14T14:08:01Z,/mnt/e/last-aticol/data/raw/era5/single-levels/total_precipitation/monthly,cds__era5_sl_monthly__ERA5__reanalysis__tp__surface__monthly__2023-2023__m09__NH0_90__grid_1p0.grib,/mnt/e/last-aticol/data/raw/era5/single-levels/total_precipitation/monthly/cds__era5_sl_monthly__ERA5__reanalysis__tp__surface__monthly__2023-2023__m09__NH0_90__grid_1p0.grib,65628,1776118813
2026-04-14T14:08:01Z,/mnt/e/last-aticol/data/raw/era5/single-levels/total_precipitation/monthly,cds__era5_sl_monthly__ERA5__reanalysis__tp__surface__monthly__2023-2023__m10__NH0_90__grid_1p0.grib,/mnt/e/last-aticol/data/raw/era5/single-levels/total_precipitation/monthly/cds__era5_sl_monthly__ERA5__reanalysis__tp__surface__monthly__2023-2023__m10__NH0_90__grid_1p0.grib,65628,1776118848
2026-04-14T14:08:01Z,/mnt/e/last-aticol/data/raw/era5/single-levels/total_precipitation/monthly,cds__era5_sl_monthly__ERA5__reanalysis__tp__surface__monthly__2023-2023__m11__NH0_90__grid_1p0.grib,/mnt/e/last-aticol/data/raw/era5/single-levels/total_precipitation/monthly/cds__era5_sl_monthly__ERA5__reanalysis__tp__surface__monthly__2023-2023__m11__NH0_90__grid_1p0.grib,65628,1776118928
2026-04-14T14:08:01Z,/mnt/e/last-aticol/data/raw/era5/single-levels/total_precipitation/monthly,cds__era5_sl_monthly__ERA5__reanalysis__tp__surface__monthly__2023-2023__m12__NH0_90__grid_1p0.grib,/mnt/e/last-aticol/data/raw/era5/single-levels/total_precipitation/monthly/cds__era5_sl_monthly__ERA5__reanalysis__tp__surface__monthly__2023-2023__m12__NH0_90__grid_1p0.grib,65628,1776118952
2026-04-14T14:08:01Z,/mnt/e/last-aticol/data/raw/era5/single-levels/total_precipitation/monthly,cds__era5_sl_monthly__ERA5__reanalysis__tp__surface__monthly__2024-2024__m01__NH0_90__grid_1p0.grib,/mnt/e/last-aticol/data/raw/era5/single-levels/total_precipitation/monthly/cds__era5_sl_monthly__ERA5__reanalysis__tp__surface__monthly__2024-2024__m01__NH0_90__grid_1p0.grib,65628,1776118976
2026-04-14T14:08:01Z,/mnt/e/last-aticol/data/raw/era5/single-levels/total_precipitation/monthly,cds__era5_sl_monthly__ERA5__reanalysis__tp__surface__monthly__2024-2024__m02__NH0_90__grid_1p0.grib,/mnt/e/last-aticol/data/raw/era5/single-levels/total_precipitation/monthly/cds__era5_sl_monthly__ERA5__reanalysis__tp__surface__monthly__2024-2024__m02__NH0_90__grid_1p0.grib,65628,1776118999
2026-04-14T14:08:01Z,/mnt/e/last-aticol/data/raw/era5/single-levels/total_precipitation/monthly,cds__era5_sl_monthly__ERA5__reanalysis__tp__surface__monthly__2024-2024__m03__NH0_90__grid_1p0.grib,/mnt/e/last-aticol/data/raw/era5/single-levels/total_precipitation/monthly/cds__era5_sl_monthly__ERA5__reanalysis__tp__surface__monthly__2024-2024__m03__NH0_90__grid_1p0.grib,65628,1776119036
2026-04-14T14:08:01Z,/mnt/e/last-aticol/data/raw/era5/single-levels/total_precipitation/monthly,cds__era5_sl_monthly__ERA5__reanalysis__tp__surface__monthly__2024-2024__m04__NH0_90__grid_1p0.grib,/mnt/e/last-aticol/data/raw/era5/single-levels/total_precipitation/monthly/cds__era5_sl_monthly__ERA5__reanalysis__tp__surface__monthly__2024-2024__m04__NH0_90__grid_1p0.grib,65628,1776119060
2026-04-14T14:08:01Z,/mnt/e/last-aticol/data/raw/era5/single-levels/total_precipitation/monthly,cds__era5_sl_monthly__ERA5__reanalysis__tp__surface__monthly__2024-2024__m05__NH0_90__grid_1p0.grib,/mnt/e/last-aticol/data/raw/era5/single-levels/total_precipitation/monthly/cds__era5_sl_monthly__ERA5__reanalysis__tp__surface__monthly__2024-2024__m05__NH0_90__grid_1p0.grib,65628,1776119084
2026-04-14T14:08:01Z,/mnt/e/last-aticol/data/raw/era5/single-levels/total_precipitation/monthly,cds__era5_sl_monthly__ERA5__reanalysis__tp__surface__monthly__2024-2024__m06__NH0_90__grid_1p0.grib,/mnt/e/last-aticol/data/raw/era5/single-levels/total_precipitation/monthly/cds__era5_sl_monthly__ERA5__reanalysis__tp__surface__monthly__2024-2024__m06__NH0_90__grid_1p0.grib,65628,1776119100
2026-04-14T14:08:01Z,/mnt/e/last-aticol/data/raw/era5/single-levels/total_precipitation/monthly,cds__era5_sl_monthly__ERA5__reanalysis__tp__surface__monthly__2024-2024__m07__NH0_90__grid_1p0.grib,/mnt/e/last-aticol/data/raw/era5/single-levels/total_precipitation/monthly/cds__era5_sl_monthly__ERA5__reanalysis__tp__surface__monthly__2024-2024__m07__NH0_90__grid_1p0.grib,65628,1776119118
2026-04-14T14:08:01Z,/mnt/e/last-aticol/data/raw/era5/single-levels/total_precipitation/monthly,cds__era5_sl_monthly__ERA5__reanalysis__tp__surface__monthly__2024-2024__m08__NH0_90__grid_1p0.grib,/mnt/e/last-aticol/data/raw/era5/single-levels/total_precipitation/monthly/cds__era5_sl_monthly__ERA5__reanalysis__tp__surface__monthly__2024-2024__m08__NH0_90__grid_1p0.grib,65628,1776119134
2026-04-14T14:08:01Z,/mnt/e/last-aticol/data/raw/era5/single-levels/total_precipitation/monthly,cds__era5_sl_monthly__ERA5__reanalysis__tp__surface__monthly__2024-2024__m09__NH0_90__grid_1p0.grib,/mnt/e/last-aticol/data/raw/era5/single-levels/total_precipitation/monthly/cds__era5_sl_monthly__ERA5__reanalysis__tp__surface__monthly__2024-2024__m09__NH0_90__grid_1p0.grib,65628,1776119157
2026-04-14T14:08:01Z,/mnt/e/last-aticol/data/raw/era5/single-levels/total_precipitation/monthly,cds__era5_sl_monthly__ERA5__reanalysis__tp__surface__monthly__2024-2024__m10__NH0_90__grid_1p0.grib,/mnt/e/last-aticol/data/raw/era5/single-levels/total_precipitation/monthly/cds__era5_sl_monthly__ERA5__reanalysis__tp__surface__monthly__2024-2024__m10__NH0_90__grid_1p0.grib,65628,1776119173
2026-04-14T14:08:01Z,/mnt/e/last-aticol/data/raw/era5/single-levels/total_precipitation/monthly,cds__era5_sl_monthly__ERA5__reanalysis__tp__surface__monthly__2024-2024__m11__NH0_90__grid_1p0.grib,/mnt/e/last-aticol/data/raw/era5/single-levels/total_precipitation/monthly/cds__era5_sl_monthly__ERA5__reanalysis__tp__surface__monthly__2024-2024__m11__NH0_90__grid_1p0.grib,65628,1776119196
2026-04-14T14:08:01Z,/mnt/e/last-aticol/data/raw/era5/single-levels/total_precipitation/monthly,cds__era5_sl_monthly__ERA5__reanalysis__tp__surface__monthly__2024-2024__m12__NH0_90__grid_1p0.grib,/mnt/e/last-aticol/data/raw/era5/single-levels/total_precipitation/monthly/cds__era5_sl_monthly__ERA5__reanalysis__tp__surface__monthly__2024-2024__m12__NH0_90__grid_1p0.grib,65628,1776119220
2026-04-14T14:08:01Z,/mnt/e/last-aticol/data/raw/era5/single-levels/total_precipitation/monthly,cds__era5_sl_monthly__ERA5__reanalysis__tp__surface__monthly__2025-2025__m01__NH0_90__grid_1p0.grib,/mnt/e/last-aticol/data/raw/era5/single-levels/total_precipitation/monthly/cds__era5_sl_monthly__ERA5__reanalysis__tp__surface__monthly__2025-2025__m01__NH0_90__grid_1p0.grib,65628,1776119244
2026-04-14T14:08:01Z,/mnt/e/last-aticol/data/raw/era5/single-levels/total_precipitation/monthly,cds__era5_sl_monthly__ERA5__reanalysis__tp__surface__monthly__2025-2025__m02__NH0_90__grid_1p0.grib,/mnt/e/last-aticol/data/raw/era5/single-levels/total_precipitation/monthly/cds__era5_sl_monthly__ERA5__reanalysis__tp__surface__monthly__2025-2025__m02__NH0_90__grid_1p0.grib,65628,1776119268
2026-04-14T14:08:02Z,/mnt/e/last-aticol/data/raw/era5/single-levels/total_precipitation/monthly,cds__era5_sl_monthly__ERA5__reanalysis__tp__surface__monthly__2025-2025__m03__NH0_90__grid_1p0.grib,/mnt/e/last-aticol/data/raw/era5/single-levels/total_precipitation/monthly/cds__era5_sl_monthly__ERA5__reanalysis__tp__surface__monthly__2025-2025__m03__NH0_90__grid_1p0.grib,65628,1776119291
2026-04-14T14:08:02Z,/mnt/e/last-aticol/data/raw/era5/single-levels/total_precipitation/monthly,cds__era5_sl_monthly__ERA5__reanalysis__tp__surface__monthly__2025-2025__m04__NH0_90__grid_1p0.grib,/mnt/e/last-aticol/data/raw/era5/single-levels/total_precipitation/monthly/cds__era5_sl_monthly__ERA5__reanalysis__tp__surface__monthly__2025-2025__m04__NH0_90__grid_1p0.grib,65628,1776119308
2026-04-14T14:08:02Z,/mnt/e/last-aticol/data/raw/era5/single-levels/total_precipitation/monthly,cds__era5_sl_monthly__ERA5__reanalysis__tp__surface__monthly__2025-2025__m05__NH0_90__grid_1p0.grib,/mnt/e/last-aticol/data/raw/era5/single-levels/total_precipitation/monthly/cds__era5_sl_monthly__ERA5__reanalysis__tp__surface__monthly__2025-2025__m05__NH0_90__grid_1p0.grib,65628,1776119324
2026-04-14T14:08:02Z,/mnt/e/last-aticol/data/raw/era5/single-levels/total_precipitation/monthly,cds__era5_sl_monthly__ERA5__reanalysis__tp__surface__monthly__2025-2025__m06__NH0_90__grid_1p0.grib,/mnt/e/last-aticol/data/raw/era5/single-levels/total_precipitation/monthly/cds__era5_sl_monthly__ERA5__reanalysis__tp__surface__monthly__2025-2025__m06__NH0_90__grid_1p0.grib,65628,1776119340
2026-04-14T14:08:02Z,/mnt/e/last-aticol/data/raw/era5/single-levels/total_precipitation/monthly,cds__era5_sl_monthly__ERA5__reanalysis__tp__surface__monthly__2025-2025__m07__NH0_90__grid_1p0.grib,/mnt/e/last-aticol/data/raw/era5/single-levels/total_precipitation/monthly/cds__era5_sl_monthly__ERA5__reanalysis__tp__surface__monthly__2025-2025__m07__NH0_90__grid_1p0.grib,65628,1776119363
2026-04-14T14:08:02Z,/mnt/e/last-aticol/data/raw/era5/single-levels/total_precipitation/monthly,cds__era5_sl_monthly__ERA5__reanalysis__tp__surface__monthly__2025-2025__m08__NH0_90__grid_1p0.grib,/mnt/e/last-aticol/data/raw/era5/single-levels/total_precipitation/monthly/cds__era5_sl_monthly__ERA5__reanalysis__tp__surface__monthly__2025-2025__m08__NH0_90__grid_1p0.grib,65628,1776119387
2026-04-14T14:08:02Z,/mnt/e/last-aticol/data/raw/era5/single-levels/total_precipitation/monthly,cds__era5_sl_monthly__ERA5__reanalysis__tp__surface__monthly__2025-2025__m09__NH0_90__grid_1p0.grib,/mnt/e/last-aticol/data/raw/era5/single-levels/total_precipitation/monthly/cds__era5_sl_monthly__ERA5__reanalysis__tp__surface__monthly__2025-2025__m09__NH0_90__grid_1p0.grib,65628,1776119403
2026-04-14T14:08:02Z,/mnt/e/last-aticol/data/raw/era5/single-levels/total_precipitation/monthly,cds__era5_sl_monthly__ERA5__reanalysis__tp__surface__monthly__2025-2025__m10__NH0_90__grid_1p0.grib,/mnt/e/last-aticol/data/raw/era5/single-levels/total_precipitation/monthly/cds__era5_sl_monthly__ERA5__reanalysis__tp__surface__monthly__2025-2025__m10__NH0_90__grid_1p0.grib,65628,1776119439
2026-04-14T14:08:02Z,/mnt/e/last-aticol/data/raw/era5/single-levels/total_precipitation/monthly,cds__era5_sl_monthly__ERA5__reanalysis__tp__surface__monthly__2025-2025__m11__NH0_90__grid_1p0.grib,/mnt/e/last-aticol/data/raw/era5/single-levels/total_precipitation/monthly/cds__era5_sl_monthly__ERA5__reanalysis__tp__surface__monthly__2025-2025__m11__NH0_90__grid_1p0.grib,65628,1776119462
2026-04-14T14:08:02Z,/mnt/e/last-aticol/data/raw/era5/single-levels/total_precipitation/monthly,cds__era5_sl_monthly__ERA5__reanalysis__tp__surface__monthly__2025-2025__m12__NH0_90__grid_1p0.grib,/mnt/e/last-aticol/data/raw/era5/single-levels/total_precipitation/monthly/cds__era5_sl_monthly__ERA5__reanalysis__tp__surface__monthly__2025-2025__m12__NH0_90__grid_1p0.grib,65628,1776119486
